canonical_smiles,molecule_chembl_ids,parent_molecule_chembl_ids,activity_ids,document_chembl_ids,pchembl_values
CCCn1c(=O)c2nc(-c3ccc(OCC(=O)Nc4ccc(C(C)=O)cc4)cc3)[nH]c2n(CCC)c1=O,CHEMBL17002,CHEMBL17002,32555;3371863,CHEMBL1132981;CHEMBL1208683,6.95;6.95
CCCn1c(=O)c2nc(-c3ccc(OCC(=O)Nc4ccccc4C(C)=O)cc3)[nH]c2n(CCC)c1=O,CHEMBL17341,CHEMBL17341,36246,CHEMBL1132981,6.37
CCCn1c(=O)c2nc(-c3ccc(OCC(=O)O)cc3)[nH]c2n(CCC)c1=O,CHEMBL27041,CHEMBL27041,36255;1674225,CHEMBL1132981;CHEMBL1148617,6.22;6.07
CC(C)CCn1cc2c(nc(NC(=O)Cc3ccccc3)n3nc(-c4ccco4)nc23)n1,CHEMBL132806,CHEMBL132806,38792,CHEMBL1145112,7.24
CC(C)CCn1cc2c(nc(NC(=O)Cc3cccc4ccccc34)n3nc(-c4ccco4)nc23)n1,CHEMBL336217,CHEMBL336217,39908,CHEMBL1145112,7.38
O=C(Cc1ccccc1)Nc1nc2nn(CCCc3ccccc3)cc2c2nc(-c3ccco3)nn12,CHEMBL134566,CHEMBL134566,41114,CHEMBL1145112,7.22
CC(C)CCn1cc2c(nc(NC(=O)COc3ccccc3)n3nc(-c4ccco4)nc23)n1,CHEMBL435022,CHEMBL435022,41122,CHEMBL1145112,7.42
Cn1cc2c(nc(NC(=O)Cc3ccccc3)n3nc(-c4ccco4)nc23)n1,CHEMBL341376,CHEMBL341376,41130;730284;2915856;2916576,CHEMBL1145112;CHEMBL1136016;CHEMBL1154073;CHEMBL1154073,6.37;6.37;6.37;6.37
CCCn1c(=O)c2nc(-c3ccc(OCC(=O)Nc4ccc(C(F)(F)F)cc4)cc3)[nH]c2n(CCC)c1=O,CHEMBL277386,CHEMBL277386,42217,CHEMBL1132981,6.62
CCCn1c(=O)c2nc(-c3ccc(OCC(=O)Nc4ccc(C(N)=O)cc4)cc3)[nH]c2n(CCC)c1=O,CHEMBL275360,CHEMBL275360,43385,CHEMBL1132981,7.41
CCCn1c(=O)c2nc(-c3ccc(/C=C/C(=O)NN4C(=O)C(C)=C(C)C4=O)cc3)[nH]c2n(CCC)c1=O,CHEMBL17294,CHEMBL17294,43394,CHEMBL1132981,6.65
CCCn1c(=O)c2nc(-c3ccc(OCC(=O)Nc4cccc(C(C)=O)c4)cc3)[nH]c2n(CCC)c1=O,CHEMBL16534,CHEMBL16534,44595,CHEMBL1132981,7.23
O=C(COc1ccccc1)Nc1nc2nn(CCCc3ccccc3)cc2c2nc(-c3ccco3)nn12,CHEMBL138593,CHEMBL138593,44701,CHEMBL1145112,7.35
Cn1cc2c(nc(NC(=O)Nc3ccccc3)n3nc(-c4ccco4)nc23)n1,CHEMBL324735,CHEMBL324735,44709;752965;1022867;2915852;2916572;15054557;15621784;16440253,CHEMBL1145112;CHEMBL1136016;CHEMBL1135541;CHEMBL1154073;CHEMBL1154073;CHEMBL3351655;CHEMBL3580606;CHEMBL3751698,6.42;6.42;6.42;6.42;6.42;6.42;6.42;6.42
CCCn1c(=O)c2nc(-c3ccc(/C=C/C(=O)O)cc3)[nH]c2n(CCC)c1=O,CHEMBL16997,CHEMBL16997,45717,CHEMBL1132981,6.72
CCCn1c(=O)c2nc(-c3ccc(OCC(=O)Nc4ccccc4)cc3)[nH]c2n(CCC)c1=O,CHEMBL16677,CHEMBL16677,46986;1674105,CHEMBL1132981;CHEMBL1148617,7.59;8.65
CCCn1c(=O)c2nc(-c3ccc(OCC(=O)Nc4ccc(F)cc4)cc3)[nH]c2n(CCC)c1=O,CHEMBL16929,CHEMBL16929,46995;1674106,CHEMBL1132981;CHEMBL1148617,7.78;7.78
CCCn1c(=O)c2nc(-c3ccc(OCC(=O)Nc4ccc([N+](=O)[O-])cc4)cc3)[nH]c2n(CCC)c1=O,CHEMBL16787,CHEMBL16787,48318,CHEMBL1132981,7.16
CCCn1c(=O)c2[nH]c(-c3ccc(OCC(=O)NCCN)cc3)nc2n(CCC)c1=O,CHEMBL273094,CHEMBL273094,50983;523439;523440;523441;1242993;6284469;6284477;13300522;13398781;13398792;16914918;16914967;18167766;24405795,CHEMBL1132981;CHEMBL1130114;CHEMBL1130114;CHEMBL1130114;CHEMBL1132946;CHEMBL1800001;CHEMBL1800001;CHEMBL2380258;CHEMBL2412992;CHEMBL2412992;CHEMBL3885741;CHEMBL3885741;CHEMBL4033759;CHEMBL5042528,7.74;8.1;7.34;7.81;7.2;7.6;7.7;8.24;9.0;8.43;7.73;7.12;7.3;9.0
Nc1nc2nn(CCc3ccccc3)cc2c2nc(-c3ccco3)nn12,CHEMBL16867,CHEMBL16867,54814;872318;1004972;2915828;2916548,CHEMBL1145112;CHEMBL1132457;CHEMBL1133118;CHEMBL1154073;CHEMBL1154073,9.51;9.51;9.47;9.47;9.47
CCCn1c(=O)c2nc(-c3ccc(OCC(=O)Nc4ccc(Cl)cc4)cc3)[nH]c2n(CCC)c1=O,CHEMBL275427,CHEMBL275427,55947;1674107,CHEMBL1132981;CHEMBL1148617,6.73;6.72
O=C(Cc1cccc2ccccc12)Nc1nc2nn(CCCc3ccccc3)cc2c2nc(-c3ccco3)nn12,CHEMBL335950,CHEMBL335950,59775;2915784;2916471,CHEMBL1145112;CHEMBL1154073;CHEMBL1154073,6.1;6.52;6.52
CCCn1c(=O)c2nc(-c3ccc(OCC(=O)NCc4ccccc4)cc3)[nH]c2n(CCC)c1=O,CHEMBL275605,CHEMBL275605,61119;1674102,CHEMBL1132981;CHEMBL1148617,7.62;7.7
CCCn1c(=O)c2nc(-c3ccc(OCC(=O)Nc4ccc(C(=O)O)cc4)cc3)[nH]c2n(CCC)c1=O,CHEMBL16931,CHEMBL16931,61131,CHEMBL1132981,7.41
O=C(Cc1ccccc1)Nc1nc2nn(CCc3ccccc3)cc2c2nc(-c3ccco3)nn12,CHEMBL541455,CHEMBL541455,61247;2915739;2916426,CHEMBL1145112;CHEMBL1154073;CHEMBL1154073,7.22;7.36;7.36
Nc1nc2ccc(Cl)cc2c2nc(-c3ccco3)nn12,CHEMBL16687,CHEMBL16687,67380;523436;523437;523438;671282;671283;671284;671285;671286;671287;671288;937218;989227;2563417;3122927;16914941,CHEMBL1129441;CHEMBL1130114;CHEMBL1130114;CHEMBL1130114;CHEMBL1144939;CHEMBL1144939;CHEMBL1144939;CHEMBL1144939;CHEMBL1144939;CHEMBL1144939;CHEMBL1144939;CHEMBL1131246;CHEMBL1133118;CHEMBL1155896;CHEMBL1157661;CHEMBL3885741,8.77;9.85;9.07;9.34;9.08;9.04;9.17;9.46;9.0;9.39;9.28;7.92;9.37;9.4;8.64;8.49
CCCn1c(=O)c2nc(-c3ccc(OCC(=O)N(Cc4ccccc4)Cc4ccccc4)cc3)[nH]c2n(CCC)c1=O,CHEMBL275149,CHEMBL275149,67467;3371867,CHEMBL1132981;CHEMBL1208683,6.19;6.19
CCCn1c(=O)c2[nH]c(-c3ccc(OCC(=O)Nc4ccc(C#N)cc4)cc3)nc2n(CCC)c1=O,CHEMBL273807,CHEMBL273807,68881;797754;1674103;1721534;2635517;3371871;8056962;16914965;19016087;23126618;24772309,CHEMBL1132981;CHEMBL1135905;CHEMBL1148617;CHEMBL1148648;CHEMBL1137016;CHEMBL1208683;CHEMBL1955727;CHEMBL3885741;CHEMBL4346653;CHEMBL4806962;CHEMBL5126505,6.3;6.3;6.29;6.3;6.3;6.3;6.3;7.25;6.3;6.0;8.71
O=C(COc1ccccc1)Nc1nc2nn(CCc3ccccc3)cc2c2nc(-c3ccco3)nn12,CHEMBL341777,CHEMBL341777,68972,CHEMBL1145112,7.4
O=C(Cc1cccc2ccccc12)Nc1nc2nn(CCc3ccccc3)cc2c2nc(-c3ccco3)nn12,CHEMBL135719,CHEMBL135719,70348,CHEMBL1145112,7.26
CCn1c(C#Cc2ccccc2)nc2c(N)ncnc21,CHEMBL61259,CHEMBL61259,85402,CHEMBL1134734,6.22
CCNC(=O)[C@H]1O[C@@H](n2cnc3c(N)ncnc32)[C@H](O)[C@@H]1O,CHEMBL464859,CHEMBL464859,91358;262784;413968;505512;550773;550774;550775;651593;651596;651597;651598;651599;768346;894078;1120586;1198979;1265531;1463582;1463596;1473557;1517148;1653127;1709884;1801182;1802451;1814947;1831036;1831241;1875856;1996054;2003376;2110362;2401826;2401841;2573314;3100466;3100467;3285626;5165957;8031721;10887417;10923750;10923772;10993342;12099271;12456401;12656894;12656979;13336218;13342051;13342123;13398785;13398796;13489796;13968197;14644262;15209156;15210140;16405803;16485898;16501843;16838399;18059253;18167767;18224814;19048625;19108155;19108418;22786145;22841509;24669217;24764950;25459853;26333191;26333246,CHEMBL1134734;CHEMBL1133855;CHEMBL1133401;CHEMBL1136764;CHEMBL1130114;CHEMBL1130114;CHEMBL1130114;CHEMBL1144939;CHEMBL1144939;CHEMBL1144939;CHEMBL1144939;CHEMBL1144939;CHEMBL1131221;CHEMBL1134334;CHEMBL1148363;CHEMBL1135807;CHEMBL1132946;CHEMBL1137202;CHEMBL1137202;CHEMBL1138800;CHEMBL1144357;CHEMBL1141186;CHEMBL1147002;CHEMBL1139220;CHEMBL1139845;CHEMBL1141376;CHEMBL1144471;CHEMBL1144471;CHEMBL1142924;CHEMBL1137613;CHEMBL1138285;CHEMBL1143166;CHEMBL1140203;CHEMBL1140203;CHEMBL1155111;CHEMBL1158518;CHEMBL1158518;CHEMBL1157749;CHEMBL1649335;CHEMBL1949672;CHEMBL2029296;CHEMBL2040767;CHEMBL2040767;CHEMBL2069206;CHEMBL2169760;CHEMBL3045486;CHEMBL2321867;CHEMBL2321867;CHEMBL2390917;CHEMBL2390830;CHEMBL2390830;CHEMBL2412992;CHEMBL2412992;CHEMBL2434872;CHEMBL3132785;CHEMBL3259781;CHEMBL3414558;CHEMBL3414558;CHEMBL3739405;CHEMBL3769381;CHEMBL3774372;CHEMBL3875185;CHEMBL4011624;CHEMBL4033759;CHEMBL4043287;CHEMBL4351010;CHEMBL4368904;CHEMBL4368904;CHEMBL4706508;CHEMBL4715802;CHEMBL5096218;CHEMBL5120905;CHEMBL5321195;CHEMBL5715956;CHEMBL5715956,7.7;7.82;9.0;7.22;7.67;7.67;8.28;7.67;8.82;7.54;7.72;7.61;7.8;7.8;7.22;7.4;7.8;6.89;7.3;7.91;7.8;7.8;6.91;6.17;7.9;7.76;8.66;7.66;7.91;7.8;6.96;7.8;7.19;7.28;7.64;7.6;7.8;7.7;7.17;8.66;7.8;7.7;7.75;7.46;7.7;6.6;7.75;7.7;8.0;7.92;7.82;7.7;7.67;7.8;7.9;7.7;8.07;7.9;7.35;6.47;7.43;7.43;7.8;6.32;8.48;7.7;7.46;8.66;7.8;8.6;7.95;8.32;7.7;7.47;7.55
CCN(CC)C(=O)c1cc(N)c2nc(-c3ccc(Br)o3)nn2c1,CHEMBL113189,CHEMBL113189,183859,CHEMBL1149198,6.56
Nc1cc(C(=O)N2CCCC2)cn2nc(-c3ccc(Br)o3)nc12,CHEMBL112195,CHEMBL112195,183861,CHEMBL1149198,7.46
CN(C)C(=O)CN(C)C(=O)c1cc(N)c2nc(-c3ccc(Br)o3)nn2c1,CHEMBL113541,CHEMBL113541,183863,CHEMBL1149198,7.64
CNc1nc(C#C[C@@H](O)c2ccccc2)nc2c1ncn2[C@@H]1O[C@H](CO)[C@@H](O)[C@H]1O,CHEMBL261453,CHEMBL261453,184804,CHEMBL1135517,6.79
CCNc1nc(C#C[C@@H](O)c2ccccc2)nc2c1ncn2[C@@H]1O[C@H](CO)[C@@H](O)[C@H]1O,CHEMBL258535,CHEMBL258535,186289,CHEMBL1135517,7.19
Nc1cc(C(=O)N2CCCCC2)cc2nc(-c3ccco3)nn12,CHEMBL109845,CHEMBL109845,187838,CHEMBL1149198,7.57
Nc1nc(C#CC(O)c2ccccc2)nc2c1ncn2[C@@H]1O[C@H](CO)[C@@H](O)[C@H]1O,CHEMBL2092941,CHEMBL2092941,189881,CHEMBL1135517,8.15
COC[C@H]1CCCN1C(=O)c1cc(N)c2nc(-c3ccc(Br)o3)nn2c1,CHEMBL110646,CHEMBL110646,190190,CHEMBL1149198,7.21
Cc1ccc(-c2nc3cc(C(=O)N4CCCCC4)cc(N)n3n2)o1,CHEMBL113228,CHEMBL113228,190192,CHEMBL1149198,7.85
CCCCC#Cc1nc(NCC)c2ncn([C@@H]3O[C@H](CO)[C@@H](O)[C@H]3O)c2n1,CHEMBL437842,CHEMBL437842,191176,CHEMBL1135517,6.57
CCNC(=O)[C@H]1O[C@@H](n2cnc3c(N)nc(C#CC(O)c4ccccc4)nc32)[C@H](O)[C@@H]1O,CHEMBL2094083,CHEMBL2094083,192281,CHEMBL1135517,8.51
CCNC(=O)[C@H]1O[C@@H](n2cnc3c(N)nc(C#C[C@H](O)c4ccccc4)nc32)[C@H](O)[C@@H]1O,CHEMBL258534,CHEMBL258534,192287,CHEMBL1135517,7.41
Cc1ccc(-c2nc3c(N)cc(C(=O)N4CCCC4)cn3n2)o1,CHEMBL432624,CHEMBL432624,192592,CHEMBL1149198,7.12
CC1CCCCN1C(=O)c1cc(N)n2nc(-c3ccc(Br)o3)nc2c1,CHEMBL113967,CHEMBL113967,193782,CHEMBL1149198,8.7
CC1CCCN(C(=O)c2cc(N)c3nc(-c4ccc(Br)o4)nn3c2)C1,CHEMBL113542,CHEMBL113542,194904,CHEMBL1149198,7.82
CN(CCc1ccccc1)C(=O)c1cc(N)c2nc(-c3ccc(Br)o3)nn2c1,CHEMBL112740,CHEMBL112740,194906,CHEMBL1149198,7.3
CN(C)C(=O)CN(C)C(=O)c1cc(N)n2nc(-c3ccc(Br)o3)nc2c1,CHEMBL112631,CHEMBL112631,194908,CHEMBL1149198,8.52
CC1CCCN(C(=O)c2cc(N)n3nc(-c4ccc(Br)o4)nc3c2)C1,CHEMBL323945,CHEMBL323945,194910,CHEMBL1149198,8.52
CC(C)Nc1nc(C#CC(O)c2ccccc2)nc2c1ncn2[C@@H]1O[C@H](CO)[C@@H](O)[C@H]1O,CHEMBL2092787,CHEMBL2092787,195774,CHEMBL1135517,7.02
Nc1nc(C#C[C@@H](O)c2ccccc2)nc2c1ncn2[C@@H]1O[C@H](CO)[C@@H](O)[C@H]1O,CHEMBL262363,CHEMBL262363,195780,CHEMBL1135517,8.74
CC1CCCCN1C(=O)c1cc(N)c2nc(-c3ccc(Br)o3)nn2c1,CHEMBL325993,CHEMBL325993,196118,CHEMBL1149198,7.21
Nc1cc(C(=O)N2CCCC2)cc2nc(-c3ccccn3)nn12,CHEMBL325646,CHEMBL325646,196120,CHEMBL1149198,7.24
CNc1nc(C#CC(O)c2ccccc2)nc2c1ncn2[C@@H]1O[C@H](CO)[C@@H](O)[C@H]1O,CHEMBL2092786,CHEMBL2092786,197938,CHEMBL1135517,6.56
Nc1cc(C(=O)N2CCCC2)cc2nc(-c3ccc(Br)o3)nn12,CHEMBL325350,CHEMBL325350,198262,CHEMBL1149198,8.05
Nc1cc(C(=O)N2CCCC2)cc2nc(-c3ccco3)nn12,CHEMBL109499,CHEMBL109499,198264,CHEMBL1149198,7.96
COC[C@H]1CCCN1C(=O)c1cc(N)n2nc(-c3ccc(Br)o3)nc2c1,CHEMBL112773,CHEMBL112773,199627,CHEMBL1149198,8.7
CCNc1nc(C#CC(O)c2ccccc2)nc2c1ncn2[C@@H]1O[C@H](CO)[C@@H](O)[C@H]1O,CHEMBL2092788,CHEMBL2092788,200495,CHEMBL1135517,7.03
CC(C)Nc1nc(C#C[C@H](O)c2ccccc2)nc2c1ncn2[C@@H]1O[C@H](CO)[C@@H](O)[C@H]1O,CHEMBL438418,CHEMBL438418,200501,CHEMBL1135517,6.49
Nc1cc(C(=O)N2CCCCC2)cn2nc(-c3ccc(Br)o3)nc12,CHEMBL113376,CHEMBL113376,200824,CHEMBL1149198,7.57
CCCN(C)C(=O)c1cc(N)n2nc(-c3ccc(Br)o3)nc2c1,CHEMBL110698,CHEMBL110698,200826,CHEMBL1149198,8.22
Nc1cc(C(=O)N2CCCC2)cc2nc(-c3cccs3)nn12,CHEMBL114405,CHEMBL114405,200828,CHEMBL1149198,6.98
Nc1nc2c(cnn2CCc2ccccc2)c2nc(-c3ccco3)nn12,CHEMBL17127,CHEMBL17127,200830;307891;307894;943820;943822;1277888;1499633;1601984;2454695;2458562;2563434;2916514;3243712;7985248;13398779;13398790;14645599;16914468;16914478;16914679;16914902;16914955;22756950;23126615;24351920;24777221;25935672,CHEMBL1149198;CHEMBL1149169;CHEMBL1149169;CHEMBL1131246;CHEMBL1131246;CHEMBL1135389;CHEMBL1143541;CHEMBL1143471;CHEMBL1155013;CHEMBL1155026;CHEMBL1155896;CHEMBL1154073;CHEMBL1156165;CHEMBL1932966;CHEMBL2412992;CHEMBL2412992;CHEMBL3259781;CHEMBL3885741;CHEMBL3885741;CHEMBL3885741;CHEMBL3885741;CHEMBL3885741;CHEMBL4699449;CHEMBL4806962;CHEMBL5030563;CHEMBL5126552;CHEMBL5528085,9.22;8.7;8.49;7.92;8.96;8.96;8.37;8.64;8.7;8.7;9.22;8.96;8.91;8.96;9.22;8.72;8.96;8.71;8.48;7.78;8.4;8.19;8.96;7.4;8.62;8.64;7.82
Nc1nc(C#C[C@H](O)c2ccccc2)nc2c1ncn2[C@@H]1O[C@H](CO)[C@@H](O)[C@H]1O,CHEMBL408918,CHEMBL408918,201721,CHEMBL1135517,7.54
Nc1cc(C(=O)N2CCCCC2)cn2nc(-c3ccco3)nc12,CHEMBL109753,CHEMBL109753,203305,CHEMBL1149198,6.72
CC1CCCN1C(=O)c1cc(N)n2nc(-c3ccc(Br)o3)nc2c1,CHEMBL110074,CHEMBL110074,204532,CHEMBL1149198,8.4
Nc1cc(C(=O)N2CCCCC2)cc2nc(-c3ccc(Br)o3)nn12,CHEMBL324077,CHEMBL324077,204534,CHEMBL1149198,8.22
CCN(CCc1ccccn1)C(=O)c1cc(N)n2nc(-c3ccc(Br)o3)nc2c1,CHEMBL323621,CHEMBL323621,204536,CHEMBL1149198,8.4
CN(CCc1ccccc1)C(=O)c1cc(N)n2nc(-c3ccc(Br)o3)nc2c1,CHEMBL420307,CHEMBL420307,204538,CHEMBL1149198,8.3
CCN(CC)C(=O)C1CCCN(C(=O)c2cc(N)c3nc(-c4ccc(Br)o4)nn3c2)C1,CHEMBL112897,CHEMBL112897,206905,CHEMBL1149198,7.4
Nc1cc(C(=O)N2CCCC2)cn2nc(-c3ccccn3)nc12,CHEMBL112249,CHEMBL112249,206907,CHEMBL1149198,6.72
COC[C@@H]1CCCN1C(=O)c1cc(N)n2nc(-c3ccc(Br)o3)nc2c1,CHEMBL320349,CHEMBL320349,206909,CHEMBL1149198,7.92
CC(C)(C)OC(=O)C1CCCN1C[C@@H](O)[C@H](Cc1ccccc1)NC(=O)[C@H](CC(N)=O)NC(=O)OCc1ccccc1,CHEMBL3350613,CHEMBL3350613,207732;8031722;14644263,CHEMBL1135517;CHEMBL1949672;CHEMBL3259781,8.19;8.19;8.19
CCNC(=O)[C@H]1O[C@@H](n2cnc3c(N)nc(C#C[C@@H](O)c4ccccc4)nc32)[C@H](O)[C@@H]1O,CHEMBL224874,CHEMBL224874,207738;1831034,CHEMBL1135517;CHEMBL1144471,8.7;8.7
CCCN(C)C(=O)c1cc(N)c2nc(-c3ccc(Br)o3)nn2c1,CHEMBL113009,CHEMBL113009,208069,CHEMBL1149198,7.36
CCNC(=O)[C@H]1O[C@@H](n2cnc3c(N)nc(C#Cc4ccccc4)nc32)[C@H](O)[C@@H]1O,CHEMBL223270,CHEMBL223270,208915;1822815,CHEMBL1135517;CHEMBL1142938,6.21;6.21
CC1CCCN1C(=O)c1cc(N)c2nc(-c3ccc(Br)o3)nn2c1,CHEMBL114185,CHEMBL114185,209238,CHEMBL1149198,7.57
Nc1cc(C(=O)N2CCSCC2)cn2nc(-c3ccc(Br)o3)nc12,CHEMBL323754,CHEMBL323754,209240,CHEMBL1149198,7.14
Nc1nc(C#Cc2ccccc2)nc2c1ncn2[C@@H]1O[C@H](CO)[C@@H](O)[C@H]1O,CHEMBL375190,CHEMBL375190,211206;1466067;1822775;3563388,CHEMBL1135517;CHEMBL1138752;CHEMBL1142938;CHEMBL1275355,6.44;6.44;6.44;6.44
COC[C@@H]1CCCN1C(=O)c1cc(N)c2nc(-c3ccc(Br)o3)nn2c1,CHEMBL110047,CHEMBL110047,211597,CHEMBL1149198,7.8
Cc1ccc(-c2nc3c(N)cc(C(=O)N4CCCCC4)cn3n2)o1,CHEMBL419191,CHEMBL419191,211599,CHEMBL1149198,7.24
Cc1ccc(-c2nc3cc(C(=O)N4CCCC4)cc(N)n3n2)o1,CHEMBL324591,CHEMBL324591,212748,CHEMBL1149198,7.77
Nc1nc(NCCc2ccc(O)cc2)nc2nc(-c3ccco3)nn12,CHEMBL113142,CHEMBL113142,212750;1601985;1611083;2292180;2563433;2929205;6284466;6284474;13300508;13300517;13300533;13398778;13398789;14645600;15151028;15151055;16493424;16536804;16853808;16853811;16853858;16853876;16914178;16914193;16914201;16914223;16914231;16914242;16914471;16914481;16914677;16914911;16914938;16914964;18167761;18236235;18434021;18434034;18434085;18694860;18694877;18694878;19309982;19320173;19405642;20665898;22756951;22992947;24351921;24405797;24710027;24772319;24772347;24781553;24781580;24781743;25459852,CHEMBL1149198;CHEMBL1143471;CHEMBL1140374;CHEMBL1137738;CHEMBL1155896;CHEMBL1155223;CHEMBL1800001;CHEMBL1800001;CHEMBL2380258;CHEMBL2380258;CHEMBL2380258;CHEMBL2412992;CHEMBL2412992;CHEMBL3259781;CHEMBL3392981;CHEMBL3392981;CHEMBL3769306;CHEMBL3784997;CHEMBL3877301;CHEMBL3877301;CHEMBL3877301;CHEMBL3877301;CHEMBL3885741;CHEMBL3885741;CHEMBL3885741;CHEMBL3885741;CHEMBL3885741;CHEMBL3885741;CHEMBL3885741;CHEMBL3885741;CHEMBL3885741;CHEMBL3885741;CHEMBL3885741;CHEMBL3885741;CHEMBL4033759;CHEMBL4049429;CHEMBL4152311;CHEMBL4152311;CHEMBL4152311;CHEMBL4251607;CHEMBL4251607;CHEMBL4251607;CHEMBL4414598;CHEMBL4414680;CHEMBL4425116;CHEMBL4616721;CHEMBL4699449;CHEMBL4765483;CHEMBL5030563;CHEMBL5042528;CHEMBL5108007;CHEMBL5126505;CHEMBL5126505;CHEMBL5126601;CHEMBL5126601;CHEMBL5126601;CHEMBL5321195,9.1;9.52;10.0;7.19;9.1;8.92;8.7;9.3;7.38;7.38;8.8;8.8;8.89;9.1;7.48;7.48;8.8;8.72;9.04;9.03;8.84;9.17;7.99;8.4;8.58;8.91;9.22;9.46;9.69;9.63;8.9;9.49;9.4;9.54;8.28;8.72;8.91;9.08;9.06;8.8;7.09;8.89;8.72;9.52;9.4;8.72;9.1;8.72;8.59;8.72;8.8;8.8;8.84;9.54;9.4;8.82;8.72
CCCCC#Cc1nc(N)c2ncn([C@@H]3O[C@H](CO)[C@@H](O)[C@H]3O)c2n1,CHEMBL319387,CHEMBL319387,214725;1204470;8031117,CHEMBL1135517;CHEMBL1135807;CHEMBL1949672,8.24;8.0;8.24
Nc1cc(C(=O)N2CCSCC2)cc2nc(-c3ccc(Br)o3)nn12,CHEMBL325237,CHEMBL325237,216257,CHEMBL1149198,8.05
CCCCC#Cc1nc(NC(C)C)c2ncn([C@@H]3O[C@H](CO)[C@@H](O)[C@H]3O)c2n1,CHEMBL261623,CHEMBL261623,217145,CHEMBL1135517,6.71
Nc1cc(C(=O)N2CCCC2)cn2nc(-c3cccs3)nc12,CHEMBL433162,CHEMBL433162,217492,CHEMBL1149198,6.71
CCN(CC)C(=O)c1cc(N)n2nc(-c3ccc(Br)o3)nc2c1,CHEMBL110069,CHEMBL110069,219977,CHEMBL1149198,8.52
CCN(CC)C(=O)C1CCCN(C(=O)c2cc(N)n3nc(-c4ccc(Br)o4)nc3c2)C1,CHEMBL332718,CHEMBL332718,219979,CHEMBL1149198,8.1
CC(C)Nc1nc(C#C[C@@H](O)c2ccccc2)nc2c1ncn2[C@@H]1O[C@H](CO)[C@@H](O)[C@H]1O,CHEMBL259938,CHEMBL259938,220743,CHEMBL1135517,7.37
CCN(CCc1ccccn1)C(=O)c1cc(N)c2nc(-c3ccc(Br)o3)nn2c1,CHEMBL113468,CHEMBL113468,221045,CHEMBL1149198,7.12
Nc1cc(C(=O)N2CCCC2)cn2nc(-c3ccco3)nc12,CHEMBL113412,CHEMBL113412,221047,CHEMBL1149198,7.24
CCCn1c(=O)c2nc[nH]c2n(CCC)c1=O,CHEMBL157655,CHEMBL157655,273565,CHEMBL1125335,7.3
CCCCn1c(=O)c2nc[nH]c2n(CCC)c1=O,CHEMBL446679,CHEMBL446679,280798,CHEMBL1125335,7.52
CCCn1c(=O)c2c(ncn2C)n(CCC)c1=O,CHEMBL278332,CHEMBL278332,296597,CHEMBL1125335,6.22
COc1ccc2c(O)cc(-c3ccccc3)nc2n1,CHEMBL329294,CHEMBL329294,305282,CHEMBL1149169,6.31
Oc1cc(-c2ccccc2)nc2nc(F)ccc12,CHEMBL97757,CHEMBL97757,306583;1240187,CHEMBL1149169;CHEMBL1132946,6.77;6.77
Oc1cc(-c2ccccc2)nc2nc(Cl)ccc12,CHEMBL97760,CHEMBL97760,307883;307886;1230127,CHEMBL1149169;CHEMBL1149169;CHEMBL1132946,7.0;6.35;7.0
Cc1ccc2c(O)cc(-c3cccc([N+](=O)[O-])c3)nc2n1,CHEMBL321769,CHEMBL321769,309377,CHEMBL1149169,6.24
CCCn1c(=O)c2[nH]c(C3CCCC3)nc2n(CCC)c1=O,CHEMBL183,CHEMBL183,313272;313275;384069;531498;531499;531500;832476;832478;832480;887085;975591;999928;1404102;1611093;1652696;1652699;1653124;1746147;1746152;1917511;1996055;2110363;2142200;2281136;2281750;2292179;2339566;2563459;3285628;3560503;10887418;13398775;13398786;13489797;14994271;16536805;16914903;16914927;18236236;19274389;19274556;20665897;22992948;24405840;25459851,CHEMBL1149169;CHEMBL1149169;CHEMBL1127455;CHEMBL1130114;CHEMBL1130114;CHEMBL1130114;CHEMBL1131846;CHEMBL1131846;CHEMBL1131846;CHEMBL1134334;CHEMBL1148352;CHEMBL1133616;CHEMBL1145202;CHEMBL1140374;CHEMBL1140434;CHEMBL1140434;CHEMBL1141186;CHEMBL1138044;CHEMBL1138044;CHEMBL1148732;CHEMBL1137613;CHEMBL1143166;CHEMBL1143999;CHEMBL1153377;CHEMBL1153402;CHEMBL1137738;CHEMBL1150363;CHEMBL1155896;CHEMBL1157749;CHEMBL1275345;CHEMBL2029296;CHEMBL2412992;CHEMBL2412992;CHEMBL2434872;CHEMBL3351777;CHEMBL3784997;CHEMBL3885741;CHEMBL3885741;CHEMBL4049429;CHEMBL4406810;CHEMBL4406810;CHEMBL4616721;CHEMBL4765483;CHEMBL5042528;CHEMBL5321195,6.7;6.84;6.47;6.65;6.1;6.54;6.58;6.66;7.16;6.47;6.47;6.47;6.89;7.25;6.47;6.58;6.47;6.47;6.58;6.58;6.47;6.47;6.89;6.89;6.58;6.89;6.58;6.89;6.89;6.58;6.47;6.89;6.2;6.47;6.58;6.8;6.97;7.12;6.8;6.88;7.01;6.8;6.8;6.8;6.8
Cc1ccc2c(O)cc(-c3ccc(F)cc3)nc2n1,CHEMBL313864,CHEMBL313864,314628;314631;1263156,CHEMBL1149169;CHEMBL1149169;CHEMBL1132946,6.2;6.36;6.2
Cc1ccc2c(O)cc(-c3ccc(N)cc3)nc2n1,CHEMBL104999,CHEMBL104999,320682;320685,CHEMBL1149169;CHEMBL1149169,6.3;6.96
CCCc1cc(O)c2ccc(C)nc2n1,CHEMBL103150,CHEMBL103150,326832;326835,CHEMBL1149169;CHEMBL1149169,6.05;6.0
Oc1cc(-c2ccccc2)nc2nc(Br)ccc12,CHEMBL97687,CHEMBL97687,328417;328420;1251713,CHEMBL1149169;CHEMBL1149169;CHEMBL1132946,7.18;7.0;7.18
Cc1ccc2c(S)cc(-c3ccccc3)nc2n1,CHEMBL329293,CHEMBL329293,329643,CHEMBL1149169,6.64
Cc1ccc2c(O)cc(-c3ccccc3)nc2n1,CHEMBL97549,CHEMBL97549,330857;330860;1228928,CHEMBL1149169;CHEMBL1149169;CHEMBL1132946,6.34;6.26;6.34
CCOc1cc(-c2ccccc2)nc2nc(Br)ccc12,CHEMBL103559,CHEMBL103559,330872,CHEMBL1149169,6.01
Cc1ccc2c(NC3CCCCC3)cc(-c3ccccc3)nc2n1,CHEMBL97624,CHEMBL97624,332195;332198;1264329,CHEMBL1149169;CHEMBL1149169;CHEMBL1132946,6.08;6.31;6.08
CSc1cc(-c2ccccc2)nc2nc(C)ccc12,CHEMBL105000,CHEMBL105000,334957,CHEMBL1149169,6.68
Cc1ccc2c(O)cc(-c3cccc(N)c3)nc2n1,CHEMBL323303,CHEMBL323303,334960,CHEMBL1149169,6.64
Cc1ccc2c(N)cc(-c3ccccc3)nc2n1,CHEMBL97337,CHEMBL97337,341399;341402;1232457,CHEMBL1149169;CHEMBL1149169;CHEMBL1132946,6.38;6.68;6.38
Cc1ccc2c(O)cc(-c3ccc([N+](=O)[O-])cc3)nc2n1,CHEMBL316630,CHEMBL316630,343684;343687;1237692,CHEMBL1149169;CHEMBL1149169;CHEMBL1132946,6.34;6.19;6.34
Cc1ccc2c(O)cc(-c3ccccc3F)nc2n1,CHEMBL95384,CHEMBL95384,345142;345145;1227639,CHEMBL1149169;CHEMBL1149169;CHEMBL1132946,6.33;7.4;6.33
CNC(=O)[C@H]1S[C@@H](n2cnc3c(NCc4cccc(I)c4)nc(Cl)nc32)[C@H](O)[C@@H]1O,CHEMBL200732,CHEMBL200732,351766;1668887;1905085;2108129;2374287;2666621;3087179;18086740,CHEMBL1145992;CHEMBL1148606;CHEMBL1145406;CHEMBL1142335;CHEMBL1140153;CHEMBL1151887;CHEMBL1153082;CHEMBL4017496,6.65;6.65;6.65;6.65;6.65;6.65;6.65;6.65
CNC(=O)[C@H]1S[C@@H](n2cnc3c(N)nc(Cl)nc32)[C@H](O)[C@@H]1O,CHEMBL203357,CHEMBL203357,359031;1668811,CHEMBL1145992;CHEMBL1148606,6.8;6.8
CNC(=O)[C@H]1S[C@@H](n2cnc3c(NC)nc(Cl)nc32)[C@H](O)[C@@H]1O,CHEMBL201706,CHEMBL201706,387525,CHEMBL1145992,7.7
CCNC(=O)[C@H]1O[C@@H](n2cnc3c(NCC(c4ccccc4)c4ccccc4)nc(N[C@@H]4CCC[C@H]4O)nc32)[C@H](O)[C@@H]1O,CHEMBL131457,CHEMBL131457,391068,CHEMBL1133401,9.8
CCNC(=O)[C@H]1O[C@@H](n2cnc3c(NCC(c4ccccc4)c4ccccc4)nc(NCCN4CCCCC4)nc32)[C@H](O)[C@@H]1O.O=C(O)C(F)(F)F,CHEMBL131242,CHEMBL1180559,392420,CHEMBL1133401,10.1
CCNC(=O)[C@H]1O[C@@H](n2cnc3c(NCC(c4ccccc4)c4ccccc4)nc(NC4CCCC4)nc32)[C@H](O)[C@@H]1O,CHEMBL435188,CHEMBL435188,393580,CHEMBL1133401,8.21
OC[C@H]1O[C@@H](n2cnc3c(NCCc4cccc(Cl)c4)nc(NC4CCCC4)nc32)[C@H](O)[C@@H]1O,CHEMBL339522,CHEMBL339522,397472,CHEMBL1133401,7.41
Nc1nc(NC2CCCC2)nc2c1ncn2[C@@H]1O[C@H](CO)[C@@H](O)[C@H]1O,CHEMBL128176,CHEMBL128176,402704,CHEMBL1133401,8.29
OC[C@H]1O[C@@H](n2cnc3c(NCC(c4ccccc4)c4ccccc4)nc(NC4CCCC4)nc32)[C@H](O)[C@@H]1O,CHEMBL131175,CHEMBL131175,402706,CHEMBL1133401,7.44
Nc1nc(N[C@@H]2CCC[C@H]2O)nc2c1ncn2[C@@H]1O[C@H](CO)[C@@H](O)[C@H]1O,CHEMBL334336,CHEMBL334336,404091,CHEMBL1133401,9.1
Nc1nc(N[C@H]2CCC[C@@H]2O)nc2c1ncn2[C@@H]1O[C@H](CO)[C@@H](O)[C@H]1O,CHEMBL131535,CHEMBL131535,406716,CHEMBL1133401,8.74
CCNC(=O)[C@H]1O[C@@H](n2cnc3c(NCC(c4ccccc4)c4ccccc4)nc(N[C@H]4CC[C@H](N)CC4)nc32)[C@H](O)[C@@H]1O.O=C(O)C(F)(F)F,CHEMBL337080,CHEMBL1184174,406718,CHEMBL1133401,10.3
OC[C@H]1O[C@@H](n2cnc3c(NC4CCC[C@@H]4O)nc(Cl)nc32)[C@H](O)[C@@H]1O,CHEMBL131280,CHEMBL131280,409197,CHEMBL1133401,6.77
CCNC(=O)[C@H]1O[C@@H](n2cnc3c(N)nc(NC4CCCC4)nc32)[C@H](O)[C@@H]1O,CHEMBL340674,CHEMBL340674,416479,CHEMBL1133401,8.66
CCNC(=O)[C@H]1O[C@@H](n2cnc3c(NCC(c4ccccc4)c4ccccc4)nc(NCCc4c[nH]cn4)nc32)[C@H](O)[C@@H]1O,CHEMBL336608,CHEMBL336608,416481,CHEMBL1133401,10.52
CCNC(=O)[C@H]1O[C@@H](n2cnc3c(N)nc(NC(CC)CC)nc32)[C@H](O)[C@@H]1O,CHEMBL131534,CHEMBL131534,418829,CHEMBL1133401,7.07
OC[C@H]1O[C@@H](n2cnc3c(NC4CCCC4)nc(Cl)nc32)[C@H](O)[C@@H]1O,CHEMBL284969,CHEMBL284969,426672;488789;766228,CHEMBL1133401;CHEMBL1136764;CHEMBL1131221,7.77;6.19;6.24
OC[C@H]1O[C@@H](n2cnc3c(NCc4cccc5ccccc45)nc(NC4CCCC4)nc32)[C@H](O)[C@@H]1O,CHEMBL446616,CHEMBL446616,426674,CHEMBL1133401,7.6
CCNC(=O)[C@H]1O[C@@H](n2cnc3c(N)nc(N[C@@H]4CCC[C@H]4O)nc32)[C@H](O)[C@@H]1O,CHEMBL130830,CHEMBL130830,427922,CHEMBL1133401,10.0
NC(=O)/N=N/Nc1nc(N)c2ncn([C@@H]3O[C@H](CO)[C@@H](O)[C@H]3O)c2n1,CHEMBL2113451,CHEMBL2113451,474350,CHEMBL1136764,7.06
Cc1cccc(-n2nc3c(N)nc4ccccc4n3c2=O)c1,CHEMBL416537,CHEMBL416537,476565,CHEMBL1132980,7.84
Nc1cccc2c1nc(N)c1nn(-c3ccccc3)c(=O)n12,CHEMBL416354,CHEMBL416354,477802,CHEMBL1132980,7.73
Cc1ccc(-n2nc3c(N)nc4ccccc4n3c2=O)cc1,CHEMBL273578,CHEMBL273578,477805,CHEMBL1132980,7.07
Nc1nc(/N=N/NC(=O)Nc2nccs2)nc2c1ncn2[C@@H]1O[C@H](CO)[C@@H](O)[C@H]1O,CHEMBL2113454,CHEMBL2113454,481714,CHEMBL1136764,7.6
Nc1nc(/N=N/NC(=O)NCc2ccccc2)nc2c1ncn2[C@@H]1O[C@H](CO)[C@@H](O)[C@H]1O,CHEMBL2113446,CHEMBL2113446,485289,CHEMBL1136764,7.6
Nc1nc(/N=N/NC(=O)Nc2ccccc2Cl)nc2c1ncn2[C@@H]1O[C@H](CO)[C@@H](O)[C@H]1O,CHEMBL2113445,CHEMBL2113445,487695,CHEMBL1136764,7.35
Nc1nc(/N=N/NC(=O)Nc2ccccc2)nc2c1ncn2[C@@H]1O[C@H](CO)[C@@H](O)[C@H]1O,CHEMBL2113460,CHEMBL2113460,491184,CHEMBL1136764,7.6
Nc1nc(N=O)nc2c1ncn2[C@@H]1O[C@H](CO)[C@@H](O)[C@H]1O,CHEMBL2113464,CHEMBL2113464,492381,CHEMBL1136764,6.14
O=c1n(-c2cccc(F)c2)nc2c(NC3CCCCC3)nc3ccccc3n12,CHEMBL279870,CHEMBL279870,493541,CHEMBL1132980,7.18
O=C(N/N=N/c1nc(Nc2ccccc2)c2ncn([C@@H]3O[C@H](CO)[C@@H](O)[C@H]3O)c2n1)Nc1ccccc1,CHEMBL2113461,CHEMBL2113461,495772,CHEMBL1136764,7.61
O=C(N/N=N/c1nc(NCC(c2ccccc2)c2ccccc2)c2ncn([C@@H]3O[C@H](CO)[C@@H](O)[C@H]3O)c2n1)Nc1ccccc1,CHEMBL2113456,CHEMBL2113456,495776,CHEMBL1136764,6.01
Nc1nc(/N=N/NC(=O)NC2CCCCC2)nc2c1ncn2[C@@H]1O[C@H](CO)[C@@H](O)[C@H]1O,CHEMBL2113452,CHEMBL2113452,496839,CHEMBL1136764,7.6
Nc1nc2ccccc2n2c(=O)n(-c3ccccc3)nc12,CHEMBL278197,CHEMBL278197,497946,CHEMBL1132980,7.31
CCNC(=O)/N=N/Nc1nc(N)c2ncn([C@@H]3O[C@H](CO)[C@@H](O)[C@H]3O)c2n1,CHEMBL2113444,CHEMBL2113444,504232,CHEMBL1136764,7.72
Nc1nc2c(NCc3ccccc3)cccc2n2c(=O)n(-c3ccccc3)nc12,CHEMBL274274,CHEMBL274274,506589;2563426,CHEMBL1132980;CHEMBL1155896,8.19;8.19
Nc1nc2ccccc2n2c(=O)n(-c3cccc(F)c3)nc12,CHEMBL16643,CHEMBL16643,506592,CHEMBL1132980,7.14
COc1ccccc1NC(=O)/N=N/Nc1nc(N)c2ncn([C@@H]3O[C@H](CO)[C@@H](O)[C@H]3O)c2n1,CHEMBL2113458,CHEMBL2113458,507925,CHEMBL1136764,6.9
Nc1nc(/N=N/c2ccccc2)nc2c1ncn2[C@@H]1O[C@H](CO)[C@@H](O)[C@H]1O,CHEMBL2113463,CHEMBL2113463,509130,CHEMBL1136764,6.75
COc1ccc(-n2nc3c(N)nc4ccccc4n3c2=O)cc1,CHEMBL16416,CHEMBL16416,510330;964163,CHEMBL1132980;CHEMBL1148352,6.42;6.42
Nc1nc(/N=N/NC(=O)c2ccccc2)nc2c1ncn2[C@@H]1O[C@H](CO)[C@@H](O)[C@H]1O,CHEMBL2113453,CHEMBL2113453,510394,CHEMBL1136764,6.0
COc1ccc(NC(=O)/N=N/Nc2nc(N)c3ncn([C@@H]4O[C@H](CO)[C@@H](O)[C@H]4O)c3n2)cc1,CHEMBL2113455,CHEMBL2113455,511447,CHEMBL1136764,7.6
O=C(N/N=N/c1nc(NC2CCCC2)c2ncn([C@@H]3O[C@H](CO)[C@@H](O)[C@H]3O)c2n1)Nc1ccccc1,CHEMBL2113457,CHEMBL2113457,511451,CHEMBL1136764,6.68
CCNC(=O)[C@H]1O[C@@H](n2cnc3c(N)nc(NCCc4ccc(CCC(=O)O)cc4)nc32)[C@H](O)[C@@H]1O,CHEMBL331372,CHEMBL331372,519596;519598;519600;519602;519604;519606;519608;519610;519612;519614;519616;1198824;1463709;2082932;2196924;2697088;3100471;3100472;8031756;10923751;12656978;13968196;14644264;15114623;15114637;15114641;15209155;15210141;16395034;16493419;19048501;24383015,CHEMBL1130114;CHEMBL1130114;CHEMBL1130114;CHEMBL1130114;CHEMBL1130114;CHEMBL1130114;CHEMBL1130114;CHEMBL1130114;CHEMBL1130114;CHEMBL1130114;CHEMBL1130114;CHEMBL1132702;CHEMBL1137202;CHEMBL1142932;CHEMBL1157148;CHEMBL1152960;CHEMBL1158518;CHEMBL1158518;CHEMBL1949672;CHEMBL2040767;CHEMBL2321867;CHEMBL3132785;CHEMBL3259781;CHEMBL3352600;CHEMBL3352600;CHEMBL3352600;CHEMBL3414558;CHEMBL3414558;CHEMBL3739367;CHEMBL3769306;CHEMBL4351010;CHEMBL5038576,7.44;7.56;8.12;7.66;8.37;7.44;8.12;7.13;7.94;6.2;7.0;7.57;7.3;7.33;7.33;7.33;7.68;7.72;7.16;7.57;7.57;7.9;7.57;7.16;8.67;8.36;7.9;7.73;6.3;7.57;7.57;8.85
COc1cc(OC)cc(C(CNc2ncnc3c2ncn3[C@@H]2O[C@H](CO)[C@@H](O)[C@H]2O)c2ccccc2C)c1,CHEMBL2094089,CHEMBL2094089,523433;523434;523435,CHEMBL1130114;CHEMBL1130114;CHEMBL1130114,7.42;7.72;7.45
CNC(=O)[C@H]1O[C@@H](n2cnc3c(NCc4cccc(I)c4)ncnc32)[C@H](O)[C@@H]1O,CHEMBL119709,CHEMBL119709,543391;543392;543393;769517;1466061;1473548;1517160;1709883;2167211;13968209,CHEMBL1130114;CHEMBL1130114;CHEMBL1130114;CHEMBL1131221;CHEMBL1138752;CHEMBL1138800;CHEMBL1144357;CHEMBL1147002;CHEMBL1145629;CHEMBL3132785,6.43;6.84;7.5;6.94;7.25;7.25;7.4;6.29;7.03;7.1
NC[C@H]1[C@@H](O)[C@H](n2cnc3c(NCc4cccc(I)c4)ncnc32)O[C@@H]1CO,CHEMBL144521,CHEMBL144521,636976;636977;636978;636979;636980;636981;636982,CHEMBL1144939;CHEMBL1144939;CHEMBL1144939;CHEMBL1144939;CHEMBL1144939;CHEMBL1144939;CHEMBL1144939,7.1;8.19;7.19;7.24;7.17;7.23;7.25
NCCNC(=O)[C@H]1O[C@@H](n2cnc3c(N)ncnc32)[C@H](O)[C@@H]1O,CHEMBL129903,CHEMBL129903,636983;636984;636985;636986;636987;636988;636989,CHEMBL1144939;CHEMBL1144939;CHEMBL1144939;CHEMBL1144939;CHEMBL1144939;CHEMBL1144939;CHEMBL1144939,7.34;8.36;7.24;8.44;7.39;6.92;7.14
NC[C@H]1O[C@@H](n2cnc3c(N)ncnc32)[C@H](O)[C@@H]1O,CHEMBL302376,CHEMBL302376,645556;645557;645558;645559;645560,CHEMBL1144939;CHEMBL1144939;CHEMBL1144939;CHEMBL1144939;CHEMBL1144939,6.27;6.39;6.31;7.28;6.22
Nc1ccc(CCCn2ncc3c2nc(N)n2nc(-c4ccco4)nc32)cc1,CHEMBL281805,CHEMBL281805,646781;1293041;2916534,CHEMBL1144939;CHEMBL1135389;CHEMBL1154073,9.66;9.66;9.66
N[C@H]1[C@@H](O)[C@H](n2cnc3c(NCc4cccc(I)c4)ncnc32)O[C@@H]1CO,CHEMBL132629,CHEMBL132629,653808;653809;653810;653811;653812;653813;653814,CHEMBL1144939;CHEMBL1144939;CHEMBL1144939;CHEMBL1144939;CHEMBL1144939;CHEMBL1144939;CHEMBL1144939,7.17;7.75;7.24;8.19;7.06;7.06;7.19
Cc1cn2c(N)nc(-c3ccccc3)nc2n1,CHEMBL358341,CHEMBL358341,657387,CHEMBL1135595,6.17
CCCCn1cc2c(nc(NC(=O)Nc3ccc(Br)cc3)n3nc(-c4ccco4)nc23)n1,CHEMBL350830,CHEMBL350830,714999;2915806;2916493,CHEMBL1136016;CHEMBL1154073;CHEMBL1154073,7.18;7.18;7.18
CCn1cc2c(nc(NC(=O)Cc3ccccc3)n3nc(-c4ccco4)nc23)n1,CHEMBL165073,CHEMBL165073,715006;2915855;2916575,CHEMBL1136016;CHEMBL1154073;CHEMBL1154073,6.47;6.47;6.47
CCCn1cc2c(nc(NC(=O)Nc3ccc(Cl)c(Cl)c3)n3nc(-c4ccco4)nc23)n1,CHEMBL353299,CHEMBL353299,717480;2915868;2916588,CHEMBL1136016;CHEMBL1154073;CHEMBL1154073,6.4;6.4;6.4
O=C(Nc1cccc(Cl)c1)Nc1nc2ccc(Cl)cc2c2nc(-c3ccco3)nn12,CHEMBL141550,CHEMBL141550,718729;1007405,CHEMBL1136016;CHEMBL1133118,8.02;8.02
CCCn1cc2c(nc(NC(=O)Nc3ccc(F)cc3)n3nc(-c4ccco4)nc23)n1,CHEMBL165778,CHEMBL165778,719798;2915809;2916496,CHEMBL1136016;CHEMBL1154073;CHEMBL1154073,7.38;7.38;7.38
CCCCn1cc2c(nc(NC(=O)Nc3ccc(F)cc3)n3nc(-c4ccco4)nc23)n1,CHEMBL165620,CHEMBL165620,719805;2915805;2916492,CHEMBL1136016;CHEMBL1154073;CHEMBL1154073,7.3;7.3;7.3
Cn1cc2c(nc(NC(=O)Nc3ccc(S(=O)(=O)O)cc3)n3nc(-c4ccco4)nc23)n1,CHEMBL324512,CHEMBL324512,720842;1013696;2915799;2916486,CHEMBL1136016;CHEMBL1135541;CHEMBL1154073;CHEMBL1154073,6.23;6.23;6.23;6.23
Cn1cc2c(nc(NC(=O)Nc3ccc(Cl)c(Cl)c3)n3nc(-c4ccco4)nc23)n1,CHEMBL349019,CHEMBL349019,721913;2915886;2916606,CHEMBL1136016;CHEMBL1154073;CHEMBL1154073,6.84;6.84;6.84
Cn1cc2c(nc(NC(=O)Nc3ccc(Br)cc3)n3nc(-c4ccco4)nc23)n1,CHEMBL348925,CHEMBL348925,721921;2915882;2916602,CHEMBL1136016;CHEMBL1154073;CHEMBL1154073,7.0;7.0;7.0
CCCCn1cc2c(nc(NC(=O)Nc3ccc(Cl)cc3)n3nc(-c4ccco4)nc23)n1,CHEMBL424161,CHEMBL424161,721929;2915857;2916577,CHEMBL1136016;CHEMBL1154073;CHEMBL1154073,6.96;6.95;6.96
CCn1cc2c(nc(NC(=O)Nc3ccc4c(c3)OCO4)n3nc(-c4ccco4)nc23)n1,CHEMBL165083,CHEMBL165083,723054;2915874;2916594,CHEMBL1136016;CHEMBL1154073;CHEMBL1154073,6.24;6.24;6.24
CCCn1cc2c(nc(NC(=O)Nc3ccc(C(F)(F)F)cc3)n3nc(-c4ccco4)nc23)n1,CHEMBL164509,CHEMBL164509,723061;2915808;2916495,CHEMBL1136016;CHEMBL1154073;CHEMBL1154073,7.47;7.47;7.47
CCCCn1cc2c(nc(NC(=O)Nc3cccc(Cl)c3)n3nc(-c4ccco4)nc23)n1,CHEMBL423934,CHEMBL423934,724306;1011211;2915794;2916481,CHEMBL1136016;CHEMBL1133118;CHEMBL1154073;CHEMBL1154073,7.02;7.02;7.02;7.02
CCn1cc2c(nc(NC(=O)Nc3ccc(F)cc3)n3nc(-c4ccco4)nc23)n1,CHEMBL164685,CHEMBL164685,725408;2915813;2916500,CHEMBL1136016;CHEMBL1154073;CHEMBL1154073,7.22;7.22;7.22
CCCCn1cc2c(nc(NC(=O)Nc3ccccc3Cl)n3nc(-c4ccco4)nc23)n1,CHEMBL349716,CHEMBL349716,725415;2915858;2916578,CHEMBL1136016;CHEMBL1154073;CHEMBL1154073,7.0;7.0;7.0
CCCCn1cc2c(nc(NC(=O)Nc3ccc([N+](=O)[O-])cc3)n3nc(-c4ccco4)nc23)n1,CHEMBL167915,CHEMBL167915,725422;2915859;2916579,CHEMBL1136016;CHEMBL1154073;CHEMBL1154073,6.3;6.3;6.3
CCCn1cc2c(nc(NC(=O)Nc3ccc(OC)cc3)n3nc(-c4ccco4)nc23)n1,CHEMBL302765,CHEMBL302765,726716;898984;1004963;1086831;1256744;1275107;2915846;2916566;7985934;10984517,CHEMBL1136016;CHEMBL1132457;CHEMBL1133118;CHEMBL1134562;CHEMBL1133369;CHEMBL1135548;CHEMBL1154073;CHEMBL1154073;CHEMBL1932966;CHEMBL2069218,6.85;6.85;6.85;6.85;6.85;6.85;6.85;6.85;6.85;6.85
CCn1cc2c(nc(NC(=O)Nc3ccc(C(F)(F)F)cc3)n3nc(-c4ccco4)nc23)n1,CHEMBL165044,CHEMBL165044,726723;2915812;2916499,CHEMBL1136016;CHEMBL1154073;CHEMBL1154073,7.28;7.28;7.28
COc1cccc(NC(=O)Nc2nc3nn(C)cc3c3nc(-c4ccco4)nn23)c1,CHEMBL164992,CHEMBL164992,728031;2915878;2916598,CHEMBL1136016;CHEMBL1154073;CHEMBL1154073,6.8;6.8;6.8
CCCn1cc2c(nc(NC(=O)Nc3ccc(S(=O)(=O)O)cc3)n3nc(-c4ccco4)nc23)n1,CHEMBL350573,CHEMBL350573,728039;2915797;2916484,CHEMBL1136016;CHEMBL1154073;CHEMBL1154073,6.52;6.52;6.52
CCCn1cc2c(nc(NC(=O)Nc3ccccc3)n3nc(-c4ccco4)nc23)n1,CHEMBL168018,CHEMBL168018,729118;2915800;2916487,CHEMBL1136016;CHEMBL1154073;CHEMBL1154073,7.21;7.21;7.21
CCCn1cc2c(nc(NC(=O)Nc3ccccc3Cl)n3nc(-c4ccco4)nc23)n1,CHEMBL350042,CHEMBL350042,729125;2915863;2916583,CHEMBL1136016;CHEMBL1154073;CHEMBL1154073,6.92;6.92;6.92
CCCCn1cc2c(nc(NC(=O)Nc3ccccc3OC)n3nc(-c4ccco4)nc23)n1,CHEMBL349611,CHEMBL349611,729132;2915803;2916490,CHEMBL1136016;CHEMBL1154073;CHEMBL1154073,7.04;7.04;7.04
CCn1cc2c(nc(NC(=O)Nc3cccc(OC)c3)n3nc(-c4ccco4)nc23)n1,CHEMBL164381,CHEMBL164381,730277;2915871;2916591,CHEMBL1136016;CHEMBL1154073;CHEMBL1154073,6.85;6.85;6.85
Cn1cc2c(nc(NC(=O)Nc3ccccc3Cl)n3nc(-c4ccco4)nc23)n1,CHEMBL164281,CHEMBL164281,731450;2915877;2916597,CHEMBL1136016;CHEMBL1154073;CHEMBL1154073,6.7;6.7;6.7
CCCn1cc2c(nc(NC(=O)Nc3cccc(OC)c3)n3nc(-c4ccco4)nc23)n1,CHEMBL350261,CHEMBL350261,731458;2915864;2916584,CHEMBL1136016;CHEMBL1154073;CHEMBL1154073,6.95;6.95;6.95
CCCCn1cc2c(nc(NC(=O)Nc3ccc(OC)cc3)n3nc(-c4ccco4)nc23)n1,CHEMBL330286,CHEMBL330286,733775;987890;1076661;2915795;2916482,CHEMBL1136016;CHEMBL1133118;CHEMBL1134562;CHEMBL1154073;CHEMBL1154073,7.1;7.1;7.1;7.1;7.1
CCCn1cc2c(nc(NC(=O)Nc3ccc(Br)cc3)n3nc(-c4ccco4)nc23)n1,CHEMBL350205,CHEMBL350205,733782;2915810;2916497,CHEMBL1136016;CHEMBL1154073;CHEMBL1154073,7.3;7.3;7.3
CCCCn1cc2c(nc(NC(=O)Nc3cccc(OC)c3)n3nc(-c4ccco4)nc23)n1,CHEMBL164325,CHEMBL164325,733789;2915802;2916489,CHEMBL1136016;CHEMBL1154073;CHEMBL1154073,7.02;7.02;7.02
Cn1cc2c(nc(NC(=O)Nc3ccc([N+](=O)[O-])cc3)n3nc(-c4ccco4)nc23)n1,CHEMBL354161,CHEMBL354161,733796;2915884;2916604,CHEMBL1136016;CHEMBL1154073;CHEMBL1154073,6.16;6.16;6.16
CCCn1cc2c(nc(NC(=O)Nc3ccc(C)cc3)n3nc(-c4ccco4)nc23)n1,CHEMBL351075,CHEMBL351075,736352;2915811;2916498,CHEMBL1136016;CHEMBL1154073;CHEMBL1154073,7.92;7.92;7.92
CCCn1cc2c(nc(NC(=O)Nc3ccc(Cl)cc3)n3nc(-c4ccco4)nc23)n1,CHEMBL164905,CHEMBL164905,736359;2915862;2916582,CHEMBL1136016;CHEMBL1154073;CHEMBL1154073,6.85;6.85;6.85
CCn1cc2c(nc(NC(=O)Nc3ccccc3)n3nc(-c4ccco4)nc23)n1,CHEMBL352796,CHEMBL352796,737772;2915801;2916488,CHEMBL1136016;CHEMBL1154073;CHEMBL1154073,7.4;7.4;7.4
CCCn1cc2c(nc(NC(=O)Nc3ccc4c(c3)OCO4)n3nc(-c4ccco4)nc23)n1,CHEMBL166301,CHEMBL166301,737779;2915867;2916587,CHEMBL1136016;CHEMBL1154073;CHEMBL1154073,6.18;6.18;6.18
Cn1cc2c(nc(NC(=O)Nc3ccc4c(c3)OCO4)n3nc(-c4ccco4)nc23)n1,CHEMBL165224,CHEMBL165224,739004;2915885;2916605,CHEMBL1136016;CHEMBL1154073;CHEMBL1154073,6.17;6.17;6.17
Cn1cc2c(nc(NC(=O)Nc3ccc(C(F)(F)F)cc3)n3nc(-c4ccco4)nc23)n1,CHEMBL164686,CHEMBL164686,739012;2915880;2916600,CHEMBL1136016;CHEMBL1154073;CHEMBL1154073,6.85;6.85;6.85
CCCCn1cc2c(nc(NC(=O)Nc3ccc(C)cc3)n3nc(-c4ccco4)nc23)n1,CHEMBL166684,CHEMBL166684,739020;2915807;2916494,CHEMBL1136016;CHEMBL1154073;CHEMBL1154073,7.62;7.62;7.62
CCCn1cc2c(nc(NC(=O)Nc3ccccc3OC)n3nc(-c4ccco4)nc23)n1,CHEMBL165560,CHEMBL165560,740185;2915865;2916585,CHEMBL1136016;CHEMBL1154073;CHEMBL1154073,7.0;7.0;7.0
CCn1cc2c(nc(NC(=O)Nc3ccc([N+](=O)[O-])cc3)n3nc(-c4ccco4)nc23)n1,CHEMBL165910,CHEMBL165910,740192;2915873;2916593,CHEMBL1136016;CHEMBL1154073;CHEMBL1154073,6.21;6.21;6.21
Cn1cc2c(nc(NC(=O)Nc3ccc(F)cc3)n3nc(-c4ccco4)nc23)n1,CHEMBL572765,CHEMBL572765,741604;2915881;2916601,CHEMBL1136016;CHEMBL1154073;CHEMBL1154073,6.92;6.92;6.92
COc1ccccc1NC(=O)Nc1nc2nn(C)cc2c2nc(-c3ccco3)nn12,CHEMBL351211,CHEMBL351211,741612;2915879;2916599,CHEMBL1136016;CHEMBL1154073;CHEMBL1154073,6.75;6.74;6.75
CCn1cc2c(nc(NC(=O)Nc3ccc(Cl)c(Cl)c3)n3nc(-c4ccco4)nc23)n1,CHEMBL164275,CHEMBL164275,741620;2915875;2916595,CHEMBL1136016;CHEMBL1154073;CHEMBL1154073,6.45;6.45;6.45
CCCCn1cc2c(nc(NC(=O)Nc3ccc(Cl)c(Cl)c3)n3nc(-c4ccco4)nc23)n1,CHEMBL352707,CHEMBL352707,743025;2915861;2916581,CHEMBL1136016;CHEMBL1154073;CHEMBL1154073,6.3;6.31;6.3
CCCCn1cc2c(nc(NC(=O)Nc3ccccc3)n3nc(-c4ccco4)nc23)n1,CHEMBL349240,CHEMBL349240,744366;2915851;2916571,CHEMBL1136016;CHEMBL1154073;CHEMBL1154073,6.83;6.83;6.83
CCCCn1cc2c(nc(NC(=O)Nc3ccc(C(F)(F)F)cc3)n3nc(-c4ccco4)nc23)n1,CHEMBL349954,CHEMBL349954,744373;2915804;2916491,CHEMBL1136016;CHEMBL1154073;CHEMBL1154073,7.51;7.51;7.51
COc1ccc(NC(=O)Nc2nc3ccc(Cl)cc3c3nc(-c4ccco4)nn23)cc1,CHEMBL144979,CHEMBL144979,745617;990210,CHEMBL1136016;CHEMBL1133118,8.03;8.03
Cc1ccc(NC(=O)Nc2nc3nn(C)cc3c3nc(-c4ccco4)nn23)cc1,CHEMBL351285,CHEMBL351285,745624;2915883;2916603,CHEMBL1136016;CHEMBL1154073;CHEMBL1154073,6.96;6.96;6.96
CCn1cc2c(nc(NC(=O)Nc3ccc(Cl)cc3)n3nc(-c4ccco4)nc23)n1,CHEMBL352073,CHEMBL352073,746786;2915869;2916589,CHEMBL1136016;CHEMBL1154073;CHEMBL1154073,6.8;6.8;6.8
CCn1cc2c(nc(NC(=O)Nc3ccccc3OC)n3nc(-c4ccco4)nc23)n1,CHEMBL164647,CHEMBL164647,748187;2915872;2916592,CHEMBL1136016;CHEMBL1154073;CHEMBL1154073,6.88;6.88;6.88
CCCn1cc2c(nc(NC(=O)Cc3ccccc3)n3nc(-c4ccco4)nc23)n1,CHEMBL349464,CHEMBL349464,748194;2915854;2916574,CHEMBL1136016;CHEMBL1154073;CHEMBL1154073,6.51;6.51;6.51
CCn1cc2c(nc(NC(=O)Nc3cccc(Cl)c3)n3nc(-c4ccco4)nc23)n1,CHEMBL141154,CHEMBL141154,749403;867340;994998;2915847;2916567,CHEMBL1136016;CHEMBL1132457;CHEMBL1133118;CHEMBL1154073;CHEMBL1154073,6.75;6.73;6.75;6.74;6.75
Cn1cc2c(nc(NC(=O)Nc3ccc(Cl)cc3)n3nc(-c4ccco4)nc23)n1,CHEMBL167753,CHEMBL167753,749410;2915876;2916596,CHEMBL1136016;CHEMBL1154073;CHEMBL1154073,6.75;6.74;6.75
CCn1cc2c(nc(NC(=O)Nc3ccc(S(=O)(=O)O)cc3)n3nc(-c4ccco4)nc23)n1,CHEMBL164867,CHEMBL164867,749418;2915798;2916485,CHEMBL1136016;CHEMBL1154073;CHEMBL1154073,6.6;6.6;6.6
CCCCn1cc2c(nc(NC(=O)Nc3ccc(S(=O)(=O)O)cc3)n3nc(-c4ccco4)nc23)n1,CHEMBL164904,CHEMBL164904,749425;2915796;2916483,CHEMBL1136016;CHEMBL1154073;CHEMBL1154073,6.45;6.45;6.45
CCn1cc2c(nc(NC(=O)Nc3ccc(Br)cc3)n3nc(-c4ccco4)nc23)n1,CHEMBL165600,CHEMBL165600,750555;2915814;2916501,CHEMBL1136016;CHEMBL1154073;CHEMBL1154073,7.4;7.4;7.4
CCCCn1cc2c(nc(NC(=O)Nc3ccc4c(c3)OCO4)n3nc(-c4ccco4)nc23)n1,CHEMBL352192,CHEMBL352192,751827;2915860;2916580,CHEMBL1136016;CHEMBL1154073;CHEMBL1154073,6.42;6.42;6.42
CCCCn1cc2c(nc(NC(=O)Cc3ccccc3)n3nc(-c4ccco4)nc23)n1,CHEMBL163968,CHEMBL163968,751834;2915853;2916573,CHEMBL1136016;CHEMBL1154073;CHEMBL1154073,6.4;6.4;6.4
CCn1cc2c(nc(NC(=O)Nc3ccc(C)cc3)n3nc(-c4ccco4)nc23)n1,CHEMBL348975,CHEMBL348975,752973;2915815;2916502,CHEMBL1136016;CHEMBL1154073;CHEMBL1154073,7.52;7.52;7.52
CCn1cc2c(nc(NC(=O)Nc3ccccc3Cl)n3nc(-c4ccco4)nc23)n1,CHEMBL352345,CHEMBL352345,752980;2915870;2916590,CHEMBL1136016;CHEMBL1154073;CHEMBL1154073,6.82;6.82;6.82
C[C@H](Cc1ccccc1)Nc1ncnc2c1ncn2[C@@H]1O[C@H](CO)[C@@H](O)[C@H]1O,CHEMBL139000,CHEMBL139000,757633;1259422;1831028,CHEMBL1131221;CHEMBL1132946;CHEMBL1144471,6.12;6.12;6.05
C[C@@]1(O)[C@H](O)[C@@H](CO)O[C@H]1n1cnc2c(NC3CCCC3)nc(Cl)nc21,CHEMBL251997,CHEMBL251997,771737,CHEMBL1131221,8.41
OC[C@H]1O[C@@H](n2cnc3c(NCc4cccc(I)c4)ncnc32)[C@H](O)[C@@H]1O,CHEMBL66393,CHEMBL66393,774242;1517136;1518238,CHEMBL1131221;CHEMBL1144357;CHEMBL1142719,7.69;6.92;6.85
OC[C@H]1O[C@@H](n2cnc3c(NC4CCCC4)ncnc32)[C@H](O)[C@@H]1O,CHEMBL68738,CHEMBL68738,775350;1240181;1404098;1652808;2070840;12099273;13398783;13398794;19103336;19108146,CHEMBL1131221;CHEMBL1132946;CHEMBL1145202;CHEMBL1140427;CHEMBL1140761;CHEMBL2169760;CHEMBL2412992;CHEMBL2412992;CHEMBL4368860;CHEMBL4368904,6.42;6.41;6.1;6.33;6.1;6.1;6.1;6.09;6.1;6.1
CCNC(=O)[C@H]1O[C@@H](n2cnc3c(N)ncnc32)[C@](C)(O)[C@@H]1O,CHEMBL2113418,CHEMBL2113418,782057;1517154,CHEMBL1131221;CHEMBL1144357,6.66;6.66
C[C@@]1(O)[C@H](O)[C@@H](CO)O[C@H]1n1cnc2c(NCc3cccc(I)c3)ncnc21,CHEMBL444550,CHEMBL444550,783065;1516628;1517142,CHEMBL1131221;CHEMBL1144357;CHEMBL1144357,6.03;6.33;6.17
Nc1nc(Cl)nc2c1ncn2[C@@H]1O[C@H](CO)[C@@H](O)[C@H]1O,CHEMBL285819,CHEMBL285819,786590;14644261,CHEMBL1131221;CHEMBL3259781,6.92;6.75
CSc1c2c(nc(NC(=O)Cc3ccc(CC(C)C)cc3)n3nc(-c4ccco4)nc23)nn1C,CHEMBL439447,CHEMBL439447,793242,CHEMBL1136743,7.3
CCCSc1c2c(nc(N)n3nc(-c4ccco4)nc23)nn1C,CHEMBL280888,CHEMBL280888,796638;796641;2916505,CHEMBL1136743;CHEMBL1136743;CHEMBL1154073,8.68;7.83;8.68
COc1ccc(NC(=O)Nc2nc3nn(C)c(SC)c3c3nc(-c4ccco4)nn23)cc1,CHEMBL22113,CHEMBL22113,801311;801314,CHEMBL1136743;CHEMBL1136743,8.51;7.76
CCNc1c2c(nc(N)n3nc(-c4ccco4)nc23)nn1C,CHEMBL20888,CHEMBL20888,806429,CHEMBL1136743,8.0
COc1ccc(CC(=O)Nc2nc3nn(C)c(SC)c3c3nc(-c4ccco4)nn23)cc1,CHEMBL21910,CHEMBL21910,807765;2916504,CHEMBL1136743;CHEMBL1154073,7.82;7.82
CCNc1c2c(nc(NC(=O)Nc3ccc(OC)cc3)n3nc(-c4ccco4)nc23)nn1C.Cl,CHEMBL554955,CHEMBL20555,810298;810301,CHEMBL1136743;CHEMBL1136743,7.8;7.21
CN1CCN(c2c3c(nc(N)n4nc(-c5ccco5)nc34)nn2C)CC1,CHEMBL21541,CHEMBL21541,814031,CHEMBL1136743,6.81
CSc1c2c(nc(NC(=O)Cc3ccc4c(c3)OCO4)n3nc(-c4ccco4)nc23)nn1C,CHEMBL21572,CHEMBL21572,816387;816390,CHEMBL1136743;CHEMBL1136743,8.39;7.67
CSc1c2c(nc(N)n3nc(-c4ccco4)nc23)nn1CCCc1ccccc1,CHEMBL20445,CHEMBL20445,817695,CHEMBL1136743,7.66
CCNc1c2c(nc(NC(=O)Nc3ccc(OC)cc3)n3nc(-c4ccco4)nc23)nn1C,CHEMBL20555,CHEMBL20555,820059,CHEMBL1136743,7.68
CSc1c2c(nc(N)n3nc(-c4ccco4)nc23)nn1C,CHEMBL281129,CHEMBL281129,823307;823310;2563424,CHEMBL1136743;CHEMBL1136743;CHEMBL1155896,8.92;8.21;8.92
CCNc1c2c(nc(NC(=O)Cc3ccc4c(c3)OCO4)n3nc(-c4ccco4)nc23)nn1C,CHEMBL22085,CHEMBL22085,824594,CHEMBL1136743,7.21
CN1CCN(c2c3c(nc(N)n4nc(-c5ccco5)nc34)nn2C)CC1.Cl.Cl,CHEMBL553587,CHEMBL21541,824598,CHEMBL1136743,6.87
CCNc1c2c(nc(N)n3nc(-c4ccco4)nc23)nn1C.Cl,CHEMBL544678,CHEMBL20888,825844;825847,CHEMBL1136743;CHEMBL1136743,8.0;7.32
CC(=O)NCCNc1[nH]c(-c2ccccc2)nc2nc(C)c(C)c1-2,CHEMBL81616,CHEMBL81616,827918;827920;827922,CHEMBL1131846;CHEMBL1131846;CHEMBL1131846,7.32;7.32;7.64
Cc1[nH]c2nc(-c3ccccc3)nc(N[C@@H]3CCCCNC3=O)c2c1C,CHEMBL312503,CHEMBL312503,834853,CHEMBL1131846,6.02
Cc1[nH]c2nc(-c3ccccc3)nc(NCCN3CCNC3=O)c2c1C,CHEMBL82197,CHEMBL82197,836030;836032;836034,CHEMBL1131846;CHEMBL1131846;CHEMBL1131846,6.14;6.22;6.67
Cc1[nH]c2nc(-c3ccccc3)nc(NCc3ccncc3)c2c1C,CHEMBL81863,CHEMBL81863,845872,CHEMBL1131846,6.09
CCCCc1nc2[nH]cnc2c2nc(-c3ccccc3)nn12,CHEMBL122512,CHEMBL122512,850191;1053846;1273695,CHEMBL1148255;CHEMBL1146808;CHEMBL1135548,7.15;7.15;7.15
Cc1[nH]c2nc(-c3ccccc3)nc(N[C@H]3CC[C@H](O)CC3)c2c1C,CHEMBL78595,CHEMBL78595,852678,CHEMBL1131846,6.12
CCCCc1nc2[nH]ncc2c2nc(-c3ccccc3)nn12,CHEMBL340657,CHEMBL340657,856886,CHEMBL1148255,6.72
COc1ccc(/C=N/N=C(\S)Cc2ccccc2)c(O)c1,CHEMBL166424,CHEMBL166424,865128,CHEMBL1147439,7.0
COc1cccc(-c2n[nH]c(Cc3ccccc3Br)n2)c1,CHEMBL353593,CHEMBL353593,865129,CHEMBL1147439,7.7
O=C(Nc1cccc(Cl)c1)Nc1nc2nn(CCc3ccccc3)cc2c2nc(-c3ccco3)nn12,CHEMBL137950,CHEMBL137950,865940;1026387;2915788;2916475,CHEMBL1132457;CHEMBL1133118;CHEMBL1154073;CHEMBL1154073,6.96;6.98;6.98;6.98
COc1cccc(-c2n[nH]c(Cc3ccc(Cl)c(Cl)c3)n2)c1OC,CHEMBL168895,CHEMBL168895,868994,CHEMBL1147439,7.05
S/C(Cc1ccccc1)=N\N=C\c1ccccn1,CHEMBL168481,CHEMBL168481,871523,CHEMBL1147439,7.0
Nc1nc2nn(CCCc3ccccc3)cc2c2nc(-c3ccco3)nn12,CHEMBL423542,CHEMBL423542,872329;1020301;2915827;2916547,CHEMBL1132457;CHEMBL1133118;CHEMBL1154073;CHEMBL1154073,9.74;9.8;9.8;9.8
COc1cccc(-c2n[nH]c(Cc3ccc4ccccc4c3)n2)c1,CHEMBL167343,CHEMBL167343,872805,CHEMBL1147439,7.0
Oc1c(-c2ccco2)nnc2nc3ccccc3n12,CHEMBL7608,CHEMBL7608,874563;10887431,CHEMBL1134334;CHEMBL2029296,6.62;7.48
Cn1nc(-c2ccc(N=[N+]=[N-])cc2)nc1-c1cccc(CN2CC=CC2)c1,CHEMBL167977,CHEMBL167977,875054,CHEMBL1147439,6.4
Clc1ccc(Cc2n[nH]c(-c3cnccn3)n2)cc1Cl,CHEMBL170215,CHEMBL170215,875057,CHEMBL1147439,7.22
COc1cccc(-c2nc(Cc3ccc(C)c(C)c3)n[nH]2)c1,CHEMBL165760,CHEMBL165760,877542;2563425,CHEMBL1147439;CHEMBL1155896,7.7;7.7
COc1ccc(NC(=O)Nc2nc3nn(CCc4ccccc4)cc3c3nc(-c4ccco4)nn23)cc1,CHEMBL422820,CHEMBL422820,878361;991488;2915826;2916546,CHEMBL1132457;CHEMBL1133118;CHEMBL1154073;CHEMBL1154073,6.91;6.92;6.92;6.92
COc1cccc(-c2n[nH]c(Cc3cccc(F)c3F)n2)c1,CHEMBL166500,CHEMBL166500,878781,CHEMBL1147439,7.7
COc1cccc(-c2n[nH]c(CC3CCCCC3)n2)c1,CHEMBL355390,CHEMBL355390,878786,CHEMBL1147439,6.16
COc1cccc(-c2n[nH]c(Cc3ccc(Cl)c(Cl)c3)n2)c1,CHEMBL354321,CHEMBL354321,882544;895695,CHEMBL1147439;CHEMBL1147439,7.4;7.4
S/C(Cc1ccccc1)=N\N=C\c1cccnc1,CHEMBL166429,CHEMBL166429,883666,CHEMBL1147439,8.3
CCn1cc2c(nc(N)n3nc(-c4ccco4)nc23)n1,CHEMBL137879,CHEMBL137879,885881;1020293;2915830;2916550,CHEMBL1132457;CHEMBL1133118;CHEMBL1154073;CHEMBL1154073,8.72;8.71;8.71;8.71
CCCn1cc2c(nc(N)n3nc(-c4ccco4)nc23)n1,CHEMBL344706,CHEMBL344706,887142;1003555;2915829;2916549,CHEMBL1132457;CHEMBL1133118;CHEMBL1154073;CHEMBL1154073,8.59;8.6;8.6;8.6
COc1cccc(-c2n[nH]c(Cc3cccc(Br)c3)n2)c1,CHEMBL168892,CHEMBL168892,888664,CHEMBL1147439,8.0
O=[N+]([O-])c1ccc(O)c(/C=N/N=C(\S)Cc2ccccc2)c1,CHEMBL168334,CHEMBL168334,891194,CHEMBL1147439,8.0
OC[C@H]1O[C@@H](n2cnc3c(NCc4cccc(I)c4)nc(Cl)nc32)[C@H](O)[C@@H]1O,CHEMBL307199,CHEMBL307199,891841;1518349,CHEMBL1134334;CHEMBL1142719,6.4;6.7
COc1cccc(-c2n[nH]c(Cc3ccc(F)c(F)c3)n2)c1,CHEMBL166939,CHEMBL166939,892335,CHEMBL1147439,7.16
COc1ccc(O)c(/C=N/N=C(\S)Cc2ccccc2)c1,CHEMBL168424,CHEMBL168424,894568,CHEMBL1147439,7.7
COc1cccc(-c2n[nH]c(CCc3ccc(Cl)c(Cl)c3)n2)c1,CHEMBL168912,CHEMBL168912,894570,CHEMBL1147439,6.0
COc1cccc(-c2n[nH]c(Cc3cccc([N+](=O)[O-])c3)n2)c1,CHEMBL423082,CHEMBL423082,895698,CHEMBL1147439,7.1
Oc1ccccc1-c1n[nH]c(-c2ccccc2)n1,CHEMBL167001,CHEMBL167001,896913,CHEMBL1147439,6.16
O=C(Nc1cccc(Cl)c1)Nc1nc2nn(CCCc3ccccc3)cc2c2nc(-c3ccco3)nn12,CHEMBL342906,CHEMBL342906,898996;1013531;2915787;2916474,CHEMBL1132457;CHEMBL1133118;CHEMBL1154073;CHEMBL1154073,6.7;6.7;6.7;6.7
COc1cccc(-c2n[nH]c(-c3ccc(Cl)c(Cl)c3)n2)c1,CHEMBL353602,CHEMBL353602,901780,CHEMBL1147439,6.16
c1cc(CN2CCCC2)cc(-c2n[nH]c(-c3ccc4c(c3)OCCO4)n2)c1,CHEMBL424011,CHEMBL424011,903046,CHEMBL1147439,6.0
Clc1ccc(Cc2n[nH]c(-c3ccc4c(c3)OCO4)n2)cc1Cl,CHEMBL355761,CHEMBL355761,903049,CHEMBL1147439,7.0
Nc1nc2c(cnn2CCCc2ccc(OCc3ccccc3)cc2)c2nc(-c3ccco3)nn12,CHEMBL423852,CHEMBL423852,910693,CHEMBL1131246,6.52
Nc1nc2c(cnn2CCc2ccc(OCc3ccccc3)cc2)c2nc(-c3ccco3)nn12,CHEMBL67134,CHEMBL67134,912004,CHEMBL1131246,7.05
Nc1nc2c(cnn2CCCc2ccccc2)c2nc(-c3ccco3)nn12,CHEMBL17121,CHEMBL17121,915996;1290461;2916515;7985249,CHEMBL1131246;CHEMBL1135389;CHEMBL1154073;CHEMBL1932966,7.75;8.92;8.92;8.92
Nc1nc2c(cnn2CCCc2ccc(O)cc2)c2nc(-c3ccco3)nn12,CHEMBL67026,CHEMBL67026,917237;917239;2916511;3500051;6178791,CHEMBL1131246;CHEMBL1131246;CHEMBL1154073;CHEMBL1255545;CHEMBL1770126,8.0;8.82;8.82;7.32;7.32
Nc1nc2c(cnn2CCCc2ccc3c(c2)OCO3)c2nc(-c3ccco3)nn12,CHEMBL307748,CHEMBL307748,921945;921947;2916513,CHEMBL1131246;CHEMBL1131246;CHEMBL1154073,8.1;8.48;8.48
Nc1nc2c(cnn2CCCc2ccc(O)c(O)c2)c2nc(-c3ccco3)nn12,CHEMBL63520,CHEMBL63520,926067,CHEMBL1131246,7.22
Nc1nc2c(cnn2Cc2ccc(OCc3ccccc3)cc2)c2nc(-c3ccco3)nn12,CHEMBL66811,CHEMBL66811,927398,CHEMBL1131246,6.3
COc1ccc(CCCn2ncc3c2nc(N)n2nc(-c4ccco4)nc32)cc1OC,CHEMBL69794,CHEMBL69794,928896;928898;2916512,CHEMBL1131246;CHEMBL1131246;CHEMBL1154073,7.7;8.57;8.57
Nc1nc2c(cnn2CCc2ccc(O)cc2)c2nc(-c3ccco3)nn12,CHEMBL67994,CHEMBL67994,931487,CHEMBL1131246,7.85
Nc1nc2c(cnn2Cc2ccc(O)cc2)c2nc(-c3ccco3)nn12,CHEMBL416684,CHEMBL416684,941090,CHEMBL1131246,6.83
Nc1nc2ccccc2n2c(=O)n(-c3ccc(O)cc3)nc12,CHEMBL121593,CHEMBL121593,955299,CHEMBL1148352,7.1
Nc1ccc(-n2nc3c(N)nc4ccccc4n3c2=O)cc1,CHEMBL118164,CHEMBL118164,957925,CHEMBL1148352,8.44
Nc1nc2c([N+](=O)[O-])cccc2n2c(=O)n(-c3ccccc3)nc12,CHEMBL421420,CHEMBL421420,977966,CHEMBL1148352,7.12
Nc1cccc2c1nc(N)c1nn(-c3ccc(O)cc3)c(=O)n12,CHEMBL331946,CHEMBL331946,981837,CHEMBL1148352,6.74
Cc1ccccc1-n1cc2c(n1)c(NC1CCCC1)nc1ccccc12,CHEMBL419002,CHEMBL419002,991568,CHEMBL1133616,6.48
Cl.Cn1cc2c(nc(NC(=O)Nc3ccncc3)n3nc(-c4ccco4)nc23)n1,CHEMBL118923,CHEMBL332091,991659;1686829;10984518,CHEMBL1135541;CHEMBL1138189;CHEMBL2069218,7.0;6.96;7.0
CC(C)CCn1cc2c(nc(NC(=O)Nc3cccc(Cl)c3)n3nc(-c4ccco4)nc23)n1,CHEMBL359044,CHEMBL359044,993660;2915791;2916478,CHEMBL1133118;CHEMBL1154073;CHEMBL1154073,6.94;6.94;6.94
CC(C)CCn1cc2c(nc(N)n3nc(-c4ccco4)nc23)n1,CHEMBL315150,CHEMBL315150,995007;2915836;2916556,CHEMBL1133118;CHEMBL1154073;CHEMBL1154073,9.11;9.11;9.11
CC(C)=CCn1cc2c(nc(N)n3nc(-c4ccco4)nc23)n1,CHEMBL145623,CHEMBL145623,998674;2915835;2916555,CHEMBL1133118;CHEMBL1154073;CHEMBL1154073,9.1;9.1;9.1
COc1ccc(NC(=O)Nc2nc3n[nH]cc3c3nc(-c4ccco4)nn23)cc1,CHEMBL145767,CHEMBL145767,1001112;2915844;2916564,CHEMBL1133118;CHEMBL1154073;CHEMBL1154073,6.28;6.28;6.28
Nc1nc2nn(CCc3cc(Br)c(Br)cc3Br)cc2c2nc(-c3ccco3)nn12,CHEMBL144972,CHEMBL144972,1001130,CHEMBL1133118,6.46
CC(C)=CCn1cc2c(nc(NC(=O)Nc3cccc(Cl)c3)n3nc(-c4ccco4)nc23)n1,CHEMBL342500,CHEMBL342500,1002234;2915790;2916477,CHEMBL1133118;CHEMBL1154073;CHEMBL1154073,6.96;6.96;6.96
Nc1nc2ccccc2c2cn(-c3cccc(F)c3)nc12,CHEMBL321441,CHEMBL321441,1002298,CHEMBL1133616,7.3
COc1ccc(NC(=O)Nc2nc3nn(C(C)(C)C)cc3c3nc(-c4ccco4)nn23)cc1,CHEMBL357663,CHEMBL357663,1007396;2915838;2916558,CHEMBL1133118;CHEMBL1154073;CHEMBL1154073,6.26;6.26;6.26
O=C(Nc1cccc(Cl)c1)Nc1nc2n[nH]cc2c2nc(-c3ccco3)nn12,CHEMBL142562,CHEMBL142562,1008658;2915843;2916563,CHEMBL1133118;CHEMBL1154073;CHEMBL1154073,6.61;6.61;6.61
CCCCn1cc2c(nc(N)n3nc(-c4ccco4)nc23)n1,CHEMBL16894,CHEMBL16894,1008667;2915840;2916560,CHEMBL1133118;CHEMBL1154073;CHEMBL1154073,8.8;8.8;8.8
CC(C)(C)n1cc2c(nc(N)n3nc(-c4ccco4)nc23)n1,CHEMBL414620,CHEMBL414620,1009838;2915839;2916559,CHEMBL1133118;CHEMBL1154073;CHEMBL1154073,7.35;7.35;7.35
Nc1nc2n[nH]cc2c2nc(-c3ccco3)nn12,CHEMBL276738,CHEMBL276738,1011203;2915793;2916480,CHEMBL1133118;CHEMBL1154073;CHEMBL1154073,7.7;7.7;7.7
CC(C)(C)n1cc2c(nc(NC(=O)Nc3cccc(Cl)c3)n3nc(-c4ccco4)nc23)n1,CHEMBL344724,CHEMBL344724,1012429;2915837;2916557,CHEMBL1133118;CHEMBL1154073;CHEMBL1154073,6.1;6.1;6.1
C=CCn1cc2c(nc(NC(=O)Nc3ccc(OC)cc3)n3nc(-c4ccco4)nc23)n1,CHEMBL304726,CHEMBL304726,1014953,CHEMBL1133118,6.75
Nc1nc2ccccc2c2cn(-c3ccccc3)nc12,CHEMBL320805,CHEMBL320805,1016361;1917403;6261788,CHEMBL1133616;CHEMBL1148732;CHEMBL1795254,6.48;7.04;7.04
COc1ccc(NC(=O)Nc2nc3nn(CCC(C)C)cc3c3nc(-c4ccco4)nn23)cc1,CHEMBL358735,CHEMBL358735,1021524;2915792;2916479,CHEMBL1133118;CHEMBL1154073;CHEMBL1154073,7.19;7.19;7.19
Cn1cc2c(nc(NC(=O)Nc3ccncc3)n3nc(-c4ccco4)nc23)n1,CHEMBL332091,CHEMBL332091,1021740;1686830;7985250;12139243,CHEMBL1135541;CHEMBL1138189;CHEMBL1932966;CHEMBL2177029,7.22;7.19;7.22;7.0
Nc1nc2nn(CCc3cccc4ccccc34)cc2c2nc(-c3ccco3)nn12,CHEMBL146658,CHEMBL146658,1022663,CHEMBL1133118,6.05
COc1ccc(NC(=O)Nc2nc3nn(CCCc4ccccc4)cc3c3nc(-c4ccco4)nn23)cc1,CHEMBL139182,CHEMBL139182,1024061;2915825;2916545,CHEMBL1133118;CHEMBL1154073;CHEMBL1154073,7.0;6.0;6.0
Cn1cc2c(nc(N)n3nc(-c4ccco4)nc23)n1,CHEMBL342059,CHEMBL342059,1025202;2915842;2916562;16440249,CHEMBL1133118;CHEMBL1154073;CHEMBL1154073;CHEMBL3751698,8.55;8.55;8.55;8.55
c1ccc(-n2cc3c(n2)c(NC2CCCC2)nc2ccccc23)cc1,CHEMBL106520,CHEMBL106520,1026483,CHEMBL1133616,6.07
COc1ccc(CCCn2ncc3c2nc(N)n2nc(-c4ccco4)nc32)cc1,CHEMBL136689,CHEMBL136689,1033783;3500050;6178802;13398780;13398791;15054556;16914905;16914970;24376203,CHEMBL1133517;CHEMBL1255545;CHEMBL1770126;CHEMBL2412992;CHEMBL2412992;CHEMBL3351655;CHEMBL3885741;CHEMBL3885741;CHEMBL5036326,10.32;8.39;8.39;8.39;7.96;10.32;8.71;8.33;9.52
CCCCc1nc2[nH]ncc2c2nc(-c3cccc(Cl)c3)nn12,CHEMBL124900,CHEMBL124900,1034450,CHEMBL1146808,6.12
Cn1c(=O)c2c(nc(/C=C/c3cccc(Cl)c3)n2[11CH3])n(C)c1=O,CHEMBL2311151,CHEMBL26138,1036478,CHEMBL1133517,7.27
CCc1nc2[nH]ncc2c2nc(-c3ccccc3)nn12,CHEMBL340221,CHEMBL340221,1038159,CHEMBL1146808,6.51
CCCCc1nc2[nH]ncc2c2nc(-c3ccccc3Cl)nn12,CHEMBL421611,CHEMBL421611,1049070,CHEMBL1146808,6.89
CCCn1c(=O)c2c(nc(/C=C/c3ccc(OC)c(OC)c3)n2[11CH3])n(CCC)c1=O,CHEMBL2311150,CHEMBL27508,1064804,CHEMBL1133517,9.0
COc1ccc(-c2c(C#N)c(N)nc(SCc3ncc[nH]3)c2C#N)cc1,CHEMBL122396,CHEMBL122396,1105140;12139231,CHEMBL1148363;CHEMBL2177029,6.67;6.67
C#CCn1c(=O)c2c(nc(/C=C/c3cccc(OC)c3)n2C)n(CCCO)c1=O,CHEMBL413079,CHEMBL413079,1107432;1107433;13847527;13848891,CHEMBL1133582;CHEMBL1133582;CHEMBL3091303;CHEMBL3091303,8.3;7.82;8.27;8.27
N#Cc1c(N)nc(SCc2ncc[nH]2)c(C#N)c1-c1ccccc1,CHEMBL124345,CHEMBL124345,1121759;16914960;24382987;24383009,CHEMBL1148363;CHEMBL3885741;CHEMBL5038576;CHEMBL5038576,7.55;7.97;8.13;8.01
COc1cccc(-c2c(C#N)c(N)nc(SCc3ncc[nH]3)c2C#N)c1,CHEMBL125979,CHEMBL125979,1122932,CHEMBL1148363,6.98
N#Cc1c(N)nc(SCc2ncc[nH]2)c(C#N)c1-c1cccc(O)c1,CHEMBL122806,CHEMBL122806,1126609;16650793,CHEMBL1148363;CHEMBL3826933,7.68;7.68
N#Cc1c(N)nc(SCc2ncc[nH]2)c(C#N)c1-c1ccc(O)cc1,CHEMBL122622,CHEMBL122622,1133723,CHEMBL1148363,7.55
CCn1c(=O)c2c(nc3ccccn32)n(Cc2ccccc2)c1=O,CHEMBL113512,CHEMBL113512,1187281,CHEMBL1135743,6.23
C=CCn1c(=O)c2c(nc3ccccn32)n(Cc2ccccc2)c1=O,CHEMBL114832,CHEMBL114832,1195084,CHEMBL1135743,6.79
CCCn1c(=O)c2c(nc3ccccn32)n(Cc2ccccc2)c1=O,CHEMBL322250,CHEMBL322250,1204408;12139240,CHEMBL1135743;CHEMBL2177029,6.92;6.92
CCCCC#Cc1nc(N)c2ncn([C@@H]3O[C@H](CSC)[C@@H](O)[C@H]3O)c2n1,CHEMBL2113595,CHEMBL2113595,1210965,CHEMBL1135807,6.16
CCCCC#Cc1nc(N)c2ncn([C@@H]3O[C@H](CSCCC)[C@@H](O)[C@H]3O)c2n1,CHEMBL2113604,CHEMBL2113604,1210971,CHEMBL1135807,6.1
CCCn1c(=O)c2c(nc3cc(C(C)(C)C)ccn32)n(Cc2ccccc2)c1=O,CHEMBL112098,CHEMBL112098,1217421,CHEMBL1135743,6.42
CCCCC#Cc1nc(N)c2ncn([C@@H]3O[C@H](CSCC)[C@@H](O)[C@H]3O)c2n1,CHEMBL2113605,CHEMBL2113605,1217488,CHEMBL1135807,6.3
O=c1c2c(nc3ccccn32)n(Cc2ccccc2)c(=O)n1CC1CC1,CHEMBL112923,CHEMBL112923,1218871,CHEMBL1135743,6.62
C#CCn1c(=O)c2c(nc3ccccn32)n(Cc2ccccc2)c1=O,CHEMBL326319,CHEMBL326319,1224061,CHEMBL1135743,7.02
Nc1nc(N/N=C\C2CCCCC2)nc2c1ncn2[C@@H]1O[C@H](CO)[C@@H](O)[C@H]1O,CHEMBL102116,CHEMBL102116,1232097,CHEMBL1134910,7.7
Nc1nc(-n2cc(C(=O)NCc3ccc(Cl)cc3)cn2)nc2c1ncn2[C@@H]1O[C@H](CO)[C@@H](O)[C@H]1O,CHEMBL97937,CHEMBL97937,1234784,CHEMBL1134910,6.15
CCCNC(=O)c1cnn(-c2nc(N)c3ncn([C@@H]4O[C@H](CO)[C@@H](O)[C@H]4O)c3n2)c1,CHEMBL98659,CHEMBL98659,1236207,CHEMBL1134910,6.92
Nc1nc(-n2cc(C(=O)NC3CCCC3)cn2)nc2c1ncn2[C@@H]1O[C@H](CO)[C@@H](O)[C@H]1O,CHEMBL329712,CHEMBL329712,1237400,CHEMBL1134910,6.42
CCOC(=O)CNC(=O)c1cnn(-c2nc(N)c3ncn([C@@H]4O[C@H](CO)[C@@H](O)[C@H]4O)c3n2)c1,CHEMBL318732,CHEMBL318732,1238743,CHEMBL1134910,6.01
COc1ccc(-c2cnn(-c3nc(N)c4ncn([C@@H]5O[C@H](CO)[C@@H](O)[C@H]5O)c4n3)c2)cc1,CHEMBL318928,CHEMBL318928,1242734;1466074,CHEMBL1134910;CHEMBL1138752,6.25;6.72
Nc1nc(-c2cnn(CC3CCCCC3)c2)nc2c1ncn2[C@@H]1O[C@H](CO)[C@@H](O)[C@H]1O,CHEMBL99983,CHEMBL99983,1243910,CHEMBL1134910,6.06
Cc1ccc(-c2cnn(-c3nc(N)c4ncn([C@@H]5O[C@H](CO)[C@@H](O)[C@H]5O)c4n3)c2)cc1,CHEMBL98597,CHEMBL98597,1245380,CHEMBL1134910,6.31
CCNC(=O)c1cnn(-c2nc(N)c3ncn([C@@H]4O[C@H](CO)[C@@H](O)[C@H]4O)c3n2)c1,CHEMBL99169,CHEMBL99169,1255278,CHEMBL1134910,6.42
OC[C@H]1O[C@@H](n2cnc3c(NC4CCCCC4)ncnc32)[C@H](O)[C@@H]1O,CHEMBL45891,CHEMBL45891,1255599,CHEMBL1132946,6.12
CN(C)C(=O)c1cnn(-c2nc(N)c3ncn([C@@H]4O[C@H](CO)[C@@H](O)[C@H]4O)c3n2)c1,CHEMBL415118,CHEMBL415118,1260295,CHEMBL1134910,6.36
CCCn1c(=O)c2c(nc(/C=C/c3ccc(OC)c(OC)c3)n2C)n(CCC)c1=O,CHEMBL27508,CHEMBL27508,1268368;1268370,CHEMBL1134604;CHEMBL1134604,9.0;7.15
CCCCc1nc2[nH]cnc2c2nc(-c3ccc(C(F)(F)F)cc3)nn12,CHEMBL123705,CHEMBL123705,1268534,CHEMBL1135548,7.51
Nc1nc2c(cnn2CCCc2ccc(N(CCO)CCO)cc2)c2nc(-c3ccco3)nn12,CHEMBL278812,CHEMBL278812,1268557;2916529,CHEMBL1135389;CHEMBL1154073,8.96;8.96
Cn1c(-c2cccc(C#N)c2)nc2c(N)nc(C#CC3(O)CCCCC3)nc21,CHEMBL49925,CHEMBL49925,1269737,CHEMBL1134604,7.89
Nc1nc2c(cnn2CCCc2ccc3c(c2)OC(C(=O)[O-])(C(=O)[O-])O3)c2nc(-c3ccco3)nn12.[Na+].[Na+],CHEMBL281626,CHEMBL278996,1269933,CHEMBL1135389,6.92
N/C(=N\O)c1ccc(CCn2ncc3c2nc(N)n2nc(-c4ccco4)nc32)cc1,CHEMBL2112948,CHEMBL2112948,1269944,CHEMBL1135389,9.74
NCc1ccc(CCCn2ncc3c2nc(N)n2nc(-c4ccco4)nc32)cc1,CHEMBL22320,CHEMBL22320,1269951;2916533,CHEMBL1135389;CHEMBL1154073,9.89;9.89
CCOC(=O)COc1ccc(CCn2ncc3c2nc(N)n2nc(-c4ccco4)nc32)cc1,CHEMBL22200,CHEMBL22200,1272491,CHEMBL1135389,9.37
Nc1nc2c(cnn2CCCc2ccc(S(=O)(=O)O)cc2)c2nc(-c3ccco3)nn12,CHEMBL278605,CHEMBL278605,1272498;2916516,CHEMBL1135389;CHEMBL1154073,6.85;6.85
Cn1c(-c2cccc(F)c2)nc2c(N)nc(C#CC3(O)CCCCCC3)nc21,CHEMBL296389,CHEMBL296389,1273528,CHEMBL1134604,7.72
CCCCc1nc2[nH]cnc2c2nc(-c3cccc(OC)c3)nn12,CHEMBL123172,CHEMBL123172,1273698,CHEMBL1135548,7.17
Nc1nc2c(cnn2CCc2ccc(S(=O)(=O)O)cc2)c2nc(-c3ccco3)nn12,CHEMBL22968,CHEMBL22968,1273708;2916532,CHEMBL1135389;CHEMBL1154073,7.0;7.0
CCCCc1nc2[nH]cnc2c2nc(-c3ccc(OCC)cc3)nn12,CHEMBL122819,CHEMBL122819,1275099,CHEMBL1135548,6.24
Cn1c(-c2ccco2)nc2c(N)nc(C#CC3(O)CCCCC3)nc21,CHEMBL50051,CHEMBL50051,1276204,CHEMBL1134604,7.96
CCCCc1nc2[nH]cnc2c2nc(Cc3ccccc3)nn12,CHEMBL122928,CHEMBL122928,1276424,CHEMBL1135548,7.33
CCCCc1nc2[nH]cnc2c2nc(-c3cccc(Cl)c3)nn12,CHEMBL122667,CHEMBL122667,1276427,CHEMBL1135548,7.25
Nc1nc2c(cnn2CCc2ccc(S(=O)(=O)N(CCCl)CCCl)cc2)c2nc(-c3ccco3)nn12,CHEMBL278805,CHEMBL278805,1277895;2916518,CHEMBL1135389;CHEMBL1154073,9.23;9.23
CCCc1nc2[nH]cnc2c2nc(-c3ccccc3)nn12,CHEMBL123465,CHEMBL123465,1279002,CHEMBL1135548,6.92
Nc1nc2c(cnn2CCc2ccc(S(N)(=O)=O)cc2)c2nc(-c3ccco3)nn12,CHEMBL23745,CHEMBL23745,1279013;2916521,CHEMBL1135389;CHEMBL1154073,8.88;8.88
CCCCc1nc2[nH]cnc2c2nc(-c3cccc(C)c3)nn12,CHEMBL122685,CHEMBL122685,1280328,CHEMBL1135548,6.73
Nc1nc2c(cnn2CCc2ccc(S(=O)(=O)N(CCO)CCO)cc2)c2nc(-c3ccco3)nn12,CHEMBL22717,CHEMBL22717,1280336;2563423;2916520,CHEMBL1135389;CHEMBL1155896;CHEMBL1154073,9.1;9.92;9.1
Nc1nc2c(cnn2CCc2ccc(S(=O)(=O)NCC(=O)O)cc2)c2nc(-c3ccco3)nn12,CHEMBL22881,CHEMBL22881,1281483;2916517,CHEMBL1135389;CHEMBL1154073,7.3;7.3
Nc1nc2c(cnn2CCCc2ccc([N+](=O)[O-])cc2)c2nc(-c3ccco3)nn12,CHEMBL22241,CHEMBL22241,1281503;2916531,CHEMBL1135389;CHEMBL1154073,9.0;9.0
N=C(N)c1ccc(CCCn2ncc3c2nc(N)n2nc(-c4ccco4)nc32)cc1,CHEMBL281601,CHEMBL281601,1281510;2916523,CHEMBL1135389;CHEMBL1154073,8.36;8.36
Cc1nc2[nH]cnc2c2nc(-c3ccccc3)nn12,CHEMBL339655,CHEMBL339655,1282683,CHEMBL1135548,6.26
CCOC(=O)c1ccc(CCCn2ncc3c2nc(N)n2nc(-c4ccco4)nc32)cc1,CHEMBL442338,CHEMBL442338,1282690,CHEMBL1135389,8.4
CCCCc1nc2[nH]cnc2c2nc(-c3ccccc3Cl)nn12,CHEMBL124788,CHEMBL124788,1284013,CHEMBL1135548,7.75
CCCCc1nc2[nH]cnc2c2nc(-c3ccc(C)cc3)nn12,CHEMBL332742,CHEMBL332742,1285223,CHEMBL1135548,6.75
CN1CCN(S(=O)(=O)c2ccc(CCn3ncc4c3nc(N)n3nc(-c5ccco5)nc43)cc2)CC1,CHEMBL418564,CHEMBL418564,1286403;2916519,CHEMBL1135389;CHEMBL1154073,8.42;8.42
Nc1nc2c(cnn2CCCc2ccc3c(c2)OC(C(=O)O)(C(=O)O)O3)c2nc(-c3ccco3)nn12,CHEMBL278996,CHEMBL278996,1287680;2916507,CHEMBL1135389;CHEMBL1154073,6.92;6.92
CCCCc1nc2[nH]cnc2c2nc(-c3ccco3)nn12,CHEMBL125647,CHEMBL125647,1287691,CHEMBL1135548,6.68
CCCCc1nc2[nH]cnc2c2nc(-c3ccc(OC)cc3)nn12,CHEMBL331111,CHEMBL331111,1287697,CHEMBL1135548,6.05
CCCCCc1nc2[nH]cnc2c2nc(-c3ccccc3)nn12,CHEMBL122511,CHEMBL122511,1290439,CHEMBL1135548,6.7
Cn1c(-c2ccccc2F)nc2c(N)nc(C#CC3(O)CCCCC3)nc21,CHEMBL301512,CHEMBL301512,1291619,CHEMBL1134604,7.82
Nc1ccc(CCn2ncc3c2nc(N)n2nc(-c4ccco4)nc32)cc1,CHEMBL22316,CHEMBL22316,1291806;2916524,CHEMBL1135389;CHEMBL1154073,7.26;7.26
CCC(O)(C#Cc1nc(N)c2nc(-c3cccc(F)c3)n(C)c2n1)CC,CHEMBL51192,CHEMBL51192,1292876,CHEMBL1134604,7.89
Nc1nc2c(cnn2CCCc2ccc3c(c2)OC(CO)(CO)O3)c2nc(-c3ccco3)nn12,CHEMBL282888,CHEMBL282888,1293024;2916510,CHEMBL1135389;CHEMBL1154073,9.72;9.72
Nc1nc2c(cnn2CCCc2ccc(C(=O)O)cc2)c2nc(-c3ccco3)nn12,CHEMBL279254,CHEMBL279254,1294483;2916522,CHEMBL1135389;CHEMBL1154073,8.33;8.33
Cn1c(-c2cccc(F)c2)nc2c(N)nc(C#CC3(O)CCCCC3)nc21,CHEMBL48153,CHEMBL48153,1295659,CHEMBL1134604,7.8
CCCCc1nc2[nH]cnc2c2nc(-c3ccc(F)cc3)nn12,CHEMBL333415,CHEMBL333415,1295937,CHEMBL1135548,6.29
CCCCc1nc2[nH]cnc2c2nc(-c3ccc(OCCC)cc3)nn12,CHEMBL333860,CHEMBL333860,1295943,CHEMBL1135548,7.31
CCCCc1nc2[nH]cnc2c2nc(C)nn12,CHEMBL123310,CHEMBL123310,1297339,CHEMBL1135548,7.34
Cn1c(-c2cccc(F)c2)nc2c(N)nc(C#CC(C)(C)O)nc21,CHEMBL300624,CHEMBL300624,1298598,CHEMBL1134604,8.04
CCc1nc2[nH]cnc2c2nc(-c3ccccc3)nn12,CHEMBL330873,CHEMBL330873,1298804,CHEMBL1135548,6.44
c1ccc(-c2nc3c4[nH]cnc4nc(-c4ccccc4)n3n2)cc1,CHEMBL330982,CHEMBL330982,1298807,CHEMBL1135548,7.64
CC(=O)Nc1ccc(CCn2ncc3c2nc(N)n2nc(-c4ccco4)nc32)cc1,CHEMBL22500,CHEMBL22500,1298827;2916530,CHEMBL1135389;CHEMBL1154073,8.32;8.32
N/C(=N/O)c1ccc(CCCn2ncc3c2nc(N)n2nc(-c4ccco4)nc32)cc1,CHEMBL22822,CHEMBL22822,1298834;2916525,CHEMBL1135389;CHEMBL1154073,8.22;8.22
Nc1nc2c(cnn2CCCc2cc3c(cc2S(=O)(=O)O)OCO3)c2nc(-c3ccco3)nn12,CHEMBL22974,CHEMBL22974,1298841,CHEMBL1135389,7.12
Nc1nc2c(cnn2CCc2ccc(N(CCO)CCO)cc2)c2nc(-c3ccco3)nn12,CHEMBL22202,CHEMBL22202,1300057;2916535,CHEMBL1135389;CHEMBL1154073,9.92;9.92
Cn1c(-c2cccc(F)c2)nc2c(N)nc(C#CC3(O)CCCC3)nc21,CHEMBL297685,CHEMBL297685,1301230,CHEMBL1134604,8.01
N#Cc1ccc(CCCn2ncc3c2nc(N)n2nc(-c4ccco4)nc32)cc1,CHEMBL22191,CHEMBL22191,1302677;2916528,CHEMBL1135389;CHEMBL1154073,7.07;7.07
Cn1c(=O)c2nc(-c3ccccc3)[nH]c2n(C)c1=O,CHEMBL62350,CHEMBL62350,1303932,CHEMBL1134604,6.34
Nc1nc2c(cnn2CCCc2ccc3c(c2)O[C@H](C(=O)O)O3)c2nc(-c3ccco3)nn12,CHEMBL22355,CHEMBL22355,1304214,CHEMBL1135389,7.23
CCCCc1nc2[nH]cnc2c2nc(-c3ccc(N(C)C)cc3)nn12,CHEMBL123462,CHEMBL123462,1304228,CHEMBL1135548,7.31
CCCCc1nc2[nH]cnc2c2nc(-c3cccnc3)nn12,CHEMBL123195,CHEMBL123195,1305880,CHEMBL1135548,6.05
CCCCc1nc2[nH]cnc2c2nc(-c3ccc(O)cc3)nn12,CHEMBL123450,CHEMBL123450,1305883,CHEMBL1135548,7.24
CCOC(=O)[C@@H]1Oc2ccc(CCCn3ncc4c3nc(N)n3nc(-c5ccco5)nc43)cc2O1,CHEMBL279062,CHEMBL279062,1308467,CHEMBL1135389,8.26
CNC(=O)[C@]12C[C@@H]1[C@@H](n1cnc3c(NCc4cc(I)ccc4Cl)nc(Cl)nc31)[C@H](O)[C@@H]2O,CHEMBL2368363,CHEMBL2368363,1400034,CHEMBL1142719,6.32
CNC(=O)[C@]12C[C@@H]1[C@@H](n1cnc3c(NCc4cc(Cl)ccc4OCC(N)=O)nc(Cl)nc31)[C@H](O)[C@@H]2O,CHEMBL2368368,CHEMBL2368368,1400046,CHEMBL1142719,6.1
CNC(=O)[C@]12C[C@@H]1[C@@H](n1cnc3c(NCc4cc(Cl)ccc4OCc4ccccc4)nc(Cl)nc31)[C@H](O)[C@@H]2O,CHEMBL2368369,CHEMBL2368369,1400052,CHEMBL1142719,6.07
CNC(=O)[C@]12C[C@@H]1[C@@H](n1cnc3c(NCc4cc(I)ccc4OC)nc(Cl)nc31)[C@H](O)[C@@H]2O,CHEMBL2368364,CHEMBL2368364,1400058,CHEMBL1142719,6.37
Cn1c(=O)c2nc[nH]c2n(C)c1=O.O,CHEMBL1355736,CHEMBL190,1426886,CHEMBL1140281,9.22
CCCn1c(=O)c2nc(-c3ccc(OCc4nc(-c5cccc(Cl)c5)no4)cc3)[nH]c2n(CCC)c1=O,CHEMBL368442,CHEMBL368442,1429854,CHEMBL1140281,6.39
CCCn1c(=O)c2nc(-c3ccc(OCc4noc(-c5ccc(C)cc5)n4)cc3)[nH]c2n(CCC)c1=O,CHEMBL180236,CHEMBL180236,1430423,CHEMBL1140281,6.0
CCCn1c(=O)c2nc(-c3ccc(OCc4noc(-c5ccccc5OC)n4)cc3)[nH]c2n(CCC)c1=O,CHEMBL361826,CHEMBL361826,1430540,CHEMBL1140281,7.64
CCn1nnc([C@H]2O[C@@H](n3cnc4c(N)nc(N[C@H](CO)Cc5ccccc5)nc43)[C@H](O)[C@@H]2O)n1,CHEMBL186113,CHEMBL186113,1461661;1463716;3100476;3100477;12139279;12139290;14644268;14645775,CHEMBL1137202;CHEMBL1137202;CHEMBL1158518;CHEMBL1158518;CHEMBL2177029;CHEMBL2177029;CHEMBL3259781;CHEMBL3259781,7.34;8.06;8.64;9.4;7.8;9.0;7.34;8.05
CCn1nnc([C@H]2O[C@@H](n3cnc4c(N)nc(N[C@H](CO)Cc5ccc(Cl)cc5)nc43)[C@H](O)[C@@H]2O)n1,CHEMBL360646,CHEMBL360646,1461675;1461789,CHEMBL1137202;CHEMBL1137202,6.57;7.01
CCn1nnc([C@H]2O[C@@H](n3cnc4c(N)nc(N[C@H](CO)Cc5ccc(Br)cc5)nc43)[C@H](O)[C@@H]2O)n1,CHEMBL361925,CHEMBL361925,1461799;1461805,CHEMBL1137202;CHEMBL1137202,8.3;8.8
CCn1nnc([C@H]2O[C@@H](n3cnc4c(N)nc(N[C@H](CO)Cc5ccc(OC)cc5)nc43)[C@H](O)[C@@H]2O)n1,CHEMBL368880,CHEMBL368880,1461808;1461925,CHEMBL1137202;CHEMBL1137202,8.85;7.42
CCn1nnc([C@H]2O[C@@H](n3cnc4c(N)nc(N[C@H](CO)Cc5ccc(O)cc5)nc43)[C@H](O)[C@@H]2O)n1,CHEMBL360837,CHEMBL360837,1461937;1462048,CHEMBL1137202;CHEMBL1137202,8.3;8.1
CCn1nnc([C@H]2O[C@@H](n3cnc4c(N)nc(N[C@H](CO)Cc5ccc([N+](=O)[O-])cc5)nc43)[C@H](O)[C@@H]2O)n1,CHEMBL186403,CHEMBL186403,1462057;1462063,CHEMBL1137202;CHEMBL1137202,7.32;8.51
CCn1nnc([C@H]2O[C@@H](n3cnc4c(N)nc(N[C@H](C)Cc5ccc(OC)cc5)nc43)[C@H](O)[C@@H]2O)n1,CHEMBL2096798,CHEMBL2096798,1462184;1462198;16405807;16406731,CHEMBL1137202;CHEMBL1137202;CHEMBL3739405;CHEMBL3739405,9.0;8.52;8.66;8.28
Cn1nc(C(F)(F)F)c(CN2CCN(c3nc(N)n4nc(-c5ccco5)nc4n3)CC2)c1Cl,CHEMBL189192,CHEMBL189192,1463990;24777223,CHEMBL1137209;CHEMBL5126552,7.0;7.0
CNC(=O)c1cnn(-c2nc(N)c3ncn([C@@H]4O[C@H](CO)[C@@H](O)[C@H]4O)c3n2)c1,CHEMBL317052,CHEMBL317052,1466072;8031717;14644267;15210118,CHEMBL1138752;CHEMBL1949672;CHEMBL3259781;CHEMBL3414558,6.53;6.54;6.54;6.54
Nc1nc(-c2cnn(Cc3ccccc3)c2)nc2c1ncn2[C@@H]1O[C@H](CO)[C@@H](O)[C@H]1O,CHEMBL98278,CHEMBL98278,1466180,CHEMBL1138752,8.82
OC[C@H]1OC(n2cnc3c(NCc4cccc(I)c4)nc(-n4cc(-c5nccc6ccccc56)cn4)nc32)[C@H](O)[C@@H]1O,CHEMBL363458,CHEMBL363458,1466489,CHEMBL1138752,7.28
CNC(=O)[C@H]1O[C@@H](n2cnc3c(NCc4cccc(I)c4)nc(Cl)nc32)[C@H](O)[C@@H]1O,CHEMBL431733,CHEMBL431733,1473552;1517274;1996053;2110361;10887416;13489795,CHEMBL1138800;CHEMBL1144357;CHEMBL1137613;CHEMBL1143166;CHEMBL2029296;CHEMBL2434872,6.35;6.4;6.4;6.4;6.4;6.4
CCNC(=O)[C@H]1O[C@@H](n2cnc3c(NC(=O)Nc4ccc(S(N)(=O)=O)cc4)ncnc32)[C@H](O)[C@@H]1O,CHEMBL265587,CHEMBL265587,1473561,CHEMBL1138800,7.02
Nc1nc(-c2ccco2)c2ncn(-c3ccccc3)c2n1,CHEMBL439336,CHEMBL439336,1499387,CHEMBL1143541,7.16
Nc1nc(-c2ccco2)c2ncn(Cc3ccccc3)c2n1,CHEMBL196436,CHEMBL196436,1499389;2166026,CHEMBL1143541;CHEMBL1145614,7.46;7.4
Nc1nc(-c2ccco2)c2ncn(CCc3ccccc3)c2n1,CHEMBL194383,CHEMBL194383,1499391,CHEMBL1143541,6.57
Nc1nc(-c2ccco2)c2ncn(CCCc3ccccc3)c2n1,CHEMBL193761,CHEMBL193761,1499393,CHEMBL1143541,8.17
CC(c1ccccc1)n1cnc2c(-c3ccco3)nc(N)nc21,CHEMBL372064,CHEMBL372064,1499395,CHEMBL1143541,6.42
COc1ccccc1Cn1cnc2c(-c3ccco3)nc(N)nc21,CHEMBL195866,CHEMBL195866,1499397,CHEMBL1143541,7.66
COc1cccc(Cn2cnc3c(-c4ccco4)nc(N)nc32)c1,CHEMBL371436,CHEMBL371436,1499503;2166023,CHEMBL1143541;CHEMBL1145614,7.91;8.15
COc1ccc(Cn2cnc3c(-c4ccco4)nc(N)nc32)cc1,CHEMBL195410,CHEMBL195410,1499505,CHEMBL1143541,8.11
CC(C)c1ccc(Cn2cnc3c(-c4ccco4)nc(N)nc32)cc1,CHEMBL195294,CHEMBL195294,1499507,CHEMBL1143541,8.0
Nc1nc(-c2ccco2)c2ncn(Cc3ccc(Cl)cc3)c2n1,CHEMBL195330,CHEMBL195330,1499509,CHEMBL1143541,7.67
Nc1nc(-c2ccco2)c2ncn(Cc3ccc(C(F)(F)F)cc3)c2n1,CHEMBL424827,CHEMBL424827,1499511;2166015,CHEMBL1143541;CHEMBL1145614,7.69;8.22
Nc1nc(-c2ccco2)c2ncn(Cc3c(F)cccc3F)c2n1,CHEMBL371615,CHEMBL371615,1499513;2166016,CHEMBL1143541;CHEMBL1145614,8.35;8.52
Nc1nc(-c2ccco2)c2ncn(Cc3c(F)cc(F)cc3F)c2n1,CHEMBL372928,CHEMBL372928,1499515,CHEMBL1143541,7.58
Nc1nc(-c2ccco2)c2ncn(Cc3ccc(C(F)(F)F)c(F)c3)c2n1,CHEMBL197148,CHEMBL197148,1499517,CHEMBL1143541,8.06
Nc1nc(-c2ccco2)c2ncn(Cc3ccc(C(F)(F)F)cc3F)c2n1,CHEMBL372475,CHEMBL372475,1499519,CHEMBL1143541,8.55
Nc1nc(-c2ccco2)c2ncn(Cc3cc4c(cc3Cl)OCO4)c2n1,CHEMBL195543,CHEMBL195543,1499521,CHEMBL1143541,8.2
Nc1nc(-c2ccco2)c2ncn(Cc3c(Cl)cccc3Cl)c2n1,CHEMBL193414,CHEMBL193414,1499526,CHEMBL1143541,8.15
Nc1nc(-c2ccco2)c2ncn(Cc3cccc4ccccc34)c2n1,CHEMBL193613,CHEMBL193613,1499528,CHEMBL1143541,8.25
Nc1nc(-c2ccco2)c2ncn(Cc3ccc4ccccc4c3)c2n1,CHEMBL195364,CHEMBL195364,1499530,CHEMBL1143541,8.85
Nc1nc(-c2ccco2)c2ncn(Cc3ccccc3CS(=O)(=O)c3ccccc3)c2n1,CHEMBL195503,CHEMBL195503,1499631,CHEMBL1143541,8.51
COc1ccc(Cl)cc1CNc1ncnc2c1ncn2[C@@H]1O[C@H](CO)[C@@H](O)[C@H]1O,CHEMBL191809,CHEMBL191809,1518361,CHEMBL1142719,6.4
Cc1ccccc1CNc1ncnc2c1ncn2[C@@H]1O[C@H](CO)[C@@H](O)[C@H]1O,CHEMBL331382,CHEMBL331382,1518373,CHEMBL1142719,6.12
OC[C@H]1O[C@@H](n2cnc3c(NCC(c4ccccc4)c4ccccc4)ncnc32)[C@H](O)[C@@H]1O,CHEMBL193692,CHEMBL193692,1518491;8031718;12139215;22490704,CHEMBL1142719;CHEMBL1949672;CHEMBL2177029;CHEMBL4680372,6.29;7.3;6.29;6.29
OC[C@@]12C[C@@H]1[C@@H](n1cnc3c(NCc4cccc(I)c4)ncnc31)[C@H](O)[C@@H]2O,CHEMBL417292,CHEMBL417292,1518509,CHEMBL1142719,6.07
CNC(=O)[C@@]12C[C@@H]1[C@@H](n1cnc3c(NCc4cccc(I)c4)nc(Cl)nc31)[C@H](O)[C@@H]2O,CHEMBL27376,CHEMBL27376,1518636;2167242;2481708,CHEMBL1142719;CHEMBL1145629;CHEMBL1144175,6.11;6.11;6.11
N#Cc1cccc(-c2nc(Nc3cnccn3)sc2-n2ccnc2)c1,CHEMBL2113095,CHEMBL2113095,1523648,CHEMBL1139627,6.46
Cc1cccc(Nc2nc(-c3cccc(C#N)c3)c(-n3ccnc3C)s2)n1,CHEMBL197103,CHEMBL197103,1523652,CHEMBL1139627,6.76
Cc1ccc2c(NN)c(Cc3ccccc3)cnc2n1,CHEMBL195356,CHEMBL195356,1604919,CHEMBL1143448,6.14
Cc1ccc2c(O)c(Cc3ccccc3Cl)cnc2n1,CHEMBL195357,CHEMBL195357,1604925,CHEMBL1143448,6.01
Cc1ccc2c(O)c(C(=O)NCc3ccccc3)cnc2n1,CHEMBL194331,CHEMBL194331,1604931;1604933,CHEMBL1143448;CHEMBL1143448,7.3;7.52
Cc1ccc2c(O)c(C(=O)NCc3ccc(Cl)cc3)cnc2n1,CHEMBL195522,CHEMBL195522,1604935;1604937,CHEMBL1143448;CHEMBL1143448,6.68;6.82
Cc1ccc2c(O)c(C(=O)NC3CCCCC3)cnc2n1,CHEMBL373317,CHEMBL373317,1604949;1604951,CHEMBL1143448;CHEMBL1143448,6.03;6.08
Cc1ccc2c(O)c(C(=O)NC3CCC(C)CC3)cnc2n1,CHEMBL194704,CHEMBL194704,1604953;1604955,CHEMBL1143448;CHEMBL1143448,6.41;6.44
Cc1ccc2c(O)c(C(=O)NCCC(C)C)cnc2n1,CHEMBL194860,CHEMBL194860,1604959,CHEMBL1143448,6.19
Cc1ccc2c(O)c(C(=O)NCc3ccc(F)cc3)cnc2n1,CHEMBL196665,CHEMBL196665,1604961;1604963,CHEMBL1143448;CHEMBL1143448,6.7;6.94
COc1ccc(CNC(=O)c2cnc3nc(C)ccc3c2O)cc1,CHEMBL197359,CHEMBL197359,1604965,CHEMBL1143448,6.13
Cc1ccc(CNC(=O)c2cnc3nc(C)ccc3c2O)cc1,CHEMBL194956,CHEMBL194956,1604969;1604971,CHEMBL1143448;CHEMBL1143448,6.73;6.8
Cc1ccc2c(O)c(C(=O)NCCc3ccccc3)cnc2n1,CHEMBL371131,CHEMBL371131,1604973;1604975,CHEMBL1143448;CHEMBL1143448,6.85;6.82
Cc1ccc2c(O)c(C(=O)NCc3ccco3)cnc2n1,CHEMBL196138,CHEMBL196138,1604977;1604979,CHEMBL1143448;CHEMBL1143448,7.35;7.46
Cc1ccc2c(O)c(C(=O)NC(C)c3ccccc3)cnc2n1,CHEMBL383134,CHEMBL383134,1604981;1604983,CHEMBL1143448;CHEMBL1143448,6.92;6.94
Cc1ccc2c(O)c(C(=O)NCc3ccc([N+](=O)[O-])cc3)cnc2n1,CHEMBL194696,CHEMBL194696,1604985,CHEMBL1143448,7.0
Cc1ccc2c(O)c(C(=O)NCc3ccc(N)cc3)cnc2n1,CHEMBL193509,CHEMBL193509,1604991,CHEMBL1143448,6.84
Cc1ccc2c(O)c(C(=O)NCc3ccc(NC(=O)c4ccccc4)cc3)cnc2n1,CHEMBL263819,CHEMBL263819,1604995,CHEMBL1143448,6.23
Cc1ccc2c(O)c(CC(=O)NCc3ccccc3)cnc2n1,CHEMBL198874,CHEMBL198874,1605003,CHEMBL1143448,6.06
Nc1ccc2c(O)c(C(=O)NCc3ccc(Cl)cc3)cnc2n1,CHEMBL196306,CHEMBL196306,1605005;1605007,CHEMBL1143448;CHEMBL1143448,6.27;6.3
Nc1ccc2c(O)c(C(=O)NCc3ccccc3)cnc2n1,CHEMBL196375,CHEMBL196375,1605009;1605011,CHEMBL1143448;CHEMBL1143448,6.52;6.8
O=C(NCc1ccccc1)c1cnc2nc(Cl)ccc2c1O,CHEMBL194539,CHEMBL194539,1605017,CHEMBL1143448,7.17
CN(C)c1ccc2c(O)c(C(=O)NCc3ccccc3)cnc2n1,CHEMBL194452,CHEMBL194452,1605036,CHEMBL1143448,7.24
Cn1c(-n2nccn2)nc2c(N)ncnc21,CHEMBL194728,CHEMBL194728,1610958,CHEMBL1140374,7.33
Cc1nc(N)c2nc(-n3nccn3)n(C)c2n1,CHEMBL194290,CHEMBL194290,1610962,CHEMBL1140374,7.15
CCCCc1nc(N)c2nc(-n3nccn3)n(C)c2n1,CHEMBL197669,CHEMBL197669,1610967;2563420;13300521;13356853;13356861;14645627,CHEMBL1140374;CHEMBL1155896;CHEMBL2380258;CHEMBL2396554;CHEMBL2396554;CHEMBL3259781,8.18;8.18;8.18;6.37;7.97;8.18
CCCCCc1nc(N)c2nc(-n3nccn3)n(C)c2n1,CHEMBL196258,CHEMBL196258,1611011,CHEMBL1140374,8.48
Cn1c(-n2nccn2)nc2c(N)nc(CCc3ccccc3)nc21,CHEMBL196259,CHEMBL196259,1611055,CHEMBL1140374,8.33
CC(C)c1nc(N)c2nc(-n3nccn3)n(C)c2n1,CHEMBL195001,CHEMBL195001,1611060,CHEMBL1140374,6.32
CCCc1nc(N)c2nc(-n3nccn3)n(C)c2n1,CHEMBL198942,CHEMBL198942,1611064,CHEMBL1140374,7.08
Cn1c(-n2nccn2)nc2c(N)nccc21,CHEMBL198200,CHEMBL198200,1611069,CHEMBL1140374,7.29
Cc1cc2c(nc(-n3nccn3)n2C)c(N)n1,CHEMBL197682,CHEMBL197682,1611074,CHEMBL1140374,6.92
CCNC(=O)[C@H]1OC(n2cnc3c(N)nc(NCCc4ccc(CCC(=O)O)cc4)nc32)[C@H](O)[C@@H]1O.Cl,CHEMBL1204225,CHEMBL291471,1611079,CHEMBL1140374,7.29
O=c1[nH]c(=O)c2nc3ccccc3nc2[nH]1,CHEMBL68500,CHEMBL68500,1611087,CHEMBL1140374,6.03
CCn1c(=O)c2c(nc(/C=C/c3ccc(OC)c(OC)c3)n2C)n(CC)c1=O,CHEMBL431770,CHEMBL431770,1611097;2067981;2677384;3424226;5207175;6284468;12046005;12629440;13298556;13299675;13300512;13848917;14645598;15166816;18694861;18725598;19487795;22756949;24710026;24772316,CHEMBL1140374;CHEMBL1140734;CHEMBL1151872;CHEMBL1221257;CHEMBL1671809;CHEMBL1800001;CHEMBL2150901;CHEMBL2311471;CHEMBL2380255;CHEMBL2380255;CHEMBL2380258;CHEMBL3091303;CHEMBL3259781;CHEMBL3399957;CHEMBL4251607;CHEMBL4257504;CHEMBL4480426;CHEMBL4699449;CHEMBL5108007;CHEMBL5126505,8.66;8.22;7.44;7.14;7.14;6.7;7.04;7.32;7.44;7.04;7.92;7.92;7.92;7.14;7.92;7.92;7.04;7.44;7.92;7.92
Nc1nc2ccc(Cl)cc2n2nc(-c3ccccc3)nc12,CHEMBL200835,CHEMBL200835,1652679,CHEMBL1140434,6.79
c1ccc2nc(-c3nc4ccccc4[nH]3)cnc2c1,CHEMBL200636,CHEMBL200636,1653055;2110360,CHEMBL1141186;CHEMBL1143166,6.25;6.25
CCc1nc2c([nH]1)c1nc(C)[nH]c1c1nc(CC)[nH]c12,CHEMBL372580,CHEMBL372580,1653067,CHEMBL1141186,6.48
CCc1nc2c([nH]1)c1nc(CC)[nH]c1c1nc(CC)[nH]c21,CHEMBL198461,CHEMBL198461,1653070,CHEMBL1141186,6.14
Cc1cccc2[nH]c(-c3cnc4ccccc4n3)nc12,CHEMBL198779,CHEMBL198779,1653082;2110364;12139207,CHEMBL1141186;CHEMBL1143166;CHEMBL2177029,6.08;6.08;6.08
CCCn1c(=O)c2[nH]c(-c3cnn(Cc4cc(-c5ccccc5)on4)c3)nc2n(CCC)c1=O,CHEMBL252245,CHEMBL252245,1665399;2078446,CHEMBL1147761;CHEMBL1141482,6.38;6.38
CCNC(=O)[C@H]1S[C@@H](n2cnc3c(NC4CC4)nc(Cl)nc32)[C@H](O)[C@@H]1O,CHEMBL200705,CHEMBL200705,1668863,CHEMBL1148606,6.22
O=C(NC1CC1)[C@H]1S[C@@H](n2cnc3c(NC4CC4)nc(Cl)nc32)[C@H](O)[C@@H]1O,CHEMBL381868,CHEMBL381868,1668867,CHEMBL1148606,6.49
CNC(=O)[C@H]1S[C@@H](n2cnc3c(NC4CCCC4)nc(Cl)nc32)[C@H](O)[C@@H]1O,CHEMBL381408,CHEMBL381408,1668879,CHEMBL1148606,6.04
CCNC(=O)[C@H]1S[C@@H](n2cnc3c(NC4CCCC4)nc(Cl)nc32)[C@H](O)[C@@H]1O,CHEMBL202189,CHEMBL202189,1668883,CHEMBL1148606,6.83
CCNC(=O)[C@H]1S[C@@H](n2cnc3c(NCc4cccc(I)c4)nc(Cl)nc32)[C@H](O)[C@@H]1O,CHEMBL200854,CHEMBL200854,1668891,CHEMBL1148606,6.54
O=C(NC1CC1)[C@H]1S[C@@H](n2cnc3c(NCc4cccc(I)c4)nc(Cl)nc32)[C@H](O)[C@@H]1O,CHEMBL370446,CHEMBL370446,1668899,CHEMBL1148606,6.49
O=C(NC1CCC1)[C@H]1S[C@@H](n2cnc3c(NCc4cccc(I)c4)nc(Cl)nc32)[C@H](O)[C@@H]1O,CHEMBL200407,CHEMBL200407,1668907,CHEMBL1148606,6.26
CCNC(=O)[C@H]1S[C@@H](n2cnc3c(NCc4ccccc4C)nc(Cl)nc32)[C@H](O)[C@@H]1O,CHEMBL200099,CHEMBL200099,1668943,CHEMBL1148606,6.37
Cc1ccccc1CNc1nc(Cl)nc2c1ncn2[C@@H]1S[C@H](C(=O)NC2CC2)[C@@H](O)[C@H]1O,CHEMBL200072,CHEMBL200072,1668951,CHEMBL1148606,6.7
CCCn1c(=O)c2nc(-c3ccc(OCC(=O)c4ccc(I)cc4)cc3)[nH]c2n(CCC)c1=O,CHEMBL201022,CHEMBL201022,1673815,CHEMBL1148617,8.67
Cn1c(=O)c2[nH]c(-c3cccc(OCC(=O)Nc4ccccc4)c3)cc2n(C)c1=O,CHEMBL199330,CHEMBL199330,1673816,CHEMBL1148617,6.69
COCCCn1c(=O)n(C)c(=O)c2[nH]c(-c3ccc(OCC(=O)NC4CCCC4)cc3)cc21,CHEMBL438071,CHEMBL438071,1673817,CHEMBL1148617,6.37
CCCn1c(=O)c2[nH]c(-c3ccc(OCC(=O)Nc4ccc(Br)cc4)cc3)cc2n(CCC)c1=O,CHEMBL201145,CHEMBL201145,1673818;2472369,CHEMBL1148617;CHEMBL1142545,7.51;7.51
Cn1c(=O)c2[nH]c(-c3ccc(OCC(=O)NCc4ccco4)cc3)cc2n(C)c1=O,CHEMBL201796,CHEMBL201796,1673831,CHEMBL1148617,6.5
COCCCn1c(=O)n(C)c(=O)c2[nH]c(-c3ccc(OCC(=O)Nc4ccccc4)cc3)cc21,CHEMBL201554,CHEMBL201554,1673832,CHEMBL1148617,6.92
CCCn1c(=O)c2nc(-c3ccc(OCC(=O)c4ccc(I)cc4)cn3)[nH]c2n(CCC)c1=O,CHEMBL201407,CHEMBL201407,1673842,CHEMBL1148617,7.96
CCCn1c(=O)c2[nH]c(-c3ccc(OCC(=O)c4c(NC(=O)O)n(C)c(=O)n(C)c4=O)cc3)cc2n(CCC)c1=O,CHEMBL199280,CHEMBL199280,1673843,CHEMBL1148617,7.1
CCCn1c(=O)n(C)c(=O)c2[nH]c(-c3ccc(OCC(=O)Nc4ccccc4)cc3)cc21,CHEMBL380481,CHEMBL380481,1673844,CHEMBL1148617,6.71
CCCn1c(=O)c2[nH]c(-c3ccc(OCC(=O)Nc4ccccc4F)cc3)c(Cl)c2n(CCC)c1=O,CHEMBL381473,CHEMBL381473,1673988,CHEMBL1148617,6.14
CCCn1c(=O)c2[nH]c(-c3ccc(OCC(=O)Nc4ccc([N+](C)(C)C)cc4)cc3)cc2n(CCC)c1=O,CHEMBL201447,CHEMBL201447,1673989,CHEMBL1148617,6.15
CCCn1c(=O)c2[nH]c(-c3ccc(OCC(=O)Nc4ccccc4Cl)cc3)c(Cl)c2n(CCC)c1=O,CHEMBL203359,CHEMBL203359,1673990,CHEMBL1148617,6.58
CCCn1c(=O)c2[nH]c(-c3ccc(OCC(=O)Nc4ccc(C=O)cc4)cc3)cc2n(CCC)c1=O,CHEMBL201024,CHEMBL201024,1673991,CHEMBL1148617,6.31
CCCn1c(=O)c2[nH]c(-c3ccc(OCC(=O)Nc4cccc(F)c4)cc3)c(Cl)c2n(CCC)c1=O,CHEMBL201679,CHEMBL201679,1673992,CHEMBL1148617,6.61
CCCn1c(=O)c2[nH]c(-c3ccc(OCC(=O)Nc4ccc(CC(=O)OCC)cc4)cc3)cc2n(CCC)c1=O,CHEMBL199722,CHEMBL199722,1673993,CHEMBL1148617,6.62
CCCn1c(=O)c2[nH]c(-c3ccc(OCC(=O)Nc4ccc(C(=O)OCC)cc4)cc3)cc2n(CCC)c1=O,CHEMBL199898,CHEMBL199898,1673994,CHEMBL1148617,7.0
CCCn1c(=O)c2[nH]c(-c3ccc(OCC(=O)Nc4ccc(C(C)=O)cc4)cc3)c(Cl)c2n(CCC)c1=O,CHEMBL199834,CHEMBL199834,1673995,CHEMBL1148617,7.07
CCCn1c(=O)c2[nH]c(-c3ccc(OCC(=O)Nc4ccccc4)cc3)c(Cl)c2n(CCC)c1=O,CHEMBL199327,CHEMBL199327,1673996,CHEMBL1148617,7.13
CCCn1c(=O)c2[nH]c(-c3ccc(OCC(=O)Nc4ccc(C5=NC(C)(C)CO5)cc4)cc3)cc2n(CCC)c1=O,CHEMBL198294,CHEMBL198294,1673997,CHEMBL1148617,7.04
CCCn1c(=O)c2[nH]c(-c3ccc(OCC(=O)Nc4ccc(O)cc4)cc3)cc2n(CCC)c1=O,CHEMBL199399,CHEMBL199399,1673998,CHEMBL1148617,7.25
CCCn1c(=O)c2[nH]c(-c3ccc(OCC(=O)Nc4ccc(CC(=O)O)cc4)cc3)cc2n(CCC)c1=O,CHEMBL370629,CHEMBL370629,1673999,CHEMBL1148617,6.65
CCCn1c(=O)c2nc(-c3ccc(OCC(N)=O)cc3)[nH]c2n(CCC)c1=O,CHEMBL27043,CHEMBL27043,1674000,CHEMBL1148617,6.77
CCCn1c(=O)c2[nH]c(-c3ccc(OCC(=O)Nc4ccc(F)cc4)cc3)c(Cl)c2n(CCC)c1=O,CHEMBL199326,CHEMBL199326,1674001,CHEMBL1148617,7.39
CCCn1c(=O)c2[nH]c(-c3ccc(OCC(=O)Nc4ccc(OC)cc4)cc3)c(Cl)c2n(CCC)c1=O,CHEMBL425395,CHEMBL425395,1674002,CHEMBL1148617,7.35
CCCn1c(=O)c2[nH]c(-c3ccc(OCC(=O)Nc4ccc(C(N)=O)cc4)cc3)cc2n(CCC)c1=O,CHEMBL201791,CHEMBL201791,1674003,CHEMBL1148617,7.62
CCCn1c(=O)c2[nH]c(-c3ccc(OCC(=O)Nc4ccccc4)cc3)c(Br)c2n(CCC)c1=O,CHEMBL203030,CHEMBL203030,1674004,CHEMBL1148617,7.37
CCCn1c(=O)c2[nH]c(-c3ccc(OCC(=O)Nc4ccc(Br)cc4)cc3)c(Cl)c2n(CCC)c1=O,CHEMBL201321,CHEMBL201321,1674005,CHEMBL1148617,6.9
CCCn1c(=O)c2[nH]c(-c3ccc(OCC(=O)Nc4ccc(Cl)cc4)cc3)c(Cl)c2n(CCC)c1=O,CHEMBL203148,CHEMBL203148,1674006,CHEMBL1148617,7.05
CCCn1c(=O)c2[nH]c(-c3ccc(OCC(=O)Nc4ccc(I)cc4)cc3)cc2n(CCC)c1=O,CHEMBL381522,CHEMBL381522,1674008,CHEMBL1148617,6.8
CCCn1c(=O)c2[nH]c(-c3ccc(OCC(=O)Nc4ccccc4O)cc3)cc2n(CCC)c1=O,CHEMBL383321,CHEMBL383321,1674009,CHEMBL1148617,7.49
CCCn1c(=O)c2[nH]c(-c3ccc(OCC(=O)Nc4ccc(C)cc4)cc3)c(Cl)c2n(CCC)c1=O,CHEMBL201054,CHEMBL201054,1674010,CHEMBL1148617,7.49
CCCn1c(=O)c2[nH]c(-c3ccc(OCC(=O)Nc4ccc(S(=O)(=O)c5ccccc5)cc4)cc3)cc2n(CCC)c1=O,CHEMBL201042,CHEMBL201042,1674011,CHEMBL1148617,6.55
CCCn1c(=O)c2[nH]c(-c3ccc(OCC(=O)Nc4ccc(-c5ccccc5)cc4)cc3)cc2n(CCC)c1=O,CHEMBL199583,CHEMBL199583,1674012,CHEMBL1148617,7.16
CCCn1c(=O)c2[nH]c(-c3ccc(OCC(=O)Nc4ccc(NC(C)=O)cc4)cc3)cc2n(CCC)c1=O,CHEMBL200967,CHEMBL200967,1674013,CHEMBL1148617,7.2
CCCn1c(=O)c2[nH]c(-c3ccc(OCC(=O)Nc4ccc(F)cc4)cc3)c(Br)c2n(CCC)c1=O,CHEMBL202359,CHEMBL202359,1674014,CHEMBL1148617,7.7
CCCn1c(=O)c2[nH]c(-c3ccc(OCC(=O)Nc4ccc(C(=O)NCCc5ccc(OC)cc5)cc4)cc3)cc2n(CCC)c1=O,CHEMBL377434,CHEMBL377434,1674015,CHEMBL1148617,6.37
CCCn1c(=O)c2[nH]c(-c3ccc(OCC(=O)Nc4ccc(OC)cc4)cc3)cc2n(CCC)c1=O,CHEMBL202358,CHEMBL202358,1674016,CHEMBL1148617,7.7
CCCn1c(=O)c2[nH]c(-c3ccc(OCC(=O)Nc4ccc(CC#N)cc4)cc3)cc2n(CCC)c1=O,CHEMBL381540,CHEMBL381540,1674017,CHEMBL1148617,7.4
CCCn1c(=O)c2[nH]c(-c3ccc(OC(CC)C(=O)Nc4ccccc4)cc3)cc2n(CCC)c1=O,CHEMBL198338,CHEMBL198338,1674018,CHEMBL1148617,7.59
CCCn1c(=O)c2[nH]c(-c3ccc(OCC(=O)Nc4ccccc4)cc3)cc2n(CCC)c1=O,CHEMBL202665,CHEMBL202665,1674019,CHEMBL1148617,6.65
CCCn1c(=O)c2[nH]c(-c3ccc(OCC(=O)Nc4ccc(OCc5ccccc5)cc4)cc3)cc2n(CCC)c1=O,CHEMBL377485,CHEMBL377485,1674020,CHEMBL1148617,7.73
CCCn1c(=O)c2[nH]c(-c3ccc(OC(C)(C)C(=O)Nc4ccc(F)cc4)cc3)cc2n(CCC)c1=O,CHEMBL201128,CHEMBL201128,1674021,CHEMBL1148617,7.77
CCCn1c(=O)c2[nH]c(-c3ccc(OC(C)(C)C(=O)Nc4ccccc4)cc3)cc2n(CCC)c1=O,CHEMBL201157,CHEMBL201157,1674022,CHEMBL1148617,7.27
CCCn1c(=O)c2[nH]c(-c3ccc(OCC(=O)Nc4ccc(C(C)(C)C)cc4)cc3)cc2n(CCC)c1=O,CHEMBL201749,CHEMBL201749,1674023,CHEMBL1148617,7.1
CCCn1c(=O)c2[nH]c(-c3ccc(OCC(=O)Nc4ccc(CS(=O)(=O)N5CCCC5)cc4)cc3)cc2n(CCC)c1=O,CHEMBL201008,CHEMBL201008,1674024,CHEMBL1148617,7.28
CCCn1c(=O)c2[nH]c(-c3ccc(OC(CC)C(=O)Nc4ccc(Br)cc4)cc3)cc2n(CCC)c1=O,CHEMBL201493,CHEMBL201493,1674025,CHEMBL1148617,7.5
CCCn1c(=O)c2[nH]c(-c3ccc(OC(C)C(=O)Nc4ccc(OC)cc4)cc3)cc2n(CCC)c1=O,CHEMBL202767,CHEMBL202767,1674026,CHEMBL1148617,7.41
CCCn1c(=O)c2[nH]c(-c3ccc(OC(C)C(=O)Nc4ccccc4)cc3)cc2n(CCC)c1=O,CHEMBL202766,CHEMBL202766,1674027,CHEMBL1148617,6.98
CCCn1c(=O)c2[nH]c(-c3ccc(OC(CC)C(=O)Nc4ccc(F)cc4)cc3)cc2n(CCC)c1=O,CHEMBL381091,CHEMBL381091,1674028,CHEMBL1148617,7.72
CCCn1c(=O)c2[nH]c(-c3ccc(OCC(=O)Nc4ccc(F)cc4)cc3)cc2n(CCC)c1=O,CHEMBL201281,CHEMBL201281,1674029,CHEMBL1148617,7.92
CCCn1c(=O)c2[nH]c(-c3ccc(OC(C)C(=O)Nc4ccc(F)cc4)cc3)cc2n(CCC)c1=O,CHEMBL380847,CHEMBL380847,1674030,CHEMBL1148617,7.23
CCCn1c(=O)c2[nH]c(-c3ccc(OCC(=O)Nc4ccc(Cl)cc4)cc3)cc2n(CCC)c1=O,CHEMBL382764,CHEMBL382764,1674031,CHEMBL1148617,7.5
COc1cc(-c2cc3c([nH]2)c(=O)n(C)c(=O)n3C)ccc1OCC(=O)Nc1ccc(C#N)cc1,CHEMBL201585,CHEMBL201585,1674032,CHEMBL1148617,6.24
Cn1c(=O)c2[nH]c(-c3ccc(OCC(=O)Nc4ccc(CCN)cc4)cc3)cc2n(C)c1=O,CHEMBL200105,CHEMBL200105,1674033,CHEMBL1148617,6.78
COc1cc(-c2cc3c([nH]2)c(=O)n(C)c(=O)n3C)ccc1OCC(=O)Nc1ccccc1,CHEMBL199354,CHEMBL199354,1674034,CHEMBL1148617,6.52
COc1cc(-c2cc3c([nH]2)c(=O)n(C)c(=O)n3C)ccc1OCC(=O)Nc1ccc(F)cc1,CHEMBL199353,CHEMBL199353,1674035,CHEMBL1148617,7.34
Cn1c(=O)c2[nH]c(-c3ccc(OCC(=O)NC4CCCC4)cc3)cc2n(C)c1=O,CHEMBL201745,CHEMBL201745,1674036,CHEMBL1148617,6.16
COc1cc(-c2cc3c([nH]2)c(=O)n(C)c(=O)n3C)ccc1OCC(=O)Nc1ccc(Br)cc1,CHEMBL201243,CHEMBL201243,1674038,CHEMBL1148617,7.09
COc1cc(OCC(=O)Nc2ccc(F)cc2)ccc1-c1cc2c([nH]1)c(=O)n(C)c(=O)n2C,CHEMBL199485,CHEMBL199485,1674039,CHEMBL1148617,7.02
Cn1c(=O)c2[nH]c(-c3ccc(OCC(=O)NC4CCc5ccccc54)cc3)cc2n(C)c1=O,CHEMBL199884,CHEMBL199884,1674040,CHEMBL1148617,6.67
Cn1c(=O)c2[nH]c(-c3ccc(OCC(=O)Nc4ccccc4)cc3)cc2n(C)c1=O,CHEMBL201721,CHEMBL201721,1674041;1674878,CHEMBL1148617;CHEMBL1148617,6.11;6.2
Cn1c(=O)c2[nH]c(-c3ccc(OCC(=O)Nc4ccc([N+](=O)[O-])cc4)cc3)cc2n(C)c1=O,CHEMBL381214,CHEMBL381214,1674042,CHEMBL1148617,7.09
CC(Oc1ccc(-c2cc3c([nH]2)c(=O)n(C)c(=O)n3C)cc1)C(=O)Nc1ccccc1,CHEMBL199611,CHEMBL199611,1674043,CHEMBL1148617,7.32
Cn1c(=O)c2[nH]c(-c3ccc(OCC(=O)Nc4ccc(C#N)cc4)cc3)cc2n(C)c1=O,CHEMBL382135,CHEMBL382135,1674044;1685250,CHEMBL1148617;CHEMBL1148617,7.34;7.3
Cn1c(=O)c2[nH]c(-c3ccc(OCC(=O)Nc4ccc(F)cc4)cc3)cc2n(C)c1=O,CHEMBL199446,CHEMBL199446,1674046;1674881,CHEMBL1148617;CHEMBL1148617,7.19;7.24
CC(Oc1ccc(-c2cc3c([nH]2)c(=O)n(C)c(=O)n3C)cc1)C(=O)Nc1ccc(Br)cc1,CHEMBL370588,CHEMBL370588,1674048,CHEMBL1148617,7.57
CCn1c(=O)c2[nH]c(-c3ccc(OCC(=O)Nc4ccc(C#N)cc4)cc3)cc2n(CC)c1=O,CHEMBL201496,CHEMBL201496,1674049,CHEMBL1148617,6.92
CCCn1c(=O)c2[nH]c(-c3ccc(OCC(=O)Nc4ccccc4)cc3)cc2n(C)c1=O,CHEMBL203088,CHEMBL203088,1674050,CHEMBL1148617,6.77
CCCn1c(=O)n(C)c(=O)c2[nH]c(-c3ccc(OCC(=O)Nc4ccc(F)cc4)cc3)cc21,CHEMBL381538,CHEMBL381538,1674052,CHEMBL1148617,6.95
CCn1c(=O)c2[nH]c(-c3ccc(OCC(=O)Nc4ccccc4)cc3)cc2n(CC)c1=O,CHEMBL203413,CHEMBL203413,1674053,CHEMBL1148617,6.73
CCCn1c(=O)c2[nH]c(-c3ccc(OCC(=O)Nc4ccc(F)cc4)cc3)cc2n(C)c1=O,CHEMBL201127,CHEMBL201127,1674054,CHEMBL1148617,7.18
O=C(COc1ccc(-c2cc3c([nH]2)c(=O)n(CC2CC2)c(=O)n3CC2CC2)cc1)Nc1ccccc1,CHEMBL199862,CHEMBL199862,1674056,CHEMBL1148617,7.81
COc1cc(-c2cc3c([nH]2)c(=O)n(C)c(=O)n3C)ccc1OCC(=O)NCc1ccc(Cl)cc1,CHEMBL382234,CHEMBL382234,1674057,CHEMBL1148617,6.8
CCCn1c(=O)c2[nH]c(-c3ccc(OCC(=O)NCc4ccc(F)cc4)cc3)c(Cl)c2n(CCC)c1=O,CHEMBL201006,CHEMBL201006,1674058,CHEMBL1148617,7.31
COc1cc(OCC(=O)NCc2ccc(Cl)cc2)ccc1-c1cc2c([nH]1)c(=O)n(C)c(=O)n2C,CHEMBL201580,CHEMBL201580,1674059,CHEMBL1148617,6.73
CCCn1c(=O)c2[nH]c(-c3ccc(OCC(=O)NCc4ccccc4)cc3)c(Cl)c2n(CCC)c1=O,CHEMBL197605,CHEMBL197605,1674060,CHEMBL1148617,7.22
COc1cccc(CNC(=O)COc2ccc(-c3cc4c([nH]3)c(=O)n(C)c(=O)n4C)cc2)c1,CHEMBL199826,CHEMBL199826,1674061,CHEMBL1148617,6.48
Cn1c(=O)c2[nH]c(-c3ccc(OCC(=O)NCc4ccccc4)cc3)cc2n(C)c1=O,CHEMBL199688,CHEMBL199688,1674062,CHEMBL1148617,6.74
CCN(Cc1ccccc1)C(=O)COc1ccc(-c2cc3c([nH]2)c(=O)n(C)c(=O)n3C)cc1,CHEMBL202876,CHEMBL202876,1674063,CHEMBL1148617,6.05
CC(NC(=O)COc1ccc(-c2cc3c([nH]2)c(=O)n(C)c(=O)n3C)cc1)c1ccccc1,CHEMBL202828,CHEMBL202828,1674064,CHEMBL1148617,6.61
Cn1c(=O)c2[nH]c(-c3ccc(OCC(=O)NCc4ccc(F)cc4)cc3)cc2n(C)c1=O,CHEMBL201323,CHEMBL201323,1674065,CHEMBL1148617,7.36
Cn1c(=O)c2[nH]c(-c3ccc(OCC(=O)NCc4ccc(Cl)cc4)cc3)cc2n(C)c1=O,CHEMBL203305,CHEMBL203305,1674066,CHEMBL1148617,7.69
CCCn1c(=O)c2[nH]c(-c3ccc(OC(C)C(=O)NCc4ccc(Cl)cc4)cc3)cc2n(CCC)c1=O,CHEMBL201028,CHEMBL201028,1674067,CHEMBL1148617,7.33
CCCn1c(=O)c2[nH]c(-c3ccc(OCC(=O)NCc4ccccc4)cc3)cc2n(CCC)c1=O,CHEMBL201773,CHEMBL201773,1674068,CHEMBL1148617,7.05
Cn1c(=O)c2[nH]c(-c3cccc(OCC(=O)Nc4ccc(Br)cc4)c3)cc2n(C)c1=O,CHEMBL382663,CHEMBL382663,1674069,CHEMBL1148617,7.17
CCCn1c(=O)c2[nH]c(-c3ccc(OCC(=O)NCc4ccncc4)cc3)cc2n(CCC)c1=O,CHEMBL201895,CHEMBL201895,1674070,CHEMBL1148617,6.52
CCCn1c(=O)c2[nH]c(-c3ccc(OCC(=O)Nc4ccccn4)cc3)cc2n(CCC)c1=O,CHEMBL424671,CHEMBL424671,1674071,CHEMBL1148617,6.51
CCCn1c(=O)c2[nH]c(-c3ccc(OCC(=O)c4c(NC(=O)O)[nH]c(=O)n(C)c4=O)cc3)cc2n(CCC)c1=O,CHEMBL201026,CHEMBL201026,1674072,CHEMBL1148617,7.8
CCCn1c(=O)c2[nH]c(-c3ccc(OCC(=O)Nc4ncccc4O)cc3)cc2n(CCC)c1=O,CHEMBL201329,CHEMBL201329,1674073,CHEMBL1148617,6.49
CCCn1c(=O)c2[nH]c(-c3ccc(OCC(=O)n4ccc(N)n4)cc3)cc2n(CCC)c1=O,CHEMBL370205,CHEMBL370205,1674074,CHEMBL1148617,7.58
Cn1c(=O)c2[nH]c(-c3ccc(OCC(=O)Nc4nncs4)cc3)cc2n(C)c1=O,CHEMBL378815,CHEMBL378815,1674075,CHEMBL1148617,7.79
CCCn1c(=O)c2[nH]c(-c3ccc(OCC(=O)Nc4ccc(C)cn4)cc3)cc2n(CCC)c1=O,CHEMBL201595,CHEMBL201595,1674076,CHEMBL1148617,6.56
CCCn1c(=O)c2[nH]c(-c3ccc(OCC(=O)Nc4cc(OC)nc(OC)n4)cc3)cc2n(CCC)c1=O,CHEMBL201594,CHEMBL201594,1674077,CHEMBL1148617,7.05
CCCn1c(=O)c2[nH]c(-c3ccc(OCC(=O)Nc4ccc(OC)nc4)cc3)cc2n(CCC)c1=O,CHEMBL379688,CHEMBL379688,1674078,CHEMBL1148617,6.97
CCCn1c(=O)c2[nH]c(-c3ccc(N(C=O)CC(=O)Nc4ccc(Br)cc4)cc3)cc2n(CCC)c1=O,CHEMBL201293,CHEMBL201293,1674079,CHEMBL1148617,7.45
CCCn1c(=O)c2[nH]c(-c3ccc(OCC(=O)Nc4ccc(OC)nc4)cc3)cc2n(C)c1=O,CHEMBL203037,CHEMBL203037,1674080,CHEMBL1148617,6.88
CCCn1c(=O)c2[nH]c(-c3ccc(OCC(=O)O)cc3)c(Cl)c2n(CCC)c1=O,CHEMBL201523,CHEMBL201523,1674085,CHEMBL1148617,6.4
CCCn1c(=O)c2[nH]c(-c3ccc(OCC(=O)O)cc3)c(Br)c2n(CCC)c1=O,CHEMBL201108,CHEMBL201108,1674087,CHEMBL1148617,6.31
CCn1c(=O)c2[nH]c(-c3ccc(OCC(=O)O)cc3)cc2n(CCCOC)c1=O,CHEMBL198191,CHEMBL198191,1674088,CHEMBL1148617,6.03
CCOC(=O)COc1ccc(-c2cc3c([nH]2)c(=O)n(CC)c(=O)n3CCCOC)cc1,CHEMBL201650,CHEMBL201650,1674089,CHEMBL1148617,6.35
CCCn1c(=O)n(C)c(=O)c2[nH]c(-c3ccc(OCC(=O)O)cc3)cc21,CHEMBL198243,CHEMBL198243,1674090,CHEMBL1148617,6.11
CCCn1c(=O)c2[nH]c(-c3ccc(OC(C)C(=O)O)cc3)cc2n(CCC)c1=O,CHEMBL199697,CHEMBL199697,1674091,CHEMBL1148617,6.0
CCCn1c(=O)c2[nH]c(-c3ccc(OCC(=O)O)cc3)cc2n(CCC)c1=O,CHEMBL200112,CHEMBL200112,1674093,CHEMBL1148617,6.91
CCCn1c(=O)c2nc(-c3cc(OCC(=O)c4ccc(Br)cc4)n(C)n3)[nH]c2n(CCC)c1=O,CHEMBL201789,CHEMBL201789,1674094,CHEMBL1148617,7.03
CCCn1c(=O)c2nc(-c3cc(OCC(=O)c4ccc(F)cc4)n(C)n3)[nH]c2n(CCC)c1=O,CHEMBL378383,CHEMBL378383,1674095,CHEMBL1148617,6.73
CCCn1c(=O)c2nc(-c3cc(OCC(=O)c4ccc(C(=O)OCC)cc4)nn3C)[nH]c2n(CCC)c1=O,CHEMBL383319,CHEMBL383319,1674097,CHEMBL1148617,7.49
CCCn1c(=O)c2nc(-c3cc(OCC(=O)c4ccc(C(C)=O)cc4)nn3C)[nH]c2n(CCC)c1=O,CHEMBL199802,CHEMBL199802,1674098,CHEMBL1148617,7.06
CCCn1c(=O)c2nc(-c3cc(OCC(=O)c4ccc(C)cc4)nn3C)[nH]c2n(CCC)c1=O,CHEMBL201692,CHEMBL201692,1674099,CHEMBL1148617,7.72
CCCn1c(=O)c2nc(-c3cc(OCC(=O)c4ccc(Br)cc4)nn3C)[nH]c2n(CCC)c1=O,CHEMBL201159,CHEMBL201159,1674100,CHEMBL1148617,7.6
CCCn1c(=O)c2nc(-c3cc(OCC(=O)c4ccc(F)cc4)nn3C)[nH]c2n(CCC)c1=O,CHEMBL426656,CHEMBL426656,1674101,CHEMBL1148617,7.9
CCCn1c(=O)c2[nH]c(-c3ccc(OCC(=O)Nc4ccc(OC(F)(F)F)cc4)cc3)cc2n(CCC)c1=O,CHEMBL201239,CHEMBL201239,1674260,CHEMBL1148617,6.97
Cc1sccc1NC(=O)Nc1nc2nn(C)cc2c2nc(-c3ccco3)nn12,CHEMBL204753,CHEMBL204753,1686791,CHEMBL1138189,6.39
Cc1ccc(NC(=O)Nc2nc3nn(C)cc3c3nc(-c4ccco4)nn23)s1,CHEMBL203506,CHEMBL203506,1686814,CHEMBL1138189,6.04
Cn1cc2c(nc(NC(=O)Nc3ccc4ccccc4n3)n3nc(-c4ccco4)nc23)n1,CHEMBL262987,CHEMBL262987,1686815,CHEMBL1138189,6.09
Cn1cc2c(nc(NC(=O)Nc3cc4ccccc4o3)n3nc(-c4ccco4)nc23)n1,CHEMBL203054,CHEMBL203054,1686816,CHEMBL1138189,7.22
Cn1cc2c(nc(NC(=O)Nc3ccoc3)n3nc(-c4ccco4)nc23)n1,CHEMBL381123,CHEMBL381123,1686817,CHEMBL1138189,6.4
Cn1cc2c(nc(NC(=O)Nc3ccco3)n3nc(-c4ccco4)nc23)n1,CHEMBL382665,CHEMBL382665,1686818,CHEMBL1138189,6.46
Cn1cc2c(nc(NC(=O)Nc3cccc[n+]3[O-])n3nc(-c4ccco4)nc23)n1,CHEMBL203998,CHEMBL203998,1686819,CHEMBL1138189,6.96
Cn1cc2c(nc(NC(=O)Nc3ccc[n+]([O-])c3)n3nc(-c4ccco4)nc23)n1,CHEMBL203060,CHEMBL203060,1686820,CHEMBL1138189,7.12
Cn1cc2c(nc(NC(=O)Nc3cc[n+]([O-])cc3)n3nc(-c4ccco4)nc23)n1,CHEMBL382357,CHEMBL382357,1686821,CHEMBL1138189,6.82
Cn1cc2c(nc(NC(=O)Nc3cccc[n+]3C)n3nc(-c4ccco4)nc23)n1.[I-],CHEMBL383689,CHEMBL1185010,1686822,CHEMBL1138189,7.19
Cn1cc2c(nc(NC(=O)Nc3ccc[n+](C)c3)n3nc(-c4ccco4)nc23)n1.[I-],CHEMBL203660,CHEMBL1181982,1686823,CHEMBL1138189,7.38
Cn1cc2c(nc(NC(=O)Nc3cc[n+](C)cc3)n3nc(-c4ccco4)nc23)n1.[I-],CHEMBL204128,CHEMBL1181988,1686824,CHEMBL1138189,6.55
Cl.Cn1cc2c(nc(NC(=O)Nc3ccccn3)n3nc(-c4ccco4)nc23)n1,CHEMBL534936,CHEMBL383714,1686825,CHEMBL1138189,6.75
Cn1cc2c(nc(NC(=O)Nc3ccccn3)n3nc(-c4ccco4)nc23)n1,CHEMBL383714,CHEMBL383714,1686826,CHEMBL1138189,6.85
Cl.Cn1cc2c(nc(NC(=O)Nc3cccnc3)n3nc(-c4ccco4)nc23)n1,CHEMBL534489,CHEMBL203797,1686827,CHEMBL1138189,6.81
Cn1cc2c(nc(NC(=O)Nc3cccnc3)n3nc(-c4ccco4)nc23)n1,CHEMBL203797,CHEMBL203797,1686828,CHEMBL1138189,6.9
CCNC(=O)[C@H]1O[C@@H](n2cnc3c(NCC)nc(C#CC(O)c4cccc(C(=O)OC)c4)nc32)[C@H](O)[C@@H]1O,CHEMBL383643,CHEMBL383643,1709886,CHEMBL1147002,6.84
CCNC(=O)[C@H]1O[C@@H](n2cnc3c(NCC)nc(C#CC(O)c4cccc([N+](=O)[O-])c4)nc32)[C@H](O)[C@@H]1O,CHEMBL381972,CHEMBL381972,1709888,CHEMBL1147002,6.4
CCNC(=O)[C@H]1O[C@@H](n2cnc3c(NCC)nc(C#CC(O)c4ccccc4[N+](=O)[O-])nc32)[C@H](O)[C@@H]1O,CHEMBL205850,CHEMBL205850,1709889,CHEMBL1147002,6.43
CCNC(=O)[C@H]1O[C@@H](n2cnc3c(NCC)nc(C#CC(O)c4ccc(OC)cc4)nc32)[C@H](O)[C@@H]1O,CHEMBL378810,CHEMBL378810,1709890,CHEMBL1147002,6.15
CCNC(=O)[C@H]1O[C@@H](n2cnc3c(NCC)nc(C#CC(O)c4cccc(OC)c4)nc32)[C@H](O)[C@@H]1O,CHEMBL383836,CHEMBL383836,1709891,CHEMBL1147002,6.68
CCNC(=O)[C@H]1O[C@@H](n2cnc3c(NCC)nc(C#CC(O)c4ccccc4OC)nc32)[C@H](O)[C@@H]1O,CHEMBL205327,CHEMBL205327,1709892,CHEMBL1147002,6.3
CCNC(=O)[C@H]1O[C@@H](n2cnc3c(NCC)nc(C#CC(O)c4ccccc4)nc32)[C@H](O)[C@@H]1O,CHEMBL204527,CHEMBL204527,1709893,CHEMBL1147002,6.89
CCNC(=O)[C@H]1O[C@@H](n2cnc3c(NCC)nc(C#CC(O)C4CCCCC4)nc32)[C@H](O)[C@@H]1O,CHEMBL204526,CHEMBL204526,1709894,CHEMBL1147002,7.23
CCNC(=O)[C@H]1O[C@@H](n2cnc3c(NCC)nc(C#CC(O)C4CCCC4)nc32)[C@H](O)[C@@H]1O,CHEMBL208160,CHEMBL208160,1709895,CHEMBL1147002,6.82
CCCCC[C@H](O)C#Cc1nc(NCC)c2ncn([C@@H]3O[C@H](C(=O)NCC)[C@@H](O)[C@H]3O)c2n1,CHEMBL376968,CHEMBL376968,1709896,CHEMBL1147002,6.33
CCCCC[C@@H](O)C#Cc1nc(NCC)c2ncn([C@@H]3O[C@H](C(=O)NCC)[C@@H](O)[C@H]3O)c2n1,CHEMBL208238,CHEMBL208238,1709897,CHEMBL1147002,6.17
CCNC(=O)[C@H]1O[C@@H](n2cnc3c(NCC)nc(C#C[C@H](C)O)nc32)[C@H](O)[C@@H]1O,CHEMBL381108,CHEMBL381108,1709898,CHEMBL1147002,6.11
CCNC(=O)[C@H]1O[C@@H](n2cnc3c(NCC)nc(C#CCCO)nc32)[C@H](O)[C@@H]1O,CHEMBL208264,CHEMBL208264,1709901,CHEMBL1147002,6.19
CCNC(=O)[C@H]1O[C@@H](n2cnc3c(NCC)nc(C#CCCCc4ccccc4)nc32)[C@H](O)[C@@H]1O,CHEMBL208311,CHEMBL208311,1709903,CHEMBL1147002,6.49
CCNC(=O)[C@H]1O[C@@H](n2cnc3c(NCC)nc(C#CCc4ccccc4)nc32)[C@H](O)[C@@H]1O,CHEMBL439335,CHEMBL439335,1709904,CHEMBL1147002,6.19
CCNC(=O)[C@H]1O[C@@H](n2cnc3c(NCC)nc(C#CC4(O)CCCCC4)nc32)[C@H](O)[C@@H]1O,CHEMBL205531,CHEMBL205531,1709906,CHEMBL1147002,6.46
CCNC(=O)[C@H]1O[C@@H](n2cnc3c(NCC)nc(C#CC4(O)CCCC4)nc32)[C@H](O)[C@@H]1O,CHEMBL205768,CHEMBL205768,1709907,CHEMBL1147002,6.03
CCCCCCC#Cc1nc(NCC)c2ncn([C@@H]3O[C@H](C(=O)NCC)[C@@H](O)[C@H]3O)c2n1,CHEMBL205788,CHEMBL205788,1709909,CHEMBL1147002,6.24
CCCCC#Cc1nc(NCC)c2ncn([C@@H]3O[C@H](C(=O)NCC)[C@@H](O)[C@H]3O)c2n1,CHEMBL204634,CHEMBL204634,1709910,CHEMBL1147002,6.26
c1ccc(-c2nc(-c3ccccc3)c3[nH]cnc3n2)cc1,CHEMBL381729,CHEMBL381729,1712879,CHEMBL1147670,7.28
c1ccc(-c2nc(-c3ccccc3)c3nc(C4CCCCC4)nc-3[nH]2)cc1,CHEMBL207529,CHEMBL207529,1712880,CHEMBL1147670,6.93
c1ccc(-c2nc(-c3ccccc3)c3nc(C4CCCC4)nc-3[nH]2)cc1,CHEMBL207824,CHEMBL207824,1712881,CHEMBL1147670,7.26
CC(C)c1nc2[nH]c(-c3ccccc3)nc(-c3ccccc3)c-2n1,CHEMBL204780,CHEMBL204780,1712882,CHEMBL1147670,6.83
CCCc1nc2[nH]c(-c3ccccc3)nc(-c3ccccc3)c-2n1,CHEMBL424869,CHEMBL424869,1712883,CHEMBL1147670,6.78
c1ccc(-c2nc(-c3ccccc3)c3[nH]c(-c4ccccc4)nc3n2)cc1,CHEMBL378959,CHEMBL378959,1712884,CHEMBL1147670,7.18
Cc1ccc(-c2nc(-c3ccccc3)c3[nH]cnc3n2)cc1,CHEMBL205194,CHEMBL205194,1712885,CHEMBL1147670,6.54
Clc1ccc(-c2nc(-c3ccccc3)c3[nH]cnc3n2)cc1,CHEMBL205586,CHEMBL205586,1712886,CHEMBL1147670,6.5
CCCn1c(=O)c2nc(-c3cnn(-c4ccccc4)c3)[nH]c2n(CCC)c1=O,CHEMBL209831,CHEMBL209831,1721559,CHEMBL1148648,6.25
CCCn1c(=O)c2nc(-c3cnn(CCCc4ccccc4)c3)[nH]c2n(CCC)c1=O,CHEMBL210319,CHEMBL210319,1721568,CHEMBL1148648,6.66
CCCn1c(=O)c2nc(-c3cnn(CCc4ccccc4)c3)[nH]c2n(CCC)c1=O,CHEMBL209217,CHEMBL209217,1721569,CHEMBL1148648,6.24
CCCn1c(=O)c2[nH]c(-c3cnn(Cc4ccccc4)c3)nc2n(CCC)c1=O,CHEMBL254725,CHEMBL254725,1721570;2078262,CHEMBL1148648;CHEMBL1141482,6.54;6.54
CCCn1c(=O)c2nc(-c3cn[nH]c3)[nH]c2n(CCC)c1=O,CHEMBL380176,CHEMBL380176,1721571,CHEMBL1148648,6.64
CCCCn1c(=O)c2nc(-c3cnn(Cc4ccccc4)c3)[nH]c2n(CCCC)c1=O,CHEMBL383201,CHEMBL383201,1721663,CHEMBL1148648,6.05
CCn1c(=O)c2nc(-c3cnn(Cc4cccc(C(F)(F)F)c4)c3)[nH]c2n(CC)c1=O,CHEMBL210808,CHEMBL210808,1721664,CHEMBL1148648,6.35
CCn1c(=O)c2nc(-c3cnn(Cc4cccc(F)c4)c3)[nH]c2n(CC)c1=O,CHEMBL426504,CHEMBL426504,1721665,CHEMBL1148648,6.54
CCn1c(=O)c2nc(-c3cnn(Cc4ccccc4)c3)[nH]c2n(CC)c1=O,CHEMBL210271,CHEMBL210271,1721666,CHEMBL1148648,6.92
Cn1c(=O)c2nc(-c3cnn(Cc4cccc(C(F)(F)F)c4)c3)[nH]c2n(C)c1=O,CHEMBL208824,CHEMBL208824,1721667,CHEMBL1148648,6.16
Cn1c(=O)c2[nH]c(-c3cnn(Cc4cccc(F)c4)c3)nc2n(C)c1=O,CHEMBL261722,CHEMBL261722,1721668,CHEMBL1148648,6.7
CCCn1c(=O)c2nc(-c3cnn(Cc4cc(Cl)ccc4Cl)c3)[nH]c2n(CCC)c1=O,CHEMBL209174,CHEMBL209174,1721674,CHEMBL1148648,7.16
CCCn1c(=O)c2nc(-c3cnn(Cc4cccc(C)c4F)c3)[nH]c2n(CCC)c1=O,CHEMBL210609,CHEMBL210609,1721679,CHEMBL1148648,6.34
CCCn1c(=O)c2nc(-c3cnn(Cc4cccc(Cl)c4F)c3)[nH]c2n(CCC)c1=O,CHEMBL210213,CHEMBL210213,1721680,CHEMBL1148648,6.06
CCCn1c(=O)c2nc(-c3cnn(Cc4ccc(F)c(F)c4)c3)[nH]c2n(CCC)c1=O,CHEMBL210212,CHEMBL210212,1721681,CHEMBL1148648,6.55
CCCn1c(=O)c2nc(-c3cnn(Cc4ccc(C(F)(F)F)cc4)c3)[nH]c2n(CCC)c1=O,CHEMBL207434,CHEMBL207434,1721685,CHEMBL1148648,6.82
CCCn1c(=O)c2[nH]c(-c3cnn(Cc4cccc(C(F)(F)F)c4)c3)nc2n(CCC)c1=O,CHEMBL251870,CHEMBL251870,1721686;2078266,CHEMBL1148648;CHEMBL1141482,6.4;6.4
CCCn1c(=O)c2nc(-c3cnn(Cc4ccccc4C(F)(F)F)c3)[nH]c2n(CCC)c1=O,CHEMBL208110,CHEMBL208110,1721687,CHEMBL1148648,6.64
CCCn1c(=O)c2nc(-c3cnn(Cc4ccc(F)cc4)c3)[nH]c2n(CCC)c1=O,CHEMBL379474,CHEMBL379474,1721688,CHEMBL1148648,6.92
CCCn1c(=O)c2[nH]c(-c3cnn(Cc4cccc(F)c4)c3)nc2n(CCC)c1=O,CHEMBL251869,CHEMBL251869,1721689;2078267,CHEMBL1148648;CHEMBL1141482,6.64;6.64
CCCn1c(=O)c2nc(-c3cnn(Cc4ccccc4F)c3)[nH]c2n(CCC)c1=O,CHEMBL210649,CHEMBL210649,1721690,CHEMBL1148648,7.22
CCCn1c(=O)c2nc(-c3cnn(Cc4ccc(Cl)cc4)c3)[nH]c2n(CCC)c1=O,CHEMBL380284,CHEMBL380284,1721691,CHEMBL1148648,7.06
CCCn1c(=O)c2nc(-c3cnn(Cc4cccc(Cl)c4)c3)[nH]c2n(CCC)c1=O,CHEMBL210938,CHEMBL210938,1721692,CHEMBL1148648,7.1
CCCn1c(=O)c2nc(-c3cnn(Cc4ccccc4Cl)c3)[nH]c2n(CCC)c1=O,CHEMBL378652,CHEMBL378652,1721693,CHEMBL1148648,7.31
CCCn1c(=O)c2nc(-c3cnn(Cc4ccc(OC)cc4)c3)[nH]c2n(CCC)c1=O,CHEMBL210683,CHEMBL210683,1721694,CHEMBL1148648,7.21
CCCn1c(=O)c2nc(-c3cnn(Cc4cccc(OC)c4)c3)[nH]c2n(CCC)c1=O,CHEMBL210150,CHEMBL210150,1721695,CHEMBL1148648,7.16
CCCn1c(=O)c2nc(-c3cnn(Cc4ccccc4OC)c3)[nH]c2n(CCC)c1=O,CHEMBL380219,CHEMBL380219,1721696,CHEMBL1148648,6.85
CCCn1c(=O)c2nc(-c3cnn(Cc4ccc(C)cc4)c3)[nH]c2n(CCC)c1=O,CHEMBL207524,CHEMBL207524,1721697,CHEMBL1148648,7.1
CCCn1c(=O)c2nc(-c3cnn(Cc4cccc(C)c4)c3)[nH]c2n(CCC)c1=O,CHEMBL378570,CHEMBL378570,1721698,CHEMBL1148648,7.18
CCCn1c(=O)c2nc(-c3cnn(Cc4ccccc4C)c3)[nH]c2n(CCC)c1=O,CHEMBL210747,CHEMBL210747,1721699,CHEMBL1148648,7.29
Cn1c(=O)c2nc(-c3ccc(S(=O)(=O)NCCc4ccccc4)cc3)[nH]c2n(C)c1=O,CHEMBL210585,CHEMBL210585,1742795,CHEMBL1138067,7.49
CCCn1c(=O)[nH]c2nc(-c3ccc(S(=O)(=O)N4CCN(Cc5ccccc5)CC4)cc3)[nH]c2c1=O,CHEMBL212625,CHEMBL212625,1742826;2635376;2635521;3371853,CHEMBL1138067;CHEMBL1137016;CHEMBL1137016;CHEMBL1208683,6.32;6.32;6.32;6.32
CCCn1c(=O)[nH]c2[nH]c(-c3ccc(S(=O)(=O)NCCc4ccccc4)cc3)nc2c1=O,CHEMBL211521,CHEMBL211521,1742925,CHEMBL1138067,6.11
CCCn1c(=O)[nH]c2[nH]c(-c3ccc(S(=O)(=O)NCc4ccccc4)cc3)nc2c1=O,CHEMBL209230,CHEMBL209230,1742954;3371857,CHEMBL1138067;CHEMBL1208683,6.79;6.79
Nc1cccc2c1nc(NC(=O)C(c1ccccc1)c1ccccc1)c1nn(-c3ccccc3)c(=O)n12,CHEMBL380031,CHEMBL380031,1746233,CHEMBL1138044,6.2
O=C(Nc1nc2ccccc2n2c(=O)n(-c3ccccc3)nc12)c1ccccc1,CHEMBL16488,CHEMBL16488,1746381;2339540,CHEMBL1138044;CHEMBL1150363,7.05;7.05
CC(=O)Nc1nc2c(N)cccc2n2c(=O)n(-c3ccccc3)nc12,CHEMBL378514,CHEMBL378514,1746421,CHEMBL1138044,6.43
CCCn1c(=O)c2nc(C34CCC(O)(CC3)CC4)[nH]c2n(CCC)c1=O,CHEMBL218458,CHEMBL218458,1781165,CHEMBL1137356,6.26
CCCn1c(=O)c2nc([C@H]3CC[C@H](CO)CC3)[nH]c2n(CCC)c1=O,CHEMBL384139,CHEMBL384139,1781420,CHEMBL1137359,6.5
CCCn1c(=O)c2nc(C34CC5CC(C3)C(C5)C4)[nH]c2n(CCC)c1=O,CHEMBL385372,CHEMBL385372,1781442,CHEMBL1137359,6.17
CCCn1c(=O)c2nc([C@]34CC[C@](C=O)(CC3)CC4)[nH]c2n(CCC)c1=O,CHEMBL216517,CHEMBL216517,1781446,CHEMBL1137359,6.1
CCCn1c(=O)c2nc([C@]34CC[C@](CO)(CC3)CC4)[nH]c2n(CCC)c1=O,CHEMBL438827,CHEMBL438827,1781447,CHEMBL1137359,6.38
CCCn1c(=O)c2nc([C@]34CC[C@](C(=O)OC)(CC3)CC4)[nH]c2n(CCC)c1=O,CHEMBL438823,CHEMBL438823,1781448,CHEMBL1137359,6.04
CCCn1c(=O)c2nc([C@]34CC[C@](C(=O)NCC(=O)OC)(CC3)CC4)[nH]c2n(CCC)c1=O,CHEMBL424908,CHEMBL424908,1781453,CHEMBL1137359,6.17
CCCn1c(=O)c2nc([C@]34CC[C@](C(=O)NCCN(C)C)(CC3)CC4)[nH]c2n(CCC)c1=O,CHEMBL217541,CHEMBL217541,1781454,CHEMBL1137359,6.88
CCCn1c(=O)c2nc([C@H]3CC[C@H](C(=O)NCCN(C)C)CC3)[nH]c2n(CCC)c1=O,CHEMBL387440,CHEMBL387440,1781457,CHEMBL1137359,6.78
CCNC(=O)[C@H]1O[C@@H](n2cnc3c(NNC(=O)Cc4cccs4)nc(Cl)nc32)[C@H](O)[C@@H]1O,CHEMBL217952,CHEMBL217952,1802549,CHEMBL1139845,6.2
CCSc1nc(N)nc(-c2ccccc2)n1,CHEMBL220445,CHEMBL220445,1809617,CHEMBL1139731,8.3
CSc1nc(N)nc(-c2cccc(-c3ccc4[nH]ccc4c3)c2)n1,CHEMBL373827,CHEMBL373827,1809620,CHEMBL1139731,7.51
COc1ccc(-c2cccc(-c3nc(N)nc(SC)n3)c2)cn1,CHEMBL426530,CHEMBL426530,1809621,CHEMBL1139731,7.64
N#Cc1c(-c2ccc(Cl)cc2)cc(-c2ccccc2Cl)nc1N,CHEMBL375764,CHEMBL375764,1809626,CHEMBL1139731,6.39
CCOc1cc(-c2cc(-c3ccc(O)cc3)nc(N)c2C#N)ccc1O,CHEMBL222201,CHEMBL222201,1809627,CHEMBL1139731,6.57
N#Cc1c(-c2ccc(Cl)c(Cl)c2)cc(-c2cccnc2)nc1N,CHEMBL448781,CHEMBL448781,1809628,CHEMBL1139731,6.68
N#Cc1c(-c2ccc(Cl)cc2)cc(-c2ccccc2)nc1N,CHEMBL223828,CHEMBL223828,1809629,CHEMBL1139731,6.7
COc1cc(-c2cc(-c3ccc(O)cc3)nc(N)c2C#N)ccc1O,CHEMBL375164,CHEMBL375164,1809630,CHEMBL1139731,6.82
Cc1ccc(-c2cc(-c3ccccc3)nc(N)c2C#N)cc1,CHEMBL376920,CHEMBL376920,1809631,CHEMBL1139731,6.93
N#Cc1c(-c2ccc(F)cc2)cc(C2CC2)nc1N,CHEMBL220118,CHEMBL220118,1809632,CHEMBL1139731,6.97
N#Cc1c(-c2ccccc2Cl)cc(-c2ccccc2)nc1N,CHEMBL220684,CHEMBL220684,1809633,CHEMBL1139731,7.05
N#Cc1c(-c2ccc(F)cc2)cc(-c2ccccc2)nc1N,CHEMBL412622,CHEMBL412622,1809634,CHEMBL1139731,7.06
Fc1ccc(CNc2nc(-c3ccc(Cl)cc3)cc(C(F)(F)F)n2)cc1,CHEMBL374236,CHEMBL374236,1809656,CHEMBL1139731,6.34
COc1cccc(-c2cc(C(F)(F)F)nc(NCc3ccc(F)cc3)n2)c1,CHEMBL220287,CHEMBL220287,1809657,CHEMBL1139731,6.54
Fc1ccc(CNc2nc(-c3cccs3)cc(C(F)(F)F)n2)cc1,CHEMBL221220,CHEMBL221220,1809658,CHEMBL1139731,6.54
Fc1ccc(CNc2nc(-c3ccccc3)cc(C(F)(F)F)n2)cc1,CHEMBL221219,CHEMBL221219,1809659,CHEMBL1139731,6.54
N#Cc1c(N)nc2c(c1-c1ccc(F)cc1)CCC2,CHEMBL221155,CHEMBL221155,1809661,CHEMBL1139731,6.63
CCNC(=O)[C@H]1O[C@@H](n2cnc3c(NCCCCNC(=O)CCCCCNC(=O)COc4ccc(/C=C/C5=[N+]6C(=Cc7ccc(-c8cccs8)n7[B-]6(F)F)C=C5)cc4)ncnc32)[C@H](O)[C@@H]1O,CHEMBL414055,CHEMBL414055,1814958,CHEMBL1141376,6.76
Oc1nc2c(-c3ccccc3)cc(-c3ccccc3)nc2[nH]1,CHEMBL374938,CHEMBL374938,1818126,CHEMBL1141417,6.72
c1ccc(-c2cc(-c3ccccc3)c3nc(C4CCCCC4)[nH]c3n2)cc1,CHEMBL219160,CHEMBL219160,1818128,CHEMBL1141417,6.71
CCC(CC)c1nc2c(-c3ccccc3)cc(-c3ccccc3)nc2[nH]1,CHEMBL385109,CHEMBL385109,1818130,CHEMBL1141417,6.61
CC(C)Cc1nc2c(-c3ccccc3)cc(-c3ccccc3)nc2[nH]1,CHEMBL221486,CHEMBL221486,1818131,CHEMBL1141417,6.72
CC(C)c1nc2c(-c3ccccc3)cc(-c3ccccc3)nc2[nH]1,CHEMBL221343,CHEMBL221343,1818132,CHEMBL1141417,6.64
CCCc1nc2c(-c3ccccc3)cc(-c3ccccc3)nc2[nH]1,CHEMBL376648,CHEMBL376648,1818133,CHEMBL1141417,6.94
CCc1nc2c(-c3ccccc3)cc(-c3ccccc3)nc2[nH]1,CHEMBL222130,CHEMBL222130,1818134,CHEMBL1141417,6.75
Cc1nc2c(-c3ccccc3)cc(-c3ccccc3)nc2[nH]1,CHEMBL220587,CHEMBL220587,1818135,CHEMBL1141417,6.43
c1ccc(-c2cc(-c3ccccc3)c3nc[nH]c3n2)cc1,CHEMBL220535,CHEMBL220535,1818136,CHEMBL1141417,7.41
CONc1nc(C#CC2CCCCC2O)nc2c1ncn2[C@@H]1O[C@H](CO)[C@@H](O)[C@H]1O,CHEMBL223326,CHEMBL223326,1822834,CHEMBL1142938,7.04
CONc1nc(C#CCC(C)O)nc2c1ncn2[C@@H]1O[C@H](CO)[C@@H](O)[C@H]1O,CHEMBL219888,CHEMBL219888,1822835,CHEMBL1142938,6.12
CCCCC#Cc1nc(NOC)c2ncn([C@@H]3O[C@H](CO)[C@@H](O)[C@H]3O)c2n1,CHEMBL220889,CHEMBL220889,1822838,CHEMBL1142938,6.57
CCNC(=O)[C@H]1O[C@@H](n2cnc3c(NC(=N)N)ncnc32)[C@H](O)[C@@H]1O,CHEMBL376542,CHEMBL376542,1831035,CHEMBL1144471,6.2
Nc1nc(OCCc2cc3ccccc3[nH]2)nc2c1ncn2[C@@H]1O[C@H](CO)[C@@H](O)[C@H]1O,CHEMBL374461,CHEMBL374461,1831067,CHEMBL1144471,6.43
Nc1nc(OCCc2cc[nH]c2)nc2c1ncn2[C@@H]1O[C@H](CO)[C@@H](O)[C@H]1O,CHEMBL222945,CHEMBL222945,1831068,CHEMBL1144471,7.02
Nc1nc(OCCc2c[nH]c3ccccc23)nc2c1ncn2[C@@H]1O[C@H](CO)[C@@H](O)[C@H]1O,CHEMBL223366,CHEMBL223366,1831070,CHEMBL1144471,7.35
Nc1nc(OCCc2ccsc2)nc2c1ncn2[C@@H]1O[C@H](CO)[C@@H](O)[C@H]1O,CHEMBL225287,CHEMBL225287,1831071,CHEMBL1144471,7.88
Nc1nc(OCCc2cccs2)nc2c1ncn2[C@@H]1O[C@H](CO)[C@@H](O)[C@H]1O,CHEMBL225233,CHEMBL225233,1831072,CHEMBL1144471,7.96
Nc1nc(OCCc2ccc3ccccc3c2)nc2c1ncn2[C@@H]1O[C@H](CO)[C@@H](O)[C@H]1O,CHEMBL374760,CHEMBL374760,1831073,CHEMBL1144471,7.79
Nc1nc(OCCc2ccc(F)cc2)nc2c1ncn2[C@@H]1O[C@H](CO)[C@@H](O)[C@H]1O,CHEMBL426928,CHEMBL426928,1831074,CHEMBL1144471,7.25
Nc1nc(OCCc2cccc(F)c2)nc2c1ncn2[C@@H]1O[C@H](CO)[C@@H](O)[C@H]1O,CHEMBL225593,CHEMBL225593,1831075,CHEMBL1144471,7.16
Nc1nc(OCCc2ccccc2F)nc2c1ncn2[C@@H]1O[C@H](CO)[C@@H](O)[C@H]1O,CHEMBL225535,CHEMBL225535,1831076,CHEMBL1144471,7.24
C[C@@H](CCOc1nc(N)c2ncn([C@@H]3O[C@H](CO)[C@@H](O)[C@H]3O)c2n1)c1ccccc1,CHEMBL222392,CHEMBL222392,1831077,CHEMBL1144471,6.38
Nc1nc(OCCCCc2ccccc2)nc2c1ncn2[C@@H]1O[C@H](CO)[C@@H](O)[C@H]1O,CHEMBL387324,CHEMBL387324,1831078,CHEMBL1144471,6.29
Nc1nc(OCCCc2ccccc2)nc2c1ncn2[C@@H]1O[C@H](CO)[C@@H](O)[C@H]1O,CHEMBL374151,CHEMBL374151,1831079,CHEMBL1144471,6.3
Nc1nc(OCCc2ccccc2)nc2c1ncn2[C@@H]1O[C@H](CO)[C@@H](O)[C@H]1O,CHEMBL374685,CHEMBL374685,1831080,CHEMBL1144471,8.03
Nc1nc(OCCC2CCCCC2)nc2c1ncn2[C@@H]1O[C@H](CO)[C@@H](O)[C@H]1O,CHEMBL387354,CHEMBL387354,1831081,CHEMBL1144471,6.24
CCOc1nc(N)c2ncn([C@@H]3O[C@H](CO)[C@@H](O)[C@H]3O)c2n1,CHEMBL223846,CHEMBL223846,1831082,CHEMBL1144471,6.44
CCNC(=O)[C@H]1O[C@@H](n2cnc3c(N)nc(OCCc4c[nH]c5ccccc45)nc32)[C@H](O)[C@@H]1O,CHEMBL223845,CHEMBL223845,1831155,CHEMBL1144471,6.6
Cc1ccc(S(=O)(=O)n2cc(CCOc3nc(NC(=N)N)c4ncn([C@@H]5O[C@H](CO)[C@@H](O)[C@H]5O)c4n3)c3ccccc32)cc1,CHEMBL2113270,CHEMBL2113270,1831156,CHEMBL1144471,6.46
N=C(N)Nc1nc(OCCc2c[nH]c3ccccc23)nc2c1ncn2[C@@H]1O[C@H](CO)[C@@H](O)[C@H]1O,CHEMBL2113271,CHEMBL2113271,1831157,CHEMBL1144471,6.56
Nc1nc(OCCc2c[nH]c3ccc(O)cc23)nc2c1ncn2[C@@H]1O[C@H](CO)[C@@H](O)[C@H]1O,CHEMBL222500,CHEMBL222500,1831159,CHEMBL1144471,6.35
Nc1nc(OCCc2c[nH]c3c(Br)cccc23)nc2c1ncn2[C@@H]1O[C@H](CO)[C@@H](O)[C@H]1O,CHEMBL223729,CHEMBL223729,1831161,CHEMBL1144471,6.6
Nc1nc(OCCc2c[nH]c3cccc(Br)c23)nc2c1ncn2[C@@H]1O[C@H](CO)[C@@H](O)[C@H]1O,CHEMBL434377,CHEMBL434377,1831162,CHEMBL1144471,7.4
Nc1nc(OCCc2c[nH]c3cc(Br)ccc23)nc2c1ncn2[C@@H]1O[C@H](CO)[C@@H](O)[C@H]1O,CHEMBL225459,CHEMBL225459,1831163;1831237,CHEMBL1144471;CHEMBL1144471,6.82;7.4
Nc1nc(OCCc2c[nH]c3cc(Cl)ccc23)nc2c1ncn2[C@@H]1O[C@H](CO)[C@@H](O)[C@H]1O,CHEMBL222907,CHEMBL222907,1831164,CHEMBL1144471,7.53
Nc1nc(OCCc2c[nH]c3ccc(I)cc23)nc2c1ncn2[C@@H]1O[C@H](CO)[C@@H](O)[C@H]1O,CHEMBL222748,CHEMBL222748,1831165,CHEMBL1144471,6.05
Nc1nc(OCCc2c[nH]c3ccc(Br)cc23)nc2c1ncn2[C@@H]1O[C@H](CO)[C@@H](O)[C@H]1O,CHEMBL222194,CHEMBL222194,1831166,CHEMBL1144471,6.3
Nc1nc(OCCc2c[nH]c3ccc(Cl)cc23)nc2c1ncn2[C@@H]1O[C@H](CO)[C@@H](O)[C@H]1O,CHEMBL222442,CHEMBL222442,1831167,CHEMBL1144471,6.41
Nc1nc(OCCc2c[nH]c3ccc(F)cc23)nc2c1ncn2[C@@H]1O[C@H](CO)[C@@H](O)[C@H]1O,CHEMBL373478,CHEMBL373478,1831168,CHEMBL1144471,6.43
CC(=O)Nc1cc(-c2ccccc2)nc(-c2ccccc2)n1,CHEMBL426565,CHEMBL426565,1840822;5191579;12626472,CHEMBL1149279;CHEMBL1649418;CHEMBL2311331,6.31;6.59;6.59
O=C(Nc1nc(-c2ccccc2)cc(-c2ccccc2)n1)C1CC1,CHEMBL224835,CHEMBL224835,1840823,CHEMBL1149279,6.64
CCC(=O)Nc1nc(-c2ccccc2)cc(-c2ccccc2)n1,CHEMBL222718,CHEMBL222718,1840839;5191572,CHEMBL1149279;CHEMBL1649418,6.05;6.26
O=C(Nc1cc(-c2ccccc2)nc(-c2ccccc2)n1)C1CCCCC1,CHEMBL222496,CHEMBL222496,1840840,CHEMBL1149279,6.68
O=C(Nc1cc(-c2ccccc2)nc(-c2ccccc2)n1)C1CCCC1,CHEMBL375631,CHEMBL375631,1840841,CHEMBL1149279,6.71
O=C(Nc1cc(-c2ccccc2)nc(-c2ccccc2)n1)C1CCC1,CHEMBL223978,CHEMBL223978,1840842,CHEMBL1149279,6.75
O=C(Nc1cc(-c2ccccc2)nc(-c2ccccc2)n1)C1CC1,CHEMBL388113,CHEMBL388113,1840843,CHEMBL1149279,6.72
CCC(C)C(=O)Nc1cc(-c2ccccc2)nc(-c2ccccc2)n1,CHEMBL223977,CHEMBL223977,1840844,CHEMBL1149279,6.05
CCC(CC)C(=O)Nc1cc(-c2ccccc2)nc(-c2ccccc2)n1,CHEMBL390535,CHEMBL390535,1840845,CHEMBL1149279,6.42
CC(C)CC(=O)Nc1cc(-c2ccccc2)nc(-c2ccccc2)n1,CHEMBL387322,CHEMBL387322,1840846,CHEMBL1149279,6.8
CC(C)C(=O)Nc1cc(-c2ccccc2)nc(-c2ccccc2)n1,CHEMBL222433,CHEMBL222433,1840847,CHEMBL1149279,6.42
CCCC(=O)Nc1cc(-c2ccccc2)nc(-c2ccccc2)n1,CHEMBL222384,CHEMBL222384,1840848;5191581,CHEMBL1149279;CHEMBL1649418,6.91;6.99
CCC(=O)Nc1cc(-c2ccccc2)nc(-c2ccccc2)n1,CHEMBL222474,CHEMBL222474,1840849;5191580,CHEMBL1149279;CHEMBL1649418,7.09;7.07
CNc1nc(Cl)nc2c1ncn2[C@@H]1SC[C@@H](O)[C@H]1O,CHEMBL388145,CHEMBL388145,1905080,CHEMBL1145406,7.35
O[C@@H]1[C@H](O)CS[C@H]1n1cnc2c(NCc3cccc(I)c3)nc(Cl)nc21,CHEMBL413686,CHEMBL413686,1905083;2666622;3471435;18086735,CHEMBL1145406;CHEMBL1151887;CHEMBL1250540;CHEMBL4017496,6.47;6.47;6.47;6.47
COc1cccc(-n2cc3c(n2)c(N)nc2ccccc23)c1,CHEMBL388458,CHEMBL388458,1917401,CHEMBL1148732,6.31
Cc1ccc(-n2cc3c(n2)c(N)nc2ccccc23)cc1,CHEMBL106346,CHEMBL106346,1917406,CHEMBL1148732,6.48
Cc1cccc(-n2cc3c(n2)c(N)nc2ccccc23)c1,CHEMBL107446,CHEMBL107446,1917407,CHEMBL1148732,6.64
CNC(=O)c1cnn(-c2nc(N[C@H]3CCCO3)c3ncn([C@@H]4O[C@H](CO)[C@@H](O)[C@H]4O)c3n2)c1,CHEMBL232099,CHEMBL232099,1952327,CHEMBL1146258,6.14
OCc1cnn(-c2nc(Nc3ncc4ccccc4n3)c3ncn([C@@H]4O[C@H](CO)[C@@H](O)[C@H]4O)c3n2)c1,CHEMBL429619,CHEMBL429619,1952333,CHEMBL1146258,6.45
OCc1cnn(-c2nc(Nc3ccc4ccccc4n3)c3ncn([C@@H]4O[C@H](CO)[C@@H](O)[C@H]4O)c3n2)c1,CHEMBL232096,CHEMBL232096,1952335,CHEMBL1146258,6.62
Cn1c(=O)c2c(nc3n2CCCN3CCc2ccc(O)cc2)n(C)c1=O,CHEMBL441145,CHEMBL441145,1987438;16652714,CHEMBL1137492;CHEMBL3826885,6.2;6.52
Nc1nc2ccccc2n2c(=O)c(-c3ccccc3)nn12,CHEMBL236958,CHEMBL236958,1996052,CHEMBL1137613,6.87
O=C(NCc1ccccc1)Nc1nc2ccccc2n2c(=O)c(-c3ccccc3)nn12,CHEMBL398788,CHEMBL398788,1996056,CHEMBL1137613,6.92
O=C(Nc1cccc(Cl)c1)Nc1nc2ccccc2n2c(=O)c(-c3ccccc3)nn12,CHEMBL235935,CHEMBL235935,1996057,CHEMBL1137613,6.2
COc1ccc(NC(=O)Nc2nc3ccccc3n3c(=O)c(-c4ccccc4)nn23)cc1,CHEMBL235719,CHEMBL235719,1996058,CHEMBL1137613,6.58
O=C(Nc1ccccc1)Nc1nc2ccccc2n2c(=O)c(-c3ccccc3)nn12,CHEMBL235718,CHEMBL235718,1996059,CHEMBL1137613,6.34
Cc1ccc(-c2nn3c(N)nc4ccc(Cl)cc4n3c2=O)cc1,CHEMBL392136,CHEMBL392136,1996062,CHEMBL1137613,8.64
Nc1nc2ccc(Cl)cc2n2c(=O)c(-c3ccc(Cl)cc3)nn12,CHEMBL235076,CHEMBL235076,1996063,CHEMBL1137613,7.17
Nc1nc2ccc(Cl)cc2n2c(=O)c(-c3ccccc3)nn12,CHEMBL394064,CHEMBL394064,1996064,CHEMBL1137613,8.33
COc1ccc(-c2nn3c(N)nc4ccccc4n3c2=O)cc1,CHEMBL235075,CHEMBL235075,1996065,CHEMBL1137613,8.05
Cc1ccc(-c2nn3c(N)nc4ccccc4n3c2=O)cc1,CHEMBL394063,CHEMBL394063,1996066,CHEMBL1137613,7.3
Nc1nc2ccccc2n2c(=O)c(-c3ccc(Cl)cc3)nn12,CHEMBL397821,CHEMBL397821,1996067,CHEMBL1137613,6.31
Nc1nc2ccccc2n2c(=O)c(-c3ccc(F)cc3)nn12,CHEMBL235071,CHEMBL235071,1996068,CHEMBL1137613,7.7
CCCn1cnc2c1nc(N)n1nc(-c3ccco3)nc21,CHEMBL248298,CHEMBL248298,2019446,CHEMBL1139098,8.23
COCCOc1ccc(N2CCN(CCn3cnc4c3nc(N)n3nc(-c5cccc[n+]5[O-])nc43)CC2)cc1,CHEMBL392386,CHEMBL392386,2019448,CHEMBL1139098,7.05
COCCOc1ccc(N2CCN(CCn3cnc4c3nc(N)n3nc(-c5ccccn5)nc43)CC2)cc1,CHEMBL246675,CHEMBL246675,2019449;14645605,CHEMBL1139098;CHEMBL3259781,7.9;7.9
COCCOc1ccc(N2CCN(CCn3cnc4c3nc(N)n3nc(-c5ccccc5C)nc43)CC2)cc1,CHEMBL246674,CHEMBL246674,2019450,CHEMBL1139098,7.69
COCCOc1ccc(N2CCN(CCn3cnc4c3nc(N)n3nc(-c5ccccc5C(F)(F)F)nc43)CC2)cc1,CHEMBL247900,CHEMBL247900,2019451,CHEMBL1139098,8.0
COCCOc1ccc(N2CCN(CCn3cnc4c3nc(N)n3nc(-c5ccccc5F)nc43)CC2)cc1,CHEMBL246673,CHEMBL246673,2019452,CHEMBL1139098,8.03
COCCOc1ccc(N2CCN(CCn3cnc4c3nc(N)n3nc(-c5cccc(F)c5)nc43)CC2)cc1,CHEMBL246469,CHEMBL246469,2019453,CHEMBL1139098,8.7
COCCOc1ccc(N2CCN(CCn3cnc4c3nc(N)n3nc(-c5ccccc5)nc43)CC2)cc1,CHEMBL246468,CHEMBL246468,2019454,CHEMBL1139098,8.43
Nc1nc2c(ncn2CCN2CCN(c3ccc(Cl)cn3)CC2)c2nc(-c3ccco3)nn12,CHEMBL246467,CHEMBL246467,2019455,CHEMBL1139098,9.05
Cc1ccc(N2CCN(CCn3cnc4c3nc(N)n3nc(-c5ccco5)nc43)CC2)nc1,CHEMBL392169,CHEMBL392169,2019456,CHEMBL1139098,9.0
Nc1nc2c(ncn2CCN2CCN(c3nccs3)CC2)c2nc(-c3ccco3)nn12,CHEMBL246263,CHEMBL246263,2019457,CHEMBL1139098,8.77
Nc1nc2c(ncn2CCN2CCN(c3ncc(F)cn3)CC2)c2nc(-c3ccco3)nn12,CHEMBL246262,CHEMBL246262,2019458,CHEMBL1139098,8.85
Nc1nc2c(ncn2CCN2CCN(c3cccc(Cl)c3)CC2)c2nc(-c3ccco3)nn12,CHEMBL246261,CHEMBL246261,2019459,CHEMBL1139098,9.4
Nc1nc2c(ncn2CCN2CCN(c3ccc(Cl)cc3F)CC2)c2nc(-c3ccco3)nn12,CHEMBL246055,CHEMBL246055,2019460,CHEMBL1139098,9.52
Nc1nc2c(ncn2CCN2CCC(c3ccc(F)cc3)CC2)c2nc(-c3ccco3)nn12,CHEMBL392168,CHEMBL392168,2019461,CHEMBL1139098,9.05
COCCOc1ccc(C2CCN(CCn3cnc4c3nc(N)n3nc(-c5ccco5)nc43)CC2)cc1,CHEMBL246054,CHEMBL246054,2019462,CHEMBL1139098,9.15
Nc1nc2c(ncn2CCN2CCN(c3ccc(F)cc3F)CC2)c2nc(-c3ccco3)nn12,CHEMBL246053,CHEMBL246053,2019463,CHEMBL1139098,9.15
COCCOc1ccc(N2CCN(CCn3cnc4c3nc(N)n3nc(-c5ccco5)nc43)CC2)c(C(F)(F)F)c1,CHEMBL391953,CHEMBL391953,2019464,CHEMBL1139098,9.4
COCCOc1ccc(N2CCN(CCn3cnc4c3nc(N)n3nc(-c5ccco5)nc43)CC2)c(F)c1,CHEMBL245849,CHEMBL245849,2019465,CHEMBL1139098,9.1
COCCOc1ccc(N2CCN(CCn3cnc4c3nc(N)n3nc(-c5ccco5)nc43)CC2)cc1,CHEMBL395472,CHEMBL395472,2019466;14645604,CHEMBL1139098;CHEMBL3259781,9.05;9.05
COc1ccc(N2CCN(CCn3cnc4c3nc(N)n3nc(-c5ccco5)nc43)CC2)cc1,CHEMBL245848,CHEMBL245848,2019467;2563418,CHEMBL1139098;CHEMBL1155896,10.0;10.0
Nc1nc2c(ncn2Cc2ccccc2C(F)(F)F)c2nc(-c3ccco3)nn12,CHEMBL398083,CHEMBL398083,2019468,CHEMBL1139098,8.34
Nc1nc2c(ncn2Cc2ccccc2Cl)c2nc(-c3ccco3)nn12,CHEMBL245847,CHEMBL245847,2019469,CHEMBL1139098,8.77
Nc1nc2c(ncn2Cc2ccccc2Br)c2nc(-c3ccco3)nn12,CHEMBL245646,CHEMBL245646,2019470,CHEMBL1139098,8.34
Nc1nc2c(ncn2Cc2ccccc2)c2nc(-c3ccco3)nn12,CHEMBL245645,CHEMBL245645,2019471,CHEMBL1139098,8.82
Nc1nc2c(ncn2CCN2CCN(c3ccccc3)CC2)c2nc(-c3ccco3)nn12,CHEMBL248300,CHEMBL248300,2019472,CHEMBL1139098,8.77
Nc1nc2c(ncn2CCc2ccccc2)c2nc(-c3ccco3)nn12,CHEMBL398046,CHEMBL398046,2019473,CHEMBL1139098,8.39
Nc1nc2c(ncn2CCN2CCOCC2)c2nc(-c3ccco3)nn12,CHEMBL248299,CHEMBL248299,2019474,CHEMBL1139098,8.2
Nc1nc2c(cnn2CCN2CCN(c3ccccc3)CC2)c2nc(-c3ccco3)nn12,CHEMBL239817,CHEMBL239817,2019565,CHEMBL1139101,8.8
Nc1nc2c(cnn2CCN2CCN(c3c(F)cc(F)cc3F)CC2)c2nc(-c3ccco3)nn12,CHEMBL239809,CHEMBL239809,2019568,CHEMBL1139101,8.96
Nc1nc2c(cnn2CCN2CCN(c3ccc(F)c(F)c3F)CC2)c2nc(-c3ccco3)nn12,CHEMBL401242,CHEMBL401242,2019569,CHEMBL1139101,9.22
Nc1nc2c(cnn2CCN2CCN(c3ccc(F)c(F)c3)CC2)c2nc(-c3ccco3)nn12,CHEMBL241110,CHEMBL241110,2019570,CHEMBL1139101,8.85
Nc1nc2c(cnn2CCN2CCN(c3ccc(F)cc3F)CC2)c2nc(-c3ccco3)nn12,CHEMBL241109,CHEMBL241109,2019571,CHEMBL1139101,9.22
Nc1nc2c(cnn2CCN2CCN(c3ccccc3F)CC2)c2nc(-c3ccco3)nn12,CHEMBL400215,CHEMBL400215,2019572,CHEMBL1139101,9.22
Nc1nc2c(cnn2CCN2CCN(c3ccc(Cl)cc3)CC2)c2nc(-c3ccco3)nn12,CHEMBL240213,CHEMBL240213,2019573,CHEMBL1139101,9.3
Nc1nc2c(cnn2CCN2CCN(c3ccc(F)cc3)CC2)c2nc(-c3ccco3)nn12,CHEMBL240212,CHEMBL240212,2019574,CHEMBL1139101,9.0
N#Cc1ccc(N2CCN(CCn3ncc4c3nc(N)n3nc(-c5ccco5)nc43)CC2)cc1,CHEMBL240211,CHEMBL240211,2019575,CHEMBL1139101,8.68
CCOc1ccc(N2CCN(CCn3ncc4c3nc(N)n3nc(-c5ccco5)nc43)CC2)cc1,CHEMBL400214,CHEMBL400214,2019576,CHEMBL1139101,8.85
Nc1nc2c(cnn2CCN2CCN(c3ccc(O)cc3)CC2)c2nc(-c3ccco3)nn12,CHEMBL240030,CHEMBL240030,2019577;12659707,CHEMBL1139101;CHEMBL2321738,8.89;8.89
Nc1nc2c(cnn2CCN2CCN(c3ccc(OCCOC4CC4)cc3)CC2)c2nc(-c3ccco3)nn12,CHEMBL240847,CHEMBL240847,2019602,CHEMBL1139101,9.22
COCCCOc1ccc(N2CCN(CCn3ncc4c3nc(N)n3nc(-c5ccco5)nc43)CC2)cc1,CHEMBL240846,CHEMBL240846,2019603,CHEMBL1139101,9.22
C[S+]([O-])COc1ccc(N2CCN(CCn3ncc4c3nc(N)n3nc(-c5ccco5)nc43)CC2)cc1,CHEMBL240647,CHEMBL240647,2019604,CHEMBL1139101,8.66
CC(=O)COc1ccc(N2CCN(CCn3ncc4c3nc(N)n3nc(-c5ccco5)nc43)CC2)cc1,CHEMBL392475,CHEMBL392475,2019605,CHEMBL1139101,9.1
COC(C)COc1ccc(N2CCN(CCn3ncc4c3nc(N)n3nc(-c5ccco5)nc43)CC2)cc1,CHEMBL240626,CHEMBL240626,2019606,CHEMBL1139101,8.8
Nc1nc2c(cnn2CCN2CCN(c3ccc(OCCO)cc3)CC2)c2nc(-c3ccco3)nn12,CHEMBL240625,CHEMBL240625,2019607;12659706,CHEMBL1139101;CHEMBL2321738,9.22;9.22
COCCOc1ccc(N2CCN(CCn3ncc4c3nc(N)n3nc(-c5ccco5)nc43)CC2)c(F)c1,CHEMBL393410,CHEMBL393410,2019608,CHEMBL1139101,9.4
COCCOc1ccc(N2CCN(CCn3ncc4c3nc(N)n3nc(-c5ccco5)nc43)CC2)cc1,CHEMBL240624,CHEMBL240624,2019609;3424227;5207186;6284467;6284475;13299673;13863092;14645602;14645603;18694862;19125754;22757018;24354310;24710025;24772320;28831331,CHEMBL1139101;CHEMBL1221257;CHEMBL1671809;CHEMBL1800001;CHEMBL1800001;CHEMBL2380255;CHEMBL3098080;CHEMBL3259781;CHEMBL3259781;CHEMBL4251607;CHEMBL4373634;CHEMBL4699449;CHEMBL5032500;CHEMBL5108007;CHEMBL5126505;CHEMBL5729388,8.96;8.3;8.3;8.8;9.5;9.05;9.0;9.22;8.96;9.3;8.96;8.96;9.06;9.3;9.3;8.89
Nc1cc(-n2cccn2)nc(-c2ccco2)n1,CHEMBL399529,CHEMBL399529,2067944,CHEMBL1140734,8.54
O=C(CN1CCOCC1)Nc1cc(-n2cccn2)nc(-c2ccco2)n1,CHEMBL252345,CHEMBL252345,2067948,CHEMBL1140734,8.8
CN1CCN(CC(=O)Nc2cc(-n3cccn3)nc(-c3ccco3)n2)CC1,CHEMBL251975,CHEMBL251975,2067949;2117661;2398007,CHEMBL1140734;CHEMBL1142326;CHEMBL1152249,8.57;8.57;8.52
CN(C)CC(=O)Nc1cc(-n2cccn2)nc(-c2ccco2)n1,CHEMBL399577,CHEMBL399577,2067950,CHEMBL1140734,8.28
Cc1cc(C)n(-c2cc(NC(=O)CN3CCN(C)CC3)nc(-c3ccco3)n2)n1,CHEMBL252171,CHEMBL252171,2067951;2117677,CHEMBL1140734;CHEMBL1142326,8.7;8.7
CN1CCN(CC(=O)Nc2cc(-c3nccs3)nc(-c3ccco3)n2)CC1,CHEMBL398272,CHEMBL398272,2067952;2117678;2117708,CHEMBL1140734;CHEMBL1142326;CHEMBL1142326,9.05;9.05;6.99
Cn1c(=O)c2c(nc(/C=C/c3cccc(Cl)c3)n2C)n(C)c1=O,CHEMBL26138,CHEMBL26138,2077429;12629441;13299674,CHEMBL1141467;CHEMBL2311471;CHEMBL2380255,7.44;6.69;7.42
O=c1[nH]c2nc(-c3cnn(Cc4cccc(F)c4)c3)[nH]c2c(=O)n1CC1CC1,CHEMBL253252,CHEMBL253252,2078293,CHEMBL1141482,7.0
CC(=O)Nc1cc(-n2cccn2)nc(-c2ccco2)n1,CHEMBL401321,CHEMBL401321,2082348;2398009;2399625;14645631,CHEMBL1141544;CHEMBL1152249;CHEMBL1152277;CHEMBL3259781,9.22;9.22;9.22;9.22
Cc1ccc(-c2nc(NC(=O)CCc3ccccc3F)cc(-c3nccs3)n2)o1,CHEMBL255647,CHEMBL255647,2082351,CHEMBL1141544,7.8
Cc1ccc(-c2nc(NC(=O)COc3ccccc3F)cc(-c3nccs3)n2)o1,CHEMBL404739,CHEMBL404739,2082354,CHEMBL1141544,8.12
Cc1cc(OCC(=O)Nc2cc(-n3nc(C)cc3C)nc(-c3ccc(C)o3)n2)cc(C)n1,CHEMBL253528,CHEMBL253528,2082356,CHEMBL1141544,9.15
Cc1cc(C)nc(OCC(=O)Nc2cc(-n3nc(C)cc3C)nc(-c3ccc(C)o3)n2)n1,CHEMBL404864,CHEMBL404864,2082357,CHEMBL1141544,8.43
COc1cc(OCC(=O)Nc2cc(-n3nc(C)cc3C)nc(-c3ccc(C)o3)n2)ccc1CN(C)C,CHEMBL253317,CHEMBL253317,2082358,CHEMBL1141544,9.52
COc1cc(CN(C)C)ccc1OCC(=O)Nc1cc(-n2nc(C)cc2C)nc(-c2ccc(C)o2)n1,CHEMBL429125,CHEMBL429125,2082359,CHEMBL1141544,9.7
Cc1cc(C)n(-c2cc(NC(=O)COc3ccc(CN(C)C)cc3)nc(-c3ccc(C)o3)n2)n1,CHEMBL404863,CHEMBL404863,2082360,CHEMBL1141544,9.52
Cc1cc(C)n(-c2cc(NC(=O)COc3ccccc3CCN3CCOCC3)nc(-c3ccc(C)o3)n2)n1,CHEMBL256755,CHEMBL256755,2082361,CHEMBL1141544,8.92
COc1cccc(CN(C)C)c1OCC(=O)Nc1cc(-n2nc(C)cc2C)nc(-c2ccc(C)o2)n1,CHEMBL402781,CHEMBL402781,2082362,CHEMBL1141544,8.24
COc1ccc(OCC(=O)Nc2cc(-n3nc(C)cc3C)nc(-c3ccc(C)o3)n2)c(CN(C)C)c1,CHEMBL429850,CHEMBL429850,2082363,CHEMBL1141544,9.05
Cc1ccc(OCC(=O)Nc2cc(-n3nc(C)cc3C)nc(-c3ccc(C)o3)n2)c(CN(C)C)c1,CHEMBL256548,CHEMBL256548,2082364,CHEMBL1141544,9.0
Cc1cc(C)n(-c2cc(NC(=O)COc3ccccc3CN(C)C)nc(-c3ccc(C)o3)n2)n1,CHEMBL256547,CHEMBL256547,2082365,CHEMBL1141544,9.0
Cc1cc(C)n(-c2cc(NC(=O)COc3cccc(CCN4CCOCC4)c3)nc(-c3ccc(C)o3)n2)n1,CHEMBL256546,CHEMBL256546,2082366,CHEMBL1141544,8.64
Cc1cc(C)n(-c2cc(NC(=O)COc3cccc(CCN(C)C)c3)nc(-c3ccc(C)o3)n2)n1,CHEMBL403846,CHEMBL403846,2082367,CHEMBL1141544,9.3
Cc1cc(C)n(-c2cc(NC(=O)COc3cc(F)cc(CN4CCOCC4)c3)nc(-c3ccc(C)o3)n2)n1,CHEMBL256327,CHEMBL256327,2082368,CHEMBL1141544,8.85
Cc1cc(C)n(-c2cc(NC(=O)COc3cc(F)cc(CN4CCCC4)c3)nc(-c3ccc(C)o3)n2)n1,CHEMBL256332,CHEMBL256332,2082369,CHEMBL1141544,9.3
Cc1cc(C)n(-c2cc(NC(=O)COc3cc(F)cc(CN(C)C)c3)nc(-c3ccc(C)o3)n2)n1,CHEMBL256331,CHEMBL256331,2082370,CHEMBL1141544,9.3
Cc1cc(C)n(-c2cc(NC(=O)COc3cccc(CN)c3)nc(-c3ccc(C)o3)n2)n1,CHEMBL403845,CHEMBL403845,2082371;2082435,CHEMBL1141544;CHEMBL1141544,9.15;9.52
Cc1cc(C)n(-c2cc(NC(=O)COc3cccc(CN4CCOCC4)c3)nc(-c3ccc(C)o3)n2)n1,CHEMBL256125,CHEMBL256125,2082372,CHEMBL1141544,8.92
CCN(C)Cc1cccc(OCC(=O)Nc2cc(-n3nc(C)cc3C)nc(-c3ccc(C)o3)n2)c1,CHEMBL256124,CHEMBL256124,2082373;2082436,CHEMBL1141544;CHEMBL1141544,9.52;9.52
CCNCc1cccc(OCC(=O)Nc2cc(-n3nc(C)cc3C)nc(-c3ccc(C)o3)n2)c1,CHEMBL256123,CHEMBL256123,2082374;2082433,CHEMBL1141544;CHEMBL1141544,9.52;9.52
Cc1cc(C)n(-c2cc(NC(=O)COc3cccc(CN(C)C)c3)nc(-c3ccc(C)o3)n2)n1,CHEMBL401895,CHEMBL401895,2082375;14645633,CHEMBL1141544;CHEMBL3259781,9.4;9.4
N#Cc1cccc(OCC(=O)Nc2cc(-c3nccs3)nc(-c3ccccn3)n2)c1,CHEMBL255911,CHEMBL255911,2082376,CHEMBL1141544,8.74
O=C(COc1cccc(F)c1)Nc1cc(-c2nccs2)nc(-c2ccccn2)n1,CHEMBL255699,CHEMBL255699,2082377,CHEMBL1141544,8.44
Cc1cc(C)n(-c2cc(NC(=O)COc3cccc(F)c3)nc(-c3ccc(C)o3)n2)n1,CHEMBL255267,CHEMBL255267,2082379,CHEMBL1141544,8.43
Cc1ccc(OCC(=O)Nc2cc(-c3nccs3)nc(-c3ccc(C)o3)n2)cc1,CHEMBL404744,CHEMBL404744,2082380,CHEMBL1141544,7.44
Cc1ccc(-c2nc(NC(=O)COc3cccc(Cl)c3)cc(-c3nccs3)n2)o1,CHEMBL255861,CHEMBL255861,2082381,CHEMBL1141544,7.85
Cc1ccc(-c2nc(NC(=O)COc3cccc(C#N)c3)cc(-c3nccs3)n2)o1,CHEMBL255860,CHEMBL255860,2082382,CHEMBL1141544,8.17
Cc1ccc(-c2nc(NC(=O)COc3cccc(F)c3)cc(-c3nccs3)n2)o1,CHEMBL255859,CHEMBL255859,2082384,CHEMBL1141544,7.96
Cc1ccc(-c2nc(NC(=O)COc3ccccc3)cc(-c3nccs3)n2)o1,CHEMBL255649,CHEMBL255649,2082385,CHEMBL1141544,8.13
CN1C(=O)C2Nc3cccnc3C2N(C)C1=O,CHEMBL405696,CHEMBL405696,2082927,CHEMBL1142932,6.05
CCNC(=O)[C@H]1O[C@@H](n2cnc3c(NCC(c4ccccc4)c4ccccc4)nc(NCCC4CCCCC4)nc32)[C@H](O)[C@@H]1O,CHEMBL404123,CHEMBL404123,2104580,CHEMBL1141649,6.0
CCNC(=O)[C@H]1O[C@@H](n2cnc3c(NCC(c4ccccc4)c4ccccc4)nc(C(=O)NCCN4CCCCC4)nc32)[C@H](O)[C@@H]1O,CHEMBL403478,CHEMBL403478,2104581,CHEMBL1141649,8.05
CCNC(=O)[C@H]1O[C@@H](n2cnc3c(NCC(c4ccccc4)c4ccccc4)nc(CNC(=O)NCCN(C(C)C)C(C)C)nc32)[C@H](O)[C@@H]1O,CHEMBL257213,CHEMBL257213,2104582,CHEMBL1141649,7.96
CCNC(=O)[C@H]1O[C@@H](n2cnc3c(NCC(c4ccccc4)c4ccccc4)nc(CNC(=O)NCCN4CCCCC4)nc32)[C@H](O)[C@@H]1O,CHEMBL401914,CHEMBL401914,2104583;3269679,CHEMBL1141649;CHEMBL1157002,7.77;7.77
O=C(NCCN1CCCCC1)c1nc(NCC(c2ccccc2)c2ccccc2)c2ncn([C@@H]3O[C@H](CO)[C@@H](O)[C@H]3O)c2n1,CHEMBL256467,CHEMBL256467,2104584;3269678;8031720,CHEMBL1141649;CHEMBL1157002;CHEMBL1949672,7.19;7.19;7.7
COC[C@H]1O[C@@H](n2cnc3c(NCC(c4ccccc4)c4ccccc4)nc(CNC4CCCCC4)nc32)[C@H](O)[C@@H]1O,CHEMBL401571,CHEMBL401571,2104585,CHEMBL1141649,7.0
COC[C@H]1O[C@@H](n2cnc3c(NCC(c4ccccc4)c4ccccc4)nc(CCNC4CCCCC4)nc32)[C@H](O)[C@@H]1O,CHEMBL257429,CHEMBL257429,2104586,CHEMBL1141649,7.55
COC[C@H]1O[C@@H](n2cnc3c(NCC(c4ccccc4)c4ccccc4)nc(NCCN4CCCCC4)nc32)[C@H](O)[C@@H]1O,CHEMBL270378,CHEMBL270378,2104587,CHEMBL1141649,7.22
COC[C@H]1O[C@@H](n2cnc3c(NCC(c4ccccc4)c4ccccc4)nc(NCCC4CCCCC4)nc32)[C@H](O)[C@@H]1O,CHEMBL404521,CHEMBL404521,2104588,CHEMBL1141649,6.0
CCNC(=O)[C@H]1O[C@@H](n2cnc3c(NCC(c4ccccc4)c4ccccc4)nc(CNC(=O)NCCN(C4CCCCC4)C(C)(C)C)nc32)[C@H](O)[C@@H]1O,CHEMBL256489,CHEMBL256489,2104589,CHEMBL1141649,7.48
CCNC(=O)[C@H]1O[C@@H](n2cnc3c(NCC(c4ccccc4)c4ccccc4)nc(CNC(=O)NCCN(C(C)C)C4CCCC4)nc32)[C@H](O)[C@@H]1O,CHEMBL272761,CHEMBL272761,2104590;3269677,CHEMBL1141649;CHEMBL1157002,8.22;8.22
COc1ccc(CC(=O)Nc2cc(-n3nc(C)cc3C)nc(-c3ccc(C)o3)n2)cc1,CHEMBL428072,CHEMBL428072,2107055,CHEMBL1142297,8.4
Cc1cc(C)n(-c2cc(NC(=O)Cc3ccc(CN4CCOCC4)cc3)nc(-c3ccc(C)o3)n2)n1,CHEMBL255951,CHEMBL255951,2107057,CHEMBL1142297,9.1
Cc1cc(C)n(-c2cc(NC(=O)Cc3ccc(CN(C)C)cc3)nc(-c3ccc(C)o3)n2)n1,CHEMBL255739,CHEMBL255739,2107058,CHEMBL1142297,9.7
Cc1cc(C)n(-c2cc(NC(=O)Cc3ccc(N(C)C)cc3)nc(-c3ccc(C)o3)n2)n1,CHEMBL402398,CHEMBL402398,2107059,CHEMBL1142297,8.7
Cc1cc(C)n(-c2cc(NC(=O)Cc3ccc(NS(C)(=O)=O)cc3)nc(-c3ccc(C)o3)n2)n1,CHEMBL257417,CHEMBL257417,2107060,CHEMBL1142297,8.3
COc1ccc(CC(=O)Nc2cc(-n3nc(C)cc3C)nc(-c3ccc(C)o3)n2)cc1C,CHEMBL401865,CHEMBL401865,2107061,CHEMBL1142297,8.52
COc1ccc(CC(=O)Nc2cc(-n3nc(C)cc3C)nc(-c3ccc(C)o3)n2)cc1F,CHEMBL270880,CHEMBL270880,2107062,CHEMBL1142297,8.52
Cc1cc(C)n(-c2cc(NC(=O)Cc3ccc(F)c(F)c3)nc(-c3ccc(C)o3)n2)n1,CHEMBL255569,CHEMBL255569,2107063,CHEMBL1142297,8.3
Cc1cc(C)n(-c2cc(NC(=O)Cc3cc(F)cc(F)c3)nc(-c3ccc(C)o3)n2)n1,CHEMBL271055,CHEMBL271055,2107064,CHEMBL1142297,8.3
COc1cc(CC(=O)Nc2cc(-n3nc(C)cc3C)nc(-c3ccc(C)o3)n2)cc(OC)c1,CHEMBL257670,CHEMBL257670,2107065,CHEMBL1142297,8.7
COc1ccc(CC(=O)Nc2cc(-n3nc(C)cc3C)nc(-c3ccc(C)o3)n2)cc1OC,CHEMBL404193,CHEMBL404193,2107066,CHEMBL1142297,8.7
Cc1cc(C)n(-c2cc(NC(=O)Cc3ccc(S(C)(=O)=O)cc3)nc(-c3ccccn3)n2)n1,CHEMBL270654,CHEMBL270654,2107077;2107103,CHEMBL1142297;CHEMBL1142297,9.0;7.0
Cc1cc(C)cc(CC(=O)Nc2cc(-n3nc(C)cc3C)nc(-c3ccccn3)n2)c1,CHEMBL429420,CHEMBL429420,2107078,CHEMBL1142297,8.52
CCOc1ccc(CC(=O)Nc2cc(-n3nc(C)cc3C)nc(-c3ccccn3)n2)cc1OC,CHEMBL270655,CHEMBL270655,2107079,CHEMBL1142297,9.0
COc1cc(CC(=O)Nc2cc(-n3nc(C)cc3C)nc(-c3ccccn3)n2)cc(OC)c1,CHEMBL403525,CHEMBL403525,2107080,CHEMBL1142297,9.0
COc1ccc(CC(=O)Nc2cc(-c3nccs3)nc(-c3ccccn3)n2)cc1,CHEMBL256382,CHEMBL256382,2107081,CHEMBL1142297,9.0
COc1ccc(CC(=O)Nc2cc(-n3nc(C)cc3C)nc(-c3ccccn3)n2)cc1,CHEMBL402071,CHEMBL402071,2107082,CHEMBL1142297,9.0
COc1ccc(CC(=O)Nc2cc(-c3nccs3)nc(-c3ccc(C)o3)n2)cc1,CHEMBL409700,CHEMBL409700,2107083,CHEMBL1142297,8.22
COc1ccc(CC(=O)Nc2cc(-n3cccn3)nc(-c3ccc(C)o3)n2)cc1,CHEMBL272924,CHEMBL272924,2107084,CHEMBL1142297,8.0
CCCOc1cc(NC(=O)CC)nc(SCCC)n1,CHEMBL271753,CHEMBL271753,2110397,CHEMBL1143166,7.15
CCCOc1cc(NC(=O)CC)nc(SC)n1,CHEMBL406727,CHEMBL406727,2110398,CHEMBL1143166,6.4
Cc1cc(C)n(-c2cc(NC(=O)CN3CCN(C)CC3)nc(-c3nccs3)n2)n1,CHEMBL271202,CHEMBL271202,2117664;14645632,CHEMBL1142326;CHEMBL3259781,8.05;8.05
Cc1cc(C)n(-c2cc(NC(=O)CN3CCN(C)CC3)nc(-c3ccccn3)n2)n1,CHEMBL409711,CHEMBL409711,2117665,CHEMBL1142326,7.59
CN1CCN(CC(=O)Nc2cc(-n3cccn3)nc(-c3ccccn3)n2)CC1,CHEMBL409934,CHEMBL409934,2117666,CHEMBL1142326,7.27
CN1CCN(CC(=O)Nc2cc(-n3cccn3)nc(-c3nccs3)n2)CC1,CHEMBL271377,CHEMBL271377,2117667,CHEMBL1142326,7.77
Cc1cc(C)n(-c2nc(NC(=O)CN3CCN(C)CC3)cc(-c3ocnc3C)n2)n1,CHEMBL272889,CHEMBL272889,2117668,CHEMBL1142326,6.72
Cc1cc(C)n(-c2nc(NC(=O)CN3CCN(C)CC3)cc(-c3cnco3)n2)n1,CHEMBL407711,CHEMBL407711,2117669,CHEMBL1142326,6.0
Cc1cc(C)n(-c2nc(NC(=O)CN3CCN(C)CC3)cc(-c3nccs3)n2)n1,CHEMBL270761,CHEMBL270761,2117670;2398010,CHEMBL1142326;CHEMBL1152249,7.57;7.57
CN1CCN(CC(=O)Nc2cc(-n3cccn3)nc(-n3cccn3)n2)CC1,CHEMBL270715,CHEMBL270715,2117671,CHEMBL1142326,6.88
CN1CCN(CC(=O)Nc2cc(-c3ccccn3)nc(-c3cccs3)n2)CC1,CHEMBL270136,CHEMBL270136,2117672,CHEMBL1142326,7.62
Cc1ccc(-c2nc(NC(=O)CN3CCN(C)CC3)cc(-c3nccs3)n2)o1,CHEMBL272669,CHEMBL272669,2117673,CHEMBL1142326,7.29
Cc1cc(C)n(-c2cc(NC(=O)CN3CCN(C)CC3)nc(-c3ccc(C)o3)n2)n1,CHEMBL270467,CHEMBL270467,2117674;2117709;2399623,CHEMBL1142326;CHEMBL1142327;CHEMBL1152277,7.92;7.92;7.92
Cc1ccc(-c2nc(NC(=O)CN3CCN(C)CC3)cc(-n3nccc3C)n2)o1,CHEMBL272825,CHEMBL272825,2117675,CHEMBL1142326,7.85
Cc1ccc(-c2nc(NC(=O)CN3CCN(C)CC3)cc(-n3cccn3)n2)o1,CHEMBL409112,CHEMBL409112,2117676,CHEMBL1142326,6.87
Cc1cc(C)n(-c2cc(NC(=O)CCN3CC[C@H](N(C)C)C3)nc(-c3ccc(C)o3)n2)n1,CHEMBL270314,CHEMBL270314,2117714,CHEMBL1142327,8.62
Cc1cc(C)n(-c2cc(NC(=O)CCN(C)C)nc(-c3ccc(C)o3)n2)n1,CHEMBL410234,CHEMBL410234,2117715,CHEMBL1142327,8.68
Cc1cc(C)n(-c2cc(NC(=O)CN3CC[C@@H](CN(C)C)C3)nc(-c3ccc(C)o3)n2)n1,CHEMBL272637,CHEMBL272637,2117716,CHEMBL1142327,8.68
Cc1cc(C)n(-c2cc(NC(=O)CN3CC[C@H](CN(C)C)C3)nc(-c3ccc(C)o3)n2)n1,CHEMBL429761,CHEMBL429761,2117717,CHEMBL1142327,7.96
CCN(CC)[C@H]1CCN(CC(=O)Nc2cc(-n3nc(C)cc3C)nc(-c3ccc(C)o3)n2)C1,CHEMBL429575,CHEMBL429575,2117718,CHEMBL1142327,8.36
CCN[C@H]1CCN(CC(=O)Nc2cc(-n3nc(C)cc3C)nc(-c3ccc(C)o3)n2)C1,CHEMBL409229,CHEMBL409229,2117719,CHEMBL1142327,8.6
CCN[C@@H]1CCN(CC(=O)Nc2cc(-n3nc(C)cc3C)nc(-c3ccc(C)o3)n2)C1,CHEMBL259038,CHEMBL259038,2117720,CHEMBL1142327,8.42
Cc1cc(C)n(-c2cc(NC(=O)CN3CC[C@H](OC(C)C)C3)nc(-c3ccc(C)o3)n2)n1,CHEMBL409230,CHEMBL409230,2117721,CHEMBL1142327,7.07
Cc1cc(C)n(-c2cc(NC(=O)CN3CC[C@@H](N(C)C)C3)nc(-c3ccc(C)o3)n2)n1,CHEMBL270355,CHEMBL270355,2117722,CHEMBL1142327,8.4
Cc1cc(C)n(-c2cc(NC(=O)CN3CC[C@H](N(C)C)C3)nc(-c3ccc(C)o3)n2)n1,CHEMBL271606,CHEMBL271606,2117723,CHEMBL1142327,8.43
Cc1cc(C)n(-c2cc(NC(=O)CN3CCCC3)nc(-c3ccc(C)o3)n2)n1,CHEMBL406397,CHEMBL406397,2117724,CHEMBL1142327,8.07
Cc1cc(C)n(-c2cc(NC(=O)CC3CCN(C)CC3)nc(-c3ccc(C)o3)n2)n1,CHEMBL272679,CHEMBL272679,2117725,CHEMBL1142327,8.27
COC1CCN(CC(=O)Nc2cc(-n3nc(C)cc3C)nc(-c3ccc(C)o3)n2)CC1,CHEMBL271786,CHEMBL271786,2117726,CHEMBL1142327,7.82
Cc1cc(C)n(-c2cc(NC(=O)CN3CCCOCC3)nc(-c3ccc(C)o3)n2)n1,CHEMBL406921,CHEMBL406921,2117727,CHEMBL1142327,8.22
Cc1cc(C)n(-c2cc(NC(=O)CN3CCOCC3)nc(-c3ccc(C)o3)n2)n1,CHEMBL261176,CHEMBL261176,2117728,CHEMBL1142327,8.24
CC(=O)N1CCN(CC(=O)Nc2cc(-n3nc(C)cc3C)nc(-c3ccc(C)o3)n2)CC1,CHEMBL261177,CHEMBL261177,2117729,CHEMBL1142327,8.44
Cc1cc(C)n(-c2cc(NC(=O)CN3CCC(CN(C)C)CC3)nc(-c3ccc(C)o3)n2)n1,CHEMBL409459,CHEMBL409459,2117730,CHEMBL1142327,8.54
Cc1cc(C)n(-c2cc(NC(=O)CN3CCC[C@@H](CN(C)C)C3)nc(-c3ccc(C)o3)n2)n1,CHEMBL409460,CHEMBL409460,2117731,CHEMBL1142327,8.82
Cc1cc(C)n(-c2cc(NC(=O)CN3CCC[C@H](CN(C)C)C3)nc(-c3ccc(C)o3)n2)n1,CHEMBL429428,CHEMBL429428,2117732,CHEMBL1142327,8.0
Cc1cc(C)n(-c2cc(NC(=O)CN3CCCN(C)CC3)nc(-c3ccc(C)o3)n2)n1,CHEMBL409419,CHEMBL409419,2117733,CHEMBL1142327,8.0
CCN1CCN(CC(=O)Nc2cc(-n3nc(C)cc3C)nc(-c3ccc(C)o3)n2)CC1,CHEMBL409420,CHEMBL409420,2117772,CHEMBL1142327,7.96
Cc1ccc(N2CCN(C(=O)C(C)Oc3ccc(-c4cc5c([nH]4)c(=O)n(C)c(=O)n5C)cc3)CC2)cc1,CHEMBL260692,CHEMBL260692,2140799,CHEMBL1143979,6.41
Cn1c(=O)c2[nH]c(-c3ccc(OCC(=O)N4CCN(c5ccc(F)cc5)CC4)cc3)cc2n(C)c1=O,CHEMBL259733,CHEMBL259733,2140883,CHEMBL1143979,6.49
CC(Oc1ccc(-c2cc3c([nH]2)c(=O)n(C)c(=O)n3C)cc1)C(=O)N1CCN(c2ccc(Br)cc2)CC1,CHEMBL261068,CHEMBL261068,2140884,CHEMBL1143979,6.57
Cn1c(=O)c2[nH]c(-c3ccc(OCC(=O)N4CCN(c5ccc(C#N)cc5)CC4)cc3)cc2n(C)c1=O,CHEMBL410297,CHEMBL410297,2140885,CHEMBL1143979,6.45
Cn1c(=O)c2[nH]c(-c3ccc(OCC(=O)N4CCN(c5ccccc5Cl)CC4)cc3)cc2n(C)c1=O,CHEMBL262333,CHEMBL262333,2140886,CHEMBL1143979,6.45
Cn1c(=O)c2[nH]c(-c3ccc(OCC(=O)N4CCN(c5ccccc5)CC4)cc3)cc2n(C)c1=O,CHEMBL262332,CHEMBL262332,2140887,CHEMBL1143979,6.97
Cn1c(=O)c2[nH]c(-c3ccc(OCC(=O)N4CCN(c5ccc(C(F)(F)F)cc5)CC4)cc3)cc2n(C)c1=O,CHEMBL412063,CHEMBL412063,2140888,CHEMBL1143979,6.88
Cn1c(=O)c2[nH]c(-c3ccc(OCC(=O)N4CCN(c5nc6cc(Cl)ccc6s5)CC4)cc3)cc2n(C)c1=O,CHEMBL440418,CHEMBL440418,2140889,CHEMBL1143979,6.74
Cn1c(=O)c2[nH]c(-c3ccc(OCC(=O)N4CCN(c5ccc(Br)cc5)CC4)cc3)cc2n(C)c1=O,CHEMBL411075,CHEMBL411075,2140890,CHEMBL1143979,6.94
Cn1c(=O)c2[nH]c(-c3ccc(OCC(=O)N4CCN(c5ccc(Cl)cc5)CC4)cc3)cc2n(C)c1=O,CHEMBL261056,CHEMBL261056,2140891,CHEMBL1143979,6.4
Cn1c(=O)c2[nH]c(-c3ccc(OCC(=O)N4CCN(c5cccc(Cl)c5)CC4)cc3)cc2n(C)c1=O,CHEMBL260693,CHEMBL260693,2140892,CHEMBL1143979,6.81
CCCn1c(=O)c2[nH]c(-c3ccc(OCC(=O)N4CCN(c5cccc(Cl)c5)CC4)cc3)cc2n(CCC)c1=O,CHEMBL260051,CHEMBL260051,2141007,CHEMBL1143979,6.94
CN1CCN(C(=O)COc2ccc(-c3cc4c([nH]3)c(=O)n(C)c(=O)n4C)cc2)CC1,CHEMBL427602,CHEMBL427602,2141008,CHEMBL1143979,6.1
CC(Oc1ccc(-c2cc3c([nH]2)c(=O)n(C)c(=O)n3C)cc1)C(=O)N1CCN(c2ccccc2Cl)CC1,CHEMBL412275,CHEMBL412275,2141009,CHEMBL1143979,6.13
Cn1c(=O)c2[nH]c(-c3ccc(OCC(=O)N4CCN(c5ccccn5)CC4)cc3)cc2n(C)c1=O,CHEMBL260495,CHEMBL260495,2141010,CHEMBL1143979,6.15
Cn1c(=O)c2[nH]c(-c3ccc(OC(C)(C)C(=O)N4CCN(c5ccccc5)CC4)cc3)cc2n(C)c1=O,CHEMBL411720,CHEMBL411720,2141015,CHEMBL1143979,6.76
Cn1c(=O)c2[nH]c(-c3ccc(OCC(=O)N4CCN(c5ccc(O)cc5)CC4)cc3)cc2n(C)c1=O,CHEMBL409725,CHEMBL409725,2141016,CHEMBL1143979,6.21
CC(Oc1ccc(-c2cc3c([nH]2)c(=O)n(C)c(=O)n3C)cc1)C(=O)N1CCN(c2ccccc2)CC1,CHEMBL409726,CHEMBL409726,2141017,CHEMBL1143979,6.45
Cn1c(=O)c2[nH]c(-c3ccc(OCC(=O)N4CCN(c5ncccn5)CC4)cc3)cc2n(C)c1=O,CHEMBL263895,CHEMBL263895,2141018,CHEMBL1143979,6.38
COc1ccc(N2CCN(C(=O)COc3ccc(-c4cc5c([nH]4)c(=O)n(C)c(=O)n5C)cc3)CC2)cc1,CHEMBL259529,CHEMBL259529,2141019,CHEMBL1143979,6.77
Cn1c(=O)c2[nH]c(-c3ccc(OCC(=O)N4CCN(c5c(Cl)cncc5Cl)CC4)cc3)cc2n(C)c1=O,CHEMBL258568,CHEMBL258568,2141020,CHEMBL1143979,6.49
CCCn1c(=O)n(C)c(=O)c2[nH]c(-c3ccc(OCC(=O)N4CCN(c5ccc(C(F)(F)F)cc5)CC4)cc3)cc21,CHEMBL412112,CHEMBL412112,2141052,CHEMBL1143979,6.49
CCCn1c(=O)c2[nH]c(-c3ccc(OCC(=O)N4CCN(C(=O)OCc5ccccc5)CC4)cc3)cc2n(CCC)c1=O,CHEMBL260433,CHEMBL260433,2141054,CHEMBL1143979,6.82
CCCn1c(=O)c2[nH]c(-c3ccc(OC(C)(C)C(=O)N4CCN(c5ccccc5)CC4)cc3)cc2n(CCC)c1=O,CHEMBL407179,CHEMBL407179,2141055,CHEMBL1143979,6.58
CCCn1c(=O)c2[nH]c(-c3ccc(OCC(=O)N4CCN(C(=O)Oc5ccccc5)CC4)cc3)cc2n(CCC)c1=O,CHEMBL261792,CHEMBL261792,2141056,CHEMBL1143979,6.81
CCCn1c(=O)c2[nH]c(-c3ccc(OCC(=O)N4CCN(c5nc6ccc(Cl)cc6s5)CC4)cc3)cc2n(CCC)c1=O,CHEMBL402474,CHEMBL402474,2141057,CHEMBL1143979,6.09
CCCn1c(=O)c2[nH]c(-c3ccc(OCC(=O)N4CCN(c5c(Cl)cncc5Cl)CC4)cc3)cc2n(CCC)c1=O,CHEMBL258979,CHEMBL258979,2141058,CHEMBL1143979,7.13
CCCn1c(=O)c2[nH]c(-c3ccc(OCC(=O)N4CCN(c5ccccc5Cl)CC4)cc3)cc2n(CCC)c1=O,CHEMBL259870,CHEMBL259870,2141059,CHEMBL1143979,7.42
CCCn1c(=O)c2[nH]c(-c3ccc(OC(C)C(=O)N4CCN(c5ccccc5)CC4)cc3)cc2n(CCC)c1=O,CHEMBL259871,CHEMBL259871,2141060,CHEMBL1143979,6.62
CCCn1c(=O)c2[nH]c(-c3ccc(OCC(=O)N4CCN(Cc5ccccc5)CC4)cc3)cc2n(CCC)c1=O,CHEMBL409514,CHEMBL409514,2141061;2472371,CHEMBL1143979;CHEMBL1142545,6.59;6.59
CCCn1c(=O)c2[nH]c(-c3ccc(OCC(=O)N4CCN(c5ccccc5)CC4)cc3)cc2n(CCC)c1=O,CHEMBL259057,CHEMBL259057,2141062,CHEMBL1143979,6.79
CCCn1c(=O)c2[nH]c(-c3ccc(OCC(=O)N4CCN(c5ccc(C(F)(F)F)cc5)CC4)cc3)cc2n(CCC)c1=O,CHEMBL260221,CHEMBL260221,2141063,CHEMBL1143979,6.76
CCCn1c(=O)c2[nH]c(-c3ccc(OCC(=O)N4CCN(c5ccccc5Cl)CC4)cc3)cc2n(C)c1=O,CHEMBL411275,CHEMBL411275,2141093,CHEMBL1143979,6.65
CCCn1c(=O)n(C)c(=O)c2[nH]c(-c3ccc(OCC(=O)N4CCN(c5ccccc5)CC4)cc3)cc21,CHEMBL259056,CHEMBL259056,2141094,CHEMBL1143979,6.15
CCn1c(=O)c2[nH]c(-c3ccc(OCC(=O)N4CCN(c5ccccc5)CC4)cc3)cc2n(CC)c1=O,CHEMBL409481,CHEMBL409481,2141095,CHEMBL1143979,6.16
CCCn1c(=O)n(C)c(=O)c2[nH]c(-c3ccc(OCC(=O)N4CCN(c5ccc(F)cc5)CC4)cc3)cc21,CHEMBL259580,CHEMBL259580,2141096,CHEMBL1143979,6.33
CCCn1c(=O)c2[nH]c(-c3ccc(OCC(=O)N4CCN(c5ccccc5)CC4)cc3)cc2n(C)c1=O,CHEMBL259581,CHEMBL259581,2141098,CHEMBL1143979,6.5
O=C(COc1ccc(-c2cc3c([nH]2)c(=O)n(CC2CC2)c(=O)n3CC2CC2)cc1)N1CCN(c2ccccc2)CC1,CHEMBL408048,CHEMBL408048,2141099,CHEMBL1143979,7.31
CCCn1c(=O)n(C)c(=O)c2[nH]c(-c3ccc(OCC(=O)N4CCN(c5cccc(Cl)c5)CC4)cc3)cc21,CHEMBL409443,CHEMBL409443,2141100,CHEMBL1143979,6.32
CCCn1c(=O)n(C)c(=O)c2[nH]c(-c3ccc(OCC(=O)N4CCN(c5nc6ccc(Cl)cc6s5)CC4)cc3)cc21,CHEMBL407202,CHEMBL407202,2141101,CHEMBL1143979,6.2
COCCn1c(=O)c2[nH]c(-c3ccc(OCC(=O)N4CCN(c5ccccc5)CC4)cc3)cc2n(CCOC)c1=O,CHEMBL261212,CHEMBL261212,2141102,CHEMBL1143979,6.4
CCCn1c(=O)n(C)c(=O)c2[nH]c(-c3ccc(OCC(=O)N4CCN(c5c(Cl)cncc5Cl)CC4)cc3)cc21,CHEMBL258948,CHEMBL258948,2141103,CHEMBL1143979,6.19
CCCn1c(=O)n(C)c(=O)c2[nH]c(-c3ccc(OC(C)(C)C(=O)N4CCN(c5ccccc5)CC4)cc3)cc21,CHEMBL428604,CHEMBL428604,2141104,CHEMBL1143979,6.25
COc1ccc(C2CCN(C(=O)COc3ccc(-c4cc5c([nH]4)c(=O)n(C)c(=O)n5C)cc3OC)CC2)cc1,CHEMBL260179,CHEMBL260179,2141133,CHEMBL1143979,6.06
CCCn1c(=O)c2[nH]c(-c3ccc(OCC(=O)N4CCC(c5ccccc5)CC4)cc3)cc2n(CCC)c1=O,CHEMBL260180,CHEMBL260180,2141135,CHEMBL1143979,6.23
Cn1c(=O)c2[nH]c(-c3ccc(OCC(=O)N4CCC(c5ccccc5)CC4)cc3)cc2n(C)c1=O,CHEMBL259869,CHEMBL259869,2141137,CHEMBL1143979,6.1
Cn1c(=O)c2[nH]c(-c3ccc(OCC(=O)N4CCC(C(=O)c5ccc(F)cc5)CC4)cc3)cc2n(C)c1=O,CHEMBL258810,CHEMBL258810,2141138,CHEMBL1143979,6.52
CCCn1c(=O)n(C)c(=O)c2[nH]c(-c3ccc(OCC(=O)N4CCC(c5ccccc5OC)CC4)cc3)cc21,CHEMBL259151,CHEMBL259151,2141140,CHEMBL1143979,6.39
Cn1c(=O)c2[nH]c(-c3ccc(OCC(=O)N4CCC(O)(c5ccc(Cl)cc5)CC4)cc3)cc2n(C)c1=O,CHEMBL259360,CHEMBL259360,2141142,CHEMBL1143979,6.49
CCCn1c(=O)n(C)c(=O)c2[nH]c(-c3ccc(OCC(=O)N4CCC(c5ccc(OC)cc5)CC4)cc3)cc21,CHEMBL429512,CHEMBL429512,2141156,CHEMBL1143979,6.4
CCCn1c(=O)n(C)c(=O)c2[nH]c(-c3ccc(OCC(=O)N4CCc5ccccc5C4)cc3)cc21,CHEMBL408185,CHEMBL408185,2141178;2141181,CHEMBL1143979;CHEMBL1143979,6.68;6.0
O=C(COc1ccc(-c2cc3c([nH]2)c(=O)n(CC2CC2)c(=O)n3CC2CC2)cc1)N1CCc2ccccc2C1,CHEMBL259104,CHEMBL259104,2141179,CHEMBL1143979,6.62
Cn1c(=O)c2[nH]c(-c3ccc(OCC(=O)N4CCc5ccccc5C4)cc3)cc2n(C)c1=O,CHEMBL259105,CHEMBL259105,2141180,CHEMBL1143979,6.37
CCCn1c(=O)c2[nH]c(-c3ccc(OC(C)C(=O)N4CCc5ccccc5C4)cc3)cc2n(CCC)c1=O,CHEMBL412293,CHEMBL412293,2141182,CHEMBL1143979,6.8
CCCn1c(=O)c2[nH]c(-c3ccc(OCC(=O)N4CCc5ccccc5C4)cc3)cc2n(CCC)c1=O,CHEMBL258978,CHEMBL258978,2141183,CHEMBL1143979,7.03
Nc1nc2ccccc2n2nc(-c3ccco3)nc12,CHEMBL261345,CHEMBL261345,2141802,CHEMBL1143971,7.95
O=C(Nc1nc2ccccc2n2nc(-c3ccco3)nc12)c1ccco1,CHEMBL263370,CHEMBL263370,2141826,CHEMBL1143971,6.4
O=C(CCc1ccccc1)Nc1nc2ccccc2n2nc(-c3ccco3)nc12,CHEMBL263372,CHEMBL263372,2141827,CHEMBL1143971,7.2
O=C(Cc1ccccc1)Nc1nc2ccccc2n2nc(-c3ccco3)nc12,CHEMBL411319,CHEMBL411319,2141828,CHEMBL1143971,6.8
CC(=O)Nc1nc2ccccc2n2nc(-c3ccco3)nc12,CHEMBL411482,CHEMBL411482,2141829,CHEMBL1143971,6.7
c1coc(-c2nc3c(OCc4ccoc4)nc4ccccc4n3n2)c1,CHEMBL259430,CHEMBL259430,2141830,CHEMBL1143971,6.24
COc1nc2ccccc2n2nc(-c3ccco3)nc12,CHEMBL406807,CHEMBL406807,2141831,CHEMBL1143971,6.4
OCCN(CCO)c1nc2ccccc2n2nc(-c3ccco3)nc12,CHEMBL262089,CHEMBL262089,2141832,CHEMBL1143971,6.96
CCN(CC)c1nc2ccccc2n2nc(-c3ccco3)nc12,CHEMBL262353,CHEMBL262353,2141833,CHEMBL1143971,6.4
CN(C)c1nc2ccccc2n2nc(-c3ccco3)nc12,CHEMBL262352,CHEMBL262352,2141834,CHEMBL1143971,6.51
COCCCNc1nc2ccccc2n2nc(-c3ccco3)nc12,CHEMBL258848,CHEMBL258848,2141835,CHEMBL1143971,6.43
CC(O)CNc1nc2ccccc2n2nc(-c3ccco3)nc12,CHEMBL259178,CHEMBL259178,2141837,CHEMBL1143971,7.32
OCCNc1nc2ccccc2n2nc(-c3ccco3)nc12,CHEMBL405868,CHEMBL405868,2141838,CHEMBL1143971,7.2
c1ccc(CCNc2nc3ccccc3n3nc(-c4ccco4)nc23)cc1,CHEMBL430227,CHEMBL430227,2141839,CHEMBL1143971,7.29
c1coc(CNc2nc3ccccc3n3nc(-c4ccco4)nc23)c1,CHEMBL410264,CHEMBL410264,2141840,CHEMBL1143971,6.31
c1ccc(CNc2nc3ccccc3n3nc(-c4ccco4)nc23)cc1,CHEMBL261167,CHEMBL261167,2141841,CHEMBL1143971,6.52
c1ccc(Nc2nc3ccccc3n3nc(-c4ccco4)nc23)cc1,CHEMBL261346,CHEMBL261346,2141842,CHEMBL1143971,7.19
Nc1nc(-c2ccccc2)cc(-c2ccccc2)n1,CHEMBL261185,CHEMBL261185,2142066;24405727,CHEMBL1143999;CHEMBL5042528,6.39;6.39
Cc1ccc(C(=O)Nc2nc(-c3ccccc3)c(C#N)c(-c3ccccc3)n2)cc1,CHEMBL261667,CHEMBL261667,2142086,CHEMBL1143999,6.8
COc1ccc(C(=O)Nc2nc(-c3ccccc3)c(C#N)c(-c3ccccc3)n2)cc1,CHEMBL408911,CHEMBL408911,2142087,CHEMBL1143999,6.52
N#Cc1c(-c2ccccc2)nc(NC(=O)c2ccc(Cl)cc2)nc1-c1ccccc1,CHEMBL430230,CHEMBL430230,2142088,CHEMBL1143999,7.48
N#Cc1c(-c2ccccc2)nc(NC(=O)C2CC2)nc1-c1ccccc1,CHEMBL261085,CHEMBL261085,2142089,CHEMBL1143999,7.34
CC(C)C(=O)Nc1nc(-c2ccccc2)c(C#N)c(-c2ccccc2)n1,CHEMBL440416,CHEMBL440416,2142090,CHEMBL1143999,7.45
CCC(CC)C(=O)Nc1nc(-c2ccccc2)c(C#N)c(-c2ccccc2)n1,CHEMBL258989,CHEMBL258989,2142091,CHEMBL1143999,7.26
CCCC(=O)Nc1nc(-c2ccccc2)c(C#N)c(-c2ccccc2)n1,CHEMBL259075,CHEMBL259075,2142092,CHEMBL1143999,7.32
N#Cc1c(-c2ccccc2)nc(NC(=O)C2CCCC2)nc1-c1ccccc1,CHEMBL259704,CHEMBL259704,2142093,CHEMBL1143999,6.8
CCCC(=O)Nc1nc(-c2ccccc2)c(C#N)c(-c2ccc3c(c2)OCO3)n1,CHEMBL259933,CHEMBL259933,2142094,CHEMBL1143999,7.67
N#Cc1c(-c2ccccc2)nc(NC(=O)C2CCCC2)nc1-c1ccc2c(c1)OCO2,CHEMBL259319,CHEMBL259319,2142095;24405726,CHEMBL1143999;CHEMBL5042528,7.57;6.8
N#Cc1c(-c2ccccc2)nc(N)nc1-c1ccc2c(c1)OCO2,CHEMBL259607,CHEMBL259607,2142096;24405807,CHEMBL1143999;CHEMBL5042528,8.28;7.99
N#Cc1c(-c2ccccc2)nc(N)nc1-c1ccccc1,CHEMBL259736,CHEMBL259736,2142097;24405816,CHEMBL1143999;CHEMBL5042528,7.64;7.73
Nc1nc(-c2ccccc2)cc(-c2ccc3c(c2)OCO3)n1,CHEMBL406714,CHEMBL406714,2142098,CHEMBL1143999,6.42
N#Cc1c(NC(=O)C2CC2)nc(-c2ccccc2)nc1-c1ccccc1,CHEMBL405614,CHEMBL405614,2142156,CHEMBL1143999,7.3
CCCC(=O)Nc1nc(-c2ccccc2)nc(-c2ccccc2)c1C#N,CHEMBL259532,CHEMBL259532,2142157,CHEMBL1143999,7.16
N#Cc1c(NC(=O)C2CCCC2)nc(-c2ccccc2)nc1-c1ccccc1,CHEMBL260890,CHEMBL260890,2142158,CHEMBL1143999,6.55
N#Cc1c(N)nc(-c2ccccc2)nc1-c1ccccc1,CHEMBL260615,CHEMBL260615,2142159,CHEMBL1143999,7.72
O=C(Nc1cc(-c2ccc3c(c2)OCO3)nc(-c2ccccc2)n1)C1CC1,CHEMBL409125,CHEMBL409125,2142160,CHEMBL1143999,7.16
CCC(CC)C(=O)Nc1cc(-c2ccc3c(c2)OCO3)nc(-c2ccccc2)n1,CHEMBL261198,CHEMBL261198,2142161,CHEMBL1143999,6.24
CCCC(=O)Nc1cc(-c2ccc3c(c2)OCO3)nc(-c2ccccc2)n1,CHEMBL409126,CHEMBL409126,2142162,CHEMBL1143999,6.65
O=C(Nc1cc(-c2ccc3c(c2)OCO3)nc(-c2ccccc2)n1)C1CCCC1,CHEMBL259392,CHEMBL259392,2142163,CHEMBL1143999,6.47
Nc1cc(-c2ccc3c(c2)OCO3)nc(-c2ccccc2)n1,CHEMBL258834,CHEMBL258834,2142164;24405729,CHEMBL1143999;CHEMBL5042528,6.25;6.25
Nc1cc(-c2ccccc2)nc(-c2ccccc2)n1,CHEMBL406788,CHEMBL406788,2142165;24405728,CHEMBL1143999;CHEMBL5042528,6.77;6.34
N#Cc1c(N)nc(-c2ccccc2)nc1-c1ccc2c(c1)OCO2,CHEMBL258924,CHEMBL258924,2142194,CHEMBL1143999,7.35
CCn1c(=O)c2[nH]c(-c3cnn(Cc4ccccc4)c3)nc2n(C)c1=O,CHEMBL408266,CHEMBL408266,2154370,CHEMBL1145545,7.14
CCCn1c(=O)c2[nH]c(-c3cnn(Cc4cc(-c5ccc(Cl)cc5)on4)c3)nc2n(CC)c1=O,CHEMBL261554,CHEMBL261554,2154371,CHEMBL1145545,6.11
CCCn1c(=O)c2[nH]c(-c3cnn(-c4ccc(C)nc4)c3)nc2n(CC)c1=O,CHEMBL260878,CHEMBL260878,2154380,CHEMBL1145545,6.17
CCCn1c(=O)c2[nH]c(-c3cnn(-c4cccnc4)c3)nc2n(CC)c1=O,CHEMBL261526,CHEMBL261526,2154381;3371902,CHEMBL1145545;CHEMBL1208683,6.51;6.51
CCCn1c(=O)c2[nH]c(-c3cnn(-c4ccccn4)c3)nc2n(CC)c1=O,CHEMBL261525,CHEMBL261525,2154382,CHEMBL1145545,6.39
CCn1c(=O)n(CC2CC2)c(=O)c2[nH]c(-c3cnn(Cc4cccc(C(F)(F)F)c4)c3)nc21,CHEMBL411452,CHEMBL411452,2154386;3371891,CHEMBL1145545;CHEMBL1208683,6.57;6.57
CCn1c(=O)n(CC2CC2)c(=O)c2[nH]c(-c3cnn(Cc4ccccc4)c3)nc21,CHEMBL408936,CHEMBL408936,2154387,CHEMBL1145545,6.74
CCn1c(=O)n(CC2CC2)c(=O)c2[nH]c(-c3cn[nH]c3)nc21,CHEMBL430050,CHEMBL430050,2154388,CHEMBL1145545,6.63
CCCn1c(=O)c2[nH]c(-c3cnn(Cc4ccccc4)c3)nc2n(CC)c1=O,CHEMBL265212,CHEMBL265212,2154391,CHEMBL1145545,6.58
CCCn1c(=O)c2[nH]c(-c3cn[nH]c3)nc2n(CC)c1=O,CHEMBL405901,CHEMBL405901,2154392;3371895,CHEMBL1145545;CHEMBL1208683,6.3;6.3
Cn1c(=O)n(CC2CC2)c(=O)c2[nH]c(-c3cnn(Cc4cccc(C(F)(F)F)c4)c3)nc21,CHEMBL412747,CHEMBL412747,2154393,CHEMBL1145545,6.51
Cn1c(=O)n(CC2CC2)c(=O)c2[nH]c(-c3cnn(Cc4cccc(F)c4)c3)nc21,CHEMBL259300,CHEMBL259300,2154394,CHEMBL1145545,7.14
Cn1c(=O)n(CC2CC2)c(=O)c2[nH]c(-c3cnn(Cc4ccccc4)c3)nc21,CHEMBL259524,CHEMBL259524,2154395,CHEMBL1145545,6.83
CC(C)Cn1c(=O)c2[nH]c(-c3cnn(Cc4cccc(C(F)(F)F)c4)c3)nc2n(C)c1=O,CHEMBL259129,CHEMBL259129,2154396,CHEMBL1145545,6.2
CC(C)Cn1c(=O)c2[nH]c(-c3cnn(Cc4cccc(F)c4)c3)nc2n(C)c1=O,CHEMBL259130,CHEMBL259130,2154397,CHEMBL1145545,6.52
CC(C)Cn1c(=O)c2[nH]c(-c3cnn(Cc4ccccc4)c3)nc2n(C)c1=O,CHEMBL409852,CHEMBL409852,2154398,CHEMBL1145545,6.39
CCCCn1c(=O)c2[nH]c(-c3cnn(Cc4cccc(C(F)(F)F)c4)c3)nc2n(C)c1=O,CHEMBL258507,CHEMBL258507,2154400,CHEMBL1145545,6.32
CCCCn1c(=O)c2[nH]c(-c3cnn(Cc4cccc(F)c4)c3)nc2n(C)c1=O,CHEMBL427911,CHEMBL427911,2154401,CHEMBL1145545,6.66
CCCCn1c(=O)c2[nH]c(-c3cnn(Cc4ccccc4)c3)nc2n(C)c1=O,CHEMBL260763,CHEMBL260763,2154402,CHEMBL1145545,6.61
CCCn1c(=O)c2[nH]c(-c3cnn(Cc4cccc(F)c4)c3)nc2n(C)c1=O,CHEMBL260976,CHEMBL260976,2154403,CHEMBL1145545,6.86
CCCn1c(=O)c2[nH]c(-c3cnn(Cc4cccc(C(F)(F)F)c4)c3)nc2n(C)c1=O,CHEMBL260975,CHEMBL260975,2154404;3371898,CHEMBL1145545;CHEMBL1208683,6.35;6.35
CCCn1c(=O)c2[nH]c(-c3cnn(Cc4ccccc4)c3)nc2n(C)c1=O,CHEMBL258686,CHEMBL258686,2154405,CHEMBL1145545,6.9
CCn1c(=O)c2[nH]c(-c3cnn(Cc4cccc(C(F)(F)F)c4)c3)nc2n(C)c1=O,CHEMBL259342,CHEMBL259342,2154406,CHEMBL1145545,6.63
CCn1c(=O)c2[nH]c(-c3cnn(Cc4cccc(F)c4)c3)nc2n(C)c1=O,CHEMBL260490,CHEMBL260490,2154407,CHEMBL1145545,6.64
O[C@H](c1cc(C(F)(F)F)nc2c(C(F)(F)F)cccc12)[C@@H]1CCCCN1,CHEMBL411329,CHEMBL411329,2165707;14645613;24777227,CHEMBL1145611;CHEMBL3259781;CHEMBL5126552,7.21;7.21;7.21
O=C(c1cccs1)c1nc(NCCCO)nc2ccsc12,CHEMBL405235,CHEMBL405235,2165708,CHEMBL1145611,8.09
O=C(c1cccs1)c1nc(NCCO)nc2ccsc12,CHEMBL405234,CHEMBL405234,2165709,CHEMBL1145611,8.37
O=C(c1cccs1)c1nc(NCc2ccccc2)nc2ccsc12,CHEMBL264433,CHEMBL264433,2165710,CHEMBL1145611,7.6
CN(C)c1nc(C(=O)c2cccs2)c2sccc2n1,CHEMBL264436,CHEMBL264436,2165711,CHEMBL1145611,7.31
CCNc1nc(C(=O)c2cccs2)c2sccc2n1,CHEMBL404985,CHEMBL404985,2165712,CHEMBL1145611,7.6
NNc1nc(C(=O)c2cccs2)c2sccc2n1,CHEMBL264435,CHEMBL264435,2165713,CHEMBL1145611,7.22
Nc1nc(C(=O)c2cccs2)c2sccc2n1,CHEMBL405026,CHEMBL405026,2165714,CHEMBL1145611,7.64
COc1nc(C(=O)c2cccs2)c2sccc2n1,CHEMBL260547,CHEMBL260547,2165715,CHEMBL1145611,7.1
CCc1nc(C(=O)c2cccs2)c2sccc2n1,CHEMBL407326,CHEMBL407326,2165716,CHEMBL1145611,7.8
Cc1nc(C(=O)c2cccs2)c2sccc2n1,CHEMBL259283,CHEMBL259283,2165717,CHEMBL1145611,7.54
O=C(c1nccs1)c1nc(C(F)(F)F)nc2ccsc12,CHEMBL260758,CHEMBL260758,2165718,CHEMBL1145611,6.47
Cc1ccc(C(=O)c2nc(C(F)(F)F)nc3ccsc23)o1,CHEMBL408703,CHEMBL408703,2165719,CHEMBL1145611,7.66
O=C(c1ccoc1)c1nc(C(F)(F)F)nc2ccsc12,CHEMBL409547,CHEMBL409547,2165720,CHEMBL1145611,7.52
O=C(c1ccco1)c1nc(C(F)(F)F)nc2ccsc12,CHEMBL410498,CHEMBL410498,2165721,CHEMBL1145611,7.48
O=C(c1ccsc1)c1nc(C(F)(F)F)nc2ccsc12,CHEMBL258589,CHEMBL258589,2165722,CHEMBL1145611,7.25
O=C(c1cccs1)c1nc(C(F)(F)F)nc2ccsc12,CHEMBL406932,CHEMBL406932,2165723,CHEMBL1145611,7.96
O=C(c1ccc[nH]1)c1nc(C(F)(F)F)nc2ccsc12,CHEMBL411922,CHEMBL411922,2165724,CHEMBL1145611,6.93
O=C(c1cccnc1)c1nc(C(F)(F)F)nc2ccsc12,CHEMBL264699,CHEMBL264699,2165726,CHEMBL1145611,6.36
O=C(c1ccccc1)c1nc(C(F)(F)F)nc2ccsc12,CHEMBL405028,CHEMBL405028,2165728,CHEMBL1145611,7.04
O[C@H](c1cc(C(F)(F)F)nc2c(C(F)(F)F)cccc12)[C@H]1CCCCN1,CHEMBL411686,CHEMBL411686,2165733,CHEMBL1145611,6.91
Clc1nc(-c2cccs2)c2sccc2n1,CHEMBL253753,CHEMBL253753,2165764,CHEMBL1145612,6.41
OC[C@H]1CCCN1c1nc(-c2nccs2)c2sccc2n1,CHEMBL406048,CHEMBL406048,2165765,CHEMBL1145612,8.44
OC[C@@H]1CCCN1c1nc(-c2nccs2)c2sccc2n1,CHEMBL260718,CHEMBL260718,2165766,CHEMBL1145612,8.55
OCCNc1nc(-c2nccs2)c2sccc2n1,CHEMBL407638,CHEMBL407638,2165767,CHEMBL1145612,7.75
CC(C)(C)c1nc(-c2nccs2)c2sccc2n1,CHEMBL406049,CHEMBL406049,2165768,CHEMBL1145612,8.51
c1csc(-c2nc(C3CC3)nc3ccsc23)n1,CHEMBL260719,CHEMBL260719,2165769,CHEMBL1145612,8.48
CC(C)c1nc(-c2nccs2)c2sccc2n1,CHEMBL407307,CHEMBL407307,2165770;2563419;14645614,CHEMBL1145612;CHEMBL1155896;CHEMBL3259781,8.85;8.85;8.85
Clc1nc(-c2nccs2)c2sccc2n1,CHEMBL260773,CHEMBL260773,2165771,CHEMBL1145612,7.7
CN(C)c1nc(-c2cnccn2)c2sccc2n1,CHEMBL406483,CHEMBL406483,2165772,CHEMBL1145612,7.09
Cc1ccc(-c2nc(N(C)C)nc3ccsc23)nc1,CHEMBL259952,CHEMBL259952,2165773,CHEMBL1145612,7.72
CN(C)c1nc(-c2ccccn2)c2sccc2n1,CHEMBL259953,CHEMBL259953,2165774,CHEMBL1145612,7.58
CN(C)c1nc(-c2nccn2C)c2sccc2n1,CHEMBL406314,CHEMBL406314,2165776,CHEMBL1145612,7.85
CN(C)c1nc(-c2ncc[nH]2)c2sccc2n1,CHEMBL408146,CHEMBL408146,2165777,CHEMBL1145612,6.52
Cc1nc(-c2nc(N(C)C)nc3ccsc23)sc1C,CHEMBL259442,CHEMBL259442,2165778,CHEMBL1145612,8.18
Cc1cnc(-c2nc(N(C)C)nc3ccsc23)s1,CHEMBL407064,CHEMBL407064,2165779,CHEMBL1145612,8.24
Cc1csc(-c2nc(N(C)C)nc3ccsc23)n1,CHEMBL406315,CHEMBL406315,2165780,CHEMBL1145612,8.89
Nc1nc(-c2nccs2)c2sccc2n1,CHEMBL259111,CHEMBL259111,2165781,CHEMBL1145612,7.46
CN(C)c1nc(-c2nccs2)c2sccc2n1,CHEMBL402464,CHEMBL402464,2165782,CHEMBL1145612,8.64
CN(C)c1nc(-c2ccoc2)c2sccc2n1,CHEMBL258901,CHEMBL258901,2165783,CHEMBL1145612,6.13
OCCNc1nc(-c2ccco2)c2sccc2n1,CHEMBL258900,CHEMBL258900,2165784,CHEMBL1145612,6.69
CN(C)c1nc(-c2ccco2)c2sccc2n1,CHEMBL405567,CHEMBL405567,2165785,CHEMBL1145612,7.22
CCNc1nc(-c2ccco2)c2sccc2n1,CHEMBL260667,CHEMBL260667,2165786,CHEMBL1145612,7.24
CNc1nc(-c2ccco2)c2sccc2n1,CHEMBL259445,CHEMBL259445,2165787,CHEMBL1145612,7.4
Nc1nc(-c2ccco2)c2sccc2n1,CHEMBL406298,CHEMBL406298,2165788;2165995,CHEMBL1145612;CHEMBL1145614,7.85;7.85
CCc1nc(-c2cccc(C)n2)c2sccc2n1,CHEMBL408624,CHEMBL408624,2165790,CHEMBL1145612,7.92
CCc1nc(-c2ccccn2)c2sccc2n1,CHEMBL259337,CHEMBL259337,2165791,CHEMBL1145612,7.89
CCc1nc(-n2nccn2)c2sccc2n1,CHEMBL407652,CHEMBL407652,2165792,CHEMBL1145612,6.11
CCc1nc(-c2ncc[nH]2)c2sccc2n1,CHEMBL403704,CHEMBL403704,2165793,CHEMBL1145612,6.85
CCc1nc(-c2nc(C)cs2)c2sccc2n1,CHEMBL259323,CHEMBL259323,2165794,CHEMBL1145612,8.68
CCc1nc(-c2nccs2)c2sccc2n1,CHEMBL407650,CHEMBL407650,2165795,CHEMBL1145612,8.8
CCc1nc(-c2ccoc2)c2sccc2n1,CHEMBL259338,CHEMBL259338,2165796,CHEMBL1145612,6.17
CCc1nc(-c2ccco2)c2sccc2n1,CHEMBL265695,CHEMBL265695,2165797,CHEMBL1145612,7.52
OCCNc1nc(-c2cccs2)c2sccc2n1,CHEMBL405479,CHEMBL405479,2165798,CHEMBL1145612,6.76
CN(C)c1nc(-c2cccs2)c2sccc2n1,CHEMBL265696,CHEMBL265696,2165799,CHEMBL1145612,7.26
CCNc1nc(-c2cccs2)c2sccc2n1,CHEMBL407327,CHEMBL407327,2165800,CHEMBL1145612,6.81
COc1nc(-c2cccs2)c2sccc2n1,CHEMBL265937,CHEMBL265937,2165801,CHEMBL1145612,6.35
CCc1nc(-c2cccs2)c2sccc2n1,CHEMBL402817,CHEMBL402817,2165802,CHEMBL1145612,7.16
Cc1nc(-c2ccco2)c2ncn(C(=O)NCc3ccccc3)c2n1,CHEMBL258836,CHEMBL258836,2165996,CHEMBL1145614,6.99
CN(C)c1nc(-c2ccco2)c2ncn(C(=O)NCc3ccccc3)c2n1,CHEMBL409152,CHEMBL409152,2165997,CHEMBL1145614,7.64
CSc1nc(-c2ccco2)c2ncn(C(=O)NCc3ccccc3)c2n1,CHEMBL411473,CHEMBL411473,2165998,CHEMBL1145614,7.89
COc1nc(-c2ccco2)c2ncn(C(=O)NCc3ccccc3)c2n1,CHEMBL410033,CHEMBL410033,2165999,CHEMBL1145614,8.1
Nc1nc(-c2cncs2)c2ncn(C(=O)NCc3ccccc3)c2n1,CHEMBL258960,CHEMBL258960,2166000,CHEMBL1145614,7.25
Nc1nc(-c2ccccc2)c2ncn(C(=O)NCc3ccccc3)c2n1,CHEMBL259164,CHEMBL259164,2166001,CHEMBL1145614,7.77
Nc1nc(-c2cccs2)c2ncn(C(=O)NCc3ccccc3)c2n1,CHEMBL264431,CHEMBL264431,2166002,CHEMBL1145614,7.89
Nc1nc(-c2ccco2)c2ncn(C(=O)NCc3ccccc3Cl)c2n1,CHEMBL411034,CHEMBL411034,2166003,CHEMBL1145614,9.0
Cc1ccc(CNC(=O)n2cnc3c(-c4ccco4)nc(N)nc32)cc1,CHEMBL264432,CHEMBL264432,2166004,CHEMBL1145614,9.0
Cc1cccc(CNC(=O)n2cnc3c(-c4ccco4)nc(N)nc32)c1,CHEMBL259049,CHEMBL259049,2166005,CHEMBL1145614,9.0
Nc1nc(-c2ccco2)c2ncn(C(=O)NCc3ccc(F)cc3)c2n1,CHEMBL429144,CHEMBL429144,2166006,CHEMBL1145614,9.0
Nc1nc(-c2ccco2)c2ncn(C(=O)NCc3ccco3)c2n1,CHEMBL259832,CHEMBL259832,2166007;14645616,CHEMBL1145614;CHEMBL3259781,8.7;8.77
Nc1nc(-c2ccco2)c2ncn(C(=O)NCc3cccs3)c2n1,CHEMBL409915,CHEMBL409915,2166008,CHEMBL1145614,9.0
C[C@@H](NC(=O)n1cnc2c(-c3ccco3)nc(N)nc21)c1ccccc1,CHEMBL410679,CHEMBL410679,2166009,CHEMBL1145614,7.58
C[C@H](NC(=O)n1cnc2c(-c3ccco3)nc(N)nc21)c1ccccc1,CHEMBL409682,CHEMBL409682,2166010,CHEMBL1145614,8.7
Nc1nc(-c2ccco2)c2ncn(C(=O)NCCc3ccccc3)c2n1,CHEMBL260989,CHEMBL260989,2166011,CHEMBL1145614,8.22
Nc1nc(-c2ccco2)c2ncn(C(=O)Nc3ccccc3)c2n1,CHEMBL409879,CHEMBL409879,2166012,CHEMBL1145614,6.69
Nc1nc(-c2ccco2)c2ncn(C(=O)NCc3ccccc3)c2n1,CHEMBL261203,CHEMBL261203,2166013;2563421;14645615,CHEMBL1145614;CHEMBL1155896;CHEMBL3259781,9.0;8.96;8.96
CS(=O)(=O)c1ccc(Cn2cnc3c(-c4ccco4)nc(N)nc32)cc1,CHEMBL260008,CHEMBL260008,2166014,CHEMBL1145614,6.11
Nc1nc(-c2ccco2)c2ncn(Cc3ccccc3F)c2n1,CHEMBL260209,CHEMBL260209,2166017,CHEMBL1145614,8.3
Nc1cccc(Cn2cnc3c(-c4ccco4)nc(N)nc32)c1,CHEMBL260788,CHEMBL260788,2166019,CHEMBL1145614,7.64
Nc1nc(-c2ccco2)c2ncn(Cc3ccc([N+](=O)[O-])cc3)c2n1,CHEMBL410445,CHEMBL410445,2166020,CHEMBL1145614,6.43
Nc1nc(-c2ccco2)c2ncn(Cc3cccc([N+](=O)[O-])c3)c2n1,CHEMBL260790,CHEMBL260790,2166021,CHEMBL1145614,7.07
COC(=O)c1cccc(Cn2cnc3c(-c4ccco4)nc(N)nc32)c1,CHEMBL260721,CHEMBL260721,2166022,CHEMBL1145614,7.35
Nc1nc(-c2ccco2)c2ncn(Cc3cccc(Cl)c3)c2n1,CHEMBL261349,CHEMBL261349,2166024,CHEMBL1145614,8.1
Cc1cccc(Cn2cnc3c(-c4ccco4)nc(N)nc32)c1,CHEMBL261534,CHEMBL261534,2166025,CHEMBL1145614,8.22
Nc1nc(-c2ccco2)c2nc[nH]c2n1,CHEMBL404447,CHEMBL404447,2166027;2247563,CHEMBL1145614;CHEMBL1139344,6.58;6.58
Nc1nc(-n2ccnn2)c2cnn(Cc3ccccc3F)c2n1,CHEMBL402606,CHEMBL402606,2166030,CHEMBL1145614,7.15
Nc1nc(-c2nccs2)c2cnn(Cc3ccccc3F)c2n1,CHEMBL402389,CHEMBL402389,2166031,CHEMBL1145614,7.77
Nc1nc(-c2cc[nH]n2)c2cnn(Cc3ccccc3F)c2n1,CHEMBL267200,CHEMBL267200,2166032,CHEMBL1145614,7.8
Nc1nc(-c2ccccn2)c2cnn(Cc3ccccc3F)c2n1,CHEMBL257982,CHEMBL257982,2166033,CHEMBL1145614,7.92
Nc1nc(-c2cccs2)c2cnn(Cc3ccccc3F)c2n1,CHEMBL258006,CHEMBL258006,2166034,CHEMBL1145614,8.05
CS(=O)(=O)c1ccc(Cn2ncc3c(-c4ccco4)nc(N)nc32)cc1,CHEMBL402103,CHEMBL402103,2166035,CHEMBL1145614,6.47
Nc1nc(-c2ccco2)c2cnn(Cc3ccc(C(F)(F)F)cc3)c2n1,CHEMBL256344,CHEMBL256344,2166036,CHEMBL1145614,8.22
Nc1nc(-c2ccco2)c2cnn(Cc3c(F)cccc3F)c2n1,CHEMBL402409,CHEMBL402409,2166037,CHEMBL1145614,8.7
Nc1nc(-c2ccco2)c2cnn(Cc3ccccc3F)c2n1,CHEMBL403252,CHEMBL403252,2166038,CHEMBL1145614,8.4
Nc1cccc(Cn2ncc3c(-c4ccco4)nc(N)nc32)c1,CHEMBL258181,CHEMBL258181,2166040,CHEMBL1145614,8.4
Nc1nc(-c2ccco2)c2cnn(Cc3ccccc3N)c2n1,CHEMBL403470,CHEMBL403470,2166041,CHEMBL1145614,8.1
Nc1nc(-c2ccco2)c2cnn(Cc3ccc([N+](=O)[O-])cc3)c2n1,CHEMBL256153,CHEMBL256153,2166042,CHEMBL1145614,6.92
Nc1nc(-c2ccco2)c2cnn(Cc3cccc([N+](=O)[O-])c3)c2n1,CHEMBL256360,CHEMBL256360,2166043,CHEMBL1145614,8.4
Nc1nc(-c2ccco2)c2cnn(Cc3ccccc3[N+](=O)[O-])c2n1,CHEMBL256359,CHEMBL256359,2166044,CHEMBL1145614,7.58
COC(=O)c1cccc(Cn2ncc3c(-c4ccco4)nc(N)nc32)c1,CHEMBL256361,CHEMBL256361,2166045,CHEMBL1145614,8.4
COc1cccc(Cn2ncc3c(-c4ccco4)nc(N)nc32)c1,CHEMBL401973,CHEMBL401973,2166046,CHEMBL1145614,8.7
Nc1nc(-c2ccco2)c2cnn(Cc3cccc(Cl)c3)c2n1,CHEMBL257757,CHEMBL257757,2166047,CHEMBL1145614,9.0
Nc1nc(-c2ccco2)c2cnn(Cc3ccccc3Cl)c2n1,CHEMBL257756,CHEMBL257756,2166048,CHEMBL1145614,8.05
Cc1cccc(Cn2ncc3c(-c4ccco4)nc(N)nc32)c1,CHEMBL402172,CHEMBL402172,2166049,CHEMBL1145614,8.52
OCCNc1nc(-c2ccco2)c2cnn(CCc3ccccc3)c2n1,CHEMBL260337,CHEMBL260337,2166051,CHEMBL1145614,6.87
Nc1nc(-c2ccco2)c2cnn(C(=O)NCc3ccccc3)c2n1,CHEMBL260146,CHEMBL260146,2166052,CHEMBL1145614,9.0
Nc1nc(-c2ccco2)c2cnn(CCCc3ccccc3)c2n1,CHEMBL407049,CHEMBL407049,2166053,CHEMBL1145614,8.4
Nc1nc(-c2ccco2)c2cnn(CCc3ccccc3)c2n1,CHEMBL259210,CHEMBL259210,2166054,CHEMBL1145614,6.96
Nc1nc(-c2ccco2)c2cnn(Cc3ccco3)c2n1,CHEMBL437804,CHEMBL437804,2166055,CHEMBL1145614,7.44
Nc1nc(-c2ccco2)c2cnn(Cc3cccnc3)c2n1,CHEMBL259416,CHEMBL259416,2166056,CHEMBL1145614,7.55
Nc1nc(-c2ccco2)c2cnn(CC3CCCCC3)c2n1,CHEMBL405789,CHEMBL405789,2166057,CHEMBL1145614,7.35
Nc1nc(-c2ccco2)c2cnn(Cc3ccccc3)c2n1,CHEMBL259418,CHEMBL259418,2166058,CHEMBL1145614,8.52
Nc1nc(-c2ccco2)c2cn[nH]c2n1,CHEMBL260557,CHEMBL260557,2166059;2247564,CHEMBL1145614;CHEMBL1139344,7.32;7.32
Nc1nc(-c2ccco2)c2cc[nH]c2n1,CHEMBL406499,CHEMBL406499,2166192;2247562,CHEMBL1145614;CHEMBL1139344,6.62;6.62
Nc1nc(-c2ccco2)c2ccn(Cc3ccccc3F)c2n1,CHEMBL410678,CHEMBL410678,2166193,CHEMBL1145614,7.8
Nc1nc(-c2ccco2)c2nnn(Cc3ccc4[nH]nnc4c3)c2n1,CHEMBL442670,CHEMBL442670,2247507,CHEMBL1139344,7.92
Nc1nc(-c2ccco2)c2nnn(Cc3ccc4[nH]ncc4c3)c2n1,CHEMBL512812,CHEMBL512812,2247508,CHEMBL1139344,8.07
Nc1nc(-c2ccco2)c2nnn(Cc3ccc4[nH]ccc4c3)c2n1,CHEMBL468256,CHEMBL468256,2247509,CHEMBL1139344,8.96
CC(=O)Nc1ccc(Cn2nnc3c(-c4ccco4)nc(N)nc32)cc1,CHEMBL511413,CHEMBL511413,2247510,CHEMBL1139344,6.94
CNc1ccc(Cn2nnc3c(-c4ccco4)nc(N)nc32)cc1,CHEMBL510134,CHEMBL510134,2247511,CHEMBL1139344,8.8
Nc1nc(-c2ccco2)c2nnn(Cc3ccc(N)c(O)c3)c2n1,CHEMBL516770,CHEMBL516770,2247512,CHEMBL1139344,8.8
CC(C)c1cc(Cn2nnc3c(-c4ccco4)nc(N)nc32)ccc1N,CHEMBL459322,CHEMBL459322,2247513,CHEMBL1139344,8.82
CCc1cc(Cn2nnc3c(-c4ccco4)nc(N)nc32)ccc1N,CHEMBL518364,CHEMBL518364,2247514,CHEMBL1139344,9.0
Cc1cc(Cn2nnc3c(-c4ccco4)nc(N)nc32)ccc1N,CHEMBL447664,CHEMBL447664,2247515;2247648;14645617;24772312;24913416,CHEMBL1139344;CHEMBL1139344;CHEMBL3259781;CHEMBL5126505;CHEMBL5154845,8.89;9.2;8.89;8.89;9.1
Nc1nc(-c2ccco2)c2nnn(Cc3ccc(N)c(F)c3)c2n1,CHEMBL517886,CHEMBL517886,2247516,CHEMBL1139344,9.15
Nc1ccc(Cn2nnc3c(-c4ccco4)nc(N)nc32)c(F)c1,CHEMBL516800,CHEMBL516800,2247517,CHEMBL1139344,8.46
NCc1ccc(Cn2nnc3c(-c4ccco4)nc(N)nc32)cc1,CHEMBL460976,CHEMBL460976,2247518,CHEMBL1139344,6.62
Nc1ccc(Cn2nnc3c(-c4ccco4)nc(N)nc32)cc1,CHEMBL460975,CHEMBL460975,2247519,CHEMBL1139344,8.82
Nc1cccc(Cn2nnc3c(-c4ccco4)nc(N)nc32)c1,CHEMBL461008,CHEMBL461008,2247520,CHEMBL1139344,8.6
Nc1nc(-c2ccco2)c2nnn(Cc3ccccc3N)c2n1,CHEMBL516483,CHEMBL516483,2247521,CHEMBL1139344,8.7
Nc1nc(-c2ccco2)c2nnn(Cc3ccsc3)c2n1,CHEMBL506101,CHEMBL506101,2247522,CHEMBL1139344,8.72
Nc1nc(-c2ccco2)c2nnn(Cc3cccs3)c2n1,CHEMBL460799,CHEMBL460799,2247523,CHEMBL1139344,8.64
Nc1nc(-c2ccco2)c2nnn(Cc3ccco3)c2n1,CHEMBL461650,CHEMBL461650,2247524,CHEMBL1139344,8.06
Nc1nc(-c2ccco2)c2nnn(Cc3cnccn3)c2n1,CHEMBL517277,CHEMBL517277,2247525,CHEMBL1139344,6.91
Nc1nc(-c2ccco2)c2nnn(Cc3cccnc3)c2n1,CHEMBL449596,CHEMBL449596,2247526,CHEMBL1139344,7.84
Nc1nc(-c2ccco2)c2nnn(Cc3ccccn3)c2n1,CHEMBL462501,CHEMBL462501,2247527,CHEMBL1139344,7.92
CC(C)N(C)C(=O)c1cccc(Cn2nnc3c(-c4ccco4)nc(N)nc32)c1,CHEMBL460805,CHEMBL460805,2247528,CHEMBL1139344,7.66
CC(C)NC(=O)c1cccc(Cn2nnc3c(-c4ccco4)nc(N)nc32)c1,CHEMBL460596,CHEMBL460596,2247529,CHEMBL1139344,7.97
NC(=O)c1cccc(Cn2nnc3c(-c4ccco4)nc(N)nc32)c1,CHEMBL518178,CHEMBL518178,2247530,CHEMBL1139344,7.96
Nc1nc(-c2ccco2)c2nnn(Cc3cccc(C(=O)O)c3)c2n1,CHEMBL461656,CHEMBL461656,2247531;3371931,CHEMBL1139344;CHEMBL1208683,6.08;6.08
Nc1nc(-c2ccco2)c2nnn(Cc3cccc(O)c3)c2n1,CHEMBL506511,CHEMBL506511,2247532,CHEMBL1139344,8.4
COC(=O)c1cccc(Cn2nnc3c(-c4ccco4)nc(N)nc32)c1,CHEMBL517429,CHEMBL517429,2247533,CHEMBL1139344,8.39
Nc1nc(-c2ccco2)c2nnn(Cc3ccc([N+](=O)[O-])cc3)c2n1,CHEMBL505977,CHEMBL505977,2247534,CHEMBL1139344,7.55
Nc1nc(-c2ccco2)c2nnn(Cc3cccc([N+](=O)[O-])c3)c2n1,CHEMBL508451,CHEMBL508451,2247535,CHEMBL1139344,8.43
Nc1nc(-c2ccco2)c2nnn(Cc3ccccc3[N+](=O)[O-])c2n1,CHEMBL517418,CHEMBL517418,2247536,CHEMBL1139344,8.18
N#Cc1ccc(Cn2nnc3c(-c4ccco4)nc(N)nc32)cc1,CHEMBL461007,CHEMBL461007,2247537;3371927,CHEMBL1139344;CHEMBL1208683,7.14;7.14
N#Cc1cccc(Cn2nnc3c(-c4ccco4)nc(N)nc32)c1,CHEMBL517417,CHEMBL517417,2247538,CHEMBL1139344,8.41
COc1cccc(Cn2nnc3c(-c4ccco4)nc(N)nc32)c1,CHEMBL518497,CHEMBL518497,2247539,CHEMBL1139344,8.74
COc1ccccc1Cn1nnc2c(-c3ccco3)nc(N)nc21,CHEMBL443665,CHEMBL443665,2247540,CHEMBL1139344,8.27
Nc1nc(-c2ccco2)c2nnn(Cc3cccc(C(F)(F)F)c3)c2n1,CHEMBL461649,CHEMBL461649,2247541,CHEMBL1139344,8.66
Cc1cccc(Cn2nnc3c(-c4ccco4)nc(N)nc32)c1,CHEMBL461651,CHEMBL461651,2247542,CHEMBL1139344,8.52
Cc1ccccc1Cn1nnc2c(-c3ccco3)nc(N)nc21,CHEMBL516611,CHEMBL516611,2247543,CHEMBL1139344,8.52
Nc1nc(-c2ccco2)c2nnn(Cc3cccc(Cl)c3)c2n1,CHEMBL462488,CHEMBL462488,2247544,CHEMBL1139344,8.64
Nc1nc(-c2ccco2)c2nnn(Cc3c(F)cccc3F)c2n1,CHEMBL467246,CHEMBL467246,2247545,CHEMBL1139344,8.72
Nc1nc(-c2ccco2)c2nnn(Cc3cc(F)ccc3F)c2n1,CHEMBL467245,CHEMBL467245,2247546,CHEMBL1139344,8.66
Nc1nc(-c2ccco2)c2nnn(Cc3ccc(F)cc3F)c2n1,CHEMBL513661,CHEMBL513661,2247547,CHEMBL1139344,8.7
Nc1nc(-c2ccco2)c2nnn(Cc3cccc(F)c3F)c2n1,CHEMBL467244,CHEMBL467244,2247548,CHEMBL1139344,8.64
Nc1nc(-c2ccco2)c2nnn(CC3CCCCC3)c2n1,CHEMBL467035,CHEMBL467035,2247549,CHEMBL1139344,8.07
Nc1nc(-c2ccco2)c2nnn(Cc3ccccc3)c2n1,CHEMBL507426,CHEMBL507426,2247550,CHEMBL1139344,8.72
Nc1nc(-c2cncs2)c2nnn(Cc3ccccc3F)c2n1,CHEMBL467867,CHEMBL467867,2247551,CHEMBL1139344,7.51
Nc1nc(-c2cnn[nH]2)c2nnn(Cc3ccccc3F)c2n1,CHEMBL467655,CHEMBL467655,2247552,CHEMBL1139344,6.4
Nc1nc(-c2cccs2)c2nnn(Cc3ccccc3F)c2n1,CHEMBL511405,CHEMBL511405,2247553,CHEMBL1139344,8.09
Nc1nc(-c2ncco2)c2nnn(Cc3ccccc3F)c2n1,CHEMBL468701,CHEMBL468701,2247554;3371919,CHEMBL1139344;CHEMBL1208683,7.39;7.39
Cc1cnc(-c2nc(N)nc3c2nnn3Cc2ccccc2F)s1,CHEMBL449469,CHEMBL449469,2247555,CHEMBL1139344,8.07
Cc1csc(-c2nc(N)nc3c2nnn3Cc2ccccc2F)n1,CHEMBL505787,CHEMBL505787,2247556,CHEMBL1139344,8.66
Nc1nc(-c2nccs2)c2nnn(Cc3ccccc3F)c2n1,CHEMBL508558,CHEMBL508558,2247557,CHEMBL1139344,8.07
Nc1nc(-c2cc[nH]n2)c2nnn(Cc3ccccc3F)c2n1,CHEMBL461858,CHEMBL461858,2247558,CHEMBL1139344,6.62
Cc1ccc(-c2nc(N)nc3c2nnn3Cc2ccccc2F)o1,CHEMBL461857,CHEMBL461857,2247559,CHEMBL1139344,8.68
Nc1nc(-c2ccco2)c2nnn(Cc3ccccc3F)c2n1,CHEMBL517278,CHEMBL517278,2247560,CHEMBL1139344,8.57
Nc1nc(-c2ccco2)c2nn[nH]c2n1,CHEMBL459312,CHEMBL459312,2247561,CHEMBL1139344,6.71
Nc1ccc(Nc2nc(-c3ccccc3)nc3c2nnn3Cc2ccccc2)cc1,CHEMBL492052,CHEMBL492052,2261516,CHEMBL1141671,6.55
Cn1c(Br)nc2c(N)ncnc21,CHEMBL510288,CHEMBL510288,2281140;13834897,CHEMBL1153377;CHEMBL3085675,6.92;6.92
CCn1c(Br)nc2c(N)ncnc21,CHEMBL468633,CHEMBL468633,2281143;13834899,CHEMBL1153377;CHEMBL3085675,7.28;7.28
CCCn1c(Br)nc2c(N)ncnc21,CHEMBL506450,CHEMBL506450,2281146;13834893;16402224,CHEMBL1153377;CHEMBL3085675;CHEMBL3739359,6.52;6.52;6.52
CC(C)n1c(Br)nc2c(N)ncnc21,CHEMBL446264,CHEMBL446264,2281149,CHEMBL1153377,7.13
CCC(C)n1c(Br)nc2c(N)ncnc21,CHEMBL509367,CHEMBL509367,2281152,CHEMBL1153377,6.41
CCCCn1c(Br)nc2c(N)ncnc21,CHEMBL505089,CHEMBL505089,2281157,CHEMBL1153377,6.14
C=CCn1c(Br)nc2c(N)ncnc21,CHEMBL506888,CHEMBL506888,2281161,CHEMBL1153377,6.14
Nc1ncnc2c1nc(Br)n2C1CCC1,CHEMBL515419,CHEMBL515419,2281163,CHEMBL1153377,6.18
Nc1ncnc2c1nc(Br)n2CCO,CHEMBL474058,CHEMBL474058,2281172;3371939;13834895,CHEMBL1153377;CHEMBL1208683;CHEMBL3085675,6.21;6.21;6.21
Nc1ncnc2c1nc(Br)n2CCCO,CHEMBL475455,CHEMBL475455,2281175;13834891,CHEMBL1153377;CHEMBL3085675,7.07;7.07
O=c1n(-c2ccccc2)nc2c(NC3CCCCC3)nc3ncccc3n12,CHEMBL473648,CHEMBL473648,2281677,CHEMBL1153402,6.68
O=c1n(-c2ccccc2)nc2c(NC3CCCC3)nc3ncccc3n12,CHEMBL473649,CHEMBL473649,2281678,CHEMBL1153402,6.68
O=C(Cc1ccccc1)Nc1nc2ncccc2n2c(=O)n(-c3ccccc3)nc12,CHEMBL473839,CHEMBL473839,2281680,CHEMBL1153402,6.68
COc1cccc(-n2c(=O)n(Cc3ccccc3OC)c3cnc(NC4CC4)nc32)c1,CHEMBL475146,CHEMBL475146,2286021,CHEMBL1152880,7.62
COc1ccccc1Cn1c(=O)n(-c2ccccc2)c2nc(NC3CC3)ncc21,CHEMBL475147,CHEMBL475147,2286023,CHEMBL1152880,6.39
COc1cc(OC)cc(-n2c(=O)n(Cc3ccccc3OC)c3cnc(NC4CC4)nc32)c1,CHEMBL515877,CHEMBL515877,2286024,CHEMBL1152880,7.12
COc1ccccc1Cn1c(=O)n(-c2cccc(F)c2)c2nc(NC3CC3)ncc21,CHEMBL474747,CHEMBL474747,2286025,CHEMBL1152880,7.05
COc1ccccc1Cn1c(=O)n(-c2cccc(C)c2)c2nc(NC3CC3)ncc21,CHEMBL472951,CHEMBL472951,2286026,CHEMBL1152880,6.5
COc1ccccc1Cn1c(=O)n(-c2cccc(OC(F)(F)F)c2)c2nc(NC3CC3)ncc21,CHEMBL515088,CHEMBL515088,2286027,CHEMBL1152880,6.69
COc1cccc(-n2c(=O)n(Cc3ccccc3)c3cnc(NC4CC4)nc32)c1,CHEMBL490723,CHEMBL490723,2286030,CHEMBL1152880,7.27
COc1cccc(-n2c(=O)n(Cc3ccccc3F)c3cnc(NC4CC4)nc32)c1,CHEMBL521742,CHEMBL521742,2286031,CHEMBL1152880,7.48
COc1cccc(-n2c(=O)n(Cc3ccccc3Cl)c3cnc(NC4CC4)nc32)c1,CHEMBL489120,CHEMBL489120,2286032,CHEMBL1152880,7.07
COc1cccc(-n2c(=O)n(Cc3c(F)cccc3F)c3cnc(NC4CC4)nc32)c1,CHEMBL489126,CHEMBL489126,2286033,CHEMBL1152880,8.4
COc1cccc(-n2c(=O)n(Cc3c(F)cccc3OC)c3cnc(NC4CC4)nc32)c1,CHEMBL489321,CHEMBL489321,2286034,CHEMBL1152880,8.22
COc1cccc(-n2c(=O)n(C(C)c3ccccc3)c3cnc(NC4CC4)nc32)c1,CHEMBL523436,CHEMBL523436,2286035,CHEMBL1152880,6.45
CNc1ncc2c(n1)n(-c1cccc(OC)c1)c(=O)n2Cc1c(F)cccc1F,CHEMBL491317,CHEMBL491317,2286038,CHEMBL1152880,7.64
CCNc1ncc2c(n1)n(-c1cccc(OC)c1)c(=O)n2Cc1c(F)cccc1F,CHEMBL491318,CHEMBL491318,2286039,CHEMBL1152880,7.51
COc1cccc(-n2c(=O)n(Cc3c(F)cccc3F)c3cnc(NC(C)C)nc32)c1,CHEMBL491321,CHEMBL491321,2286040,CHEMBL1152880,7.22
COc1cccc(-n2c(=O)n(Cc3c(F)cccc3F)c3cnc(NCc4ccccc4)nc32)c1,CHEMBL522462,CHEMBL522462,2286041,CHEMBL1152880,7.14
COCCNc1ncc2c(n1)n(-c1cccc(OC)c1)c(=O)n2Cc1c(F)cccc1F,CHEMBL491310,CHEMBL491310,2286042,CHEMBL1152880,6.97
COc1cccc(-n2c(=O)n(Cc3c(F)cccc3F)c3cnc(NC4CCCC4)nc32)c1,CHEMBL491311,CHEMBL491311,2286043,CHEMBL1152880,6.67
COc1cccc(-n2c(=O)n(Cc3c(F)cccc3F)c3cnc(NCC4CC4)nc32)c1,CHEMBL523815,CHEMBL523815,2286044,CHEMBL1152880,6.3
COc1cccc(-n2c(=O)n(Cc3c(F)cccc3F)c3cnc(NCc4ccccn4)nc32)c1,CHEMBL464928,CHEMBL464928,2286045,CHEMBL1152880,7.92
COc1cccc(-n2c(=O)n(Cc3c(F)cccc3F)c3cnc(NCc4ccncc4)nc32)c1,CHEMBL465338,CHEMBL465338,2286046,CHEMBL1152880,7.3
COc1cccc(-n2c(=O)n(Cc3c(F)cccc3F)c3cnc(NCc4cccnc4)nc32)c1,CHEMBL516556,CHEMBL516556,2286047,CHEMBL1152880,7.18
COc1cccc(-n2c(=O)n(Cc3c(F)cccc3F)c3cnc(NCCc4ccccn4)nc32)c1,CHEMBL465538,CHEMBL465538,2286048,CHEMBL1152880,7.11
COc1cccc(-n2c(=O)n(Cc3c(F)cccc3F)c3cnc(Nc4cccnc4)nc32)c1,CHEMBL491097,CHEMBL491097,2286049,CHEMBL1152880,6.96
COc1cccc(-n2c(=O)n(Cc3c(F)cccc3F)c3cnc(NCCN4CCOCC4)nc32)c1,CHEMBL521785,CHEMBL521785,2286050,CHEMBL1152880,6.59
COc1cccc(-n2c(=O)n(Cc3c(F)cccc3F)c3cnc(NCCN(C)C)nc32)c1,CHEMBL491285,CHEMBL491285,2286051,CHEMBL1152880,6.58
COc1cccc(-n2c(=O)n(Cc3c(F)cccc3F)c3cnc(NCCc4cccs4)nc32)c1,CHEMBL522268,CHEMBL522268,2286052,CHEMBL1152880,8.05
COc1cc(-c2nc3c([nH]2)c(=O)n(C)c(=O)n3C)ccc1OCCN(C)C,CHEMBL472684,CHEMBL472684,2292165,CHEMBL1137738,6.22
COc1cc(-c2nc3c([nH]2)c(=O)n(C)c(=O)n3C)ccc1OCCN1CCCCC1,CHEMBL472883,CHEMBL472883,2292167,CHEMBL1137738,6.16
COc1cc(-c2nc3c([nH]2)c(=O)n(C)c(=O)n3C)ccc1OCCN1CCCC1,CHEMBL486719,CHEMBL486719,2292169,CHEMBL1137738,6.0
COc1ccc(-c2nc3c([nH]2)c(=O)n(C)c(=O)n3C)cc1OCCN(C)C,CHEMBL486720,CHEMBL486720,2292170,CHEMBL1137738,6.4
CCN(CC)CCOc1cc(-c2nc3c([nH]2)c(=O)n(C)c(=O)n3C)ccc1OC,CHEMBL519726,CHEMBL519726,2292171,CHEMBL1137738,6.22
COc1ccc(-c2nc3c([nH]2)c(=O)n(C)c(=O)n3C)cc1OCCN1CCOCC1,CHEMBL520031,CHEMBL520031,2292173,CHEMBL1137738,7.0
CN(C)CCOc1cccc(-c2nc3c([nH]2)c(=O)n(C)c(=O)n3C)c1,CHEMBL488151,CHEMBL488151,2292174,CHEMBL1137738,6.4
CCN(CC)CCOc1cccc(-c2nc3c([nH]2)c(=O)n(C)c(=O)n3C)c1,CHEMBL488152,CHEMBL488152,2292175,CHEMBL1137738,7.0
Cn1c(=O)c2[nH]c(-c3cccc(OCCN4CCCCC4)c3)nc2n(C)c1=O,CHEMBL488366,CHEMBL488366,2292176,CHEMBL1137738,6.1
Cn1c(=O)c2[nH]c(-c3cccc(OCCN4CCCC4)c3)nc2n(C)c1=O,CHEMBL486316,CHEMBL486316,2292178,CHEMBL1137738,6.4
O=C(NCc1ccccc1)Nc1nc2ccccc2n2c(=O)n(-c3ccccc3)nc12,CHEMBL508203,CHEMBL508203,2339568,CHEMBL1150363,6.8
COc1ccc(-n2nc3c(NC(=O)c4ccncc4)nc4ccccc4n3c2=O)cc1,CHEMBL526134,CHEMBL526134,2339569,CHEMBL1150363,6.4
O=C(Nc1nc2ccccc2n2c(=O)n(-c3ccccc3)nc12)c1ccncc1,CHEMBL502005,CHEMBL502005,2339570,CHEMBL1150363,6.73
O[C@@H]1[C@H](O)CS[C@H]1n1cnc2c(NCc3cccc(I)c3)ncnc21,CHEMBL500569,CHEMBL500569,2374282;18086733,CHEMBL1140153;CHEMBL4017496,6.64;6.36
O[C@@H]1[C@H](O)CS[C@H]1n1cnc2c(NCc3cccc(Br)c3)ncnc21,CHEMBL522856,CHEMBL522856,2374283,CHEMBL1140153,6.38
O[C@@H]1[C@H](O)CS[C@H]1n1cnc2c(NCc3cccc(Cl)c3)ncnc21,CHEMBL494086,CHEMBL494086,2374284,CHEMBL1140153,6.36
CC(=O)Nc1cc(-c2ccccc2)nc(-n2nc(C)cc2C)n1,CHEMBL487765,CHEMBL487765,2397946;2398428,CHEMBL1152249;CHEMBL1152277,7.06;7.06
COc1ccccc1-c1cc(NC(C)=O)nc(-n2nc(C)cc2C)n1,CHEMBL488797,CHEMBL488797,2397947,CHEMBL1152249,8.7
COc1cccc(-c2cc(NC(C)=O)nc(-n3nc(C)cc3C)n2)c1,CHEMBL486950,CHEMBL486950,2397948;2398356,CHEMBL1152249;CHEMBL1152277,9.0;9.04
COc1ccc(-c2cc(NC(C)=O)nc(-n3nc(C)cc3C)n2)cc1,CHEMBL486338,CHEMBL486338,2397949,CHEMBL1152249,7.77
CC(=O)Nc1cc(-c2cccc(C)c2)nc(-n2nc(C)cc2C)n1,CHEMBL486339,CHEMBL486339,2397950,CHEMBL1152249,8.15
CC(=O)Nc1cc(-c2cccc(C#N)c2)nc(-n2nc(C)cc2C)n1,CHEMBL506129,CHEMBL506129,2397951,CHEMBL1152249,8.7
CC(=O)Nc1cc(-c2cccc(CC#N)c2)nc(-n2nc(C)cc2C)n1,CHEMBL486552,CHEMBL486552,2397952,CHEMBL1152249,8.7
CC(=O)Nc1cc(-c2cccc(C(F)(F)F)c2)nc(-n2nc(C)cc2C)n1,CHEMBL504812,CHEMBL504812,2397953,CHEMBL1152249,8.7
CC(=O)Nc1cc(-c2cc(C)cc(C)c2)nc(-n2nc(C)cc2C)n1,CHEMBL486351,CHEMBL486351,2397954,CHEMBL1152249,8.1
CC(=O)Nc1cc(-c2cc(C)ccc2C)nc(-n2nc(C)cc2C)n1,CHEMBL519554,CHEMBL519554,2397955,CHEMBL1152249,7.72
COc1cc(OC)cc(-c2cc(NC(C)=O)nc(-n3nc(C)cc3C)n2)c1,CHEMBL487569,CHEMBL487569,2397956;2398344;2399552,CHEMBL1152249;CHEMBL1152277;CHEMBL1152277,9.7;9.72;7.77
CC(=O)Nc1cc(-c2cc(O)cc(F)c2)nc(-n2nc(C)cc2C)n1,CHEMBL519566,CHEMBL519566,2397957,CHEMBL1152249,8.7
CC(=O)Nc1cc(-c2cc(F)cc(F)c2)nc(-n2nc(C)cc2C)n1,CHEMBL513203,CHEMBL513203,2397958,CHEMBL1152249,8.4
COc1c(F)cccc1-c1cc(NC(C)=O)nc(-n2nc(C)cc2C)n1,CHEMBL469962,CHEMBL469962,2397959,CHEMBL1152249,8.52
CC(=O)Nc1cc(-c2cccc(O)c2)nc(-n2nc(C)cc2C)n1,CHEMBL469963,CHEMBL469963,2397960,CHEMBL1152249,8.7
CC(=O)Nc1cc(-c2cccc(OCCN(C)C)c2)nc(-n2nc(C)cc2C)n1,CHEMBL469964,CHEMBL469964,2397961,CHEMBL1152249,8.3
CC(=O)Nc1cc(-c2cccc(OC3CCN(C)C3)c2)nc(-n2nc(C)cc2C)n1,CHEMBL469324,CHEMBL469324,2397962,CHEMBL1152249,8.7
CCN1CCC(Oc2cccc(-c3cc(NC(C)=O)nc(-n4nc(C)cc4C)n3)c2)C1,CHEMBL471853,CHEMBL471853,2397963,CHEMBL1152249,8.52
CC(=O)Nc1cc(-c2cccc(OC3CCN(C(C)C)C3)c2)nc(-n2nc(C)cc2C)n1,CHEMBL472063,CHEMBL472063,2397964,CHEMBL1152249,8.52
CC(=O)Nc1cc(-c2cccc(OC3CCN(C)CC3)c2)nc(-n2nc(C)cc2C)n1,CHEMBL511159,CHEMBL511159,2397965,CHEMBL1152249,8.22
CC(=O)Nc1cc(-c2cccc(OC3CCCN(C)C3)c2)nc(-n2nc(C)cc2C)n1,CHEMBL472026,CHEMBL472026,2397966,CHEMBL1152249,9.0
CC(=O)Nc1cc(-c2cccc(O[C@@H]3CCN(C)C3)c2)nc(-n2nc(C)cc2C)n1,CHEMBL470146,CHEMBL470146,2397967,CHEMBL1152249,8.4
CC(=O)Nc1cc(-c2cccc(O[C@H]3CCN(C)C3)c2)nc(-n2nc(C)cc2C)n1,CHEMBL511624,CHEMBL511624,2397968,CHEMBL1152249,8.7
CC(=O)Nc1cc(-c2cccc(CO[C@@H]3CCN(C)C3)c2)nc(-n2nc(C)cc2C)n1,CHEMBL511118,CHEMBL511118,2397969,CHEMBL1152249,7.17
CC(=O)Nc1cc(-c2cccc(CO[C@H]3CCN(C)C3)c2)nc(-n2nc(C)cc2C)n1,CHEMBL470355,CHEMBL470355,2397970,CHEMBL1152249,7.14
CC(=O)Nc1cc(-c2cc(F)cc(OC3CCN(C)C3)c2)nc(-n2nc(C)cc2C)n1,CHEMBL472460,CHEMBL472460,2397971,CHEMBL1152249,9.0
CC(=O)Nc1cc(-c2cc(F)cc(O[C@@H]3CCN(C)C3)c2)nc(-n2nc(C)cc2C)n1,CHEMBL469520,CHEMBL469520,2397972,CHEMBL1152249,8.7
CC(=O)Nc1cc(-c2cc(F)cc(O[C@H]3CCN(C)C3)c2)nc(-n2nc(C)cc2C)n1,CHEMBL511440,CHEMBL511440,2397973,CHEMBL1152249,9.0
CC(=O)Nc1cc(-c2cccc(N3CCCC3)n2)nc(-n2nc(C)cc2C)n1,CHEMBL485765,CHEMBL485765,2398345,CHEMBL1152277,9.59
COC1CCN(c2cccc(-c3cc(NC(C)=O)nc(-n4nc(C)cc4C)n3)n2)CC1,CHEMBL487553,CHEMBL487553,2398347;14645634,CHEMBL1152277;CHEMBL3259781,9.36;9.4
COC1CN(c2cccc(-c3cc(NC(C)=O)nc(-n4nc(C)cc4C)n3)n2)C1,CHEMBL487554,CHEMBL487554,2398348;2399553,CHEMBL1152277;CHEMBL1152277,9.33;7.75
CC(=O)Nc1cc(-c2cccc(N3CCCCC3)n2)nc(-n2nc(C)cc2C)n1,CHEMBL521356,CHEMBL521356,2398349,CHEMBL1152277,9.25
COc1cccc(-c2cc(NC(C)=O)nc(-n3nc(C)cc3C)n2)c1F,CHEMBL486745,CHEMBL486745,2398350;2399560,CHEMBL1152277;CHEMBL1152277,9.22;7.5
CC(=O)Nc1cc(-c2cccc(N(C)C)n2)nc(-n2nc(C)cc2C)n1,CHEMBL487572,CHEMBL487572,2398351;2399543,CHEMBL1152277;CHEMBL1152277,9.21;6.81
CC(=O)Nc1cc(-c2cccc(N3CCN(C)CC3)n2)nc(-n2nc(C)cc2C)n1,CHEMBL486162,CHEMBL486162,2398352;2399573,CHEMBL1152277;CHEMBL1152277,9.15;8.15
COCCN(C)c1cccc(-c2cc(NC(C)=O)nc(-n3nc(C)cc3C)n2)n1,CHEMBL485972,CHEMBL485972,2398353;2399567,CHEMBL1152277;CHEMBL1152277,9.14;7.16
CC(=O)Nc1cc(-c2cccc(N3CCOCC3)n2)nc(-n2nc(C)cc2C)n1,CHEMBL520229,CHEMBL520229,2398355;2399549,CHEMBL1152277;CHEMBL1152277,9.08;7.89
CCC(=O)Nc1cc(-c2cncc(OC)c2)nc(-n2nc(C)cc2C)n1,CHEMBL486140,CHEMBL486140,2398357;2399558,CHEMBL1152277;CHEMBL1152277,8.74;7.51
CC(=O)Nc1cc(-c2cccc(N3CCC(O)CC3)n2)nc(-n2nc(C)cc2C)n1,CHEMBL521223,CHEMBL521223,2398358;2399556,CHEMBL1152277;CHEMBL1152277,8.72;7.66
COc1cncc(-c2cc(NC(C)=O)nc(-n3nc(C)cc3C)n2)c1,CHEMBL458242,CHEMBL458242,2398359;2399563;2501569;2501570,CHEMBL1152277;CHEMBL1152277;CHEMBL1143380;CHEMBL1143380,8.64;7.24;8.64;7.07
CC(=O)Nc1cc(-c2cccc(N3CCCOCC3)n2)nc(-n2nc(C)cc2C)n1,CHEMBL520036,CHEMBL520036,2398360,CHEMBL1152277,8.64
CC(=O)Nc1cc(-c2cncc(O)c2)nc(-n2nc(C)cc2C)n1,CHEMBL486130,CHEMBL486130,2398362;2399565,CHEMBL1152277;CHEMBL1152277,8.54;7.19
CC(=O)Nc1cc(-c2cncc(N3CCOCC3)c2)nc(-n2nc(C)cc2C)n1,CHEMBL521029,CHEMBL521029,2398363;2399636,CHEMBL1152277;CHEMBL1152277,8.52;6.67
COCCOc1cncc(-c2cc(NC(C)=O)nc(-n3nc(C)cc3C)n2)c1,CHEMBL519383,CHEMBL519383,2398368,CHEMBL1152277,8.51
COc1cncc(-c2cc(NC(=O)CN3CCOCC3)nc(-n3nc(C)cc3C)n2)c1,CHEMBL486131,CHEMBL486131,2398370;2399561,CHEMBL1152277;CHEMBL1152277,8.4;7.31
COC(=O)Nc1cc(-c2cncc(OC)c2)nc(-n2nc(C)cc2C)n1,CHEMBL519549,CHEMBL519549,2398372;2399574,CHEMBL1152277;CHEMBL1152277,8.13;6.78
CCOC(=O)Nc1cc(-c2cncc(OC)c2)nc(-n2nc(C)cc2C)n1,CHEMBL485752,CHEMBL485752,2398373;2399577,CHEMBL1152277;CHEMBL1152277,8.11;6.71
CC(=O)Nc1cc(-c2cccc(N)n2)nc(-n2nc(C)cc2C)n1,CHEMBL487372,CHEMBL487372,2398374,CHEMBL1152277,8.1
CC(=O)Nc1cc(-c2ccnc(N3CCOCC3)c2)nc(-n2nc(C)cc2C)n1,CHEMBL487371,CHEMBL487371,2398378,CHEMBL1152277,7.92
CC(=O)Nc1cc(-c2ccncc2)nc(-n2nc(C)cc2C)n1,CHEMBL520238,CHEMBL520238,2398403,CHEMBL1152277,7.4
CC(=O)Nc1cc(-c2cc(N3CCOCC3)ccn2)nc(-n2nc(C)cc2C)n1,CHEMBL485950,CHEMBL485950,2398429,CHEMBL1152277,7.06
CC(=O)Nc1cc(-c2cccnc2)nc(-n2nc(C)cc2C)n1,CHEMBL487766,CHEMBL487766,2398438,CHEMBL1152277,6.92
O[C@@H]1[C@H](O)[C@@H](CCl)O[C@H]1n1cnc2c(NC3CCCC3)ncnc21,CHEMBL477444,CHEMBL477444,2421972,CHEMBL1153422,6.08
OC[C@H]1O[C@@H](n2cnc3c(NC4CC5CCC4C5)nc(Cl)nc32)[C@H](O)[C@@H]1O,CHEMBL490250,CHEMBL490250,2421990,CHEMBL1153422,6.1
Nc1nc2c(cnn2CCN2Cc3ccccc3C2)c2nc(-c3ccco3)nn12,CHEMBL471923,CHEMBL471923,2454697,CHEMBL1155013,7.83
Nc1nc2c(cnn2CCN2CCc3ncc(-c4ccccc4)cc3C2)c2nc(-c3ccco3)nn12,CHEMBL469879,CHEMBL469879,2455383,CHEMBL1155013,7.75
Nc1nc2c(cnn2CCN2CCc3nc(C(F)(F)F)ccc3C2)c2nc(-c3ccco3)nn12,CHEMBL511446,CHEMBL511446,2455384,CHEMBL1155013,8.3
Nc1nc2c(cnn2CCN2CCc3ncncc3C2)c2nc(-c3ccco3)nn12,CHEMBL513030,CHEMBL513030,2455385,CHEMBL1155013,8.21
COCCOc1cnc2c(c1)CN(CCn1ncc3c1nc(N)n1nc(-c4ccco4)nc31)CC2,CHEMBL470089,CHEMBL470089,2455386,CHEMBL1155013,8.51
Nc1nc2c(cnn2CCN2CCc3ncc(Br)cc3C2)c2nc(-c3ccco3)nn12,CHEMBL470088,CHEMBL470088,2455387,CHEMBL1155013,8.8
Nc1nc2c(cnn2CCN2CCc3ncc(C4CC4)cc3C2)c2nc(-c3ccco3)nn12,CHEMBL469893,CHEMBL469893,2455388,CHEMBL1155013,8.72
Cc1cnc2c(c1)CN(CCn1ncc3c1nc(N)n1nc(-c4ccco4)nc31)CC2,CHEMBL513364,CHEMBL513364,2455389;14645606,CHEMBL1155013;CHEMBL3259781,8.7;8.7
Nc1nc2c(cnn2CCN2CCc3ncccc3C2)c2nc(-c3ccco3)nn12,CHEMBL471554,CHEMBL471554,2455390,CHEMBL1155013,8.32
COCCOc1ccc2c(c1)CCN(CCn1ncc3c1nc(N)n1nc(-c4ccco4)nc31)CC2,CHEMBL471553,CHEMBL471553,2455391,CHEMBL1155013,8.7
COc1ccc2c(c1)CCN(CCn1ncc3c1nc(N)n1nc(-c4ccco4)nc31)CC2,CHEMBL472114,CHEMBL472114,2455392,CHEMBL1155013,8.72
Nc1nc2c(cnn2CCN2CCc3ccc(Cl)cc3CC2)c2nc(-c3ccco3)nn12,CHEMBL512892,CHEMBL512892,2455393,CHEMBL1155013,8.48
Nc1nc2c(cnn2CCN2CCc3ccc(Br)cc3CC2)c2nc(-c3ccco3)nn12,CHEMBL472112,CHEMBL472112,2455394,CHEMBL1155013,8.96
Nc1nc2c(cnn2CCN2CCc3ccc([N+](=O)[O-])cc3CC2)c2nc(-c3ccco3)nn12,CHEMBL472111,CHEMBL472111,2455395,CHEMBL1155013,9.15
Nc1nc2c(cnn2CCN2CCc3ccccc3CC2)c2nc(-c3ccco3)nn12,CHEMBL472110,CHEMBL472110,2455396,CHEMBL1155013,8.7
COCCOc1ccc2c(c1)CN(CCn1ncc3c1nc(N)n1nc(-c4ccco4)nc31)CC2,CHEMBL512891,CHEMBL512891,2455397,CHEMBL1155013,8.29
COc1ccc2c(c1)CN(CCn1ncc3c1nc(N)n1nc(-c4ccco4)nc31)CC2,CHEMBL469674,CHEMBL469674,2455398,CHEMBL1155013,8.49
COc1ccc2c(c1)CCN(CCn1ncc3c1nc(N)n1nc(-c4ccco4)nc31)C2,CHEMBL469673,CHEMBL469673,2455399,CHEMBL1155013,8.6
COCCOc1cccc2c1CN(CCn1ncc3c1nc(N)n1nc(-c4ccco4)nc31)CC2,CHEMBL512133,CHEMBL512133,2455400,CHEMBL1155013,8.82
COc1cc2c(cc1OC)C(Cc1ccccc1)N(CCn1ncc3c1nc(N)n1nc(-c4ccco4)nc31)CC2,CHEMBL510959,CHEMBL510959,2455401,CHEMBL1155013,8.64
COc1cc2c(cc1OC)CN(CCn1ncc3c1nc(N)n1nc(-c4ccco4)nc31)C(C)C2,CHEMBL470087,CHEMBL470087,2455402,CHEMBL1155013,8.72
Nc1nc2c(cnn2CCN2CCc3ccccc3C2)c2nc(-c3ccco3)nn12,CHEMBL469877,CHEMBL469877,2455403,CHEMBL1155013,8.39
COCCOc1cccc2c1CN(CCn1ncc3c1nc(N)n1nc(-c4ccco4)nc31)C2,CHEMBL469874,CHEMBL469874,2455404,CHEMBL1155013,8.15
COc1cccc2c1CN(CCn1ncc3c1nc(N)n1nc(-c4ccco4)nc31)C2,CHEMBL471924,CHEMBL471924,2455405,CHEMBL1155013,8.22
COc1ccc2c(c1)CN(CCn1ncc3c1nc(N)n1nc(-c4ccco4)nc31)C2,CHEMBL469876,CHEMBL469876,2455526,CHEMBL1155013,8.27
Nc1nc2c(cnn2CCc2ccc(-c3ccccc3)cc2)c2nc(-c3ccco3)nn12,CHEMBL482078,CHEMBL482078,2457785,CHEMBL1155026,8.96
Nc1nc2c(cnn2CCc2ccc3nc(N4CCOCC4)ccc3c2)c2nc(-c3ccco3)nn12,CHEMBL479784,CHEMBL479784,2457790,CHEMBL1155026,8.74
CC(c1ccc2cc(CCn3ncc4c3nc(N)n3nc(-c5ccco5)nc43)ccc2n1)N1CCOCC1,CHEMBL516753,CHEMBL516753,2457791,CHEMBL1155026,8.89
Nc1nc2c(cnn2CCc2ccc3nc(C(=O)N4CCOCC4)ccc3c2)c2nc(-c3ccco3)nn12,CHEMBL482138,CHEMBL482138,2457792,CHEMBL1155026,8.8
Nc1nc2c(cnn2CCc2ccc3nc(CN4CCOCC4)ccc3c2)c2nc(-c3ccco3)nn12,CHEMBL481147,CHEMBL481147,2457793,CHEMBL1155026,8.64
COCCOC(C)c1ccc2cc(CCn3ncc4c3nc(N)n3nc(-c5ccco5)nc43)ccc2n1,CHEMBL481146,CHEMBL481146,2457794,CHEMBL1155026,8.82
COCCOCc1ccc2cc(CCn3ncc4c3nc(N)n3nc(-c5ccco5)nc43)ccc2n1,CHEMBL480177,CHEMBL480177,2457795,CHEMBL1155026,8.55
CCc1ccc2cc(CCn3ncc4c3nc(N)n3nc(-c5ccco5)nc43)ccc2n1,CHEMBL481956,CHEMBL481956,2457796,CHEMBL1155026,8.57
Cc1ccc2cc(CCn3ncc4c3nc(N)n3nc(-c5ccco5)nc43)ccc2n1,CHEMBL520782,CHEMBL520782,2457797;14645601,CHEMBL1155026;CHEMBL3259781,8.62;8.62
Nc1nc2c(cnn2CCc2ccc(-c3cccnc3)cn2)c2nc(-c3ccco3)nn12,CHEMBL482283,CHEMBL482283,2457798,CHEMBL1155026,7.94
Nc1nc2c(cnn2CCc2cccc(-c3cccnc3)c2)c2nc(-c3ccco3)nn12,CHEMBL519282,CHEMBL519282,2457799,CHEMBL1155026,8.26
Nc1nc2c(cnn2CCc2ccc(-c3cnccn3)cc2)c2nc(-c3ccco3)nn12,CHEMBL481132,CHEMBL481132,2457800,CHEMBL1155026,9.05
Cc1ccc(-c2ccc(CCn3ncc4c3nc(N)n3nc(-c5ccco5)nc43)cc2)cn1,CHEMBL519111,CHEMBL519111,2457801,CHEMBL1155026,9.22
COc1ccc(-c2ccc(CCn3ncc4c3nc(N)n3nc(-c5ccco5)nc43)cc2)cn1,CHEMBL481771,CHEMBL481771,2457802,CHEMBL1155026,8.72
Nc1nc2c(cnn2CCc2ccc(-c3cccnc3)cc2)c2nc(-c3ccco3)nn12,CHEMBL519784,CHEMBL519784,2457803,CHEMBL1155026,8.82
Nc1nc2c(cnn2CCc2ccc(-c3ccc(OC(F)(F)F)cc3)cc2)c2nc(-c3ccco3)nn12,CHEMBL481770,CHEMBL481770,2457804,CHEMBL1155026,8.11
COc1ccc(-c2ccc(CCn3ncc4c3nc(N)n3nc(-c5ccco5)nc43)cc2)cc1,CHEMBL521438,CHEMBL521438,2457805,CHEMBL1155026,9.3
Cn1c(=O)c2[nH]c(-c3ccccc3)cc2n(C)c1=O,CHEMBL38528,CHEMBL38528,2472342,CHEMBL1142545,6.32
Cc1ccc(-c2cc3c([nH]2)c(=O)n(C)c(=O)n3C)cc1,CHEMBL462095,CHEMBL462095,2472344,CHEMBL1142545,6.9
Cn1c(=O)c2[nH]c(-c3ccc(S(C)(=O)=O)cc3)c(O)c2n(C)c1=O,CHEMBL459553,CHEMBL459553,2472346,CHEMBL1142545,6.16
CCCn1c(=O)c2[nH]c(-c3ccccc3)cc2n(CCC)c1=O,CHEMBL289413,CHEMBL289413,2472347,CHEMBL1142545,6.19
CCCn1c(=O)c2[nH]c(-c3ccccc3)c(O)c2n(CCC)c1=O,CHEMBL516154,CHEMBL516154,2472348,CHEMBL1142545,7.3
CCCn1c(=O)c2[nH]c(-c3ccc(C)cc3)cc2n(CCC)c1=O,CHEMBL457442,CHEMBL457442,2472349,CHEMBL1142545,6.2
CCCn1c(=O)c2c(cc(-c3ccc(C)cc3)n2O)n(CCC)c1=O,CHEMBL457659,CHEMBL457659,2472350,CHEMBL1142545,6.4
CCCn1c(=O)c2[nH]c(-c3ccc(C)cc3)c(O)c2n(CCC)c1=O,CHEMBL455985,CHEMBL455985,2472351,CHEMBL1142545,7.05
CCCn1c(=O)c2[nH]c(-c3ccc(N)cc3)cc2n(CCC)c1=O,CHEMBL455986,CHEMBL455986,2472352,CHEMBL1142545,6.79
CCCn1c(=O)c2c(cc(-c3ccc(N)cc3)n2O)n(CCC)c1=O,CHEMBL457880,CHEMBL457880,2472353,CHEMBL1142545,6.62
CCCn1c(=O)c2[nH]c(-c3ccc(N)cc3)c(O)c2n(CCC)c1=O,CHEMBL510409,CHEMBL510409,2472354,CHEMBL1142545,6.78
CCCn1c(=O)c2[nH]c(-c3ccc(O)cc3)cc2n(CCC)c1=O,CHEMBL457881,CHEMBL457881,2472355,CHEMBL1142545,7.32
CCCn1c(=O)c2c(cc(-c3ccc(O)cc3)n2O)n(CCC)c1=O,CHEMBL455998,CHEMBL455998,2472356,CHEMBL1142545,6.99
CCCn1c(=O)c2[nH]c(-c3ccc(O)cc3)c(O)c2n(CCC)c1=O,CHEMBL455999,CHEMBL455999,2472357,CHEMBL1142545,6.93
CCCn1c(=O)c2[nH]c(-c3ccc(OC)cc3)cc2n(CCC)c1=O,CHEMBL449133,CHEMBL449133,2472358,CHEMBL1142545,6.7
CCCn1c(=O)c2c(cc(-c3ccc(OC)cc3)n2O)n(CCC)c1=O,CHEMBL457209,CHEMBL457209,2472359,CHEMBL1142545,6.2
CCCn1c(=O)c2[nH]c(-c3ccc(OC)cc3)c(O)c2n(CCC)c1=O,CHEMBL457418,CHEMBL457418,2472360,CHEMBL1142545,6.83
CCCn1c(=O)c2[nH]c(-c3ccc(C(C)=O)cc3)c(O)c2n(CCC)c1=O,CHEMBL456816,CHEMBL456816,2472361,CHEMBL1142545,6.49
CCCn1c(=O)c2[nH]c(-c3ccc([N+](=O)[O-])cc3)c(O)c2n(CCC)c1=O,CHEMBL457014,CHEMBL457014,2472362,CHEMBL1142545,6.84
CCCn1c(=O)c2[nH]c(-c3ccc(S(C)(=O)=O)cc3)c(O)c2n(CCC)c1=O,CHEMBL507754,CHEMBL507754,2472363,CHEMBL1142545,7.55
CCCn1c(=O)c2[nH]c(-c3ccc(S(C)(=O)=O)cc3)c(O)c2n(C)c1=O,CHEMBL457015,CHEMBL457015,2472364,CHEMBL1142545,6.33
CCCn1c(=O)c2[nH]c(-c3ccco3)c(O)c2n(CCC)c1=O,CHEMBL454700,CHEMBL454700,2472365,CHEMBL1142545,6.98
CCCn1c(=O)c2[nH]c(-c3ccc(C(=O)O)cc3)c(O)c2n(CCC)c1=O,CHEMBL455315,CHEMBL455315,2472366,CHEMBL1142545,6.03
CCCn1c(=O)c2[nH]c(-c3ccco3)c(OS(=O)(=O)O)c2n(CCC)c1=O,CHEMBL508090,CHEMBL508090,2472367,CHEMBL1142545,6.39
CCCn1c(=O)c2[nH]c(-c3ccc(OCC(=O)Nc4ccc(Br)cc4)cc3)c(O)c2n(CCC)c1=O,CHEMBL456125,CHEMBL456125,2472368,CHEMBL1142545,7.0
CCCn1c(=O)c2[nH]c(-c3ccc(OCC(=O)N4CCN(Cc5ccccc5)CC4)cc3)c(O)c2n(CCC)c1=O,CHEMBL506179,CHEMBL506179,2472370,CHEMBL1142545,7.04
COc1ccc(CCOc2cc3nc(-c4ccco4)nn3c(N)n2)cc1,CHEMBL481737,CHEMBL481737,2488646,CHEMBL1143289,8.55
COc1ccc(CCNc2cc3nc(-c4ccco4)nn3c(N)n2)cc1,CHEMBL520766,CHEMBL520766,2488647,CHEMBL1143289,8.24
COc1ccc(CCN(C)c2cc3nc(-c4ccco4)nn3c(N)n2)cc1,CHEMBL481736,CHEMBL481736,2488648,CHEMBL1143289,8.74
COc1ccc(CCSc2cc3nc(-c4ccco4)nn3c(N)n2)cc1,CHEMBL475445,CHEMBL475445,2488649,CHEMBL1143289,8.8
COc1ccc(CCCc2cc3nc(-c4ccco4)nn3c(N)n2)cc1,CHEMBL471974,CHEMBL471974,2488650,CHEMBL1143289,7.94
COc1ccc(CN(C)c2cc3nc(-c4ccco4)nn3c(N)n2)cc1,CHEMBL471975,CHEMBL471975,2488651,CHEMBL1143289,7.34
COc1ccc(CCCN(C)c2cc3nc(-c4ccco4)nn3c(N)n2)cc1,CHEMBL471976,CHEMBL471976,2488652,CHEMBL1143289,8.24
CN(CCc1ccc(F)cc1)c1cc2nc(-c3ccco3)nn2c(N)n1,CHEMBL520286,CHEMBL520286,2488653,CHEMBL1143289,8.7
CCN(CCc1ccc(F)cc1)c1cc2nc(-c3ccco3)nn2c(N)n1,CHEMBL482161,CHEMBL482161,2488654,CHEMBL1143289,8.52
COCCN(CCc1ccc(F)cc1)c1cc2nc(-c3ccco3)nn2c(N)n1,CHEMBL519271,CHEMBL519271,2488655,CHEMBL1143289,9.0
Nc1nc(OCCN2CCN(c3ccc(F)cc3F)CC2)cc2nc(-c3ccco3)nn12,CHEMBL480397,CHEMBL480397,2488656,CHEMBL1143289,8.22
COCCOc1ccc(N2CCN(CCOc3cc4nc(-c5ccco5)nn4c(N)n3)CC2)cc1,CHEMBL480556,CHEMBL480556,2488657,CHEMBL1143289,8.55
Nc1nc(SCCN2CCN(c3ccc(F)cc3F)CC2)cc2nc(-c3ccco3)nn12,CHEMBL521242,CHEMBL521242,2488658,CHEMBL1143289,8.85
COCCOc1ccc(N2CCN(CCSc3cc4nc(-c5ccco5)nn4c(N)n3)CC2)cc1,CHEMBL480568,CHEMBL480568,2488659,CHEMBL1143289,8.82
Nc1nc(NCCN2CCN(c3ccc(F)cc3F)CC2)cc2nc(-c3ccco3)nn12,CHEMBL361687,CHEMBL361687,2488660,CHEMBL1143289,8.82
COCCOc1ccc(N2CCN(CCNc3cc4nc(-c5ccco5)nn4c(N)n3)CC2)cc1,CHEMBL480749,CHEMBL480749,2488661,CHEMBL1143289,8.02
CN(CCN1CCN(c2ccc(F)cc2F)CC1)c1cc2nc(-c3ccco3)nn2c(N)n1,CHEMBL363660,CHEMBL363660,2488662,CHEMBL1143289,9.0
COCCOc1ccc(N2CCN(CCN(C)c3cc4nc(-c5ccco5)nn4c(N)n3)CC2)cc1,CHEMBL480756,CHEMBL480756,2488663,CHEMBL1143289,8.6
CCN(CCN1CCN(c2ccc(F)cc2F)CC1)c1cc2nc(-c3ccco3)nn2c(N)n1,CHEMBL473431,CHEMBL473431,2488664,CHEMBL1143289,9.05
CCN(CCN1CCN(c2ccc(OCCOC)cc2)CC1)c1cc2nc(-c3ccco3)nn2c(N)n1,CHEMBL473439,CHEMBL473439,2488665,CHEMBL1143289,8.82
COCCN(CCN1CCN(c2ccc(F)cc2F)CC1)c1cc2nc(-c3ccco3)nn2c(N)n1,CHEMBL514939,CHEMBL514939,2488666,CHEMBL1143289,9.3
COCCOc1ccc(N2CCN(CCN(CCOC)c3cc4nc(-c5ccco5)nn4c(N)n3)CC2)cc1,CHEMBL473440,CHEMBL473440,2488667,CHEMBL1143289,9.15
Nc1nc(N(CCN2CCN(c3ccc(F)cc3F)CC2)CC2CC2)cc2nc(-c3ccco3)nn12,CHEMBL470942,CHEMBL470942,2488668,CHEMBL1143289,9.52
COCCOc1ccc(N2CCN(CCN(CC3CC3)c3cc4nc(-c5ccco5)nn4c(N)n3)CC2)cc1,CHEMBL512337,CHEMBL512337,2488669,CHEMBL1143289,9.1
COCCOc1ccc(N2CCN(CCOc3cc4nc(-c5ccc(Cl)o5)nn4c(N)n3)CC2)cc1,CHEMBL475592,CHEMBL475592,2488670,CHEMBL1143289,7.4
COCCOc1ccc(N2CCN(CCN(C)c3cc4nc(-c5ccccc5)nn4c(N)n3)CC2)cc1,CHEMBL482328,CHEMBL482328,2488671,CHEMBL1143289,7.6
CN(CCN1CCN(c2ccc(F)cc2F)CC1)c1cc2nc(-c3cccc(C#N)c3)nn2c(N)n1,CHEMBL482329,CHEMBL482329,2488672;14645607,CHEMBL1143289;CHEMBL3259781,8.74;8.74
COCCOc1ccc(N2CCN(CCN(C)c3cc4nc(-c5cccc(C#N)c5)nn4c(N)n3)CC2)cc1,CHEMBL480380,CHEMBL480380,2488673,CHEMBL1143289,9.15
CN(CCN1CCN(c2ccc(F)cc2F)CC1)c1cc2nc(-c3cnco3)nn2c(N)n1,CHEMBL480542,CHEMBL480542,2488674,CHEMBL1143289,9.52
Cc1nccnc1-c1nc2cc(N(C)CCN3CCN(c4ccc(F)cc4F)CC3)nc(N)n2n1,CHEMBL480570,CHEMBL480570,2488675,CHEMBL1143289,9.52
CC(=O)Nc1cc(-c2ccccc2O)nc(-n2nc(C)cc2C)n1,CHEMBL515526,CHEMBL515526,2501573,CHEMBL1143380,8.72
COC[C@H]1CCCN1c1cc(NC(C)=O)nc(-c2ccc(C)o2)n1,CHEMBL508786,CHEMBL508786,2501579,CHEMBL1143380,8.57
CC(=O)Nc1cc(N2CCc3ccccc3C2)nc(-n2nc(C)cc2C)n1,CHEMBL456287,CHEMBL456287,2501581,CHEMBL1143380,8.38
COC[C@H]1CCCN1c1cc(NC(C)=O)nc(-n2nc(C)cc2C)n1,CHEMBL458224,CHEMBL458224,2501583;2501683;13863108,CHEMBL1143380;CHEMBL1143380;CHEMBL3098080,8.33;7.07;7.82
CCC(=O)Nc1cc(N2CCC[C@@H]2COC)nc(-n2nc(C)cc2C)n1,CHEMBL469488,CHEMBL469488,2501584,CHEMBL1143380,8.23
COC[C@H]1C[C@H](OC)CN1c1cc(NC(C)=O)nc(-n2nc(C)cc2C)n1,CHEMBL455848,CHEMBL455848,2501585,CHEMBL1143380,8.12
COCC1CCCN1c1cc(NC(C)=O)nc(-n2nc(C)cc2C)n1,CHEMBL516168,CHEMBL516168,2501588,CHEMBL1143380,8.05
CC(=O)Nc1cc(N2CCCC2=O)nc(-n2nc(C)cc2C)n1,CHEMBL515992,CHEMBL515992,2501593;2501679,CHEMBL1143380;CHEMBL1143380,7.92;6.0
COC[C@@H]1CCCN1c1cc(NC(C)=O)nc(-c2nccs2)n1,CHEMBL456069,CHEMBL456069,2501597,CHEMBL1143380,7.82
COC[C@H]1CCCN1c1cc(NC(=O)OC)nc(-n2nc(C)cc2C)n1,CHEMBL480444,CHEMBL480444,2501599,CHEMBL1143380,7.72
COC[C@H]1CCCN1c1cc(NC(C)=O)nc(-c2nccs2)n1,CHEMBL480443,CHEMBL480443,2501600,CHEMBL1143380,7.7
COC[C@H]1C[C@@H](OC)CN1c1cc(NC(C)=O)nc(-n2nc(C)cc2C)n1,CHEMBL455849,CHEMBL455849,2501601,CHEMBL1143380,7.64
CC(=O)Nc1cc(N2CCC[C@H]2CO)nc(-n2nc(C)cc2C)n1,CHEMBL515344,CHEMBL515344,2501603,CHEMBL1143380,7.59
CCCC1CCN(c2cc(NC(C)=O)nc(-n3nc(C)cc3C)n2)C1,CHEMBL456051,CHEMBL456051,2501604,CHEMBL1143380,7.58
COC[C@@H]1CCCN1c1cc(NC(C)=O)nc(-c2cccs2)n1,CHEMBL456068,CHEMBL456068,2501606,CHEMBL1143380,7.57
CC(=O)Nc1cc(N2CCCC2C)nc(-n2nc(C)cc2C)n1,CHEMBL456073,CHEMBL456073,2501608,CHEMBL1143380,7.55
CC(=O)Nc1cc(N2CCC[C@@H]2COc2ccccn2)nc(-n2nc(C)cc2C)n1,CHEMBL457573,CHEMBL457573,2501615,CHEMBL1143380,7.4
COC[C@H]1CCCN1c1cc(NC(=O)NC(C)C)nc(-n2nc(C)cc2C)n1,CHEMBL481817,CHEMBL481817,2501616,CHEMBL1143380,7.37
COC[C@H]1CCCN1c1cc(NC(C)=O)nc(-c2ccccn2)n1,CHEMBL521082,CHEMBL521082,2501619,CHEMBL1143380,7.34
COC[C@@H]1CCC(C)N1c1cc(NC(C)=O)nc(-n2nc(C)cc2C)n1,CHEMBL458232,CHEMBL458232,2501620,CHEMBL1143380,7.33
COC[C@H]1CCCN1c1cc(NC(C)=O)nc(-c2cccs2)n1,CHEMBL510696,CHEMBL510696,2501621,CHEMBL1143380,7.33
COC[C@@H]1CCCN1c1cc(NC(C)=O)nc(-c2ccccn2)n1,CHEMBL446738,CHEMBL446738,2501624,CHEMBL1143380,7.3
COC[C@H]1CCCN1c1cc(NC(=O)CC(C)C)nc(-n2nc(C)cc2C)n1,CHEMBL482011,CHEMBL482011,2501625,CHEMBL1143380,7.3
CC(=O)Nc1cc(N2CCCCC2)nc(-n2nc(C)cc2C)n1,CHEMBL457578,CHEMBL457578,2501633,CHEMBL1143380,7.11
CCN(CC)c1cc(NC(C)=O)nc(-n2nc(C)cc2C)n1,CHEMBL445755,CHEMBL445755,2501634,CHEMBL1143380,7.04
CC(=O)Nc1cc(N2CCCC2)nc(-n2nc(C)cc2C)n1,CHEMBL519952,CHEMBL519952,2501636,CHEMBL1143380,6.96
COC[C@@H]1CCCN1c1cc(NC(C)=O)nc(-c2ccc(C)o2)n1,CHEMBL521081,CHEMBL521081,2501637,CHEMBL1143380,6.92
COC(=O)[C@H]1CCCN1c1cc(NC(C)=O)nc(-n2nc(C)cc2C)n1,CHEMBL515190,CHEMBL515190,2501642,CHEMBL1143380,6.69
COC[C@H]1CCCN1c1cc(N)nc(-n2nc(C)cc2C)n1,CHEMBL482213,CHEMBL482213,2501645,CHEMBL1143380,6.58
COCC[C@@H]1CCCCN1c1cc(NC(C)=O)nc(-n2nc(C)cc2C)n1,CHEMBL515218,CHEMBL515218,2501646,CHEMBL1143380,6.56
CC(=O)Nc1cc(N2CCOCC2)nc(-n2nc(C)cc2C)n1,CHEMBL457579,CHEMBL457579,2501647,CHEMBL1143380,6.5
COC[C@@H]1CCCN1c1cc(NC(C)=O)nc(-n2nc(C)cc2C)n1,CHEMBL515192,CHEMBL515192,2501650,CHEMBL1143380,6.49
CC(=O)Nc1cc(N2CCC[C@H]2COc2ccccn2)nc(-n2nc(C)cc2C)n1,CHEMBL459098,CHEMBL459098,2501654,CHEMBL1143380,6.36
CCOCC1CCCN1c1cc(NC(C)=O)nc(-n2nc(C)cc2C)n1,CHEMBL456271,CHEMBL456271,2501655,CHEMBL1143380,6.34
Nc1nc(CN[C@H]2CCCN2Cc2ccnc(Cl)c2)nc2nc(-c3ccco3)nn12,CHEMBL513009,CHEMBL513009,2563422,CHEMBL1155896,8.4
Nc1nc(N2CCN3C[C@@H](COc4cccc(F)c4)CC[C@H]3C2)nc2nc(-c3ccco3)nn12,CHEMBL373700,CHEMBL373700,2563427,CHEMBL1155896,9.7
CC(O)(C#Cc1cn2nc(-c3ccco3)nc2c(N)n1)Cc1ccncc1,CHEMBL359463,CHEMBL359463,2563428,CHEMBL1155896,8.96
CC(C)(C)OC(=O)N1CCN(c2cccc(-c3cc4nc(-c5ccco5)nn4c(N)n3)c2)CC1,CHEMBL469026,CHEMBL469026,2563429,CHEMBL1155896,9.3
COc1ccccc1-c1cc2nc(-c3ccco3)nn2c(N)n1,CHEMBL177782,CHEMBL177782,2563430,CHEMBL1155896,8.37
Nc1nc(C(=O)NCCc2ccc(O)cc2)cn2nc(-c3ccco3)nc12,CHEMBL373026,CHEMBL373026,2563431,CHEMBL1155896,9.0
CC(C)c1ccc2c(c1)-c1nc(N)nc(-c3ccc(Br)o3)c1C2,CHEMBL360241,CHEMBL360241,2563432,CHEMBL1155896,9.1
N#Cc1c(-c2ccccc2)cc(-c2ccco2)nc1N,CHEMBL468370,CHEMBL468370,2563436,CHEMBL1155896,7.96
Cc1cccc(-c2cc(-c3ccccc3)nc(N)c2C#N)c1,CHEMBL478822,CHEMBL478822,2563462,CHEMBL1155896,6.89
N#Cc1c(-c2cccc(OC(F)(F)F)c2)cc(-c2ccccc2)nc1N,CHEMBL469004,CHEMBL469004,2563463,CHEMBL1155896,7.24
COc1ccc(-c2cc(-c3ccccc3)nc(N)c2C#N)cc1OC,CHEMBL468831,CHEMBL468831,2563464,CHEMBL1155896,6.8
N#Cc1c(-c2ccccc2)cc(-c2ccccc2)nc1N,CHEMBL467387,CHEMBL467387,2563465,CHEMBL1155896,6.89
Cc1cccc(-c2cc(-c3ccco3)nc(N)c2C#N)c1,CHEMBL467386,CHEMBL467386,2563466,CHEMBL1155896,6.85
N#Cc1c(-c2ccc(O)cc2)cc(-c2ccco2)nc1N,CHEMBL467366,CHEMBL467366,2563469,CHEMBL1155896,7.39
N#Cc1c(-c2ccc3c(c2)OCO3)cc(-c2ccco2)nc1N,CHEMBL513320,CHEMBL513320,2563470,CHEMBL1155896,7.58
COc1ccc(-c2cc(-c3ccco3)nc(N)c2C#N)cc1OC,CHEMBL502105,CHEMBL502105,2563471,CHEMBL1155896,7.04
COc1ccc(-c2cc(-c3ccco3)nc(N)c2C#N)cc1,CHEMBL468556,CHEMBL468556,2563472,CHEMBL1155896,7.39
N#Cc1c(-c2ccc(Cl)c(Cl)c2)cc(-c2ccco2)nc1N,CHEMBL513519,CHEMBL513519,2563474,CHEMBL1155896,6.72
N#Cc1c(-c2ccc(Cl)cc2)cc(-c2ccco2)nc1N,CHEMBL468555,CHEMBL468555,2563475,CHEMBL1155896,6.85
Cc1ccc(-c2cc(-c3ccco3)nc(N)c2C#N)o1,CHEMBL444953,CHEMBL444953,2563532,CHEMBL1155896,7.82
N#Cc1c(-c2ccco2)cc(-c2ccco2)nc1N,CHEMBL506250,CHEMBL506250,2563533;2563560,CHEMBL1155896;CHEMBL1155896,9.0;9.87
N#Cc1c(-c2cccs2)cc(-c2ccccc2)nc1N,CHEMBL476298,CHEMBL476298,2563534,CHEMBL1155896,7.27
N#Cc1c(-c2ccco2)cc(-c2cccs2)nc1N,CHEMBL476310,CHEMBL476310,2563535,CHEMBL1155896,7.92
N#Cc1c(-c2ccccc2)cc(-c2ccc[nH]2)nc1N,CHEMBL476309,CHEMBL476309,2563536,CHEMBL1155896,6.19
N#Cc1c(-c2ccccc2)cc(-c2cccs2)nc1N,CHEMBL476308,CHEMBL476308,2563537,CHEMBL1155896,7.06
N#Cc1c(-c2cccs2)cc(-c2ccco2)nc1N,CHEMBL476311,CHEMBL476311,2563538,CHEMBL1155896,8.85
N#Cc1c(-c2cccs2)cc(-c2cccs2)nc1N,CHEMBL455264,CHEMBL455264,2563539,CHEMBL1155896,7.5
N#Cc1c(-c2ccco2)cc(-c2ccccc2)nc1N,CHEMBL447192,CHEMBL447192,2563540,CHEMBL1155896,7.72
Nc1nc(-c2ccccc2)nc2c1nnn2Cc1ccccc1,CHEMBL471614,CHEMBL471614,2609733,CHEMBL1152773,6.83
O=C(Nc1nc(-c2ccccc2)nc2c1nnn2Cc1ccccc1)C1CC1,CHEMBL458346,CHEMBL458346,2609734,CHEMBL1152773,6.96
O=C(Nc1nc(-c2ccccc2)nc2c1nnn2Cc1ccccc1)C1CCC1,CHEMBL514399,CHEMBL514399,2609735,CHEMBL1152773,6.92
O=C(Nc1nc(-c2ccccc2)nc2c1nnn2Cc1ccccc1)c1cccs1,CHEMBL456011,CHEMBL456011,2609736,CHEMBL1152773,6.52
O=C(Nc1nc(-c2ccccc2)nc2c1nnn2Cc1ccccc1)c1ccco1,CHEMBL517097,CHEMBL517097,2609737,CHEMBL1152773,6.24
O=C(Nc1nc(-c2ccccc2)nc2c1nnn2Cc1ccccc1)c1ccoc1,CHEMBL459772,CHEMBL459772,2609738,CHEMBL1152773,6.79
Nc1ccccc1C(=O)Nc1nc(-c2ccccc2)nc2c1nnn2Cc1ccccc1,CHEMBL469760,CHEMBL469760,2609739,CHEMBL1152773,6.53
O=C(c1ccccc1)c1sc(NCCc2cccs2)nc1-c1ccco1,CHEMBL457102,CHEMBL457102,2616064;3117560,CHEMBL1154525;CHEMBL1157642,7.92;7.92
O=C(c1ccccc1)c1sc(NCc2ccco2)nc1-c1ccco1,CHEMBL516871,CHEMBL516871,2616071,CHEMBL1154525,7.37
O=C(c1ccccc1)c1sc(NCc2cccs2)nc1-c1ccco1,CHEMBL456457,CHEMBL456457,2616072,CHEMBL1154525,7.27
O=C(c1ccccc1)c1sc(NCCc2ccc3c(c2)OCO3)nc1-c1ccco1,CHEMBL456455,CHEMBL456455,2616077,CHEMBL1154525,7.21
O=C(c1ccccc1)c1sc(NCc2ccc(F)c(F)c2)nc1-c1ccco1,CHEMBL465171,CHEMBL465171,2616078,CHEMBL1154525,7.19
CNc1nc(-c2ccco2)c(C(=O)c2ccccc2)s1,CHEMBL461665,CHEMBL461665,2616079,CHEMBL1154525,7.17
O=C(c1ccccc1)c1sc(N(Cc2ccccc2)Cc2ccco2)nc1-c1ccco1,CHEMBL457546,CHEMBL457546,2616080,CHEMBL1154525,7.06
CC(C)CNc1nc(-c2ccco2)c(C(=O)c2ccccc2)s1,CHEMBL516948,CHEMBL516948,2616081,CHEMBL1154525,7.05
O=C(c1ccccc1)c1sc(NC2CCN(Cc3ccccc3F)CC2)nc1-c1ccco1,CHEMBL452203,CHEMBL452203,2616082,CHEMBL1154525,6.98
O=C(c1ccccc1)c1sc(NCCCc2ccccc2)nc1-c1ccco1,CHEMBL457103,CHEMBL457103,2616083,CHEMBL1154525,6.98
COC(C)CNc1nc(-c2ccco2)c(C(=O)c2ccccc2)s1,CHEMBL460171,CHEMBL460171,2616084,CHEMBL1154525,6.81
CN(Cc1ccco1)c1nc(-c2ccco2)c(C(=O)c2ccccc2)s1,CHEMBL508555,CHEMBL508555,2616085,CHEMBL1154525,6.8
COCCNc1nc(-c2ccco2)c(C(=O)c2ccccc2)s1,CHEMBL460170,CHEMBL460170,2616086,CHEMBL1154525,6.71
CC(=O)NCCNc1nc(-c2ccco2)c(C(=O)c2ccccc2)s1,CHEMBL460172,CHEMBL460172,2616087,CHEMBL1154525,6.55
CC(=O)N1CCC(Nc2nc(-c3ccco3)c(C(=O)c3ccccc3)s2)CC1,CHEMBL460384,CHEMBL460384,2616088,CHEMBL1154525,6.34
CCn1c(=O)[nH]c2nc(-c3ccc(S(=O)(=O)N4CCN(Cc5ccccc5)CC4)cc3)[nH]c2c1=O,CHEMBL519813,CHEMBL519813,2635377,CHEMBL1137016,6.82
CCn1c(=O)[nH]c2nc(-c3ccc(S(=O)(=O)N4CCN(Cc5ccc(Cl)cc5)CC4)cc3)[nH]c2c1=O,CHEMBL483261,CHEMBL483261,2635378,CHEMBL1137016,8.19
CCCn1c(=O)[nH]c2nc(-c3ccc(S(=O)(=O)N4CCN(Cc5ccc(Cl)cc5)CC4)cc3)[nH]c2c1=O,CHEMBL482436,CHEMBL482436,2635379,CHEMBL1137016,6.48
CCCn1c(=O)[nH]c2nc(-c3ccc(S(=O)(=O)N4CCN(Cc5cccc(Cl)c5)CC4)cc3)[nH]c2c1=O,CHEMBL483469,CHEMBL483469,2635381,CHEMBL1137016,6.79
CCn1c(=O)[nH]c2nc(-c3ccc(S(=O)(=O)N4CCN(Cc5ccc(F)cc5)CC4)cc3)[nH]c2c1=O,CHEMBL520297,CHEMBL520297,2635382,CHEMBL1137016,7.04
CCn1c(=O)[nH]c2nc(-c3ccc(S(=O)(=O)N4CCN(Cc5cccc(F)c5)CC4)cc3)[nH]c2c1=O,CHEMBL484899,CHEMBL484899,2635384,CHEMBL1137016,6.84
CCCn1c(=O)[nH]c2nc(-c3ccc(S(=O)(=O)N4CCN(Cc5cccc(F)c5)CC4)cc3)[nH]c2c1=O,CHEMBL484900,CHEMBL484900,2635385,CHEMBL1137016,6.56
CCn1c(=O)[nH]c2nc(-c3ccc(S(=O)(=O)N4CCN(Cc5ccc(C(F)(F)F)cc5)CC4)cc3)[nH]c2c1=O,CHEMBL486478,CHEMBL486478,2635386,CHEMBL1137016,7.64
CCCn1c(=O)[nH]c2nc(-c3ccc(S(=O)(=O)N4CCN(Cc5ccc(C(F)(F)F)cc5)CC4)cc3)[nH]c2c1=O,CHEMBL486479,CHEMBL486479,2635387,CHEMBL1137016,6.84
CCn1c(=O)[nH]c2nc(-c3ccc(S(=O)(=O)N4CCN(Cc5cccc(C(F)(F)F)c5)CC4)cc3)[nH]c2c1=O,CHEMBL519390,CHEMBL519390,2635388,CHEMBL1137016,7.16
CCCn1c(=O)[nH]c2nc(-c3ccc(S(=O)(=O)N4CCN(Cc5cccc(C(F)(F)F)c5)CC4)cc3)[nH]c2c1=O,CHEMBL486688,CHEMBL486688,2635389,CHEMBL1137016,6.51
CCn1c(=O)[nH]c2nc(-c3ccc(S(=O)(=O)N4CCN(Cc5ccc(OC)cc5)CC4)cc3)[nH]c2c1=O,CHEMBL482648,CHEMBL482648,2635392,CHEMBL1137016,6.63
CCCn1c(=O)[nH]c2nc(-c3ccc(S(=O)(=O)N4CCN(Cc5ccc(OC)cc5)CC4)cc3)[nH]c2c1=O,CHEMBL482855,CHEMBL482855,2635393,CHEMBL1137016,6.48
CCn1c(=O)[nH]c2nc(-c3ccc(S(=O)(=O)N4CCN(Cc5ccc6c(c5)OCO6)CC4)cc3)[nH]c2c1=O,CHEMBL483065,CHEMBL483065,2635394,CHEMBL1137016,6.99
CCCn1c(=O)[nH]c2nc(-c3ccc(S(=O)(=O)N4CCN(Cc5ccc6c(c5)OCO6)CC4)cc3)[nH]c2c1=O,CHEMBL486893,CHEMBL486893,2635395,CHEMBL1137016,6.95
CCn1c(=O)[nH]c2nc(-c3ccc(S(=O)(=O)N4CCN(c5ccc(Cl)cc5)CC4)cc3)[nH]c2c1=O,CHEMBL483487,CHEMBL483487,2635396,CHEMBL1137016,7.32
CCCn1c(=O)[nH]c2nc(-c3ccc(S(=O)(=O)N4CCN(CCc5ccccc5)CC4)cc3)[nH]c2c1=O,CHEMBL488541,CHEMBL488541,2635402,CHEMBL1137016,6.57
CCCn1c(=O)[nH]c2nc(-c3ccc(S(=O)(=O)NC4CCN(Cc5ccccc5)CC4)cc3)[nH]c2c1=O,CHEMBL486282,CHEMBL486282,2635405,CHEMBL1137016,7.03
CC(=O)NCCNc1nc(-c2ccccc2)nc2[nH]c(C(=O)N3CCN(CCCc4ccccc4)CC3)cc12,CHEMBL485862,CHEMBL485862,2635515;3371849;8056964,CHEMBL1137016;CHEMBL1208683;CHEMBL1955727,6.48;6.48;6.48
Cn1c(=O)c2[nH]c(-c3ccc(COC(=O)Nc4ccccc4)cc3)cc2n(C)c1=O,CHEMBL512290,CHEMBL512290,2640150,CHEMBL1136891,7.46
Cn1c(=O)c2[nH]c(-c3ccc(COC(=O)Nc4ccc(F)cc4)cc3)cc2n(C)c1=O,CHEMBL469119,CHEMBL469119,2640151,CHEMBL1136891,7.14
Cn1c(=O)c2[nH]c(-c3ccc(COC(=O)Nc4ccsc4)cc3)cc2n(C)c1=O,CHEMBL513681,CHEMBL513681,2640152,CHEMBL1136891,7.98
Cn1c(=O)c2[nH]c(-c3ccc(COC(=O)Nc4cccs4)cc3)cc2n(C)c1=O,CHEMBL468295,CHEMBL468295,2640153,CHEMBL1136891,7.82
Cn1c(=O)c2[nH]c(-c3ccc(COC(=O)Nc4ccccn4)cc3)cc2n(C)c1=O,CHEMBL468296,CHEMBL468296,2640154,CHEMBL1136891,6.31
Cn1c(=O)c2[nH]c(-c3ccc(COC(=O)Nc4ccco4)cc3)cc2n(C)c1=O,CHEMBL468506,CHEMBL468506,2640155,CHEMBL1136891,7.74
Cn1c(=O)c2[nH]c(-c3ccc(COC(=O)N4CCN(c5ccccc5)CC4)cc3)cc2n(C)c1=O,CHEMBL513135,CHEMBL513135,2640156,CHEMBL1136891,6.88
Cn1c(=O)c2[nH]c(-c3ccc(COC(=O)N4CCc5ccccc5C4)cc3)cc2n(C)c1=O,CHEMBL469136,CHEMBL469136,2640157,CHEMBL1136891,7.36
Cn1c(=O)c2[nH]c(-c3ccc(COC(=O)NCc4ccccc4)cc3)cc2n(C)c1=O,CHEMBL511714,CHEMBL511714,2640158,CHEMBL1136891,6.0
CCCn1c(=O)c2[nH]c(-c3ccc(COC(=O)Nc4ccccc4)cc3)cc2n(CCC)c1=O,CHEMBL466021,CHEMBL466021,2640159,CHEMBL1136891,7.54
CCCn1c(=O)c2[nH]c(-c3ccc(COC(=O)Nc4ccc(F)cc4)cc3)cc2n(CCC)c1=O,CHEMBL512276,CHEMBL512276,2640160,CHEMBL1136891,6.93
CCCn1c(=O)c2[nH]c(-c3ccc(COC(=O)Nc4cnccn4)cc3)cc2n(CCC)c1=O,CHEMBL467271,CHEMBL467271,2640163,CHEMBL1136891,7.45
CCCn1c(=O)c2[nH]c(-c3ccc(COC(=O)Nc4ccon4)cc3)cc2n(CCC)c1=O,CHEMBL466035,CHEMBL466035,2640164,CHEMBL1136891,7.66
CCCn1c(=O)c2[nH]c(-c3ccc(COC(=O)Nc4cc[nH]n4)cc3)cc2n(CCC)c1=O,CHEMBL466453,CHEMBL466453,2640165,CHEMBL1136891,8.0
CCCn1c(=O)c2[nH]c(-c3ccc(COC(=O)N4CCN(c5ccccc5)CC4)cc3)cc2n(CCC)c1=O,CHEMBL466652,CHEMBL466652,2640166,CHEMBL1136891,6.35
CCCn1c(=O)c2[nH]c(-c3ccc(COC(=O)N4CCN(c5cccc(Cl)c5)CC4)cc3)cc2n(CCC)c1=O,CHEMBL452454,CHEMBL452454,2640167,CHEMBL1136891,7.55
CCCn1c(=O)c2[nH]c(-c3ccc(COC(=O)N4CCN(c5ccc(F)cc5)CC4)cc3)cc2n(CCC)c1=O,CHEMBL466828,CHEMBL466828,2640168,CHEMBL1136891,7.3
O[C@@H]1[C@H](O)CO[C@H]1n1cnc2c(NCc3cccc(I)c3)ncnc21,CHEMBL549352,CHEMBL549352,2666626,CHEMBL1151887,6.0
CCn1c(=O)c2[nH]c(-c3ccc(OCC(=O)NN4CCc5ccccc5C4)cc3)nc2n(CCCOC)c1=O,CHEMBL565192,CHEMBL565192,2673417,CHEMBL1151855,6.64
CCn1c(=O)c2[nH]c(-c3ccc(OCC(=O)Nc4ccon4)cc3)nc2n(CCCOC)c1=O,CHEMBL560905,CHEMBL560905,2673418,CHEMBL1151855,6.67
CCn1c(=O)c2[nH]c(-c3ccc(OCC(=O)Nc4ccc(C#N)cc4)cc3)nc2n(CCCOC)c1=O,CHEMBL557694,CHEMBL557694,2673419,CHEMBL1151855,6.95
CCn1c(=O)c2[nH]c(-c3ccc(OCC(=O)Nc4nc5ccccc5[nH]4)cc3)nc2n(CCCOC)c1=O,CHEMBL550638,CHEMBL550638,2673421,CHEMBL1151855,6.69
CCn1c(=O)c2[nH]c(-c3ccc(OCC(=O)Nc4ccc(C(C)=O)cc4)cc3)nc2n(CCCOC)c1=O,CHEMBL561364,CHEMBL561364,2673422,CHEMBL1151855,6.83
CCn1c(=O)c2[nH]c(-c3ccc(OCC(=O)Nc4ccc(O)cc4)cc3)nc2n(CCCOC)c1=O,CHEMBL562427,CHEMBL562427,2673423,CHEMBL1151855,6.38
CCn1c(=O)c2[nH]c(-c3ccc(OCC(=O)Nc4cccnc4)cc3)nc2n(CCCOC)c1=O,CHEMBL552304,CHEMBL552304,2673424,CHEMBL1151855,6.12
CCn1c(=O)c2[nH]c(-c3ccc(OCC(=O)Nc4ccccn4)cc3)nc2n(CCCOC)c1=O,CHEMBL556389,CHEMBL556389,2673425,CHEMBL1151855,6.77
CCn1c(=O)c2[nH]c(-c3ccc(OCC(=O)Nc4ccc(Br)cc4)cc3)nc2n(CCCOC)c1=O,CHEMBL563425,CHEMBL563425,2673426,CHEMBL1151855,7.01
CCn1c(=O)c2[nH]c(-c3ccc(OCC(=O)Nc4ccc(F)cc4)cc3)nc2n(CCCOC)c1=O,CHEMBL551904,CHEMBL551904,2673427,CHEMBL1151855,7.25
CCn1c(=O)c2[nH]c(-c3ccc(OCC(=O)Nc4ccccc4)cc3)nc2n(CCCOC)c1=O,CHEMBL560624,CHEMBL560624,2673428,CHEMBL1151855,7.06
CCn1c(=O)c2[nH]c(-c3ccc(OCC(=O)NC4CCCC4)cc3)nc2n(CCCOC)c1=O,CHEMBL560623,CHEMBL560623,2673429,CHEMBL1151855,7.02
CCCn1c(=O)c2[nH]c(-c3ccc[nH]3)nc2n(CCCOC)c1=O,CHEMBL561168,CHEMBL561168,2673481,CHEMBL1151855,6.4
CCCn1c(=O)c2[nH]c(-c3ccccc3)nc2n(CCCOC)c1=O,CHEMBL561167,CHEMBL561167,2673483,CHEMBL1151855,6.47
CCn1c(=O)c2[nH]c(-c3ccc[nH]3)nc2n(CCCOC)c1=O,CHEMBL560967,CHEMBL560967,2673485,CHEMBL1151855,6.68
CCn1c(=O)c2[nH]c(-c3ccc(-c4ccccc4)cc3)nc2n(CCCOC)c1=O,CHEMBL563889,CHEMBL563889,2673487,CHEMBL1151855,6.28
CCn1c(=O)c2[nH]c(-c3cccs3)nc2n(CCCOC)c1=O,CHEMBL564680,CHEMBL564680,2673489,CHEMBL1151855,6.66
CCn1c(=O)c2[nH]c(-c3ccco3)nc2n(CCCOC)c1=O,CHEMBL551761,CHEMBL551761,2673491,CHEMBL1151855,6.31
Nc1nc(NC(=O)c2ccccc2)c([N+](=O)[O-])c(-c2ccco2)n1,CHEMBL557624,CHEMBL557624,2676580,CHEMBL1151872,6.51
Nc1nc(NC(=O)c2ccncc2)c([N+](=O)[O-])c(-c2ccco2)n1,CHEMBL540156,CHEMBL540156,2676581,CHEMBL1151872,6.82
Nc1nc(NC(=O)c2ccccc2F)c([N+](=O)[O-])c(-c2ccco2)n1,CHEMBL562421,CHEMBL562421,2676582,CHEMBL1151872,7.64
COc1ccccc1C(=O)Nc1nc(N)nc(-c2ccco2)c1[N+](=O)[O-],CHEMBL563034,CHEMBL563034,2676583,CHEMBL1151872,6.77
Nc1nc(NC(=O)c2ccccc2OC(F)(F)F)c([N+](=O)[O-])c(-c2ccco2)n1,CHEMBL561163,CHEMBL561163,2676584,CHEMBL1151872,7.8
Nc1nc(NC(=O)c2cccnc2)c([N+](=O)[O-])c(-c2ccco2)n1,CHEMBL551177,CHEMBL551177,2676585,CHEMBL1151872,6.66
COc1ccccc1CC(=O)Nc1nc(N)nc(-c2ccco2)c1[N+](=O)[O-],CHEMBL564224,CHEMBL564224,2676586,CHEMBL1151872,8.0
Nc1nc(C(=O)NCc2ccccc2)cc(-c2ccco2)n1,CHEMBL538629,CHEMBL538629,2676587,CHEMBL1151872,8.12
Nc1nc(C(=O)NCc2ccccc2F)cc(-c2ccco2)n1,CHEMBL557084,CHEMBL557084,2676588,CHEMBL1151872,8.46
Nc1nc(C(=O)NCc2cccc(F)c2)cc(-c2ccco2)n1,CHEMBL550636,CHEMBL550636,2676589,CHEMBL1151872,8.32
Nc1nc(C(=O)NCc2ccc(F)cc2)cc(-c2ccco2)n1,CHEMBL561244,CHEMBL561244,2676590,CHEMBL1151872,7.7
Nc1nc(C(=O)NCc2ccccc2Cl)cc(-c2ccco2)n1,CHEMBL560904,CHEMBL560904,2676591,CHEMBL1151872,8.59
Nc1nc(C(=O)NCc2cccc(Cl)c2)cc(-c2ccco2)n1,CHEMBL554623,CHEMBL554623,2676592,CHEMBL1151872,8.43
Nc1nc(C(=O)NCc2ccc(Cl)cc2)cc(-c2ccco2)n1,CHEMBL552511,CHEMBL552511,2676593,CHEMBL1151872,7.76
Cc1ccccc1CNC(=O)c1cc(-c2ccco2)nc(N)n1,CHEMBL551368,CHEMBL551368,2676594,CHEMBL1151872,8.66
Cc1cccc(CNC(=O)c2cc(-c3ccco3)nc(N)n2)c1,CHEMBL553449,CHEMBL553449,2676595,CHEMBL1151872,8.59
Cc1ccc(CNC(=O)c2cc(-c3ccco3)nc(N)n2)cc1,CHEMBL557696,CHEMBL557696,2676596,CHEMBL1151872,8.02
COc1ccccc1CNC(=O)c1cc(-c2ccco2)nc(N)n1,CHEMBL556083,CHEMBL556083,2676597,CHEMBL1151872,8.46
COc1cccc(CNC(=O)c2cc(-c3ccco3)nc(N)n2)c1,CHEMBL549477,CHEMBL549477,2676598,CHEMBL1151872,8.21
COc1ccc(CNC(=O)c2cc(-c3ccco3)nc(N)n2)cc1,CHEMBL561645,CHEMBL561645,2676599,CHEMBL1151872,7.1
Nc1nc(C(=O)NCc2ccccn2)cc(-c2ccco2)n1,CHEMBL549885,CHEMBL549885,2676600;3059958,CHEMBL1151872;CHEMBL1152564,8.37;8.37
Nc1nc(C(=O)NCc2cccnc2)cc(-c2ccco2)n1,CHEMBL571672,CHEMBL571672,2676601,CHEMBL1151872,8.03
Nc1nc(C(=O)NCc2ccncc2)cc(-c2ccco2)n1,CHEMBL564142,CHEMBL564142,2676602,CHEMBL1151872,6.41
Nc1nc(C(=O)NCc2ccco2)cc(-c2ccco2)n1,CHEMBL558291,CHEMBL558291,2676603,CHEMBL1151872,7.85
Nc1cccc(CNC(=O)c2cc(-c3ccco3)nc(N)n2)n1,CHEMBL551373,CHEMBL551373,2676604,CHEMBL1151872,8.15
Nc1nc(C(=O)NCc2cccc(CO)n2)cc(-c2ccco2)n1,CHEMBL538949,CHEMBL538949,2676605,CHEMBL1151872,8.03
COCc1cccc(CNC(=O)c2cc(-c3ccco3)nc(N)n2)n1,CHEMBL564473,CHEMBL564473,2676632;14645618,CHEMBL1151872;CHEMBL3259781,8.77;8.77
CCCOc1cncc2[nH]c3c(=O)n(CCC)c(=O)n(CCC)c3c12,CHEMBL559990,CHEMBL559990,2697091,CHEMBL1152960,6.79
CCCn1c(=O)c2[nH]c3cccnc3c2n(CCC)c1=O,CHEMBL550313,CHEMBL550313,2697093,CHEMBL1152960,6.24
Cn1c(=O)c2[nH]c3cccnc3c2n(C)c1=O,CHEMBL541185,CHEMBL541185,2697094,CHEMBL1152960,6.05
O=C(Cc1ccc(-c2ccccc2)cc1)Nc1nc2nn(CCCc3ccccc3)cc2c2nc(-c3ccco3)nn12,CHEMBL572602,CHEMBL572602,2915734;2916421,CHEMBL1154073;CHEMBL1154073,6.59;6.59
O=C(Cc1c(Cl)cccc1Cl)Nc1nc2nn(CCCc3ccccc3)cc2c2nc(-c3ccco3)nn12,CHEMBL578649,CHEMBL578649,2915735;2916422,CHEMBL1154073;CHEMBL1154073,6.73;6.73
O=C(COc1ccc(Cl)cc1)Nc1nc2nn(CCCc3ccccc3)cc2c2nc(-c3ccco3)nn12,CHEMBL576153,CHEMBL576153,2915736;2916423,CHEMBL1154073;CHEMBL1154073,7.57;7.57
O=C(Cc1ccc(Cl)cc1)Nc1nc2nn(CCCc3ccccc3)cc2c2nc(-c3ccco3)nn12,CHEMBL573088,CHEMBL573088,2915737;2916424,CHEMBL1154073;CHEMBL1154073,7.05;7.05
O=C(Cc1cccc(Cl)c1)Nc1nc2nn(CCCc3ccccc3)cc2c2nc(-c3ccco3)nn12,CHEMBL576017,CHEMBL576017,2915738;2916425,CHEMBL1154073;CHEMBL1154073,6.74;6.74
O=C(Cc1ccc2ccccc2c1)Nc1nc2nn(CCCc3ccccc3)cc2c2nc(-c3ccco3)nn12,CHEMBL575605,CHEMBL575605,2915740;2916427,CHEMBL1154073;CHEMBL1154073,7.13;7.13
O=C(Nc1nc2nn(CCCc3ccccc3)cc2c2nc(-c3ccco3)nn12)C(c1ccccc1)c1ccccc1,CHEMBL575855,CHEMBL575855,2915741;2916428,CHEMBL1154073;CHEMBL1154073,6.49;6.49
O=C(Cc1ccc(F)cc1)Nc1nc2nn(CCCc3ccccc3)cc2c2nc(-c3ccco3)nn12,CHEMBL574484,CHEMBL574484,2915742;2916429,CHEMBL1154073;CHEMBL1154073,6.68;6.68
Cn1cc2c(nc(NC(=O)Cc3c(Cl)cccc3Cl)n3nc(-c4ccco4)nc23)n1,CHEMBL574490,CHEMBL574490,2915743;2916430,CHEMBL1154073;CHEMBL1154073,7.34;7.34
CC(C)CCn1cc2c(nc(NC(=O)Cc3c(Cl)cccc3Cl)n3nc(-c4ccco4)nc23)n1,CHEMBL573089,CHEMBL573089,2915744;2916431,CHEMBL1154073;CHEMBL1154073,7.73;7.73
Cn1cc2c(nc(NC(=O)Cc3ccc(F)cc3)n3nc(-c4ccco4)nc23)n1,CHEMBL574483,CHEMBL574483,2915745;2916432,CHEMBL1154073;CHEMBL1154073,7.27;7.27
CC(C)CCn1cc2c(nc(NC(=O)Cc3ccc(F)cc3)n3nc(-c4ccco4)nc23)n1,CHEMBL578005,CHEMBL578005,2915746;2916433,CHEMBL1154073;CHEMBL1154073,8.43;8.43
CC(C)CCn1cc2c(nc(NC(=O)Cc3ccc(C(F)(F)F)cc3)n3nc(-c4ccco4)nc23)n1,CHEMBL574263,CHEMBL574263,2915747;2916434,CHEMBL1154073;CHEMBL1154073,8.27;8.27
O=C(Cc1cccc(Cl)c1)Nc1nc2nn(CCc3ccccc3)cc2c2nc(-c3ccco3)nn12,CHEMBL572386,CHEMBL572386,2915748;2916435,CHEMBL1154073;CHEMBL1154073,8.24;8.24
CC(C)CCn1cc2c(nc(NC(=O)Cc3ccc(Cl)cc3)n3nc(-c4ccco4)nc23)n1,CHEMBL573327,CHEMBL573327,2915749;2916436,CHEMBL1154073;CHEMBL1154073,8.56;8.56
CC(C)CCn1cc2c(nc(NC(=O)Cc3cccc(Cl)c3)n3nc(-c4ccco4)nc23)n1,CHEMBL576185,CHEMBL576185,2915750;2916437,CHEMBL1154073;CHEMBL1154073,8.73;8.73
Cn1cc2c(nc(NC(=O)COc3ccc(Cl)cc3)n3nc(-c4ccco4)nc23)n1,CHEMBL577162,CHEMBL577162,2915751;2916438,CHEMBL1154073;CHEMBL1154073,7.41;7.41
CCCCn1cc2c(nc(NC(=O)Cc3ccsc3)n3nc(-c4ccco4)nc23)n1,CHEMBL572601,CHEMBL572601,2915752;2916439,CHEMBL1154073;CHEMBL1154073,8.5;8.5
CCCCn1cc2c(nc(NC(=O)Cc3cccs3)n3nc(-c4ccco4)nc23)n1,CHEMBL574489,CHEMBL574489,2915753;2916440,CHEMBL1154073;CHEMBL1154073,8.38;8.38
Cn1cc2c(nc(NC(=O)Cc3ccc(C(F)(F)F)cc3)n3nc(-c4ccco4)nc23)n1,CHEMBL575604,CHEMBL575604,2915754;2916441,CHEMBL1154073;CHEMBL1154073,7.12;7.12
CCCCn1cc2c(nc(NC(=O)Cc3cccc4ccccc34)n3nc(-c4ccco4)nc23)n1,CHEMBL575386,CHEMBL575386,2915755;2916442,CHEMBL1154073;CHEMBL1154073,7.93;7.93
CCCn1cc2c(nc(NC(=O)Cc3ccc4ccccc4c3)n3nc(-c4ccco4)nc23)n1,CHEMBL577135,CHEMBL577135,2915756;2916443,CHEMBL1154073;CHEMBL1154073,8.1;8.1
CCCn1cc2c(nc(NC(=O)Cc3cccc4ccccc34)n3nc(-c4ccco4)nc23)n1,CHEMBL576018,CHEMBL576018,2915757;2916444,CHEMBL1154073;CHEMBL1154073,7.41;7.41
Cn1cc2c(nc(NC(=O)Cc3cccc4ccccc34)n3nc(-c4ccco4)nc23)n1,CHEMBL575825,CHEMBL575825,2915758;2916445,CHEMBL1154073;CHEMBL1154073,7.09;7.09
Cn1cc2c(nc(NC(=O)Cc3ccc4ccccc4c3)n3nc(-c4ccco4)nc23)n1,CHEMBL575204,CHEMBL575204,2915759;2916446,CHEMBL1154073;CHEMBL1154073,7.11;7.11
Cn1cc2c(nc(NC(=O)Cc3ccsc3)n3nc(-c4ccco4)nc23)n1,CHEMBL576369,CHEMBL576369,2915760;2916447,CHEMBL1154073;CHEMBL1154073,7.5;7.5
Cn1cc2c(nc(NC(=O)Cc3cccs3)n3nc(-c4ccco4)nc23)n1,CHEMBL573807,CHEMBL573807,2915761;2916448,CHEMBL1154073;CHEMBL1154073,7.25;7.25
CCn1cc2c(nc(NC(=O)Cc3cccs3)n3nc(-c4ccco4)nc23)n1,CHEMBL573779,CHEMBL573779,2915762;2916449,CHEMBL1154073;CHEMBL1154073,7.8;7.8
CCn1cc2c(nc(NC(=O)Cc3ccsc3)n3nc(-c4ccco4)nc23)n1,CHEMBL575198,CHEMBL575198,2915763;2916450,CHEMBL1154073;CHEMBL1154073,7.64;7.64
CCn1cc2c(nc(NC(=O)Cc3ccc4ccccc4c3)n3nc(-c4ccco4)nc23)n1,CHEMBL578008,CHEMBL578008,2915764;2916451,CHEMBL1154073;CHEMBL1154073,7.74;7.74
CCn1cc2c(nc(NC(=O)Cc3cccc4ccccc34)n3nc(-c4ccco4)nc23)n1,CHEMBL572653,CHEMBL572653,2915765;2916452,CHEMBL1154073;CHEMBL1154073,7.13;7.13
O=C(Cc1ccsc1)Nc1nc2nn(CCc3ccccc3)cc2c2nc(-c3ccco3)nn12,CHEMBL572419,CHEMBL572419,2915766;2916453,CHEMBL1154073;CHEMBL1154073,7.89;7.89
O=C(Cc1cccs1)Nc1nc2nn(CCc3ccccc3)cc2c2nc(-c3ccco3)nn12,CHEMBL575197,CHEMBL575197,2915767;2916454,CHEMBL1154073;CHEMBL1154073,8.06;8.06
O=C(Cc1ccc2ccccc2c1)Nc1nc2nn(CCc3ccccc3)cc2c2nc(-c3ccco3)nn12,CHEMBL575205,CHEMBL575205,2915768;2916455,CHEMBL1154073;CHEMBL1154073,7.38;7.38
CC(C)CCn1cc2c(nc(NC(=O)Cc3ccc4ccccc4c3)n3nc(-c4ccco4)nc23)n1,CHEMBL576567,CHEMBL576567,2915769;2916456,CHEMBL1154073;CHEMBL1154073,7.8;7.8
COc1ccc(CC(=O)Nc2nc3nn(C)cc3c3nc(-c4ccco4)nn23)cc1,CHEMBL576538,CHEMBL576538,2915770;2916457,CHEMBL1154073;CHEMBL1154073,7.2;7.2
CCn1cc2c(nc(NC(=O)Cc3ccc(-c4ccccc4)cc3)n3nc(-c4ccco4)nc23)n1,CHEMBL572654,CHEMBL572654,2915771;2916458,CHEMBL1154073;CHEMBL1154073,7.15;7.15
Cn1cc2c(nc(NC(=O)Cc3ccc(Cl)cc3)n3nc(-c4ccco4)nc23)n1,CHEMBL573594,CHEMBL573594,2915772;2916459,CHEMBL1154073;CHEMBL1154073,6.81;6.81
CCCn1cc2c(nc(NC(=O)Cc3ccc(-c4ccccc4)cc3)n3nc(-c4ccco4)nc23)n1,CHEMBL573593,CHEMBL573593,2915773;2916460,CHEMBL1154073;CHEMBL1154073,7.28;7.28
CCCn1cc2c(nc(NC(=O)C(c3ccccc3)c3ccccc3)n3nc(-c4ccco4)nc23)n1,CHEMBL574775,CHEMBL574775,2915774;2916461,CHEMBL1154073;CHEMBL1154073,7.33;7.33
Cn1cc2c(nc(NC(=O)Cc3cccc(Cl)c3)n3nc(-c4ccco4)nc23)n1,CHEMBL583960,CHEMBL583960,2915775;2916462,CHEMBL1154073;CHEMBL1154073,7.52;7.52
CCCCn1cc2c(nc(NC(=O)Cc3ccc(-c4ccccc4)cc3)n3nc(-c4ccco4)nc23)n1,CHEMBL573360,CHEMBL573360,2915776;2916463,CHEMBL1154073;CHEMBL1154073,7.4;7.4
CCCCn1cc2c(nc(NC(=O)C(c3ccccc3)c3ccccc3)n3nc(-c4ccco4)nc23)n1,CHEMBL572906,CHEMBL572906,2915777;2916464,CHEMBL1154073;CHEMBL1154073,6.94;6.94
O=C(Cc1ccc(-c2ccccc2)cc1)Nc1nc2nn(CCc3ccccc3)cc2c2nc(-c3ccco3)nn12,CHEMBL573771,CHEMBL573771,2915778;2916465,CHEMBL1154073;CHEMBL1154073,7.33;7.33
O=C(Nc1nc2nn(CCc3ccccc3)cc2c2nc(-c3ccco3)nn12)C(c1ccccc1)c1ccccc1,CHEMBL573780,CHEMBL573780,2915779;2916466,CHEMBL1154073;CHEMBL1154073,7.27;7.28
CC(C)CCn1cc2c(nc(NC(=O)Cc3ccc(-c4ccccc4)cc3)n3nc(-c4ccco4)nc23)n1,CHEMBL576351,CHEMBL576351,2915780;2916467,CHEMBL1154073;CHEMBL1154073,8.04;8.04
CC(C)CCn1cc2c(nc(NC(=O)C(c3ccccc3)c3ccccc3)n3nc(-c4ccco4)nc23)n1,CHEMBL577588,CHEMBL577588,2915781;2916468,CHEMBL1154073;CHEMBL1154073,6.8;6.8
Cn1cc2c(nc(NC(=O)Cc3ccc(-c4ccccc4)cc3)n3nc(-c4ccco4)nc23)n1,CHEMBL574323,CHEMBL574323,2915782;2916469,CHEMBL1154073;CHEMBL1154073,6.71;6.71
Cn1cc2c(nc(NC(=O)C(c3ccccc3)c3ccccc3)n3nc(-c4ccco4)nc23)n1,CHEMBL578224,CHEMBL578224,2915783;2916470,CHEMBL1154073;CHEMBL1154073,6.67;6.67
CC(C)CCn1cc2c(nc(NC(=O)CCCNC(=O)OC(C)(C)C)n3nc(-c4ccco4)nc23)n1,CHEMBL367773,CHEMBL367773,2915785;2916472,CHEMBL1154073;CHEMBL1154073,6.53;6.53
CC(C)(C)OC(=O)NCCCC(=O)Nc1nc2nn(CCc3ccccc3)cc2c2nc(-c3ccco3)nn12,CHEMBL359531,CHEMBL359531,2915786;2916473,CHEMBL1154073;CHEMBL1154073,6.54;6.54
Nc1nc2nn(CCc3c(Br)cc(Br)cc3Br)cc2c2nc(-c3ccco3)nn12,CHEMBL577357,CHEMBL577357,2915789;2916476,CHEMBL1154073;CHEMBL1154073,6.46;6.46
COc1ccc(CC(=O)Nc2nc3nn(CCCc4ccccc4)cc3c3nc(-c4ccco4)nn23)cc1,CHEMBL576583,CHEMBL576583,2915816;2916536,CHEMBL1154073;CHEMBL1154073,8.05;8.05
O=C(COc1ccc(Cl)cc1)Nc1nc2nn(CCc3ccccc3)cc2c2nc(-c3ccco3)nn12,CHEMBL578007,CHEMBL578007,2915817;2916537,CHEMBL1154073;CHEMBL1154073,7.5;7.5
CC(C)CCn1cc2c(nc(NC(=O)COc3ccc(Cl)cc3)n3nc(-c4ccco4)nc23)n1,CHEMBL574502,CHEMBL574502,2915818;2916538,CHEMBL1154073;CHEMBL1154073,7.79;7.79
COc1ccc(CC(=O)Nc2nc3nn(CCC(C)C)cc3c3nc(-c4ccco4)nn23)cc1,CHEMBL576156,CHEMBL576156,2915819;2916539,CHEMBL1154073;CHEMBL1154073,8.71;8.71
Cn1cc2c(nc(NC(=O)COc3ccccc3)n3nc(-c4ccco4)nc23)n1,CHEMBL573589,CHEMBL573589,2915820;2916540,CHEMBL1154073;CHEMBL1154073,7.82;7.82
CCCCn1cc2c(nc(NC(=O)Cc3ccc4ccccc4c3)n3nc(-c4ccco4)nc23)n1,CHEMBL573588,CHEMBL573588,2915821;2916541,CHEMBL1154073;CHEMBL1154073,8.1;8.1
CC(C)CCn1cc2c(nc(NC(=O)Cc3ccsc3)n3nc(-c4ccco4)nc23)n1,CHEMBL574975,CHEMBL574975,2915822;2916542,CHEMBL1154073;CHEMBL1154073,8.41;8.41
CC(C)CCn1cc2c(nc(NC(=O)Cc3cccs3)n3nc(-c4ccco4)nc23)n1,CHEMBL572600,CHEMBL572600,2915823;2916543,CHEMBL1154073;CHEMBL1154073,8.69;8.69
CCn1cc2c(nc(NC(=O)C(c3ccccc3)c3ccccc3)n3nc(-c4ccco4)nc23)n1,CHEMBL574061,CHEMBL574061,2915824;2916544,CHEMBL1154073;CHEMBL1154073,6.88;6.88
C=Cn1cc2c(nc(NC(=O)Nc3ccc(OC)cc3)n3nc(-c4ccco4)nc23)n1,CHEMBL577183,CHEMBL577183,2915841;2916561,CHEMBL1154073;CHEMBL1154073,6.75;6.75
CSc1c2c(nc(NC(=O)Cc3ccc(OCC(C)C)cc3)n3nc(-c4ccco4)nc23)nn1C,CHEMBL573325,CHEMBL573325,2916503,CHEMBL1154073,7.3
Nc1nc2c(cnn2CCCc2ccc3c(c2)O[C@@H](C(=O)O)O3)c2nc(-c3ccco3)nn12,CHEMBL574701,CHEMBL574701,2916506,CHEMBL1154073,7.23
CCOC(=O)[C@H]1Oc2ccc(CCCn3ncc4c3nc(N)n3nc(-c5ccco5)nc43)cc2O1,CHEMBL573554,CHEMBL573554,2916508,CHEMBL1154073,8.26
Nc1nc2c(cnn2CCCc2ccc3c(c2S(=O)(=O)O)OCO3)c2nc(-c3ccco3)nn12,CHEMBL577401,CHEMBL577401,2916509,CHEMBL1154073,7.12
CCOC(=O)COc1ccc(CCCn2ncc3c2nc(N)n2nc(-c4ccco4)nc32)cc1,CHEMBL572411,CHEMBL572411,2916526,CHEMBL1154073,9.37
CCOC(=O)c1ccc(CCn2ncc3c2nc(N)n2nc(-c4ccco4)nc32)cc1,CHEMBL576955,CHEMBL576955,2916527,CHEMBL1154073,8.4
CNC(=O)[C@]12C[C@@H]1[C@@H](n1cnc3c(NCc4cccc(Cl)c4)nc(C#CCCC(=O)NCCN)nc31)[C@H](O)[C@@H]2O,CHEMBL582921,CHEMBL582921,2927744,CHEMBL1154768,6.26
CNC(=O)[C@]12C[C@@H]1[C@@H](n1cnc3c(NCc4cccc(Cl)c4)nc(C#CCCC(=O)NCCCCN)nc31)[C@H](O)[C@@H]2O,CHEMBL583745,CHEMBL583745,2927749,CHEMBL1154768,6.12
CNC(=O)[C@]12C[C@@H]1[C@@H](n1cnc3c(NCc4cccc(Cl)c4)nc(C#CCCC(=O)NCCCN)nc31)[C@H](O)[C@@H]2O,CHEMBL574612,CHEMBL574612,2927750,CHEMBL1154768,6.01
CNC(=O)[C@]12C[C@@H]1[C@@H](n1cnc3c(NCc4cccc(Cl)c4)nc(C#CCCCCC(=O)NCCN)nc31)[C@H](O)[C@@H]2O,CHEMBL583744,CHEMBL583744,2927751,CHEMBL1154768,6.56
CNC(=O)[C@]12C[C@@H]1[C@@H](n1cnc3c(NCc4cccc(Cl)c4)nc(C#CCCC(=O)NCCNCCN)nc31)[C@H](O)[C@@H]2O,CHEMBL583746,CHEMBL583746,2927762,CHEMBL1154768,6.05
Cc1ccc(-c2cc(C(=O)NCc3ncc[nH]3)nc(N)n2)o1,CHEMBL594363,CHEMBL594363,3059946,CHEMBL1152564,9.0
Cc1ccc(-c2cc(C(=O)NCc3ccc[nH]3)nc(N)n2)o1,CHEMBL596308,CHEMBL596308,3059948,CHEMBL1152564,8.7
Cc1cccc(CNC(=O)c2cc(-c3ccc(C)o3)nc(N)n2)n1,CHEMBL609578,CHEMBL609578,3059949;14645619,CHEMBL1152564;CHEMBL3259781,8.6;8.6
Cc1ccc(-c2cc(C(=O)NCc3cccn3C)nc(N)n2)o1,CHEMBL594136,CHEMBL594136,3059950,CHEMBL1152564,8.6
Cc1cccnc1CNC(=O)c1cc(-c2ccco2)nc(N)n1,CHEMBL594676,CHEMBL594676,3059951;3059952,CHEMBL1152564;CHEMBL1152564,8.55;8.55
Cc1ccc(-c2cc(C(=O)NCc3ncccc3C)nc(N)n2)o1,CHEMBL608102,CHEMBL608102,3059953,CHEMBL1152564,8.52
Cc1ccc(C)c(CNC(=O)c2cc(-c3ccc(C)o3)nc(N)n2)n1,CHEMBL610738,CHEMBL610738,3059954,CHEMBL1152564,8.52
Cc1ccc(-c2cc(C(=O)NCc3ccc(C)c(C)n3)nc(N)n2)o1,CHEMBL611020,CHEMBL611020,3059955,CHEMBL1152564,8.52
CCn1ccnc1CNC(=O)c1cc(-c2ccc(C)o2)nc(N)n1,CHEMBL603748,CHEMBL603748,3059956,CHEMBL1152564,8.46
Cc1ccc(-c2cc(C(=O)NCc3ccccn3)nc(N)n2)o1,CHEMBL608383,CHEMBL608383,3059957,CHEMBL1152564,8.4
Nc1nc(C(=O)NCc2ccccc2Cl)nc(-c2ccco2)n1,CHEMBL609603,CHEMBL609603,3059959,CHEMBL1152564,8.31
Cc1ccc(-c2cc(C(=O)NCc3ccc(C)n3C)nc(N)n2)o1,CHEMBL611335,CHEMBL611335,3059960,CHEMBL1152564,8.3
Cc1ccc(-c2cc(C(=O)NCc3nccn3C(C)C)nc(N)n2)o1,CHEMBL594455,CHEMBL594455,3059961,CHEMBL1152564,8.26
Cc1cccnc1CNC(=O)c1cc(-c2ccccc2)nc(N)n1,CHEMBL595132,CHEMBL595132,3059962,CHEMBL1152564,8.22
CCCn1ccnc1CNC(=O)c1cc(-c2ccc(C)o2)nc(N)n1,CHEMBL594454,CHEMBL594454,3059963,CHEMBL1152564,8.22
COc1ccccc1CNC(=O)c1nc(N)nc(-c2ccco2)n1,CHEMBL594905,CHEMBL594905,3059964,CHEMBL1152564,8.19
Cc1ccc(-c2cc(C(=O)NCc3cscn3)nc(N)n2)o1,CHEMBL611048,CHEMBL611048,3059965,CHEMBL1152564,8.19
Cc1cccc(CNC(=O)c2nc(N)nc(-c3ccco3)n2)c1,CHEMBL594000,CHEMBL594000,3059966,CHEMBL1152564,8.12
Cc1cc(CNC(=O)c2cc(-c3ccc(C)o3)nc(N)n2)no1,CHEMBL595365,CHEMBL595365,3059967,CHEMBL1152564,8.07
COCc1cccc(CNC(=O)c2nc(N)nc(-c3ccco3)n2)n1,CHEMBL593746,CHEMBL593746,3059968,CHEMBL1152564,8.06
Cc1cccnc1CNC(=O)c1cc(-c2cccc(F)c2)nc(N)n1,CHEMBL593975,CHEMBL593975,3059969,CHEMBL1152564,8.05
Cc1cccc(-c2cc(C(=O)NCc3ncccc3C)nc(N)n2)c1,CHEMBL593508,CHEMBL593508,3059970,CHEMBL1152564,8.05
Cc1cc(C)nc(CNC(=O)c2cc(-c3ccc(C)o3)nc(N)n2)c1,CHEMBL609308,CHEMBL609308,3059971,CHEMBL1152564,8.02
Cc1ccc(-c2nc(N)nc(C(=O)NCc3ccccn3)c2C)o1,CHEMBL596307,CHEMBL596307,3059976,CHEMBL1152564,7.92
Cc1ccccc1CNC(=O)c1nc(N)nc(-c2ccco2)n1,CHEMBL593999,CHEMBL593999,3059977,CHEMBL1152564,7.91
Nc1nc(C(=O)NCc2ccccn2)cc(-c2ccccc2)n1,CHEMBL595845,CHEMBL595845,3059978,CHEMBL1152564,7.85
Cc1cccnc1CNC(=O)c1cc(-c2ccccc2F)nc(N)n1,CHEMBL593973,CHEMBL593973,3059979,CHEMBL1152564,7.85
Cc1ccc(-c2cc(C(=O)NCc3ncccc3C)nc(N)n2)cc1,CHEMBL594226,CHEMBL594226,3059980,CHEMBL1152564,7.8
Nc1nc(C(=O)NCc2ccccn2)cc(-c2ccccc2F)n1,CHEMBL611954,CHEMBL611954,3059981,CHEMBL1152564,7.77
Nc1nc(C(=O)NCc2ccccn2)cc(-c2cccc(F)c2)n1,CHEMBL593986,CHEMBL593986,3059982,CHEMBL1152564,7.75
Cc1cccc(-c2cc(C(=O)NCc3ccccn3)nc(N)n2)c1,CHEMBL593259,CHEMBL593259,3059983,CHEMBL1152564,7.75
Cc1cccnc1CNC(=O)c1nc(N)nc(-c2ccco2)n1,CHEMBL594662,CHEMBL594662,3059984,CHEMBL1152564,7.73
Cc1cccnc1CNC(=O)c1cc(-c2cccc(Cl)c2)nc(N)n1,CHEMBL594907,CHEMBL594907,3059985,CHEMBL1152564,7.64
Cc1cccnc1CNC(=O)c1cc(-c2ccccc2Cl)nc(N)n1,CHEMBL594906,CHEMBL594906,3059986,CHEMBL1152564,7.62
COc1cccc(-c2cc(C(=O)NCc3ncccc3C)nc(N)n2)c1,CHEMBL594137,CHEMBL594137,3059987,CHEMBL1152564,7.62
Nc1nc(C(=O)NCc2ccccn2)nc(-c2ccco2)n1,CHEMBL607539,CHEMBL607539,3059988,CHEMBL1152564,7.6
CCc1c(C(=O)NCc2ccccn2)nc(N)nc1-c1ccc(C)o1,CHEMBL595364,CHEMBL595364,3059989,CHEMBL1152564,7.6
COc1cccc(-c2cc(C(=O)NCc3ccccn3)nc(N)n2)c1,CHEMBL595131,CHEMBL595131,3059990,CHEMBL1152564,7.55
Cc1ccccc1-c1cc(C(=O)NCc2ncccc2C)nc(N)n1,CHEMBL611337,CHEMBL611337,3059991,CHEMBL1152564,7.55
Cc1cccnc1CNC(=O)c1cc(-c2cccc(C#N)c2)nc(N)n1,CHEMBL596075,CHEMBL596075,3059992,CHEMBL1152564,7.54
COc1ccccc1-c1cc(C(=O)NCc2ncccc2C)nc(N)n1,CHEMBL595363,CHEMBL595363,3059993,CHEMBL1152564,7.52
Nc1nc(C(=O)NCc2ccccn2)cc(-c2ccccc2Cl)n1,CHEMBL593058,CHEMBL593058,3059994,CHEMBL1152564,7.51
Nc1nc(C(=O)NCc2ccccn2)cc(-c2cccc(Cl)c2)n1,CHEMBL608980,CHEMBL608980,3059995,CHEMBL1152564,7.51
Cc1ccc(-c2cc(C(=O)NCc3ccccn3)nc(N)n2)cc1,CHEMBL596088,CHEMBL596088,3059997,CHEMBL1152564,7.44
Cc1csc(-c2cc(C(=O)NCc3ccccn3)nc(N)n2)n1,CHEMBL595174,CHEMBL595174,3060003,CHEMBL1152564,7.33
Cc1ccccc1-c1cc(C(=O)NCc2ccccn2)nc(N)n1,CHEMBL595405,CHEMBL595405,3060005,CHEMBL1152564,7.31
COc1ccccc1-c1cc(C(=O)NCc2ccccn2)nc(N)n1,CHEMBL607550,CHEMBL607550,3060007,CHEMBL1152564,7.24
CNc1nc(C(=O)NCc2ccccn2)cc(-c2ccc(C)o2)n1,CHEMBL607542,CHEMBL607542,3060009,CHEMBL1152564,7.2
Nc1nc(C(=O)NCc2cccnc2)nc(-c2ccco2)n1,CHEMBL595843,CHEMBL595843,3060016,CHEMBL1152564,7.06
CCc1ccccc1-c1cc(C(=O)NCc2ccccn2)nc(N)n1,CHEMBL594677,CHEMBL594677,3060019,CHEMBL1152564,7.04
Cc1ccc(-c2cc(C(=O)NCc3ccccn3)ncn2)o1,CHEMBL595146,CHEMBL595146,3060021,CHEMBL1152564,7.01
CCc1ccccc1-c1cc(C(=O)NCc2ncccc2C)nc(N)n1,CHEMBL595144,CHEMBL595144,3060026,CHEMBL1152564,6.97
CCOc1ccccc1-c1cc(C(=O)NCc2ncccc2C)nc(N)n1,CHEMBL593040,CHEMBL593040,3060027,CHEMBL1152564,6.97
Cc1cccnc1CNC(=O)c1cc(-c2ccccc2C#N)nc(N)n1,CHEMBL596074,CHEMBL596074,3060030,CHEMBL1152564,6.91
Cc1cccnc1CNC(=O)c1cc(N)nc(-c2ccco2)c1,CHEMBL608100,CHEMBL608100,3060031,CHEMBL1152564,6.9
N#Cc1cccc(-c2cc(C(=O)NCc3ccccn3)nc(N)n2)c1,CHEMBL609304,CHEMBL609304,3060032,CHEMBL1152564,6.89
COc1ccc(-c2cc(C(=O)NCc3ccccn3)nc(N)n2)cc1,CHEMBL596291,CHEMBL596291,3060035,CHEMBL1152564,6.82
COc1ccc(-c2cc(C(=O)NCc3ncccc3C)nc(N)n2)cc1,CHEMBL595863,CHEMBL595863,3060036,CHEMBL1152564,6.81
Cc1ccc(-c2nc(N)nc(C(=O)NCc3ncccc3C)c2C)o1,CHEMBL594197,CHEMBL594197,3060037,CHEMBL1152564,6.81
CCc1c(C(=O)NCc2ncccc2C)nc(N)nc1-c1ccc(C)o1,CHEMBL611955,CHEMBL611955,3060040,CHEMBL1152564,6.74
CCOc1ccccc1-c1cc(C(=O)NCc2ccccn2)nc(N)n1,CHEMBL611964,CHEMBL611964,3060046,CHEMBL1152564,6.6
N#Cc1ccccc1-c1cc(C(=O)NCc2ccccn2)nc(N)n1,CHEMBL608093,CHEMBL608093,3060047,CHEMBL1152564,6.59
Nc1nc(C(=O)NCc2ccncc2)nc(-c2ccco2)n1,CHEMBL595844,CHEMBL595844,3061065,CHEMBL1152564,6.38
Cc1csc(-c2cc(C(=O)NCc3ncccc3C)nc(N)n2)n1,CHEMBL611944,CHEMBL611944,3061072,CHEMBL1152564,6.23
CCn1c(=O)c2c(nc(Cc3cccs3)n2C)n(Cc2ccco2)c1=O,CHEMBL606753,CHEMBL606753,3068759,CHEMBL1152551,7.08
CCn1c(=O)c2c(nc(Cc3ccccc3)n2C)n(Cc2ccco2)c1=O,CHEMBL593217,CHEMBL593217,3068760,CHEMBL1152551,7.05
CCn1c(=O)c2c(nc(Cc3ccco3)n2C)n(Cc2ccco2)c1=O,CHEMBL594271,CHEMBL594271,3068761,CHEMBL1152551,6.98
Cn1c(=O)c2c(nc(Cc3ccco3)n2C)n(Cc2ccco2)c1=O,CHEMBL604075,CHEMBL604075,3068762,CHEMBL1152551,6.83
CCCn1c(=O)c2c(nc(Cc3cccs3)n2C)n(Cc2ccco2)c1=O,CHEMBL595658,CHEMBL595658,3068763,CHEMBL1152551,6.62
C=CCn1c(=O)c2c(nc(Cc3cccs3)n2C)n(Cc2ccco2)c1=O,CHEMBL594735,CHEMBL594735,3068764,CHEMBL1152551,6.51
CCCn1c(=O)c2c(nc(Cc3ccco3)n2C)n(Cc2ccco2)c1=O,CHEMBL594734,CHEMBL594734,3068765,CHEMBL1152551,6.51
CCn1c(=O)c2[nH]c(Cc3cccs3)nc2n(Cc2ccco2)c1=O,CHEMBL595431,CHEMBL595431,3068766,CHEMBL1152551,6.44
C=CCn1c(=O)c2c(nc(Cc3c(F)cccc3F)n2C)n(Cc2ccco2)c1=O,CHEMBL603209,CHEMBL603209,3068767,CHEMBL1152551,6.42
CCCn1c(=O)c2[nH]c(Cc3ccccc3)nc2n(Cc2ccco2)c1=O,CHEMBL596558,CHEMBL596558,3068768,CHEMBL1152551,6.38
Cn1c(=O)c2[nH]c(Cc3ccco3)nc2n(Cc2ccco2)c1=O,CHEMBL593216,CHEMBL593216,3068769,CHEMBL1152551,6.37
C#CCn1c(=O)c2[nH]c(Cc3cccs3)nc2n(Cc2ccco2)c1=O,CHEMBL604283,CHEMBL604283,3068770,CHEMBL1152551,6.35
C#CCn1c(=O)c2[nH]c(Cc3c(F)cccc3F)nc2n(Cc2ccco2)c1=O,CHEMBL594728,CHEMBL594728,3068771,CHEMBL1152551,6.34
COCCn1c(=O)c2c(nc(Cc3c(F)cccc3F)n2C)n(Cc2ccco2)c1=O,CHEMBL603861,CHEMBL603861,3068772,CHEMBL1152551,6.31
Cn1c(Cc2cccs2)nc2c1c(=O)n(CC1CC1)c(=O)n2Cc1ccco1,CHEMBL594963,CHEMBL594963,3068773,CHEMBL1152551,6.31
CCCn1c(=O)c2c(nc(Cc3ccccc3)n2C)n(Cc2ccco2)c1=O,CHEMBL596346,CHEMBL596346,3068774,CHEMBL1152551,6.31
CCn1c(=O)c2[nH]c(Cc3ccco3)nc2n(Cc2ccco2)c1=O,CHEMBL604896,CHEMBL604896,3068775,CHEMBL1152551,6.28
COCCn1c(=O)c2c(nc(Cc3cccs3)n2C)n(Cc2ccco2)c1=O,CHEMBL593572,CHEMBL593572,3068776,CHEMBL1152551,6.16
CCSCCn1c(=O)c2c(nc(Cc3cccs3)n2C)n(Cc2ccco2)c1=O,CHEMBL604885,CHEMBL604885,3068777,CHEMBL1152551,6.05
COCCn1c(=O)c2c(nc(Cc3ccccc3)n2C)n(Cc2ccco2)c1=O,CHEMBL606535,CHEMBL606535,3068778,CHEMBL1152551,6.04
O=C(NC1CC1)[C@H]1S[C@@H](n2cnc3c(NCc4cccc(I)c4)ncnc32)[C@H](O)[C@@H]1O,CHEMBL596014,CHEMBL596014,3087165;18086738,CHEMBL1153082;CHEMBL4017496,7.82;7.82
CCNC(=O)[C@H]1S[C@@H](n2cnc3c(NCc4cccc(I)c4)ncnc32)[C@H](O)[C@@H]1O,CHEMBL596042,CHEMBL596042,3087170;18086739,CHEMBL1153082;CHEMBL4017496,7.24;7.24
CNc1ncnc2c1ncn2[C@@H]1S[C@H](C(=O)NC2CC2)[C@@H](O)[C@H]1O,CHEMBL596460,CHEMBL596460,3087174,CHEMBL1153082,6.79
CNc1ncnc2c1ncn2[C@@H]1S[C@H](C(=O)NC2CCC2)[C@@H](O)[C@H]1O,CHEMBL606630,CHEMBL606630,3087176,CHEMBL1153082,6.97
O=C(NC1CCC1)[C@H]1S[C@@H](n2cnc3c(NCc4cccc(I)c4)ncnc32)[C@H](O)[C@@H]1O,CHEMBL594625,CHEMBL594625,3087186;18086736,CHEMBL1153082;CHEMBL4017496,6.91;6.91
CNC(=O)[C@H]1S[C@@H](n2cnc3c(NCc4cccc(I)c4)ncnc32)[C@H](O)[C@@H]1O,CHEMBL522152,CHEMBL522152,3087189;18051327;18086741,CHEMBL1153082;CHEMBL4007510;CHEMBL4017496,6.32;6.32;6.32
CCCCC#Cc1nc(N)c2ncn([C@@H]3C[C@H](NC(=O)CC)[C@@H](O)[C@H]3O)c2n1,CHEMBL591999,CHEMBL591999,3100480;3100481,CHEMBL1158518;CHEMBL1158518,7.75;7.92
Nc1nc(N[C@H](CO)Cc2ccccc2)nc2c1ncn2[C@@H]1C[C@H](n2cccn2)[C@@H](O)[C@H]1O,CHEMBL603614,CHEMBL603614,3100485,CHEMBL1158518,6.15
Cc1cnn([C@H]2C[C@@H](n3cnc4c(N)nc(N[C@H](CO)Cc5ccccc5)nc43)[C@H](O)[C@@H]2O)c1,CHEMBL592246,CHEMBL592246,3100490;3100491,CHEMBL1158518;CHEMBL1158518,6.64;7.25
CCc1cnn([C@H]2C[C@@H](n3cnc4c(N)nc(N[C@H](CO)Cc5ccccc5)nc43)[C@H](O)[C@@H]2O)c1,CHEMBL599387,CHEMBL599387,3100494;3100495,CHEMBL1158518;CHEMBL1158518,6.74;7.21
CCC(=O)N[C@H]1C[C@@H](n2cnc3c(NCC(c4ccccc4)c4ccccc4)nc(NCCc4c[nH]cn4)nc32)[C@H](O)[C@@H]1O,CHEMBL601514,CHEMBL601514,3100513;3100514,CHEMBL1158518;CHEMBL1158518,8.28;8.23
CCC(=O)N[C@H]1C[C@@H](n2cnc3c(NCC(c4ccccc4)c4ccccc4)nc(NCCc4cn(C)cn4)nc32)[C@H](O)[C@@H]1O,CHEMBL591423,CHEMBL591423,3100518;3100519,CHEMBL1158518;CHEMBL1158518,8.34;8.33
CCC(=O)N[C@H]1C[C@@H](n2cnc3c(NCC(c4ccccc4)c4ccccc4)nc(NCCc4cn(CC)cn4)nc32)[C@H](O)[C@@H]1O,CHEMBL591356,CHEMBL591356,3100523;3100524,CHEMBL1158518;CHEMBL1158518,8.28;8.3
CCC(=O)N[C@H]1C[C@@H](n2cnc3c(NC(CC)CC)nc(NCCc4cn(CC)cn4)nc32)[C@H](O)[C@@H]1O,CHEMBL592541,CHEMBL592541,3100528;3100529,CHEMBL1158518;CHEMBL1158518,8.27;8.57
CCC(=O)N[C@H]1C[C@@H](n2cnc3c(NC(CC)CC)nc(NCCc4cn(C(C)C)cn4)nc32)[C@H](O)[C@@H]1O,CHEMBL592540,CHEMBL592540,3100533;3100534,CHEMBL1158518;CHEMBL1158518,8.1;8.08
CCCC(=O)N[C@H]1C[C@@H](n2cnc3c(NCC(c4ccccc4)c4ccccc4)nc(NCCc4cn(C(C)C)cn4)nc32)[C@H](O)[C@@H]1O,CHEMBL590718,CHEMBL590718,3100538;3100539,CHEMBL1158518;CHEMBL1158518,7.41;6.8
CC(C)C(=O)N[C@H]1C[C@@H](n2cnc3c(NCC(c4ccccc4)c4ccccc4)nc(NCCc4cn(C(C)C)cn4)nc32)[C@H](O)[C@@H]1O,CHEMBL590484,CHEMBL590484,3100543;3100544,CHEMBL1158518;CHEMBL1158518,7.57;7.17
CC(C)n1cnc(CCNc2nc(NCC(c3ccccc3)c3ccccc3)c3ncn([C@@H]4C[C@H](NC(=O)C(C)(C)C)[C@@H](O)[C@H]4O)c3n2)c1,CHEMBL601081,CHEMBL601081,3100548;3100549,CHEMBL1158518;CHEMBL1158518,6.42;6.27
CC(C)n1cnc(CCNc2nc(NCC(c3ccccc3)c3ccccc3)c3ncn([C@@H]4C[C@H](NC(=O)C5CC5)[C@@H](O)[C@H]4O)c3n2)c1,CHEMBL589348,CHEMBL589348,3100553;3100554,CHEMBL1158518;CHEMBL1158518,7.8;7.22
CC(C)n1cnc(CCNc2nc(NCC(c3ccccc3)c3ccccc3)c3ncn([C@@H]4C[C@H](NC(=O)C5CCC5)[C@@H](O)[C@H]4O)c3n2)c1,CHEMBL601515,CHEMBL601515,3100557;3100558,CHEMBL1158518;CHEMBL1158518,8.1;7.4
CCC(=O)N[C@H]1C[C@@H](n2cnc3c(NCC(c4ccccc4)c4ccccc4)nc(NCCc4cn(CC(=O)O)cn4)nc32)[C@H](O)[C@@H]1O,CHEMBL601730,CHEMBL601730,3100571,CHEMBL1158518,7.01
CCc1cnn([C@H]2C[C@@H](n3cnc4c(NCC(c5ccccc5)c5ccccc5)nc(NCCc5cn(CC)cn5)nc43)[C@H](O)[C@@H]2O)c1,CHEMBL601731,CHEMBL601731,3100576,CHEMBL1158518,6.84
Cc1nnnn1[C@H]1C[C@@H](n2cnc3c(NCC(c4ccccc4)c4ccccc4)nc(NCCc4cn(C(C)C)cn4)nc32)[C@H](O)[C@@H]1O,CHEMBL601732,CHEMBL601732,3100581;3100582,CHEMBL1158518;CHEMBL1158518,7.42;7.0
CCc1cnn([C@H]2C[C@@H](n3cnc4c(NCC(CC)CC)nc(NCCc5cn(CC)cn5)nc43)[C@H](O)[C@@H]2O)c1,CHEMBL596904,CHEMBL596904,3100586;3100587,CHEMBL1158518;CHEMBL1158518,7.47;6.77
CCC(CC)CNc1nc(NCCc2cn(CC)cn2)nc2c1ncn2[C@@H]1C[C@H](n2cc(CO)cn2)[C@@H](O)[C@H]1O,CHEMBL604591,CHEMBL604591,3100591;3100592,CHEMBL1158518;CHEMBL1158518,8.27;8.28
CCc1cn([C@H]2C[C@@H](n3cnc4c(NCC(CC)CC)nc(NCCc5cn(CC)cn5)nc43)[C@H](O)[C@@H]2O)nn1,CHEMBL599566,CHEMBL599566,3100595,CHEMBL1158518,7.32
COc1ccc(Cl)cc1Nc1nc(N)nc(-c2oc3ccccc3c2C)n1,CHEMBL604535,CHEMBL604535,3106958;6268897,CHEMBL1156885;CHEMBL1799985,7.5;7.5
N#Cc1c(N)nc2c(C(N)=O)c(Nc3ccccc3)sc2c1-c1ccccc1,CHEMBL600819,CHEMBL600819,3106959,CHEMBL1156885,6.2
N#Cc1c(N)nc2c(oc3ccccc32)c1-c1ccccc1,CHEMBL604536,CHEMBL604536,3106960,CHEMBL1156885,7.22
Nc1ccc(Cl)c2c1C(=O)c1ccccc1C2=O,CHEMBL603094,CHEMBL603094,3106961,CHEMBL1156885,6.6
Cn1c(=O)cc2c3c(c(N)ccc31)C(=O)c1ccccc1-2,CHEMBL603095,CHEMBL603095,3106962,CHEMBL1156885,6.19
Nc1ccc(N)c2c1C(=O)c1ccccc1C2=O,CHEMBL86771,CHEMBL86771,3106963,CHEMBL1156885,6.5
COc1ccc(N)c2c1C(=O)c1ccccc1C2=O,CHEMBL600008,CHEMBL600008,3106964,CHEMBL1156885,6.28
Nc1c(Oc2ccccc2)ccc2c1C(=O)c1ccccc1C2=O,CHEMBL601856,CHEMBL601856,3106966,CHEMBL1156885,6.0
Nc1c(C(=O)Nc2ccccc2F)sc2nc3c(cc12)C(=O)CCC3,CHEMBL601413,CHEMBL601413,3106970,CHEMBL1156885,6.52
Nc1c(C(=O)Nc2nccs2)sc2nc3c(cc12)C(=O)CCC3,CHEMBL603914,CHEMBL603914,3106971,CHEMBL1156885,6.0
Cc1cccc(NC2=C(N)C(=O)c3ccccc3C2=O)c1,CHEMBL598551,CHEMBL598551,3106980,CHEMBL1156885,6.1
NC1=C(Nc2cccc(C(F)(F)F)c2)C(=O)c2ccccc2C1=O,CHEMBL601723,CHEMBL601723,3106981,CHEMBL1156885,6.25
CCn1c(=O)c2c(nc(Cc3c(F)cccc3F)n2C)n(Cc2cccs2)c1=O,CHEMBL597560,CHEMBL597560,3114936,CHEMBL1157555,6.75
CCn1c(=O)c2c(nc(Cc3ccco3)n2C)n(Cc2cccs2)c1=O,CHEMBL597559,CHEMBL597559,3114937,CHEMBL1157555,6.66
CCn1c(=O)c2c(nc(Cc3cccs3)n2C)n(Cc2cccs2)c1=O,CHEMBL603878,CHEMBL603878,3114938,CHEMBL1157555,6.91
CCn1c(=O)c2c(nc(Cc3cccs3)n2C)n(Cc2ccccc2)c1=O,CHEMBL597354,CHEMBL597354,3114940,CHEMBL1157555,6.12
OC1CCC(Nc2nc(-c3ccccc3)nc3[nH]ccc23)CC1,CHEMBL592435,CHEMBL592435,3116841,CHEMBL1157642,6.4
O=C(Nc1nc(-c2ccccc2)c(C(=O)c2ccccc2)s1)c1ccco1,CHEMBL591710,CHEMBL591710,3117728,CHEMBL1157642,6.46
C=CCCCCCCCCCCOCCOCCOCCOCCOc1ccc(-c2nc3c([nH]2)c(=O)n(C)c(=O)n3C)cc1,CHEMBL589251,CHEMBL589251,3122902,CHEMBL1157661,7.0
CC(=O)Nc1ccc(-c2ccncc2)c(-c2ccco2)n1,CHEMBL1081811,CHEMBL1081811,3199060,CHEMBL1154947,6.68
O=C(Nc1ccc(-c2ccncc2)c(-c2ccco2)n1)C1CC1,CHEMBL1081812,CHEMBL1081812,3199061,CHEMBL1154947,7.52
O=C(Nc1ccc(-c2ccncn2)c(-c2ccco2)n1)C1CC1,CHEMBL1081971,CHEMBL1081971,3199062;3200471,CHEMBL1154947;CHEMBL1154955,6.62;6.62
O=C(Nc1ccc(Br)c(-c2ccco2)n1)C1CC1,CHEMBL1076562,CHEMBL1076562,3199063,CHEMBL1154947,7.46
N#Cc1ccc(NC(=O)C2CC2)nc1-c1ccco1,CHEMBL1079801,CHEMBL1079801,3199064,CHEMBL1154947,7.92
O=C(Nc1ccc(-c2ccncc2Cl)c(-c2ccco2)n1)C1CC1,CHEMBL1079803,CHEMBL1079803,3199066,CHEMBL1154947,6.83
O=C(Nc1ccc(-c2ccncc2F)c(-c2ccco2)n1)C1CC1,CHEMBL1079804,CHEMBL1079804,3199067,CHEMBL1154947,6.82
Cc1ccc(-c2nc(NC(=O)C3CC3)ccc2-c2ccncc2)o1,CHEMBL1082005,CHEMBL1082005,3199068,CHEMBL1154947,7.96
O=C(Nc1ccc(-c2ccncc2)c(-c2nccs2)n1)C1CC1,CHEMBL1082006,CHEMBL1082006,3199069,CHEMBL1154947,6.52
O=C(Nc1ccc(-c2ccncc2)c(-c2cncs2)n1)C1CC1,CHEMBL1082171,CHEMBL1082171,3199070,CHEMBL1154947,6.09
O=C(Nc1ccc(-c2ccncc2)c(-c2cnco2)n1)C1CC1,CHEMBL1080676,CHEMBL1080676,3199072,CHEMBL1154947,6.2
O=C(Nc1ccc(-c2ccncc2)c(-c2ccccc2F)n1)C1CC1,CHEMBL1082028,CHEMBL1082028,3199075,CHEMBL1154947,7.21
O=C(Nc1ccc(-c2ccncc2)c(-c2cccc(F)c2)n1)C1CC1,CHEMBL1076587,CHEMBL1076587,3199076,CHEMBL1154947,7.24
CC(=O)Nc1ccc(-c2ccncc2)c(-c2cccc(F)c2)n1,CHEMBL1082208,CHEMBL1082208,3199077,CHEMBL1154947,6.54
O=C(Nc1ccc(-c2ccncc2)c(-c2ccc(F)cc2)n1)C1CC1,CHEMBL1081038,CHEMBL1081038,3199078,CHEMBL1154947,7.41
O=C(Nc1ccc(-c2ccncc2)c(-c2ccccn2)n1)C1CC1,CHEMBL1081039,CHEMBL1081039,3199079,CHEMBL1154947,6.06
O=C(Nc1ccc(-c2ccncc2)c(-c2ccncc2)n1)C1CC1,CHEMBL1081041,CHEMBL1081041,3199081,CHEMBL1154947,6.79
O=c1[nH]c(=O)c2cc(-c3ccncn3)c(-c3ccco3)nc2[nH]1,CHEMBL1080513,CHEMBL1080513,3200463,CHEMBL1154955,6.74
c1coc(-c2nc3[nH]ccc3cc2-c2ccncn2)c1,CHEMBL1080512,CHEMBL1080512,3200464,CHEMBL1154955,6.21
O=c1[nH][nH]c2nc(-c3ccco3)c(-c3ccncn3)cc12,CHEMBL1080497,CHEMBL1080497,3200465,CHEMBL1154955,6.75
Nc1n[nH]c2nc(-c3ccco3)c(-c3ccncn3)cc12,CHEMBL1082001,CHEMBL1082001,3200468,CHEMBL1154955,6.07
O=c1[nH]c2cc(-c3ccncn3)c(-c3ccco3)nc2[nH]1,CHEMBL1076563,CHEMBL1076563,3200470,CHEMBL1154955,6.11
Cc1ccc(C(=O)c2nc(N)nc3ccsc23)s1,CHEMBL1077751,CHEMBL1077751,3219226,CHEMBL1154258,6.66
CCNc1nc(C(=O)c2ccc(C)s2)c2sccc2n1,CHEMBL1077752,CHEMBL1077752,3219227,CHEMBL1154258,6.9
Cc1ccc(C(=O)c2nc(NCc3ccccn3)nc3ccsc23)s1,CHEMBL1078348,CHEMBL1078348,3219231,CHEMBL1154258,6.73
Cc1ccc(C(=O)c2nc(NCc3cccnc3)nc3ccsc23)s1,CHEMBL1078349,CHEMBL1078349,3219232,CHEMBL1154258,6.0
Cc1ccc(C(=O)c2nc(NCc3ccncn3)nc3ccsc23)s1,CHEMBL1077902,CHEMBL1077902,3219233,CHEMBL1154258,6.94
Cc1ccc(C(=O)c2nc(NC(=O)c3cccnc3)nc3ccsc23)s1,CHEMBL1078001,CHEMBL1078001,3219234,CHEMBL1154258,6.79
Cc1ccc(C(=O)c2nc(NCCc3ccccn3)nc3ccsc23)s1,CHEMBL1078085,CHEMBL1078085,3219235,CHEMBL1154258,6.46
Cc1ccc(C(=O)c2nc(NCCc3cccnc3)nc3ccsc23)s1,CHEMBL1078086,CHEMBL1078086,3219236,CHEMBL1154258,6.75
Cc1ccc(C(=O)c2nc(NC(C)c3ccccn3)nc3ccsc23)s1,CHEMBL1077915,CHEMBL1077915,3219238,CHEMBL1154258,6.93
Cc1ccc(C(=O)c2nc(NC(C)c3cccnc3)nc3ccsc23)s1,CHEMBL1079115,CHEMBL1079115,3219239,CHEMBL1154258,7.0
O=C(c1cccs1)c1nc(NCc2cccnc2)nc2ccsc12,CHEMBL1079118,CHEMBL1079118,3219242,CHEMBL1154258,7.29
O=C(c1ccsc1)c1nc(NCc2cccnc2)nc2ccsc12,CHEMBL1079132,CHEMBL1079132,3219243,CHEMBL1154258,6.39
O=C(c1nccs1)c1nc(NCc2cccnc2)nc2ccsc12,CHEMBL1079043,CHEMBL1079043,3219244,CHEMBL1154258,6.13
Cc1ccc(C(=O)c2nc(NCc3cccnc3)nc3ccsc23)cc1,CHEMBL1079142,CHEMBL1079142,3219247,CHEMBL1154258,6.36
COc1ccc(C(=O)c2nc(NCc3cccnc3)nc3ccsc23)cc1,CHEMBL1079232,CHEMBL1079232,3219248,CHEMBL1154258,6.2
O=C(c1cccs1)c1nc(NCc2cccnc2)nc2cc(Cl)sc12,CHEMBL1080068,CHEMBL1080068,3219251,CHEMBL1154258,7.21
CNc1cc2nc(NCc3cccnc3)nc(C(=O)c3cccs3)c2s1,CHEMBL1077943,CHEMBL1077943,3219253;17702849,CHEMBL1154258;CHEMBL3886219,6.01;6.56
O=C(NC1CC1)c1nc(NCc2cccnc2)nc2ccsc12,CHEMBL1076503,CHEMBL1076503,3219259,CHEMBL1154258,6.15
C[C@H](Nc1nc(C(=O)N2CCCC2)c2sccc2n1)c1cccnc1,CHEMBL1079894,CHEMBL1079894,3219264,CHEMBL1154258,6.33
CCn1c(=S)sc2c1ncn1nc(-c3ccco3)nc21,CHEMBL1093271,CHEMBL1093271,3243701,CHEMBL1156165,8.45
CCCn1c(=S)sc2c1ncn1nc(-c3ccco3)nc21,CHEMBL1093270,CHEMBL1093270,3243702;22459719,CHEMBL1156165;CHEMBL4680130,9.42;9.42
CCCCn1c(=S)sc2c1ncn1nc(-c3ccco3)nc21,CHEMBL1092270,CHEMBL1092270,3243703,CHEMBL1156165,9.92
C=CCn1c(=S)sc2c1ncn1nc(-c3ccco3)nc21,CHEMBL1092271,CHEMBL1092271,3243704,CHEMBL1156165,10.8
S=c1sc2c(ncn3nc(-c4ccco4)nc23)n1-c1ccccc1,CHEMBL1090575,CHEMBL1090575,3243705,CHEMBL1156165,8.96
Fc1ccc(-n2c(=S)sc3c2ncn2nc(-c4ccco4)nc32)cc1,CHEMBL1090576,CHEMBL1090576,3243706,CHEMBL1156165,8.7
S=c1sc2c(ncn3nc(-c4ccco4)nc23)n1-c1ccc(Cl)cc1,CHEMBL1090577,CHEMBL1090577,3243707,CHEMBL1156165,9.82
S=c1sc2c(ncn3nc(-c4ccco4)nc23)n1-c1cccc(Cl)c1,CHEMBL1090578,CHEMBL1090578,3243708,CHEMBL1156165,10.42
S=c1sc2c(ncn3nc(-c4ccco4)nc23)n1-c1ccccc1I,CHEMBL1093018,CHEMBL1093018,3243709,CHEMBL1156165,9.15
S=c1sc2c(ncn3nc(-c4ccco4)nc23)n1-c1ccc(I)cc1,CHEMBL1093203,CHEMBL1093203,3243710,CHEMBL1156165,9.24
Cn1cc2c(nc(N)n3nc(-c4ccccc4)nc23)n1,CHEMBL1091031,CHEMBL1091031,3253677,CHEMBL1156179,6.92
Cn1cc2c(nc(N)n3nc(-c4ccc(F)cc4)nc23)n1,CHEMBL1090489,CHEMBL1090489,3253678,CHEMBL1156179,6.45
CCn1ncc2c1nc(N)n1nc(-c3ccc(Cl)cc3)nc21,CHEMBL1093430,CHEMBL1093430,3253683,CHEMBL1156179,7.08
CCn1cc2c(nc(N)n3nc(-c4ccc(Cl)cc4)nc23)n1,CHEMBL1089131,CHEMBL1089131,3253684,CHEMBL1156179,6.07
Nc1nc2nn(CCc3ccccc3)cc2c2nc(-c3ccccc3)nn12,CHEMBL1093431,CHEMBL1093431,3253685,CHEMBL1156179,6.71
Nc1nc2nn(CCc3ccccc3)cc2c2nc(-c3ccc(F)cc3)nn12,CHEMBL1093432,CHEMBL1093432,3253686,CHEMBL1156179,6.9
Cn1cc2c(nc(NC(=O)c3ccccc3)n3nc(-c4ccccc4)nc23)n1,CHEMBL1089904,CHEMBL1089904,3253691,CHEMBL1156179,6.49
O=C(Nc1nc2nn(CCc3ccccc3)cc2c2nc(-c3ccccc3)nn12)c1ccccc1,CHEMBL1093202,CHEMBL1093202,3253699,CHEMBL1156179,6.02
Cn1cc2c(nc(NC(=O)Cc3ccccc3)n3nc(-c4ccccc4)nc23)n1,CHEMBL1091268,CHEMBL1091268,3253701,CHEMBL1156179,6.11
CCNC(=O)[C@H]1O[C@@H](n2cnc3c(NCC(c4ccccc4)c4ccccc4)nc(C(=O)NCCNC(=O)NCCN4CCCCC4)nc32)[C@H](O)[C@@H]1O,CHEMBL1096886,CHEMBL1096886,3269680,CHEMBL1157002,8.3
O=C(NCCNC(=O)c1nc(NCC(c2ccccc2)c2ccccc2)c2ncn([C@@H]3O[C@H](CO)[C@@H](O)[C@H]3O)c2n1)NCCN1CCCCC1,CHEMBL1096887,CHEMBL1096887,3269681,CHEMBL1157002,7.35
CCNC(=O)[C@H]1O[C@@H](n2cnc3c(NCC(c4ccccc4)c4ccccc4)nc(C(=O)NCCNC(=O)NCCN(C(C)C)C4CCCC4)nc32)[C@H](O)[C@@H]1O,CHEMBL1096888,CHEMBL1096888,3269682,CHEMBL1157002,8.15
CCNC(=O)[C@H]1O[C@@H](n2cnc3c(NCC(c4ccccc4)c4ccccc4)nc(C(=O)NCCNC(=O)NCCN(C(C)C)C(C)C)nc32)[C@H](O)[C@@H]1O,CHEMBL1096889,CHEMBL1096889,3269683,CHEMBL1157002,8.3
CCNC(=O)[C@H]1O[C@@H](n2cnc3c(NCC(c4ccccc4)c4ccccc4)nc(C(=O)NCCNC(=O)NCCN4CCc5ccccc5C4)nc32)[C@H](O)[C@@H]1O,CHEMBL1096890,CHEMBL1096890,3269684,CHEMBL1157002,8.0
CCNC(=O)[C@H]1O[C@@H](n2cnc3c(NCC(c4ccccc4)c4ccccc4)nc(C(=O)NCCN(C)C(=O)NCCN4CCCCC4)nc32)[C@H](O)[C@@H]1O,CHEMBL1096891,CHEMBL1096891,3269685,CHEMBL1157002,6.52
CCNC(=O)[C@H]1O[C@@H](n2cnc3c(NCC(c4ccccc4)c4ccccc4)nc(C(=O)NCCNC(=O)NCCc4ccccc4)nc32)[C@H](O)[C@@H]1O,CHEMBL1096892,CHEMBL1096892,3269686,CHEMBL1157002,8.0
CCNC(=O)[C@H]1O[C@@H](n2cnc3c(NCC(c4ccccc4)c4ccccc4)nc(C(=O)NCCNC(=O)NCc4ccccc4)nc32)[C@H](O)[C@@H]1O,CHEMBL1096893,CHEMBL1096893,3269687,CHEMBL1157002,8.22
CCNC(=O)[C@H]1O[C@@H](n2cnc3c(NCC(c4ccccc4)c4ccccc4)nc(C(=O)NCCNC(=O)NCc4ccccn4)nc32)[C@H](O)[C@@H]1O,CHEMBL1096894,CHEMBL1096894,3269688,CHEMBL1157002,8.4
CCNC(=O)[C@H]1O[C@@H](n2cnc3c(NCC(c4ccccc4)c4ccccc4)nc(C(=O)NCCNC(=O)NCc4ccc(CN(CC)CC)cc4)nc32)[C@H](O)[C@@H]1O,CHEMBL1096895,CHEMBL1096895,3269689,CHEMBL1157002,8.3
CCNC(=O)[C@H]1O[C@@H](n2cnc3c(NCC(c4ccccc4)c4ccccc4)nc(C(=O)NCCNC(=O)NC4CCN(c5ccccn5)CC4)nc32)[C@H](O)[C@@H]1O,CHEMBL1096896,CHEMBL1096896,3269690;8031114;15210116,CHEMBL1157002;CHEMBL1949672;CHEMBL3414558,8.4;8.4;8.4
CCNC(=O)[C@H]1O[C@@H](n2cnc3c(NCC(c4ccccc4)c4ccccc4)nc(C(=O)NCCNC(=O)NCc4ccc(C(=O)O)cc4)nc32)[C@H](O)[C@@H]1O,CHEMBL1095604,CHEMBL1095604,3269691,CHEMBL1157002,9.4
Nc1nc(-c2ccccc2)c2c(n1)-c1cc(CNN3CCC(=O)CC3)ccc1C2=O,CHEMBL1099028,CHEMBL1099028,3271293,CHEMBL1157891,8.23
Nc1nc(-c2ccccc2)c2c(n1)-c1cc(CNN3CCOCC3)ccc1C2=O,CHEMBL1088247,CHEMBL1088247,3271295,CHEMBL1157891,9.0
Nc1nc(-c2ccccc2)c2c(n1)-c1cc(CNN3CCCC3)ccc1C2=O,CHEMBL1099368,CHEMBL1099368,3271297,CHEMBL1157891,8.39
Nc1nc(-c2ccc(F)cc2)c2c(n1)-c1cc(CNN3CCCC3)ccc1C2=O,CHEMBL1088533,CHEMBL1088533,3271299,CHEMBL1157891,7.89
CN(C)CCN(C)Cc1ccc2c(c1)-c1nc(N)nc(-c3ccccc3)c1C2=O,CHEMBL1088683,CHEMBL1088683,3271340,CHEMBL1157891,8.11
CN(C)CCN(C)C(=O)c1ccc2c(c1)-c1nc(N)nc(-c3ccccc3)c1C2=O,CHEMBL1088259,CHEMBL1088259,3279080,CHEMBL1157881,7.91
CCN(CC)CCN(C)C(=O)c1ccc2c(c1)-c1nc(N)nc(-c3ccccc3)c1C2=O,CHEMBL1088260,CHEMBL1088260,3279081,CHEMBL1157881,8.11
CCN(CC)CCNC(=O)c1ccc2c(c1)-c1nc(N)nc(-c3ccccc3)c1C2=O,CHEMBL1088261,CHEMBL1088261,3279082,CHEMBL1157881,7.87
Nc1nc(-c2ccccc2)c2c(n1)-c1cc(C(=O)NCCN3CCOCC3)ccc1C2=O,CHEMBL1088393,CHEMBL1088393,3279083,CHEMBL1157881,7.55
CN1CCC(N(C)C(=O)c2ccc3c(c2)-c2nc(N)nc(-c4ccccc4)c2C3=O)CC1,CHEMBL1086804,CHEMBL1086804,3279084,CHEMBL1157881,7.73
CC(C)N1CCC(NC(=O)c2ccc3c(c2)-c2nc(N)nc(-c4ccccc4)c2C3=O)CC1,CHEMBL1087183,CHEMBL1087183,3279085,CHEMBL1157881,7.78
Nc1nc(-c2ccccc2)c2c(n1)-c1cc(C(=O)N3CCNCC3)ccc1C2=O,CHEMBL1087184,CHEMBL1087184,3279086,CHEMBL1157881,7.49
CN1CCN(C(=O)c2ccc3c(c2)-c2nc(N)nc(-c4ccccc4)c2C3=O)CC1,CHEMBL1087185,CHEMBL1087185,3279087;12084382,CHEMBL1157881;CHEMBL2163234,8.09;8.09
CN1CCN(C(=O)c2ccc3c(c2)-c2nc(N)nc(-c4ccc(F)cc4)c2C3=O)CC1,CHEMBL1086697,CHEMBL1086697,3279088,CHEMBL1157881,7.96
CCN1CCN(C(=O)c2ccc3c(c2)-c2nc(N)nc(-c4ccccc4)c2C3=O)CC1,CHEMBL1087084,CHEMBL1087084,3279089,CHEMBL1157881,7.83
CCN1CCN(C(=O)c2ccc3c(c2)-c2nc(N)nc(-c4ccc(F)cc4)c2C3=O)CC1,CHEMBL1087085,CHEMBL1087085,3279090,CHEMBL1157881,7.49
CC(C)N1CCN(C(=O)c2ccc3c(c2)-c2nc(N)nc(-c4ccccc4)c2C3=O)CC1,CHEMBL1087086,CHEMBL1087086,3279091,CHEMBL1157881,7.68
CN(C)CCOc1ccc2c(c1)-c1nc(N)nc(-c3ccccc3)c1C2=O,CHEMBL1088710,CHEMBL1088710,3279092,CHEMBL1157881,7.76
CN(C)CCOc1ccc2c(c1)-c1nc(N)nc(-c3ccc(F)cc3)c1C2=O,CHEMBL1087998,CHEMBL1087998,3279093,CHEMBL1157881,7.43
CCN(CC)CCOc1ccc2c(c1)-c1nc(N)nc(-c3ccccc3)c1C2=O,CHEMBL1087999,CHEMBL1087999,3279094,CHEMBL1157881,8.1
CCN(CC)CCOc1ccc2c(c1)-c1nc(N)nc(-c3ccc(F)cc3)c1C2=O,CHEMBL1088132,CHEMBL1088132,3279095,CHEMBL1157881,7.3
CC(C)N(CCOc1ccc2c(c1)-c1nc(N)nc(-c3ccccc3)c1C2=O)C(C)C,CHEMBL1094721,CHEMBL1094721,3279096,CHEMBL1157881,7.86
Nc1nc(-c2ccccc2)c2c(n1)-c1cc(OCCN3CCCCC3)ccc1C2=O,CHEMBL1095487,CHEMBL1095487,3279097,CHEMBL1157881,7.45
Nc1nc(-c2ccccc2)c2c(n1)-c1cc(OCCN3CCOCC3)ccc1C2=O,CHEMBL1095488,CHEMBL1095488,3279098;12084381;14645592;24354309,CHEMBL1157881;CHEMBL2163234;CHEMBL3259781;CHEMBL5032500,8.19;8.19;8.19;8.12
Nc1nc(-c2ccc(F)cc2)c2c(n1)-c1cc(OCCN3CCOCC3)ccc1C2=O,CHEMBL1095489,CHEMBL1095489,3279099,CHEMBL1157881,7.74
Nc1nc(-c2ccccc2)c2c(n1)-c1cc(OCCN3CCCC3)ccc1C2=O,CHEMBL1095490,CHEMBL1095490,3279100,CHEMBL1157881,7.71
Nc1nc(-c2ccc(F)cc2)c2c(n1)-c1cc(OCCN3C4CCC3CC4)ccc1C2=O,CHEMBL1094846,CHEMBL1094846,3279101,CHEMBL1157881,7.46
CN(C)CCN(C)c1ccc2c(c1)-c1nc(N)nc(-c3ccccc3)c1C2=O,CHEMBL1098457,CHEMBL1098457,3279102,CHEMBL1157881,8.33
Nc1nc(-c2ccccc2)c2c(n1)-c1cc(NCCc3ccncc3)ccc1C2=O,CHEMBL1098458,CHEMBL1098458,3279103,CHEMBL1157881,9.05
Nc1nc(-c2ccccc2)c2c(n1)-c1cc(NCCc3ccccn3)ccc1C2=O,CHEMBL1098765,CHEMBL1098765,3279104,CHEMBL1157881,9.05
Nc1nc(-c2ccccc2)c2c(n1)-c1cc(NCCN3CCOCC3)ccc1C2=O,CHEMBL1095172,CHEMBL1095172,3279105;14645593,CHEMBL1157881;CHEMBL3259781,8.36;8.36
Nc1nc(-c2ccccc2)c2c(n1)-c1cc(NCCN3CCS(=O)(=O)CC3)ccc1C2=O,CHEMBL1095811,CHEMBL1095811,3279106,CHEMBL1157881,8.51
CCN1CCC(Nc2ccc3c(c2)-c2nc(N)nc(-c4ccccc4)c2C3=O)CC1,CHEMBL1095812,CHEMBL1095812,3279107,CHEMBL1157881,7.9
CCN1CCC(N(C)c2ccc3c(c2)-c2nc(N)nc(-c4ccccc4)c2C3=O)CC1,CHEMBL1095813,CHEMBL1095813,3279108,CHEMBL1157881,8.31
Nc1nc(-c2ccccc2)c2c(n1)-c1cc(N3CCOCC3)ccc1C2=O,CHEMBL1095822,CHEMBL1095822,3279109,CHEMBL1157881,8.54
CN1CCN(c2ccc3c(c2)-c2nc(N)nc(-c4ccccc4)c2C3=O)CC1,CHEMBL1096134,CHEMBL1096134,3279110,CHEMBL1157881,8.57
CCN1CCN(c2ccc3c(c2)-c2nc(N)nc(-c4ccccc4)c2C3=O)CC1,CHEMBL1094244,CHEMBL1094244,3279111,CHEMBL1157881,7.94
Nc1nc(-c2ccccc2)c2c(n1)-c1cc(N3CCN(CC4CC4)CC3)ccc1C2=O,CHEMBL1094547,CHEMBL1094547,3279112,CHEMBL1157881,7.63
CN1CCCN(c2ccc3c(c2)-c2nc(N)nc(-c4ccccc4)c2C3=O)CC1,CHEMBL1094548,CHEMBL1094548,3279113,CHEMBL1157881,8.0
CC(C)N(CCOc1ccc2c(c1)-c1nc(N)nc(-c3ccc(F)cc3)c1C2=O)C(C)C,CHEMBL1087080,CHEMBL1087080,3279184,CHEMBL1157881,7.12
Nc1nc(-c2ccc(F)cc2)c2c(n1)-c1cc(OCCN3CCCC3)ccc1C2=O,CHEMBL1087081,CHEMBL1087081,3279186,CHEMBL1157881,6.93
Nc1nc(-c2ccco2)c2c(n1)-c1ccccc1C2=O,CHEMBL1095999,CHEMBL1095999,3279905;14645590,CHEMBL1157891;CHEMBL3259781,10.0;10.0
Nc1nc(-c2ccc(Cl)o2)c2c(n1)-c1ccccc1C2=O,CHEMBL1097494,CHEMBL1097494,3279907,CHEMBL1157891,9.7
CN(C)CCN(C)c1ccc(-c2nc(N)nc3c2C(=O)c2ccccc2-3)o1,CHEMBL1097495,CHEMBL1097495,3279909,CHEMBL1157891,7.98
Nc1nc(-c2cccs2)c2c(n1)-c1ccccc1C2=O,CHEMBL1086846,CHEMBL1086846,3279911,CHEMBL1157891,9.22
Nc1nc(-c2nccs2)c2c(n1)-c1ccccc1C2=O,CHEMBL1086847,CHEMBL1086847,3279913,CHEMBL1157891,9.3
Nc1nc(-c2ccncc2)c2c(n1)-c1ccccc1C2=O,CHEMBL1086977,CHEMBL1086977,3279915,CHEMBL1157891,8.34
Nc1nc(-c2ccccc2)c2c(n1)-c1ccccc1C2=O,CHEMBL369573,CHEMBL369573,3279917;24405724,CHEMBL1157891;CHEMBL5042528,10.0;8.96
Nc1nc(-c2ccc(Cl)cc2)c2c(n1)-c1ccccc1C2=O,CHEMBL1096998,CHEMBL1096998,3279919,CHEMBL1157891,8.26
COc1cccc(-c2nc(N)nc3c2C(=O)c2ccccc2-3)c1,CHEMBL1086978,CHEMBL1086978,3279921,CHEMBL1157891,8.8
COc1ccccc1-c1nc(N)nc2c1C(=O)c1ccccc1-2,CHEMBL1087869,CHEMBL1087869,3279923,CHEMBL1157891,7.49
CN(C)CCN(C)Cc1cccc2c1-c1nc(N)nc(-c3ccccc3)c1C2=O,CHEMBL1087699,CHEMBL1087699,3279925,CHEMBL1157891,7.4
CCN(CC)Cc1cccc2c1-c1nc(N)nc(-c3ccccc3)c1C2=O,CHEMBL1087700,CHEMBL1087700,3279927,CHEMBL1157891,7.74
Nc1nc(-c2ccccc2)c2c(n1)-c1c(CN3CCCCC3)cccc1C2=O,CHEMBL1087701,CHEMBL1087701,3279929,CHEMBL1157891,7.84
CN1CCN(Cc2cccc3c2-c2nc(N)nc(-c4ccccc4)c2C3=O)CC1,CHEMBL1087702,CHEMBL1087702,3279931,CHEMBL1157891,7.95
CC(=O)N1CCN(Cc2cccc3c2-c2nc(N)nc(-c4ccccc4)c2C3=O)CC1,CHEMBL1087819,CHEMBL1087819,3279933,CHEMBL1157891,8.1
Nc1nc(-c2ccccc2)c2c(n1)-c1c(CN3CCCCCC3)cccc1C2=O,CHEMBL1087820,CHEMBL1087820,3279935,CHEMBL1157891,8.07
Nc1nc(-c2ccccc2)c2c(n1)-c1c(CN3CCOCC3)cccc1C2=O,CHEMBL1087462,CHEMBL1087462,3279937,CHEMBL1157891,8.48
Nc1nc(-c2ccc(F)cc2)c2c(n1)-c1c(CN3CCOCC3)cccc1C2=O,CHEMBL1087463,CHEMBL1087463,3279939,CHEMBL1157891,8.42
N#Cc1cccc(-c2nc(N)nc3c2C(=O)c2cccc(CN4CCOCC4)c2-3)c1,CHEMBL1087708,CHEMBL1087708,3279941,CHEMBL1157891,8.27
Nc1nc(-c2ccccc2)c2c(n1)-c1c(CN3CCCC3)cccc1C2=O,CHEMBL1087709,CHEMBL1087709,3279943,CHEMBL1157891,8.6
Nc1nc(-c2ccc(F)cc2)c2c(n1)-c1c(CN3CCCC3)cccc1C2=O,CHEMBL1087710,CHEMBL1087710,3279945,CHEMBL1157891,8.44
CC1CCC(C)N1Cc1cccc2c1-c1nc(N)nc(-c3ccccc3)c1C2=O,CHEMBL1087711,CHEMBL1087711,3279947,CHEMBL1157891,7.95
Nc1nc(-c2ccccc2)c2c(n1)-c1cc(CNCc3ccco3)ccc1C2=O,CHEMBL1087714,CHEMBL1087714,3279949,CHEMBL1157891,8.28
Nc1nc(-c2ccccc2)c2c(n1)-c1cc(CNCc3ccccn3)ccc1C2=O,CHEMBL1088235,CHEMBL1088235,3279951,CHEMBL1157891,8.27
Nc1nc(-c2ccccc2)c2c(n1)-c1cc(CNN3CCCCC3)ccc1C2=O,CHEMBL1088236,CHEMBL1088236,3279953,CHEMBL1157891,8.52
Nc1nc(-c2ccc(F)cc2)c2c(n1)-c1cc(CNN3CCCCC3)ccc1C2=O,CHEMBL1088237,CHEMBL1088237,3279955,CHEMBL1157891,8.0
CN1CCN(NCc2ccc3c(c2)-c2nc(N)nc(-c4ccccc4)c2C3=O)CC1,CHEMBL1088665,CHEMBL1088665,3279957,CHEMBL1157891,8.03
CN1CCN(NCc2ccc3c(c2)-c2nc(N)nc(-c4ccc(F)cc4)c2C3=O)CC1,CHEMBL1087726,CHEMBL1087726,3279959,CHEMBL1157891,7.53
Nc1nc(-c2ccccc2)c2c(n1)-c1cc(CNN3CCCCCC3)ccc1C2=O,CHEMBL1087727,CHEMBL1087727,3279961,CHEMBL1157891,7.89
Cc1cc(C)nc(NC(=N)NCCc2c[nH]c3ccc(F)cc23)n1,CHEMBL1094986,CHEMBL1094986,3282999,CHEMBL1157745,6.7
Cc1cc(C)nc(NC(=N)NCCc2c[nH]c3ccccc23)n1,CHEMBL1097074,CHEMBL1097074,3283000,CHEMBL1157745,6.4
Cc1cc(C)nc(NC(=N)NCCc2ccsc2)n1,CHEMBL1099100,CHEMBL1099100,3283001,CHEMBL1157745,6.4
COc1ccc(CCNC(=N)Nc2nc(C)cc(C)n2)cc1,CHEMBL184517,CHEMBL184517,3283002,CHEMBL1157745,6.05
Cc1cccc(O[C@H](C)C(=O)Nc2nc(-c3ccccc3)n[nH]2)c1,CHEMBL1098439,CHEMBL1098439,3283015;6268896,CHEMBL1157745;CHEMBL1799985,6.7;6.7
COc1ccc2c(CCNC(=N)Nc3nc(C)cc(C)n3)c[nH]c2c1,CHEMBL1098443,CHEMBL1098443,3283027,CHEMBL1157745,6.22
Nc1nc(-c2ccccc2)nc2nn(Cc3ccccc3)cc12,CHEMBL1094987,CHEMBL1094987,3285587,CHEMBL1157749,6.92
O=C(Nc1nc(-c2ccccc2)nc2nn(Cc3ccccc3)cc12)c1ccccc1,CHEMBL1094143,CHEMBL1094143,3285591,CHEMBL1157749,6.74
O=C(Nc1ccccc1)Nc1nc(-c2ccccc2)nc2nn(CCc3ccccc3)cc12,CHEMBL1096410,CHEMBL1096410,3285599,CHEMBL1157749,7.02
O=C(Nc1nc(-c2ccccc2)nc2nn(CCc3ccccc3)cc12)c1ccccc1,CHEMBL1098075,CHEMBL1098075,3285603,CHEMBL1157749,6.64
O=C(Nc1nc(-c2ccccc2)nc2nn(CCc3ccccc3)cc12)c1cccc(Cl)c1,CHEMBL1096409,CHEMBL1096409,3285606,CHEMBL1157749,6.5
Cn1cc2c(NC(=O)c3cccc(Cl)c3)nc(-c3ccccc3)nc2n1,CHEMBL1098109,CHEMBL1098109,3285609,CHEMBL1157749,6.05
Cn1cc2c(NC(=O)c3ccccc3)nc(-c3ccccc3)nc2n1,CHEMBL1096754,CHEMBL1096754,3285611,CHEMBL1157749,6.14
Nc1nc(-c2ccccc2)nc2nn(CCc3ccccc3)cc12,CHEMBL1097737,CHEMBL1097737,3285619,CHEMBL1157749,6.0
COc1cc(OCc2nc(-c3ccc(Br)cc3)no2)ccc1-c1cc2c([nH]1)c(=O)n(C)c(=O)n2C,CHEMBL1171379,CHEMBL1171379,3350197,CHEMBL1177853,6.15
COc1ccc(NC(C)=O)c2sc(NC(=O)c3ccc(F)cc3)nc12,CHEMBL1170518,CHEMBL1170518,3351990;6161695,CHEMBL1177799;CHEMBL1759892,6.6;6.6
COc1ccc(N(C)C(C)=O)c2sc(NC(=O)c3ccc(F)cc3)nc12,CHEMBL1171898,CHEMBL1171898,3351991,CHEMBL1177799,7.41
CCN(C(C)=O)c1ccc(OC)c2nc(NC(=O)c3ccc(F)cc3)sc12,CHEMBL1171897,CHEMBL1171897,3351992,CHEMBL1177799,7.66
COc1ccc(N(CC(C)C)C(C)=O)c2sc(NC(=O)c3ccc(F)cc3)nc12,CHEMBL1171718,CHEMBL1171718,3351993,CHEMBL1177799,8.52
COc1ccc(N(CC(F)(F)F)C(C)=O)c2sc(NC(=O)c3ccc(F)cc3)nc12,CHEMBL1172269,CHEMBL1172269,3351994,CHEMBL1177799,7.46
COc1ccc(N(C(C)=O)C(F)F)c2sc(NC(=O)c3ccc(F)cc3)nc12,CHEMBL1172268,CHEMBL1172268,3351995,CHEMBL1177799,7.21
COc1ccc(N(CCO)C(C)=O)c2sc(NC(=O)c3ccc(F)cc3)nc12,CHEMBL1172267,CHEMBL1172267,3351996,CHEMBL1177799,7.01
COc1ccc(N(CCCO)C(C)=O)c2sc(NC(=O)c3ccc(F)cc3)nc12,CHEMBL1171524,CHEMBL1171524,3351997,CHEMBL1177799,7.54
COCCN(C(C)=O)c1ccc(OC)c2nc(NC(=O)c3ccc(F)cc3)sc12,CHEMBL1171526,CHEMBL1171526,3351998,CHEMBL1177799,7.42
COC(=O)CN(C(C)=O)c1ccc(OC)c2nc(NC(=O)c3ccc(F)cc3)sc12,CHEMBL1171525,CHEMBL1171525,3351999,CHEMBL1177799,8.3
COc1ccc(N(CC(N)=O)C(C)=O)c2sc(NC(=O)c3ccc(F)cc3)nc12,CHEMBL1170526,CHEMBL1170526,3352001,CHEMBL1177799,6.8
CNC(=O)CN(C(C)=O)c1ccc(OC)c2nc(NC(=O)c3ccc(F)cc3)sc12,CHEMBL1170525,CHEMBL1170525,3352002,CHEMBL1177799,6.48
COc1ccc(N(CC(=O)N(C)C)C(C)=O)c2sc(NC(=O)c3ccc(F)cc3)nc12,CHEMBL1170131,CHEMBL1170131,3352003,CHEMBL1177799,6.32
CCN(C(C)=O)c1ccc(Cl)c2nc(NC(=O)c3ccc(F)cc3)sc12,CHEMBL1170130,CHEMBL1170130,3352004,CHEMBL1177799,7.82
CCN(C(C)=O)c1ccc(OC)c2nc(NC(=O)c3ccc(S(C)(=O)=O)cc3)sc12,CHEMBL1170129,CHEMBL1170129,3352005,CHEMBL1177799,7.04
CCN(C(C)=O)c1ccc(OC)c2nc(NC(=O)c3ccc(C#N)cc3)sc12,CHEMBL1169934,CHEMBL1169934,3352006,CHEMBL1177799,7.3
CCN(C(C)=O)c1ccc(OC)c2nc(NC(=O)c3ccc(C(=O)OC)cc3)sc12,CHEMBL1172274,CHEMBL1172274,3352007,CHEMBL1177799,6.77
CCN(C(C)=O)c1ccc(OC)c2nc(NC(=O)c3ccc(NS(C)(=O)=O)cc3)sc12,CHEMBL1170137,CHEMBL1170137,3352008,CHEMBL1177799,7.34
CCN(C(C)=O)c1ccc(OC)c2nc(NC(=O)c3ccc(CN(C)S(C)(=O)=O)cc3)sc12,CHEMBL1172277,CHEMBL1172277,3352009,CHEMBL1177799,7.15
CCN(C(C)=O)c1ccc(OC)c2nc(NC(=O)c3ccc(CN4CCCC4=O)cc3)sc12,CHEMBL1172276,CHEMBL1172276,3352010,CHEMBL1177799,7.57
CCN(C(C)=O)c1ccc(OC)c2nc(NC(=O)c3ccc(-n4ccnc4)cc3)sc12,CHEMBL1172275,CHEMBL1172275,3352011,CHEMBL1177799,7.11
CCN(C(C)=O)c1ccc(OC)c2nc(NC(=O)c3ccc(-n4cnnn4)cc3)sc12,CHEMBL1171349,CHEMBL1171349,3352012,CHEMBL1177799,7.1
CCN(C(C)=O)c1ccc(OC)c2nc(NC(=O)c3ccc(-n4cccn4)cc3)sc12,CHEMBL1170136,CHEMBL1170136,3352013,CHEMBL1177799,7.18
CCN(C(C)=O)c1ccc(OC)c2nc(NC(=O)c3ccc(C(=O)N4CCCCC4)cc3)sc12,CHEMBL1170135,CHEMBL1170135,3352014,CHEMBL1177799,7.0
CCN(C(C)=O)c1ccc(OC)c2nc(NC(=O)c3ccc(C(=O)N4CCOCC4)cc3)sc12,CHEMBL1170134,CHEMBL1170134,3352015,CHEMBL1177799,7.12
CCN(C(C)=O)c1ccc(OC)c2nc(NC(=O)c3ccc(C(=O)N(C)CCOC)cc3)sc12,CHEMBL1172442,CHEMBL1172442,3352016,CHEMBL1177799,7.58
CCN(C(C)=O)c1ccc(OC)c2nc(NC(=O)c3ccc(C(=O)N4CCN(C)CC4)cc3)sc12,CHEMBL1170583,CHEMBL1170583,3352017,CHEMBL1177799,7.05
CCN(C(C)=O)c1ccc(OC)c2nc(NC(=O)c3ccc(C(=O)NC)cc3)sc12,CHEMBL1170582,CHEMBL1170582,3352018,CHEMBL1177799,7.08
CCN(C(C)=O)c1ccc(OC)c2nc(NC(=O)c3ccc(C(=O)N4CCCC4)cc3)sc12,CHEMBL1171200,CHEMBL1171200,3352019,CHEMBL1177799,7.17
CCN(C(C)=O)c1ccc(OC)c2nc(NC(=O)c3ccnn3C)sc12,CHEMBL1170367,CHEMBL1170367,3352020;6161675,CHEMBL1177799;CHEMBL1759892,7.29;7.29
CCN(C(C)=O)c1ccc(OC)c2nc(NC(=O)c3cc[nH]c3)sc12,CHEMBL1170519,CHEMBL1170519,3352021,CHEMBL1177799,7.75
CCN(C(C)=O)c1ccc(OC)c2nc(NC(=O)c3cnn(C)c3)sc12,CHEMBL1171163,CHEMBL1171163,3352022,CHEMBL1177799,7.39
CCN(C(C)=O)c1ccc(OC)c2nc(NC(=O)c3cnn(Cc4cccc(C(F)(F)F)c4)c3)sc12,CHEMBL1171164,CHEMBL1171164,3352023;6161633,CHEMBL1177799;CHEMBL1759892,8.52;8.52
CCN(C(C)=O)c1ccc(OC)c2nc(NC(=O)c3cnn(Cc4cccc(F)c4)c3)sc12,CHEMBL1171165,CHEMBL1171165,3352024,CHEMBL1177799,8.52
Nc1ncnc2c1ncn2[C@@H]1O[C@H](CO)[C@@H](O)[C@H]1O,CHEMBL477,CHEMBL477,3352047;6161631;8031116;14644272;16493405;19048500;24669211;24781552;24781579,CHEMBL1177799;CHEMBL1759892;CHEMBL1949672;CHEMBL3259781;CHEMBL3769306;CHEMBL4351010;CHEMBL5096218;CHEMBL5126601;CHEMBL5126601,6.16;6.16;7.7;6.16;6.14;6.16;7.6;7.76;6.82
Nc1nc(-n2cncn2)c2nnn(Cc3ccccc3F)c2n1,CHEMBL1210734,CHEMBL1210734,3371923,CHEMBL1208683,6.4
CCOC(=O)c1sc(NC(=O)c2ccco2)nc1-c1ccccc1,CHEMBL1222145,CHEMBL1222145,3424228,CHEMBL1221257,7.89
CCCC(=O)c1sc(NC(=O)c2ccco2)nc1-c1ccccc1,CHEMBL1222241,CHEMBL1222241,3424229,CHEMBL1221257,7.21
CCOCc1sc(NC(=O)c2ccco2)nc1-c1ccccc1,CHEMBL1222242,CHEMBL1222242,3424230,CHEMBL1221257,6.72
Cc1nc(-c2sc(NC(=O)c3ccco3)nc2-c2ccccc2)no1,CHEMBL1222246,CHEMBL1222246,3424232,CHEMBL1221257,6.16
CC(=O)Nc1nc(-c2ccccc2)c(-c2noc(C)n2)s1,CHEMBL1222302,CHEMBL1222302,3424233,CHEMBL1221257,6.72
Cc1nc(-c2sc(NC(=O)C3CC3)nc2-c2ccccc2)no1,CHEMBL1222303,CHEMBL1222303,3424234,CHEMBL1221257,7.55
Cc1nc(-c2sc(NC(=O)CC(C)C)nc2-c2ccccc2)no1,CHEMBL1222304,CHEMBL1222304,3424235,CHEMBL1221257,7.48
Cc1nc(-c2sc(NC(=O)c3ccccc3)nc2-c2ccccc2)no1,CHEMBL1222305,CHEMBL1222305,3424236,CHEMBL1221257,7.08
Cc1nc(-c2sc(NC(=O)Cc3ccccc3)nc2-c2ccccc2)no1,CHEMBL1222306,CHEMBL1222306,3424237,CHEMBL1221257,7.6
O=C(Nc1nc(-c2ccccc2)c(-c2ncon2)s1)c1ccco1,CHEMBL1222369,CHEMBL1222369,3424238,CHEMBL1221257,6.39
O=C(Nc1nc(-c2ccccc2)c(-c2ncon2)s1)C1CC1,CHEMBL1222370,CHEMBL1222370,3424239,CHEMBL1221257,6.92
CC(C)CC(=O)Nc1nc(-c2ccccc2)c(-c2ncon2)s1,CHEMBL1222371,CHEMBL1222371,3424240,CHEMBL1221257,6.47
O=C(Nc1nc(-c2ccccc2)c(-c2ncon2)s1)c1ccccc1,CHEMBL1222372,CHEMBL1222372,3424241,CHEMBL1221257,6.48
O=C(Cc1ccccc1)Nc1nc(-c2ccccc2)c(-c2ncon2)s1,CHEMBL1222373,CHEMBL1222373,3424242,CHEMBL1221257,6.15
Cc1noc(-c2sc(NC(=O)c3ccco3)nc2-c2ccccc2)n1,CHEMBL1221455,CHEMBL1221455,3424243,CHEMBL1221257,6.7
CC(=O)Nc1nc(-c2ccccc2)c(-c2nc(C)no2)s1,CHEMBL1221456,CHEMBL1221456,3424244,CHEMBL1221257,6.96
Cc1noc(-c2sc(NC(=O)C3CC3)nc2-c2ccccc2)n1,CHEMBL1221457,CHEMBL1221457,3424245,CHEMBL1221257,7.92
Cc1noc(-c2sc(NC(=O)CC(C)C)nc2-c2ccccc2)n1,CHEMBL1221458,CHEMBL1221458,3424246,CHEMBL1221257,7.32
Cc1noc(-c2sc(NC(=O)c3ccccc3)nc2-c2ccccc2)n1,CHEMBL1221459,CHEMBL1221459,3424247,CHEMBL1221257,6.72
Cc1noc(-c2sc(NC(=O)Cc3ccccc3)nc2-c2ccccc2)n1,CHEMBL1221504,CHEMBL1221504,3424248,CHEMBL1221257,7.24
CCn1nnc(-c2sc(NC(=O)c3ccco3)nc2-c2ccccc2)n1,CHEMBL1221505,CHEMBL1221505,3424249,CHEMBL1221257,7.03
CCn1nnc(-c2sc(NC(=O)C3CC3)nc2-c2ccccc2)n1,CHEMBL1221506,CHEMBL1221506,3424250,CHEMBL1221257,7.11
CCn1nnc(-c2sc(NC(=O)c3ccccc3)nc2-c2ccccc2)n1,CHEMBL1221507,CHEMBL1221507,3424251,CHEMBL1221257,6.66
CCn1nnc(-c2sc(NC(=O)Cc3ccccc3)nc2-c2ccccc2)n1,CHEMBL1221508,CHEMBL1221508,3424252,CHEMBL1221257,6.34
CCn1nnc(-c2sc(NC(=O)Cc3ccc(OC)c(OC)c3)nc2-c2ccccc2)n1,CHEMBL1222587,CHEMBL1222587,3424253,CHEMBL1221257,7.35
N#Cc1sc(NC(=O)c2ccco2)nc1-c1ccccc1,CHEMBL1222245,CHEMBL1222245,3424284,CHEMBL1221257,6.54
CCOc1ccc(CCCn2ncc3c2nc(N)n2nc(-c4ccco4)nc32)cc1,CHEMBL1258076,CHEMBL1258076,3500052,CHEMBL1255545,7.36
Nc1nc2c(cnn2CCCc2ccc(OCCF)cc2)c2nc(-c3ccco3)nn12,CHEMBL1258077,CHEMBL1258077,3500053,CHEMBL1255545,7.91
CCCOc1ccc(CCCn2ncc3c2nc(N)n2nc(-c4ccco4)nc32)cc1,CHEMBL1258191,CHEMBL1258191,3500054,CHEMBL1255545,7.93
CC(C)Oc1ccc(CCCn2ncc3c2nc(N)n2nc(-c4ccco4)nc32)cc1,CHEMBL1258192,CHEMBL1258192,3500055,CHEMBL1255545,7.88
CCC(C)Oc1ccc(CCCn2ncc3c2nc(N)n2nc(-c4ccco4)nc32)cc1,CHEMBL1258306,CHEMBL1258306,3500056,CHEMBL1255545,7.66
C=CCOc1ccc(CCCn2ncc3c2nc(N)n2nc(-c4ccco4)nc32)cc1,CHEMBL1258307,CHEMBL1258307,3500057,CHEMBL1255545,8.05
C=CCCOc1ccc(CCCn2ncc3c2nc(N)n2nc(-c4ccco4)nc32)cc1,CHEMBL1258418,CHEMBL1258418,3500058,CHEMBL1255545,7.84
Nc1nc2c(cnn2CCCc2ccc(O/C=C/c3ccccc3)cc2)c2nc(-c3ccco3)nn12,CHEMBL1258419,CHEMBL1258419,3500059,CHEMBL1255545,6.51
Nc1nc2c(cnn2CCCc2ccc(OCCc3ccccc3)cc2)c2nc(-c3ccco3)nn12,CHEMBL1258525,CHEMBL1258525,3500060,CHEMBL1255545,7.1
Nc1nc2c(cnn2CCCc2ccc(OCCO)cc2)c2nc(-c3ccco3)nn12,CHEMBL1258526,CHEMBL1258526,3500061,CHEMBL1255545,7.62
CS(=O)(=O)OCCOc1ccc(CCCn2ncc3c2nc(N)n2nc(-c4ccco4)nc32)cc1,CHEMBL1258642,CHEMBL1258642,3500062,CHEMBL1255545,7.34
COCCCn1c(NC(=O)c2cccc(C#N)c2)nc2cc(C(=O)NCc3cccc(OC)c3)ccc21,CHEMBL1269898,CHEMBL1269898,3524879,CHEMBL1268900,7.34
COCCCn1c(NC(=O)c2cccc(F)c2)nc2cc(C(=O)NCc3cccc(OC)c3)ccc21,CHEMBL1270005,CHEMBL1270005,3524881,CHEMBL1268900,6.68
COCCCn1c(NC(=O)c2cccc(Cl)c2)nc2cc(C(=O)NCc3cccc(OC)c3)ccc21,CHEMBL1270006,CHEMBL1270006,3524882,CHEMBL1268900,6.36
CCCCNC(=O)c1ccc2c(c1)nc(NC(=O)c1cccc(C#N)c1)n2CCCOC,CHEMBL1270316,CHEMBL1270316,3524887,CHEMBL1268900,7.32
CCCCNC(=O)c1cnc2c(c1)nc(NC(=O)c1cccc(C#N)c1)n2CCCOC,CHEMBL1270414,CHEMBL1270414,3524890,CHEMBL1268900,7.4
COCCCn1c(NC(=O)c2cccc(C#N)c2)nc2cc(C(=O)N3CCCCC3)ccc21,CHEMBL1270415,CHEMBL1270415,3524893,CHEMBL1268900,7.32
COCCCn1c(NC(=O)c2cccc(C#N)c2)nc2cc(C(=O)N3CCCCC3)cnc21,CHEMBL1270508,CHEMBL1270508,3524896,CHEMBL1268900,8.02
COCCCn1c(NC(=O)c2cccc(C#N)c2)nc2cc(C(=O)N(C)C)cnc21,CHEMBL1270609,CHEMBL1270609,3524901,CHEMBL1268900,6.91
CCN(C)C(=O)c1cnc2c(c1)nc(NC(=O)c1cccc(C#N)c1)n2CCCOC,CHEMBL1270610,CHEMBL1270610,3524903,CHEMBL1268900,7.6
CCN(CC)C(=O)c1cnc2c(c1)nc(NC(=O)c1cccc(C#N)c1)n2CCCOC,CHEMBL1270708,CHEMBL1270708,3524911,CHEMBL1268900,7.8
COCCCn1c(NC(=O)c2cccc(C#N)c2)nc2cc(C(=O)N(C)C(C)C)cnc21,CHEMBL1270709,CHEMBL1270709,3524913,CHEMBL1268900,7.89
COCCCn1c(NC(=O)c2cccc(C#N)c2)nc2cc(C(=O)N3CCCC[C@H]3C)cnc21,CHEMBL1270813,CHEMBL1270813,3524915,CHEMBL1268900,8.11
COCCCn1c(NC(=O)c2cccc(C#N)c2)nc2cc(C(=O)N3CCCC[C@@H]3C)cnc21,CHEMBL1270814,CHEMBL1270814,3524917,CHEMBL1268900,7.96
Cn1c(NC(=O)c2cccc(C#N)c2)nc2cc(C(=O)N3CCCCC3)cnc21,CHEMBL1270916,CHEMBL1270916,3524919,CHEMBL1268900,6.83
CCCCCn1c(NC(=O)c2cccc(C#N)c2)nc2cc(C(=O)N3CCCCC3)cnc21,CHEMBL1270917,CHEMBL1270917,3524921,CHEMBL1268900,6.04
N#Cc1cccc(C(=O)Nc2nc3cc(C(=O)N4CCCCC4)cnc3n2CCCO)c1,CHEMBL1271015,CHEMBL1271015,3524923,CHEMBL1268900,7.29
N#Cc1cccc(C(=O)Nc2nc3cc(C(=O)N4CCCCC4)cnc3n2C2CCOCC2)c1,CHEMBL1271016,CHEMBL1271016,3524925,CHEMBL1268900,6.75
CC(=O)NCCn1c(NC(=O)c2cccc(C#N)c2)nc2cc(C(=O)N3CCCCC3)cnc21,CHEMBL1271120,CHEMBL1271120,3524927,CHEMBL1268900,7.43
COc1cccc(-n2c(NC(=O)c3cccc(C#N)c3)nc3cc(C(=O)N4CCCCC4)cnc32)c1,CHEMBL1271432,CHEMBL1271432,3524929,CHEMBL1268900,6.49
N#Cc1cccc(C(=O)Nc2nc3cc(C(=O)N4CCCCC4)cnc3n2Cc2cccnc2)c1,CHEMBL1271224,CHEMBL1271224,3524935,CHEMBL1268900,6.63
N#Cc1cccc(C(=O)Nc2nc3cc(C(=O)N4CCCCC4)cnc3n2Cc2ccncc2)c1,CHEMBL1271325,CHEMBL1271325,3524937,CHEMBL1268900,7.46
COCCCn1c(NC(=O)c2cccc(C#N)c2)nc2cc(C(=O)N3CCOCC3)cnc21,CHEMBL1271326,CHEMBL1271326,3524939,CHEMBL1268900,7.04
CCN(CC)C(=O)c1ccc2nc(NC(=O)c3cccc(C#N)c3)n(CCCOC)c2c1,CHEMBL1269901,CHEMBL1269901,3524946,CHEMBL1268900,8.51
COCCCn1c(NC(=O)c2cccc(C#N)c2)nc2ccc(C(=O)N3CCCCC3)cc21,CHEMBL1270007,CHEMBL1270007,3524951,CHEMBL1268900,7.77
CCN(C)C(=O)c1ccc2nc(NC(=O)c3cccc(C#N)c3)n(CCCOC)c2n1,CHEMBL1270008,CHEMBL1270008,3524956,CHEMBL1268900,7.92
COCCCn1c(NC(=O)c2cccc(C#N)c2)nc2ccc(C(=O)N(C)C(C)C)nc21,CHEMBL1270115,CHEMBL1270115,3524965,CHEMBL1268900,8.6
Cl.Cl.Nc1nc(-c2ccccc2)c2c(n1)-c1cc(CN3CCCC3)ccc1C2=O,CHEMBL3217142,CHEMBL1087189,3558705,CHEMBL1275389,8.39
Cc1nc2c(=O)n(Cc3ccccc3)nc(-c3ccncc3)c2c2cc(-c3ccccc3)nn12,CHEMBL1277845,CHEMBL1277845,3560504,CHEMBL1275345,6.3
CCCc1nc2c(=O)n(Cc3ccccc3)nc(-c3ccncc3)c2c2cc(-c3ccccc3)nn12,CHEMBL1277925,CHEMBL1277925,3560506,CHEMBL1275345,6.11
Cc1nc2c(=S)n(Cc3ccccc3)nc(-c3ccncc3)c2c2cc(-c3ccccc3)nn12,CHEMBL1278104,CHEMBL1278104,3560509,CHEMBL1275345,6.24
O=c1c2ncn3nc(-c4ccccc4)cc3c2c(-c2ccncc2)nn1Cc1ccccc1,CHEMBL1277025,CHEMBL1277025,3560510,CHEMBL1275345,7.17
O=c1c2ncn3nc(-c4ccccc4)cc3c2c(-c2cccnc2)nn1Cc1ccccc1,CHEMBL1277116,CHEMBL1277116,3560511;14994272,CHEMBL1275345;CHEMBL3351777,6.09;6.09
CC(C)(NC(=O)COc1ccc2[nH]c(=O)c(-c3nccs3)c(CCC(F)(F)F)c2c1)c1ccccc1,CHEMBL1290324,CHEMBL1290324,3594556,CHEMBL1287765,6.06
CCC(=O)Nc1nc(-c2ccc(SC)cc2)cc(-c2ccc(SC)cc2)n1,CHEMBL1650152,CHEMBL1650152,5191573,CHEMBL1649418,6.74
CCC(=O)Nc1nc(-c2ccccc2F)cc(-c2ccccc2F)n1,CHEMBL1650164,CHEMBL1650164,5191574,CHEMBL1649418,6.37
CCCC(=O)Nc1nc(-c2ccccc2F)cc(-c2ccccc2F)n1,CHEMBL1650165,CHEMBL1650165,5191575,CHEMBL1649418,6.19
CCCC(=O)Nc1nc(-c2cccs2)cc(-c2cccs2)n1,CHEMBL1650342,CHEMBL1650342,5191576,CHEMBL1649418,6.7
CCC(=O)Nc1cc(-c2ccc(F)cc2)nc(-c2ccc(F)cc2)n1,CHEMBL1650365,CHEMBL1650365,5191583,CHEMBL1649418,6.37
CC(=O)Nc1cc(-c2ccccc2F)nc(-c2ccccc2F)n1,CHEMBL1650370,CHEMBL1650370,5191585,CHEMBL1649418,7.13
CCC(=O)Nc1cc(-c2ccccc2F)nc(-c2ccccc2F)n1,CHEMBL1650371,CHEMBL1650371,5191586,CHEMBL1649418,6.99
CCCC(=O)Nc1cc(-c2ccccc2F)nc(-c2ccccc2F)n1,CHEMBL1650372,CHEMBL1650372,5191587,CHEMBL1649418,6.85
CC(=O)Nc1cc(-c2ccco2)nc(-c2ccco2)n1,CHEMBL1650384,CHEMBL1650384,5191590,CHEMBL1649418,8.09
CCC(=O)Nc1cc(-c2ccco2)nc(-c2ccco2)n1,CHEMBL1650385,CHEMBL1650385,5191591,CHEMBL1649418,8.19
CCCC(=O)Nc1cc(-c2ccco2)nc(-c2ccco2)n1,CHEMBL1650386,CHEMBL1650386,5191592,CHEMBL1649418,8.24
CC(=O)Nc1cc(-c2cccs2)nc(-c2cccs2)n1,CHEMBL1650387,CHEMBL1650387,5191593,CHEMBL1649418,7.61
CCC(=O)Nc1cc(-c2cccs2)nc(-c2cccs2)n1,CHEMBL1650388,CHEMBL1650388,5191594,CHEMBL1649418,6.94
CCCC(=O)Nc1cc(-c2cccs2)nc(-c2cccs2)n1,CHEMBL1650389,CHEMBL1650389,5191595,CHEMBL1649418,6.82
CC(=O)Nc1cc(-c2ccoc2)nc(-c2ccoc2)n1,CHEMBL1650390,CHEMBL1650390,5191596,CHEMBL1649418,7.13
CCC(=O)Nc1cc(-c2ccoc2)nc(-c2ccoc2)n1,CHEMBL1650391,CHEMBL1650391,5191597,CHEMBL1649418,7.08
CCCC(=O)Nc1cc(-c2ccoc2)nc(-c2ccoc2)n1,CHEMBL1650392,CHEMBL1650392,5191598,CHEMBL1649418,6.26
CC(=O)Nc1cc(-c2ccsc2)nc(-c2ccsc2)n1,CHEMBL1650393,CHEMBL1650393,5191599,CHEMBL1649418,7.4
CCC(=O)Nc1cc(-c2ccsc2)nc(-c2ccsc2)n1,CHEMBL1650394,CHEMBL1650394,5191600,CHEMBL1649418,7.2
O=C(Nc1nc(-c2ccccc2)cc(-c2ccccc2)n1)C1CCCC1,CHEMBL225460,CHEMBL225460,5192354,CHEMBL1649418,6.71
CCC(=O)Nc1ccc(C(=O)Nc2nccs2)cc1,CHEMBL1671919,CHEMBL1671919,5207155,CHEMBL1671809,6.05
CCCC(=O)Nc1ccc(C(=O)Nc2nccs2)cc1,CHEMBL1671918,CHEMBL1671918,5207160,CHEMBL1671809,6.46
CC(C)C(=O)Nc1ccc(C(=O)Nc2nccs2)cc1,CHEMBL1671920,CHEMBL1671920,5207162,CHEMBL1671809,6.52
Cc1nc(NC(=O)c2ccc(NC(=O)CC(C)(C)C)cc2)sc1C,CHEMBL1671925,CHEMBL1671925,5207166,CHEMBL1671809,6.66
Cc1ccccc1C(=O)Nc1ccc(C(=O)Nc2nccs2)cc1,CHEMBL1671916,CHEMBL1671916,5207167,CHEMBL1671809,6.66
Cc1cc(NC(=O)CC(C)(C)C)ccc1C(=O)Nc1nccs1,CHEMBL1671930,CHEMBL1671930,5207169,CHEMBL1671809,6.7
CCCCC(=O)Nc1ccc(C(=O)Nc2nccs2)cc1,CHEMBL1671917,CHEMBL1671917,5207170;15166810,CHEMBL1671809;CHEMBL3399957,6.72;6.72
CC(C)(C)CC(=O)Nc1ccc(C(=O)Nc2nccs2)c(Cl)c1,CHEMBL1671931,CHEMBL1671931,5207171,CHEMBL1671809,6.75
Cc1cnc(NC(=O)c2ccc(NC(=O)CC(C)(C)C)cc2)s1,CHEMBL1671924,CHEMBL1671924,5207172,CHEMBL1671809,6.92
CC(C)(C)CNC(=O)c1ccc(C(=O)Nc2nccs2)cc1,CHEMBL1671928,CHEMBL1671928,5207173,CHEMBL1671809,6.96
CC(C)CC(=O)Nc1ccc(C(=O)Nc2nccs2)cc1,CHEMBL1671921,CHEMBL1671921,5207174;15166792,CHEMBL1671809;CHEMBL3399957,7.05;7.23
COc1cc(NC(=O)CC(C)(C)C)ccc1C(=O)Nc1nccs1,CHEMBL1671929,CHEMBL1671929,5207176,CHEMBL1671809,7.3
CC(C)(C)CC(=O)Nc1ccc(C(=O)Nc2nccs2)cc1,CHEMBL1671922,CHEMBL1671922,5207177;15166815,CHEMBL1671809;CHEMBL3399957,7.44;7.44
Cc1cc(C(=O)Nc2nccs2)cc(Cl)c1NC(=O)CC(C)(C)C,CHEMBL1671937,CHEMBL1671937,5207178,CHEMBL1671809,7.5
CC(C)(C)CC(=O)Nc1ccc(C(=O)Nc2ncc(Cl)s2)cc1,CHEMBL1671923,CHEMBL1671923,5207179,CHEMBL1671809,7.55
CC(C)(C)CC(=O)Nc1ccc(C(=O)Nc2nccs2)cc1Cl,CHEMBL1671934,CHEMBL1671934,5207180,CHEMBL1671809,7.66
Cc1cc(C(=O)Nc2nccs2)ccc1NC(=O)CC(C)(C)C,CHEMBL1671933,CHEMBL1671933,5207181;15166814,CHEMBL1671809;CHEMBL3399957,7.72;7.17
COc1cc(C(=O)Nc2nccs2)ccc1NC(=O)CC(C)(C)C,CHEMBL1671932,CHEMBL1671932,5207182,CHEMBL1671809,7.77
COc1c(C(=O)Nc2nccs2)ccc(NC(=O)CC(C)(C)C)c1F,CHEMBL1671938,CHEMBL1671938,5207183,CHEMBL1671809,7.92
CC(C)(C)CC(=O)Nc1ccc(C(=O)Nc2nccs2)cc1F,CHEMBL1671935,CHEMBL1671935,5207184,CHEMBL1671809,8.04
CC(C)(C)CC(=O)Nc1c(F)cc(C(=O)Nc2nccs2)cc1F,CHEMBL1671936,CHEMBL1671936,5207185,CHEMBL1671809,8.23
O=C(Nc1cnc(-c2ccncc2)c(-c2ccco2)n1)C1CC1,CHEMBL1672611,CHEMBL1672611,5221762,CHEMBL1671839,7.36
CC(=O)Nc1cnc(-c2ccncc2)c(-c2ccco2)n1,CHEMBL1672612,CHEMBL1672612,5221763,CHEMBL1671839,6.14
CCC(=O)Nc1cnc(-c2ccncc2)c(-c2ccco2)n1,CHEMBL1672613,CHEMBL1672613,5221764,CHEMBL1671839,7.26
CC(C)C(=O)Nc1cnc(-c2ccncc2)c(-c2ccco2)n1,CHEMBL1672614,CHEMBL1672614,5221765,CHEMBL1671839,6.71
O=C(Nc1cnc(-c2ccncc2)c(-c2ccco2)n1)C1CCC1,CHEMBL1672615,CHEMBL1672615,5221766,CHEMBL1671839,6.85
O=C(Nc1cnc(-c2ccncc2)c(-c2ccco2)n1)C1CCCC1,CHEMBL1672616,CHEMBL1672616,5221767,CHEMBL1671839,6.84
O=C(CC1CCCC1)Nc1cnc(-c2ccncc2)c(-c2ccco2)n1,CHEMBL1672618,CHEMBL1672618,5221768,CHEMBL1671839,6.98
Cc1ccc(-c2nc(NC(=O)C3CC3)cnc2-c2ccncc2)o1,CHEMBL1672619,CHEMBL1672619,5221769,CHEMBL1671839,8.92
O=C(Nc1cnc(-c2ccncc2)c(-c2ccccn2)n1)C1CC1,CHEMBL1672620,CHEMBL1672620,5221770,CHEMBL1671839,6.51
O=C(Nc1cnc(-c2ccncc2)c(-c2cccnc2)n1)C1CC1,CHEMBL1672621,CHEMBL1672621,5221771,CHEMBL1671839,6.51
O=C(Nc1cnc(-c2ccncc2)c(-c2ccncc2)n1)C1CC1,CHEMBL1672622,CHEMBL1672622,5221772,CHEMBL1671839,6.51
O=C(Nc1cnc(-c2ccncc2)c(-c2ccccc2F)n1)C1CC1,CHEMBL1672623,CHEMBL1672623,5221773,CHEMBL1671839,7.29
O=C(Nc1cnc(-c2ccncc2)c(-c2ncco2)n1)C1CC1,CHEMBL1672624,CHEMBL1672624,5221774,CHEMBL1671839,6.06
O=C(Nc1cnc(-c2ccncc2)c(-c2cnco2)n1)C1CC1,CHEMBL1672625,CHEMBL1672625,5221775,CHEMBL1671839,6.2
O=C(Nc1cnc(-c2ccncn2)c(-c2ccco2)n1)C1CC1,CHEMBL1672626,CHEMBL1672626,5221776,CHEMBL1671839,6.96
O=C(Nc1cnc(-c2ccncc2F)c(-c2ccccc2F)n1)C1CC1,CHEMBL1672631,CHEMBL1672631,5221778,CHEMBL1671839,7.0
O=C(Nc1cnc(-c2ccncc2F)c(-c2ncco2)n1)C1CC1,CHEMBL1672632,CHEMBL1672632,5221779,CHEMBL1671839,6.39
CCCCC#Cc1nc(N)c2ncn([C@@H]3SC[C@@H](O)[C@H]3O)c2n1,CHEMBL1688378,CHEMBL1688378,5294281;5294283;8013138;8031115,CHEMBL1687702;CHEMBL1687702;CHEMBL1944553;CHEMBL1949672,7.92;8.14;8.14;8.14
CCCC/C=C/c1nc(N)c2ncn([C@@H]3SC[C@@H](O)[C@H]3O)c2n1,CHEMBL1688379,CHEMBL1688379,5294284;8013143;8013834,CHEMBL1687702;CHEMBL1944553;CHEMBL1944553,7.14;7.14;7.69
Nc1nc2c(cnn2CCN2CCOCC2)c2nn(CC3CC3)c(=O)n12,CHEMBL1762640,CHEMBL1762640,6156597,CHEMBL1759931,6.42
C=Cn1ncc2c1nc(N)n1c(=O)n(CC3CC3)nc21,CHEMBL1762638,CHEMBL1762638,6156599,CHEMBL1759931,7.56
Nc1nc2c(cnn2CCN2CCN(c3cnccn3)CC2)c2nn(Cc3cccc(Cl)c3)c(=O)n12,CHEMBL1762637,CHEMBL1762637,6156600,CHEMBL1759931,7.89
Nc1nc2c(cnn2CCN2CCN(c3cnccn3)CC2)c2nn(Cc3ccccc3)c(=O)n12,CHEMBL1762636,CHEMBL1762636,6156601,CHEMBL1759931,7.9
COCCOc1ccc(N2CCN(CCn3ncc4c3nc(N)n3c(=O)n(Cc5cccc(Cl)c5)nc43)CC2)c(F)c1,CHEMBL1762635,CHEMBL1762635,6156602,CHEMBL1759931,7.81
Nc1nc2c(cnn2CCN2CCN(c3ccc(F)cc3F)CC2)c2nn(Cc3cccc(Cl)c3)c(=O)n12,CHEMBL1762633,CHEMBL1762633,6156604,CHEMBL1759931,7.63
CC(C)(C)OC(=O)N1CCN(CCn2ncc3c2nc(N)n2c(=O)n(Cc4cccc(Cl)c4)nc32)CC1,CHEMBL1762631,CHEMBL1762631,6156606,CHEMBL1759931,6.25
CS(=O)(=O)N1CCN(CCn2ncc3c2nc(N)n2c(=O)n(Cc4cccc(Cl)c4)nc32)CC1,CHEMBL1762629,CHEMBL1762629,6156608,CHEMBL1759931,7.98
CS(=O)(=O)N1CCN(CCn2ncc3c2nc(N)n2c(=O)n(Cc4ccccc4)nc32)CC1,CHEMBL1762628,CHEMBL1762628,6156609,CHEMBL1759931,8.05
Nc1nc2c(cnn2CCN2CCC(N3CCOCC3)CC2)c2nn(Cc3cccc(Cl)c3)c(=O)n12,CHEMBL1762627,CHEMBL1762627,6156610,CHEMBL1759931,8.17
Nc1nc2c(cnn2CCN2CCC(N3CCOCC3)CC2)c2nn(Cc3ccccc3)c(=O)n12,CHEMBL1762626,CHEMBL1762626,6156611,CHEMBL1759931,7.55
Nc1nc2c(cnn2CCN2CCC3(CC2)OCCO3)c2nn(Cc3cccc(Cl)c3)c(=O)n12,CHEMBL1762625,CHEMBL1762625,6156612,CHEMBL1759931,7.96
Nc1nc2c(cnn2CCN2CCC3(CC2)OCCO3)c2nn(Cc3ccccc3)c(=O)n12,CHEMBL1762624,CHEMBL1762624,6156613,CHEMBL1759931,8.06
Nc1nc2c(cnn2CCN2CCOCC2)c2nn(Cc3cccc(Cl)c3)c(=O)n12,CHEMBL1762515,CHEMBL1762515,6156614;14645609,CHEMBL1759931;CHEMBL3259781,7.85;7.85
Nc1nc2c(cnn2CCN2CCOCC2)c2nn(Cc3ccccc3)c(=O)n12,CHEMBL1762514,CHEMBL1762514,6156615,CHEMBL1759931,8.05
CN(C)CCn1ncc2c1nc(N)n1c(=O)n(Cc3cccc(Cl)c3)nc21,CHEMBL1762513,CHEMBL1762513,6156616;14645608,CHEMBL1759931;CHEMBL3259781,8.28;8.28
C=Cn1ncc2c1nc(N)n1c(=O)n(Cc3cccc(Cl)c3)nc21,CHEMBL1762511,CHEMBL1762511,6156618,CHEMBL1759931,9.4
C=Cn1ncc2c1nc(N)n1c(=O)n(Cc3ccccc3)nc21,CHEMBL1762510,CHEMBL1762510,6156619,CHEMBL1759931,9.52
Nc1nc2c(c3nn(Cc4ccccc4)c(=O)n13)CCc1ccccc1-2,CHEMBL1762509,CHEMBL1762509,6156620,CHEMBL1759931,9.3
Nc1nc(-c2cccnc2)cc2nn(Cc3ccccc3)c(=O)n12,CHEMBL1762508,CHEMBL1762508,6156621,CHEMBL1759931,6.1
COc1ccc(-c2cc3nn(Cc4ccccc4)c(=O)n3c(N)n2)cc1,CHEMBL1762507,CHEMBL1762507,6156622,CHEMBL1759931,6.2
Nc1nc(-c2ccccc2)cc2nn(Cc3ccccc3)c(=O)n12,CHEMBL1762506,CHEMBL1762506,6156624,CHEMBL1759931,9.0
Nc1nc(-c2ccccc2)cc2nc(-c3ccco3)nn12,CHEMBL174850,CHEMBL174850,6156625,CHEMBL1759931,8.15
CCN(C(C)=O)c1ccc(OC)c2nc(NC(=O)[C@@H]3CC[C@@H](NC(=O)c4cccc(C(F)(F)F)c4)C3)sc12,CHEMBL1760889,CHEMBL1760889,6161665,CHEMBL1759892,7.51
CCN(C(C)=O)c1ccc(OC)c2nc(NC(=O)[C@H]3CC[C@@H](NC(=O)c4cccc(C(F)(F)F)c4)CC3)sc12,CHEMBL1760898,CHEMBL1760898,6161676,CHEMBL1759892,7.28
CCN(C(C)=O)c1ccc(OC)c2nc(NC(=O)[C@@H]3CC[C@H](NC(=O)c4cccc(C(F)(F)F)c4)C3)sc12,CHEMBL1760888,CHEMBL1760888,6161681,CHEMBL1759892,7.09
CCN(C(C)=O)c1ccc(OC)c2nc(NC(=O)[C@H]3CC[C@@H](NS(=O)(=O)c4cccc(C(F)(F)F)c4)CC3)sc12,CHEMBL1760884,CHEMBL1760884,6161685,CHEMBL1759892,6.96
CCN(C(C)=O)c1ccc(OC)c2nc(NC(=O)[C@@H]3CC[C@H](NCc4cccc(C(F)(F)F)c4)C3)sc12.O=C(O)C(F)(F)F,CHEMBL1760891,CHEMBL1789250,6161688,CHEMBL1759892,6.75
CCN(C(C)=O)c1ccc(OC)c2nc(NC(=O)[C@H]3CC[C@H](NS(=O)(=O)c4cccc(C(F)(F)F)c4)CC3)sc12,CHEMBL1760896,CHEMBL1760896,6161689,CHEMBL1759892,6.7
CCN(C(C)=O)c1ccc(OC)c2nc(NC(=O)N3CCC(O)(c4cccc(C(F)(F)F)c4)CC3)sc12,CHEMBL1760899,CHEMBL1760899,6161690,CHEMBL1759892,6.68
CCN(C(C)=O)c1ccc(OC)c2nc(NC(=O)C3CCN(C(=O)c4cccc(C(F)(F)F)c4)CC3)sc12,CHEMBL1760892,CHEMBL1760892,6161693,CHEMBL1759892,6.64
CCN(C(C)=O)c1ccc(OC)c2nc(NC(=O)N3CCC(c4cccc(C(F)(F)F)c4)CC3)sc12,CHEMBL1760900,CHEMBL1760900,6161694,CHEMBL1759892,6.62
CCN(C(C)=O)c1ccc(OC)c2nc(NC(=O)[C@H]3CC[C@H](NCc4cccc(C(F)(F)F)c4)CC3)sc12.O=C(O)C(F)(F)F,CHEMBL1760897,CHEMBL1789197,6161696,CHEMBL1759892,6.55
CCN(C(C)=O)c1ccc(OC)c2nc(NC(=O)[C@H]3CC[C@H](NC(=O)c4cccc(C(F)(F)F)c4)CC3)sc12,CHEMBL1760895,CHEMBL1760895,6161698,CHEMBL1759892,6.33
CCN(C(C)=O)c1ccc(OC)c2nc(NC(=O)N3CCC(S(=O)(=O)c4cccc(C(F)(F)F)c4)CC3)sc12,CHEMBL1760901,CHEMBL1760901,6161699,CHEMBL1759892,6.28
CCN(C(C)=O)c1ccc(OC)c2nc(NC(=O)[C@@H]3CCN(S(=O)(=O)c4cccc(C(F)(F)F)c4)C3)sc12,CHEMBL1760885,CHEMBL1760885,6161700,CHEMBL1759892,6.22
CCN(C(C)=O)c1ccc(OC)c2nc(NC(=O)[C@H]3CCN(C(=O)c4cccc(C(F)(F)F)c4)C3)sc12,CHEMBL1760887,CHEMBL1760887,6161702,CHEMBL1759892,6.15
CCN(C(C)=O)c1ccc(OC)c2nc(NC(=O)C3CCN(Cc4cccc(C(F)(F)F)c4)CC3)sc12,CHEMBL1760894,CHEMBL1760894,6161703,CHEMBL1759892,6.0
Nc1nc2c(cnn2CCCc2ccc(OCCCF)cc2)c2nc(-c3ccco3)nn12,CHEMBL1771804,CHEMBL1771804,6178792,CHEMBL1770126,7.27
COC(=O)COc1ccc(CCCn2ncc3c2nc(N)n2nc(-c4ccco4)nc32)cc1,CHEMBL1771805,CHEMBL1771805,6178793,CHEMBL1770126,7.02
Nc1nc2c(cnn2CCCc2ccc(OCC(=O)O)cc2)c2nc(-c3ccco3)nn12,CHEMBL1771806,CHEMBL1771806,6178794,CHEMBL1770126,7.99
NCCNC(=O)COc1ccc(CCCn2ncc3c2nc(N)n2nc(-c4ccco4)nc32)cc1,CHEMBL1771807,CHEMBL1771807,6178795,CHEMBL1770126,8.17
NCCNCCNC(=O)COc1ccc(CCCn2ncc3c2nc(N)n2nc(-c4ccco4)nc32)cc1,CHEMBL1771808,CHEMBL1771808,6178796,CHEMBL1770126,7.97
CN(C)c1ccc2c(-c3ccc(C(=O)NCCNC(=O)COc4ccc(CCCn5ncc6c5nc(N)n5nc(-c7ccco7)nc65)cc4)cc3C(=O)[O-])c3ccc(=[N+](C)C)cc-3oc2c1,CHEMBL1771810,CHEMBL1771810,6178797,CHEMBL1770126,6.45
C#CCCCCC(=O)NCCNC(=O)COc1ccc(CCCn2ncc3c2nc(N)n2nc(-c4ccco4)nc32)cc1,CHEMBL1771811,CHEMBL1771811,6178798,CHEMBL1770126,7.12
Nc1nc2c(cnn2CCCc2ccc(OCC(=O)NCCNC(=O)CCCCc3cn(CCCCCCC(=O)CCOCCOCCOCCOCCNC(=O)CCCC[C@@H]4SC[C@@H]5NC(=O)N[C@@H]54)nn3)cc2)c2nc(-c3ccco3)nn12,CHEMBL1771812,CHEMBL1771812,6178799,CHEMBL1770126,6.48
CC(=O)NCCn1cc(CCCCC(=O)NCCNC(=O)COc2ccc(CCCn3ncc4c3nc(N)n3nc(-c5ccco5)nc43)cc2)nn1,CHEMBL1770169,CHEMBL1770169,6178800,CHEMBL1770126,6.66
Nc1nc2c(cnn2CCCc2ccc(OCC(=O)NCCNCCNC(=O)CCCCCNC(=O)COc3ccc(/C=C/C4=[N+]5C(=Cc6ccc(-c7ccc[nH]7)n6[B-]5(F)F)C=C4)cc3)cc2)c2nc(-c3ccco3)nn12,CHEMBL1770170,CHEMBL1770170,6178801,CHEMBL1770126,7.82
CCN(CC)CC.CCN(CC)CC.N=c1ccc2c(-c3ccc(C(=O)NCCNC(=O)COc4ccc(CCCn5ncc6c5nc(N)n5nc(-c7ccco7)nc65)cc4)cc3C(=O)O)c3ccc(N)c(S(=O)(=O)O)c3oc-2c1S(=O)(=O)O,CHEMBL1771809,CHEMBL1789502,6178803;18167764;18167765;18167770;18167771;18167772,CHEMBL1770126;CHEMBL4033759;CHEMBL4033759;CHEMBL4033759;CHEMBL4033759;CHEMBL4033759,6.96;7.78;7.3;7.37;7.51;7.54
Cn1cc2c(n1)c(N)nc1c(OCc3ccccc3)cccc12,CHEMBL1795502,CHEMBL1795502,6261798,CHEMBL1795254,6.12
Nc1nc(Oc2ccccc2)nc2nc(-c3ccco3)nn12,CHEMBL1093313,CHEMBL1093313,6268898,CHEMBL1799985,7.75
Nc1nc(-c2ccccc2O)nc(N2Cc3ccc(F)cc3C2)n1,CHEMBL1800357,CHEMBL1800357,6284472;6284480,CHEMBL1800001;CHEMBL1800001,7.9;6.0
CN1CCN(C(=O)c2cccc(-c3nc(N)nc(-c4ccccc4O)n3)c2)CC1,CHEMBL1800358,CHEMBL1800358,6284473;6284481;10887347,CHEMBL1800001;CHEMBL1800001;CHEMBL2029292,9.0;7.9;8.99
Cn1cc2c(nc(NC(=O)Nc3ccccc3)n3nc(-c4ccc(Cl)cc4)nc23)n1,CHEMBL1834622,CHEMBL1834622,6391002,CHEMBL1833919,6.01
O=C(Cc1ccccc1)Nc1nc2nn(CCc3ccccc3)cc2c2nc(-c3ccccc3)nn12,CHEMBL1834700,CHEMBL1834700,6391017,CHEMBL1833919,6.21
O=C(Cc1ccccc1)Nc1nc2nn(CCc3ccccc3)cc2c2nc(-c3ccc(F)cc3)nn12,CHEMBL1834701,CHEMBL1834701,6391018,CHEMBL1833919,6.24
Oc1c(Cl)cc(Cl)cc1Sc1cc(Cl)cc(Cl)c1O,CHEMBL290106,CHEMBL290106,7613719,CHEMBL1909046,6.18
Oc1c(Cl)cc(Cl)c(Cl)c1Cc1c(O)c(Cl)cc(Cl)c1Cl,CHEMBL496,CHEMBL496,7653708,CHEMBL1909046,6.04
COC(=O)Nc1nc2cc([S+]([O-])c3ccccc3)ccc2[nH]1,CHEMBL42442,CHEMBL42442,7733855,CHEMBL1909046,6.07
Cc1cc2cc3c(C)cc(=O)oc3c(C)c2o1,CHEMBL1475,CHEMBL1475,7787039,CHEMBL1909046,6.13
COc1cc(N)[nH]c2nc(-c3ccc(F)cc3)c(-c3ccncc3)c1-2,CHEMBL115769,CHEMBL115769,7804915,CHEMBL1909046,6.24
CCCc1nn(C)c2c(=O)[nH]c(-c3cc(S(=O)(=O)N4CCN(C)CC4)ccc3OCC)nc12,CHEMBL192,CHEMBL192,7815963;7815964;10983508,CHEMBL1909046;CHEMBL1909046;CHEMBL2069177,6.6;6.85;6.7
CC(C)(C)OC(=O)N1CCN(c2nc(N)n3nc(-c4ccco4)nc3n2)CC1,CHEMBL1927422,CHEMBL1927422,7973545,CHEMBL1926574,7.68
Nc1nc(N2CCCC2)nc2nc(-c3ccco3)nn12,CHEMBL1927423,CHEMBL1927423,7973546,CHEMBL1926574,7.23
Nc1nc(N2CCNCC2)nc2nc(-c3ccco3)nn12.O=C(O)C(F)(F)F,CHEMBL1927424,CHEMBL425349,7973547,CHEMBL1926574,6.82
CC(C)(C)OC(=O)NCCNc1nc(N)n2nc(-c3ccco3)nc2n1,CHEMBL1927426,CHEMBL1927426,7973549,CHEMBL1926574,7.39
CC(C)(C)OC(=O)NCC1CCC(CNc2nc(N)n3nc(-c4ccco4)nc3n2)CC1,CHEMBL1927427,CHEMBL1927427,7973550,CHEMBL1926574,7.16
CC(C)(C)OC(=O)NCCCNc1nc(N)n2nc(-c3ccco3)nc2n1,CHEMBL1927428,CHEMBL1927428,7973551,CHEMBL1926574,7.41
CC(C)(C)OC(=O)NCCCCCNc1nc(N)n2nc(-c3ccco3)nc2n1,CHEMBL1927429,CHEMBL1927429,7973552,CHEMBL1926574,7.35
CC(C)(C)OC(=O)NCCOCCOCCNc1nc(N)n2nc(-c3ccco3)nc2n1,CHEMBL1927430,CHEMBL1927430,7973553,CHEMBL1926574,7.75
Nc1nc(N2CCN(Cc3ccccc3)CC2)nc2nc(-c3ccco3)nn12,CHEMBL188897,CHEMBL188897,7973554,CHEMBL1926574,7.69
Nc1nc(N2CCN(Cc3cccc(Cl)c3)CC2)nc2nc(-c3ccco3)nn12,CHEMBL368488,CHEMBL368488,7973555,CHEMBL1926574,7.29
Nc1nc(N2CCN(Cc3ccc(F)cc3)CC2)nc2nc(-c3ccco3)nn12,CHEMBL1927431,CHEMBL1927431,7973556,CHEMBL1926574,7.28
Nc1nc(N2CCN(Cc3ccc(Cl)cc3)CC2)nc2nc(-c3ccco3)nn12,CHEMBL186322,CHEMBL186322,7973557,CHEMBL1926574,6.99
Nc1nc(N2CCN(Cc3ccc(Br)cc3)CC2)nc2nc(-c3ccco3)nn12,CHEMBL1927432,CHEMBL1927432,7973558,CHEMBL1926574,7.56
NCCOCCOCCNc1nc(N)n2nc(-c3ccco3)nc2n1.O=C(O)C(F)(F)F,CHEMBL1927433,CHEMBL1962463,7973559,CHEMBL1926574,7.94
Nc1nc(N2CCN(C(=O)Cc3ccc(Br)cc3)CC2)nc2nc(-c3ccco3)nn12,CHEMBL1927434,CHEMBL1927434,7973560,CHEMBL1926574,7.06
CCCCC(=O)N1CCN(c2nc(N)n3nc(-c4ccco4)nc3n2)CC1,CHEMBL1927435,CHEMBL1927435,7973561,CHEMBL1926574,6.91
Nc1nc(N2CCN(C(=O)Cc3ccccc3)CC2)nc2nc(-c3ccco3)nn12,CHEMBL1927436,CHEMBL1927436,7973562,CHEMBL1926574,7.02
COC(=O)CCC(=O)N1CCN(c2nc(N)n3nc(-c4ccco4)nc3n2)CC1,CHEMBL1927437,CHEMBL1927437,7973563,CHEMBL1926574,7.18
Nc1nc(N2CCN(C(=O)C(Cl)Cl)CC2)nc2nc(-c3ccco3)nn12,CHEMBL1927438,CHEMBL1927438,7973564,CHEMBL1926574,6.55
Nc1nc(N2CCN(C(=O)c3ccc([N+](=O)[O-])cc3)CC2)nc2nc(-c3ccco3)nn12,CHEMBL1927439,CHEMBL1927439,7973565,CHEMBL1926574,6.67
Nc1nc(N2CCN(C(=O)c3ccccc3)CC2)nc2nc(-c3ccco3)nn12,CHEMBL1927440,CHEMBL1927440,7973566,CHEMBL1926574,6.46
Nc1nc(N2CCN(C(=O)Cc3ccc(Cl)cc3)CC2)nc2nc(-c3ccco3)nn12,CHEMBL1927442,CHEMBL1927442,7973568,CHEMBL1926574,7.41
NCCNc1nc(N)n2nc(-c3ccco3)nc2n1.O=C(O)C(F)(F)F,CHEMBL1926693,CHEMBL1962442,7973570,CHEMBL1926574,6.25
NCC1CCC(CNc2nc(N)n3nc(-c4ccco4)nc3n2)CC1.O=C(O)C(F)(F)F,CHEMBL1927444,CHEMBL1962813,7973571,CHEMBL1926574,7.77
NCCCNc1nc(N)n2nc(-c3ccco3)nc2n1.O=C(O)C(F)(F)F,CHEMBL1927445,CHEMBL1962701,7973572,CHEMBL1926574,6.57
NCCCCCNc1nc(N)n2nc(-c3ccco3)nc2n1.O=C(O)C(F)(F)F,CHEMBL1927446,CHEMBL1962591,7973573,CHEMBL1926574,7.04
Nc1nc(N2CCN(C(=O)C(c3ccccc3)c3ccccc3)CC2)nc2nc(-c3ccco3)nn12,CHEMBL1927447,CHEMBL1927447,7973574,CHEMBL1926574,7.03
CC(C)(C)C(=O)N1CCN(c2nc(N)n3nc(-c4ccco4)nc3n2)CC1,CHEMBL1927628,CHEMBL1927628,7973575,CHEMBL1926574,7.23
CC(C)(C)CC(=O)N1CCN(c2nc(N)n3nc(-c4ccco4)nc3n2)CC1,CHEMBL1927629,CHEMBL1927629,7973576,CHEMBL1926574,7.96
O=C(Nc1nc(Oc2ccccc2)nc2nc(-c3ccco3)nn12)c1ccccc1,CHEMBL1927630,CHEMBL1927630,7973577,CHEMBL1926574,6.0
Nc1nc(O)nc2nc(-c3ccco3)nn12,CHEMBL1927631,CHEMBL1927631,7973578,CHEMBL1926574,6.7
Nc1nc(N)n2nc(-c3ccco3)nc2n1,CHEMBL1927632,CHEMBL1927632,7973579,CHEMBL1926574,6.8
Nc1nc(NC(=O)c2ccccc2)n2nc(-c3ccco3)nc2n1,CHEMBL1927634,CHEMBL1927634,7973581,CHEMBL1926574,7.36
Cn1cc2nc(N)n3nc(-c4ccco4)nc3c2c1,CHEMBL1935743,CHEMBL1935743,7985251,CHEMBL1932966,7.7
CCCn1cc2nc(N)n3nc(-c4ccco4)nc3c2c1,CHEMBL1935744,CHEMBL1935744,7985252,CHEMBL1932966,7.52
Nc1nc2cn(CCc3ccccc3)cc2c2nc(-c3ccco3)nn12,CHEMBL1935745,CHEMBL1935745,7985253,CHEMBL1932966,8.41
Nc1nc2cn(CCCc3ccccc3)cc2c2nc(-c3ccco3)nn12,CHEMBL1935746,CHEMBL1935746,7985254,CHEMBL1932966,7.3
COc1ccc(NC(=O)Nc2nc3cn(C)cc3c3nc(-c4ccco4)nn23)cc1,CHEMBL1935747,CHEMBL1935747,7985255,CHEMBL1932966,6.3
CCCn1cc2nc(NC(=O)Nc3ccc(OC)cc3)n3nc(-c4ccco4)nc3c2c1,CHEMBL1935748,CHEMBL1935748,7985256,CHEMBL1932966,6.7
COc1ccc(NC(=O)Nc2nc3cn(CCc4ccccc4)cc3c3nc(-c4ccco4)nn23)cc1,CHEMBL1935749,CHEMBL1935749,7985257,CHEMBL1932966,6.83
COc1ccc(NC(=O)Nc2nc3cn(CCCc4ccccc4)cc3c3nc(-c4ccco4)nn23)cc1,CHEMBL1935750,CHEMBL1935750,7985258,CHEMBL1932966,6.89
Cn1ncc2nc(N)n3nc(-c4ccco4)nc3c21,CHEMBL1935752,CHEMBL1935752,7985260,CHEMBL1932966,8.44
CCCn1ncc2nc(N)n3nc(-c4ccco4)nc3c21,CHEMBL1935753,CHEMBL1935753,7985261,CHEMBL1932966,7.92
Nc1nc2cnn(CCc3ccccc3)c2c2nc(-c3ccco3)nn12,CHEMBL1935754,CHEMBL1935754,7985262,CHEMBL1932966,7.38
Nc1nc2cnn(CCCc3ccccc3)c2c2nc(-c3ccco3)nn12,CHEMBL1935755,CHEMBL1935755,7985263,CHEMBL1932966,6.91
COc1ccc(NC(=O)Nc2nc3cnn(C)c3c3nc(-c4ccco4)nn23)cc1,CHEMBL1935756,CHEMBL1935756,7985264,CHEMBL1932966,7.17
CCCn1ncc2nc(NC(=O)Nc3ccc(OC)cc3)n3nc(-c4ccco4)nc3c21,CHEMBL1935757,CHEMBL1935757,7985265,CHEMBL1932966,7.7
COc1ccc(NC(=O)Nc2nc3cnn(CCc4ccccc4)c3c3nc(-c4ccco4)nn23)cc1,CHEMBL1935758,CHEMBL1935758,7985858,CHEMBL1932966,6.2
Cn1cc2nc(N)n3nc(-c4ccco4)nc3c2n1,CHEMBL1935760,CHEMBL1935760,7985860,CHEMBL1932966,8.09
CCCn1cc2nc(N)n3nc(-c4ccco4)nc3c2n1,CHEMBL1935761,CHEMBL1935761,7985861,CHEMBL1932966,7.77
Nc1nc2cn(CCc3ccccc3)nc2c2nc(-c3ccco3)nn12,CHEMBL1935762,CHEMBL1935762,7985862,CHEMBL1932966,8.04
Nc1nc2cn(CCCc3ccccc3)nc2c2nc(-c3ccco3)nn12,CHEMBL1935763,CHEMBL1935763,7985863,CHEMBL1932966,7.96
COc1ccc(NC(=O)Nc2nc3cn(C)nc3c3nc(-c4ccco4)nn23)cc1,CHEMBL1935764,CHEMBL1935764,7985864,CHEMBL1932966,6.65
CCCn1cc2nc(NC(=O)Nc3ccc(OC)cc3)n3nc(-c4ccco4)nc3c2n1,CHEMBL1935765,CHEMBL1935765,7985865,CHEMBL1932966,6.68
COc1ccc(NC(=O)Nc2nc3cn(CCc4ccccc4)nc3c3nc(-c4ccco4)nn23)cc1,CHEMBL1935766,CHEMBL1935766,7985866,CHEMBL1932966,6.17
Cn1ncc2nc(NC3CCCCC3)n3nc(-c4ccco4)nc3c21,CHEMBL1935768,CHEMBL1935768,7985868,CHEMBL1932966,6.92
CCCCC#Cc1nc(N)c2ncn([C@@H]3OC[C@@H](O)[C@H]3O)c2n1,CHEMBL1945563,CHEMBL1945563,8013136;8013833,CHEMBL1944553;CHEMBL1944553,7.2;7.09
CCCC/C=C/c1nc(N)c2ncn([C@@H]3OC[C@@H](O)[C@H]3O)c2n1,CHEMBL1946298,CHEMBL1946298,8013142,CHEMBL1944553,6.75
Nc1nc(OCCc2ccc(Cl)cc2)nc2c1ncn2[C@@H]1O[C@H](CO)[C@@H](O)[C@H]1O,CHEMBL1950553,CHEMBL1950553,8031118;14644270;15210120,CHEMBL1949672;CHEMBL3259781;CHEMBL3414558,7.23;6.31;6.31
Nc1nc(OCCc2cccc3ccccc23)nc2c1ncn2[C@@H]1O[C@H](CO)[C@@H](O)[C@H]1O,CHEMBL260203,CHEMBL260203,8031119,CHEMBL1949672,8.42
Nc1nc(SCCC2CCCCC2)nc2c1ncn2[C@@H]1O[C@H](CO)[C@@H](O)[C@H]1O,CHEMBL568023,CHEMBL568023,8031120,CHEMBL1949672,6.43
Nc1nc(N/N=C/C2CCCCC2)nc2c1ncn2[C@@H]1O[C@H](CO)[C@@H](O)[C@H]1O,CHEMBL1950554,CHEMBL1950554,8031121;12656976;12656977;14644265;15210119,CHEMBL1949672;CHEMBL2321867;CHEMBL2321867;CHEMBL3259781;CHEMBL3414558,6.57;6.57;7.09;6.57;6.57
COc1cc(OC)cc([C@@H](CNc2ncnc3c2ncn3[C@@H]2O[C@H](CO)[C@@H](O)[C@H]2O)c2ccccc2C)c1,CHEMBL1950555,CHEMBL1950555,8031719,CHEMBL1949672,6.78
CCNC(=O)[C@H]1O[C@@H](n2cnc3c(N)nc(C#CC[C@H]4CC[C@H](C(=O)OC)CC4)nc32)[C@H](O)[C@@H]1O,CHEMBL1950649,CHEMBL1950649,8031723;10923784;14644266;15210117,CHEMBL1949672;CHEMBL2040767;CHEMBL3259781;CHEMBL3414558,9.3;9.3;9.3;9.3
CCNC(=O)[C@H]1C[C@@H](n2cnc3c(N[C@H](CC)Cc4sccc4Cl)ccnc32)[C@H](O)[C@@H]1O,CHEMBL1950650,CHEMBL1950650,8031724,CHEMBL1949672,7.25
CCNC(=O)[C@H]1O[C@@H](n2cnc3c(N)nc(NCCc4ccc(CCC(=O)N[C@@H](Cc5ccccc5)C(=O)OC)cc4)nc32)[C@H](O)[C@@H]1O,CHEMBL1950653,CHEMBL1950653,8031757,CHEMBL1949672,6.8
CCNC(=O)[C@H]1O[C@@H](n2cnc3c(N)nc(NCCc4ccc(CCC(=O)N[C@H](Cc5ccccc5)C(=O)OC)cc4)nc32)[C@H](O)[C@@H]1O,CHEMBL1950654,CHEMBL1950654,8031758,CHEMBL1949672,7.07
CCNC(=O)[C@H]1O[C@@H](n2cnc3c(N)nc(NCCc4ccc(CCC(=O)N[C@@H](Cc5c[nH]c6ccccc56)C(=O)OC)cc4)nc32)[C@H](O)[C@@H]1O,CHEMBL1950655,CHEMBL1950655,8031759,CHEMBL1949672,7.06
CCNC(=O)[C@H]1O[C@@H](n2cnc3c(N)nc(NCCc4ccc(CCC(=O)N[C@H](Cc5c[nH]c6ccccc56)C(=O)OC)cc4)nc32)[C@H](O)[C@@H]1O,CHEMBL1950656,CHEMBL1950656,8031760,CHEMBL1949672,6.89
CCNC(=O)[C@H]1O[C@@H](n2cnc3c(N)nc(NCCc4ccc(CCC(=O)N[C@@H](CC(=O)O)C(=O)O)cc4)nc32)[C@H](O)[C@@H]1O,CHEMBL1950657,CHEMBL1950657,8031761,CHEMBL1949672,6.75
CCNC(=O)[C@H]1O[C@@H](n2cnc3c(N)nc(NCCc4ccc(CCC(=O)N[C@H](CC(=O)O)C(=O)O)cc4)nc32)[C@H](O)[C@@H]1O,CHEMBL1950658,CHEMBL1950658,8031762,CHEMBL1949672,6.96
CCNC(=O)[C@H]1O[C@@H](n2cnc3c(N)nc(NCCc4ccc(CCC(=O)N[C@@H](CCCNC(=N)N)C(=O)O)cc4)nc32)[C@H](O)[C@@H]1O,CHEMBL1950659,CHEMBL1950659,8031763,CHEMBL1949672,7.0
CCNC(=O)[C@H]1O[C@@H](n2cnc3c(N)nc(NCCc4ccc(CCC(=O)N[C@H](CCCNC(=N)N)C(=O)O)cc4)nc32)[C@H](O)[C@@H]1O,CHEMBL1950660,CHEMBL1950660,8031764,CHEMBL1949672,7.3
CCNC(=O)[C@H]1O[C@@H](n2cnc3c(N)nc(NCCc4ccc(CCC(=O)N[C@@H](Cc5ccccc5)C(=O)O)cc4)nc32)[C@H](O)[C@@H]1O,CHEMBL1950661,CHEMBL1950661,8031765,CHEMBL1949672,7.2
CCNC(=O)[C@H]1O[C@@H](n2cnc3c(N)nc(NCCc4ccc(CCC(=O)N[C@H](Cc5ccccc5)C(=O)O)cc4)nc32)[C@H](O)[C@@H]1O,CHEMBL1950662,CHEMBL1950662,8031766,CHEMBL1949672,7.47
CCNC(=O)[C@H]1O[C@@H](n2cnc3c(N)nc(NCCc4ccc(CCC(=O)N[C@@H](Cc5c[nH]c6ccccc56)C(=O)O)cc4)nc32)[C@H](O)[C@@H]1O,CHEMBL1950663,CHEMBL1950663,8031767,CHEMBL1949672,7.14
CCNC(=O)[C@H]1O[C@@H](n2cnc3c(N)nc(NCCc4ccc(CCC(=O)N[C@H](Cc5c[nH]c6ccccc56)C(=O)O)cc4)nc32)[C@H](O)[C@@H]1O,CHEMBL1950664,CHEMBL1950664,8031768,CHEMBL1949672,6.89
CCNC(=O)[C@H]1O[C@@H](n2cnc3c(N)nc(NCCc4ccc(CCC(=O)N[C@@H](Cc5c[nH]cn5)C(=O)O)cc4)nc32)[C@H](O)[C@@H]1O,CHEMBL1950665,CHEMBL1950665,8031769,CHEMBL1949672,6.96
CCNC(=O)[C@H]1O[C@@H](n2cnc3c(N)nc(NCCc4ccc(CCC(=O)N[C@H](Cc5c[nH]cn5)C(=O)O)cc4)nc32)[C@H](O)[C@@H]1O,CHEMBL1950666,CHEMBL1950666,8031770,CHEMBL1949672,7.4
CCn1nnnc1[C@H]1O[C@@H](n2cnc3c(N)nc(N[C@H](CO)Cc4ccccc4)nc32)[C@H](O)[C@@H]1O,CHEMBL1950652,CHEMBL1950652,8031788,CHEMBL1949672,8.64
CCCn1c(=O)c2[nH]c(-c3cc(=O)[nH]n3C)cc2n(CCC)c1=O,CHEMBL1955923,CHEMBL1955923,8056817,CHEMBL1955727,6.02
CC(C)Cn1c2ccc(Nc3ncccn3)cc2c2c3c(c4c(c21)CCc1nn(C)cc1-4)C(=O)NC3,CHEMBL2010872,CHEMBL2010872,10843826,CHEMBL2010689,6.3
Nc1nnc(-c2ccccc2)c(-c2ccccc2)n1,CHEMBL1370747,CHEMBL1370747,10873941;14645620,CHEMBL2021853;CHEMBL3259781,6.93;6.94
Nc1nnc(-c2cccc(Cl)c2)c(-c2ccccc2)n1,CHEMBL2024111,CHEMBL2024111,10873942;10874002;28326110,CHEMBL2021853;CHEMBL2021853;CHEMBL5728426,7.29;6.4;7.29
Nc1nnc(-c2cc(Cl)cc(Cl)c2)c(-c2ccccc2)n1,CHEMBL2024112,CHEMBL2024112,10873943;10874003;28326122,CHEMBL2021853;CHEMBL2021853;CHEMBL5728426,8.4;7.3;8.4
Cc1cc(C)cc(-c2nnc(N)nc2-c2ccccc2)c1,CHEMBL2024113,CHEMBL2024113,10873944;28326146,CHEMBL2021853;CHEMBL5728426,7.67;6.3
Nc1nnc(-c2ccc(O)c(Cl)c2)c(-c2ccccc2)n1,CHEMBL2024114,CHEMBL2024114,10873945;10874005;16914904;16914940;18694859;24710029;28326161,CHEMBL2021853;CHEMBL2021853;CHEMBL3885741;CHEMBL3885741;CHEMBL4251607;CHEMBL5108007;CHEMBL5728426,8.85;9.6;10.39;9.74;8.4;8.4;8.86
Cc1cc(-c2nnc(N)nc2-c2ccccc2)cc(C)c1O,CHEMBL2021950,CHEMBL2021950,10873946;10874006;28326155,CHEMBL2021853;CHEMBL2021853;CHEMBL5728426,8.39;9.8;8.68
Cc1cc(-c2nnc(N)nc2-c2ccccc2)cc(C)n1,CHEMBL2024115,CHEMBL2024115,10873947;10874007;28326191;28326410,CHEMBL2021853;CHEMBL2021853;CHEMBL5728426;CHEMBL5728426,8.11;8.9;8.11;7.91
Cc1cc(-c2nnc(N)nc2-c2ccc(F)cc2)cc(C)n1,CHEMBL2024116,CHEMBL2024116,10873948;10874008;22757056;22757057;22757058;22757061,CHEMBL2021853;CHEMBL2021853;CHEMBL4699449;CHEMBL4699449;CHEMBL4699449;CHEMBL4699449,7.81;8.0;8.77;6.84;9.1;8.0
Cc1cc(-c2nnc(N)nc2-c2cc(F)cc(F)c2)cc(C)n1,CHEMBL2024117,CHEMBL2024117,10873949;10874009;28326233,CHEMBL2021853;CHEMBL2021853;CHEMBL5728426,7.56;8.0;7.56
Cc1cc(-c2nnc(N)nc2-c2cccc(F)c2)cc(C)n1,CHEMBL2024118,CHEMBL2024118,10873950;10874010;28326239,CHEMBL2021853;CHEMBL2021853;CHEMBL5728426,7.98;8.5;7.98
Cc1cc(-c2nnc(N)nc2-c2ccccc2)cc(C(F)(F)F)n1,CHEMBL2024119,CHEMBL2024119,10873951;10874011;14645621;28326305,CHEMBL2021853;CHEMBL2021853;CHEMBL3259781;CHEMBL5728426,8.46;8.5;8.46;8.59
Cc1cc(-c2nnc(N)nc2-c2ccc(F)cc2)cc(C(F)(F)F)n1,CHEMBL2024120,CHEMBL2024120,10873952;10874012;28326257;28326293,CHEMBL2021853;CHEMBL2021853;CHEMBL5728426;CHEMBL5728426,8.34;7.6;8.07;8.34
Cc1ccsc1/C=C/c1nc(N)nc(-c2ccccc2O)n1,CHEMBL2030679,CHEMBL2030679,10887333,CHEMBL2029292,8.46
CSc1nc2nc3c(c(O)n2n1)CN(Cc1ccccc1)CC3,CHEMBL1444408,CHEMBL1444408,10887336,CHEMBL2029292,6.15
CC(=O)Oc1cc(C)c2c(=O)c(-c3nc(C)cs3)coc2c1,CHEMBL2030686,CHEMBL2030686,10887343;13967517,CHEMBL2029292;CHEMBL3132836,7.47;7.5
CCCc1cc2c(=O)c(-c3nc(C)cs3)coc2cc1OC(C)=O,CHEMBL2030687,CHEMBL2030687,10887344;13967509,CHEMBL2029292;CHEMBL3132836,8.51;8.5
CCc1cc2c(=O)c(-c3nc(C)cs3)coc2cc1OCC(=O)OC(C)C,CHEMBL2030688,CHEMBL2030688,10887345,CHEMBL2029292,7.82
CC(C)c1nc(N)nc(-c2ccccc2O)n1,CHEMBL2030689,CHEMBL2030689,10887346,CHEMBL2029292,7.91
COC1CCN(c2cccc(-c3nc(N)nc(-c4ccccc4O)n3)c2)CC1,CHEMBL2030690,CHEMBL2030690,10887348,CHEMBL2029292,8.8
O=c1c(-c2ccco2)nnc2n(CCc3ccccc3)c3ccccc3n12,CHEMBL2030706,CHEMBL2030706,10887421,CHEMBL2029296,7.8
O=c1c(-c2ccco2)nnc2n(Cc3ccccc3)c3ccccc3n12,CHEMBL113518,CHEMBL113518,10887423,CHEMBL2029296,6.81
O=c1c(-c2ccco2)nnc2n(-c3ccc(Cl)cc3)c3ccccc3n12,CHEMBL2030704,CHEMBL2030704,10887425,CHEMBL2029296,7.3
Nc1nc(SCCc2ccc(S(=O)(=O)O)cc2)nc2c1ncn2[C@@H]1O[C@H](CO)[C@@H](O)[C@H]1O,CHEMBL2043295,CHEMBL2043295,10923752;10923773,CHEMBL2040767;CHEMBL2040767,6.44;6.93
CCNC(=O)[C@H]1O[C@@H](n2cnc3c(N)nc(F)nc32)[C@H](O)[C@@H]1O,CHEMBL2042297,CHEMBL2042297,10925249,CHEMBL2040819,8.25
CCNC(=O)[C@H]1O[C@@H](n2cnc3c(N)nc(NCCc4ccccc4)nc32)[C@H](O)[C@@H]1O,CHEMBL2042298,CHEMBL2042298,10925250,CHEMBL2040819,7.92
CCNC(=O)[C@H]1O[C@@H](n2cnc3c(N)nc(NCCc4ccc(N)cc4)nc32)[C@H](O)[C@@H]1O,CHEMBL2042299,CHEMBL2042299,10925251,CHEMBL2040819,7.85
CCNC(=O)[C@H]1O[C@@H](n2cnc3c(N)nc(NCCc4ccc(Br)cc4)nc32)[C@H](O)[C@@H]1O,CHEMBL2042300,CHEMBL2042300,10925252,CHEMBL2040819,7.38
CCNC(=O)[C@H]1O[C@@H](n2cnc3c(N)nc(NCCc4ccc(NC(=O)c5cc(C(C)(C)C)cc(C(C)(C)C)c5)cc4)nc32)[C@H](O)[C@@H]1O,CHEMBL2042301,CHEMBL2042301,10925253,CHEMBL2040819,7.35
CCNC(=O)[C@H]1O[C@@H](n2cnc3c(N)nc(NCCc4ccc(NC(=O)c5cc(C(C)(C)C)c(O)c(C(C)(C)C)c5)cc4)nc32)[C@H](O)[C@@H]1O,CHEMBL2042302,CHEMBL2042302,10925254,CHEMBL2040819,7.85
CCNC(=O)[C@H]1O[C@@H](n2cnc3c(N)nc(NCCc4ccc(NC(=O)CCCC[C@H]5CCSS5)cc4)nc32)[C@H](O)[C@@H]1O,CHEMBL2042303,CHEMBL2042303,10925255,CHEMBL2040819,8.18
CCNC(=O)[C@H]1O[C@@H](n2cnc3c(NCC(c4ccccc4)c4ccccc4)nc(F)nc32)[C@H](O)[C@@H]1O,CHEMBL2042304,CHEMBL2042304,10925256,CHEMBL2040819,9.07
CCNC(=O)[C@H]1O[C@@H](n2cnc3c(NCC(c4ccccc4)c4ccccc4)nc(NCCc4ccccc4)nc32)[C@H](O)[C@@H]1O,CHEMBL2042305,CHEMBL2042305,10925257,CHEMBL2040819,7.18
CCNC(=O)[C@H]1O[C@@H](n2cnc3c(NCC(c4ccccc4)c4ccccc4)nc(NCCc4ccc(N)cc4)nc32)[C@H](O)[C@@H]1O,CHEMBL2042306,CHEMBL2042306,10925258,CHEMBL2040819,8.2
CCNC(=O)[C@H]1O[C@@H](n2cnc3c(NCC(c4ccccc4)c4ccccc4)nc(NCCc4ccc(Br)cc4)nc32)[C@H](O)[C@@H]1O,CHEMBL2042307,CHEMBL2042307,10925259,CHEMBL2040819,7.51
CCNC(=O)[C@H]1O[C@@H](n2cnc3c(NCC(c4ccccc4)c4ccccc4)nc(NCCc4ccc(NC(=O)c5cc(C(C)(C)C)cc(C(C)(C)C)c5)cc4)nc32)[C@H](O)[C@@H]1O,CHEMBL2042308,CHEMBL2042308,10925260,CHEMBL2040819,6.44
CCNC(=O)[C@H]1O[C@@H](n2cnc3c(NCC(c4ccccc4)c4ccccc4)nc(NCCc4ccc(NC(=O)c5cc(C(C)(C)C)c(O)c(C(C)(C)C)c5)cc4)nc32)[C@H](O)[C@@H]1O,CHEMBL2042309,CHEMBL2042309,10925261,CHEMBL2040819,6.15
CCNC(=O)[C@H]1O[C@@H](n2cnc3c(NCC(c4ccccc4)c4ccccc4)nc(NCCc4ccc(NC(=O)CCCC[C@H]5CCSS5)cc4)nc32)[C@H](O)[C@@H]1O,CHEMBL2042310,CHEMBL2042310,10925262,CHEMBL2040819,7.05
CNC(=O)[C@H]1O[C@@H](n2cnc3c(NCC(c4ccccc4)c4ccccc4)nc(F)nc32)[C@H](O)[C@@H]1O,CHEMBL2042311,CHEMBL2042311,10925263,CHEMBL2040819,8.7
COc1cccc2cc(C(=O)Nc3c(C#N)ncn3-c3ccc(F)cc3)c(=N)oc12,CHEMBL2042081,CHEMBL2042081,10925743,CHEMBL2040792,6.2
COc1cccc2cc(C(=O)Nc3c(C#N)ncn3-c3ccccc3)c(=N)oc12,CHEMBL2042080,CHEMBL2042080,10925744,CHEMBL2040792,6.0
COc1cccc2cc(C(N)=O)c(=N)oc12,CHEMBL1990267,CHEMBL1990267,10925745;25073174,CHEMBL2040792;CHEMBL5252530,7.1;7.1
COCCNC(=O)c1cc2cccc(OC)c2oc1=N,CHEMBL2042077,CHEMBL2042077,10925746,CHEMBL2040792,6.3
COc1cccc2cc(C(=O)NCCO)c(=N)oc12,CHEMBL2042076,CHEMBL2042076,10925747,CHEMBL2040792,6.0
COc1cccc2cc(C(=O)NCCCO)c(=N)oc12,CHEMBL2042074,CHEMBL2042074,10925748,CHEMBL2040792,6.2
COc1cccc2cc(C(=O)NCCCCCO)c(=N)oc12,CHEMBL2042075,CHEMBL2042075,10925749,CHEMBL2040792,6.0
COc1cccc2cc(C(=O)NCCc3ccc(O)cc3)c(=N)oc12,CHEMBL2042073,CHEMBL2042073,10925750,CHEMBL2040792,6.9
COc1cccc2cc(C(=O)NCC(O)c3ccccc3)c(=N)oc12,CHEMBL2042072,CHEMBL2042072,10925751,CHEMBL2040792,6.3
COc1cccc2cc(C(=O)NC3CCCC3)c(=N)oc12,CHEMBL2042058,CHEMBL2042058,10925752,CHEMBL2040792,6.4
COc1cccc2cc(C(=O)NC3CCCCC3)c(=N)oc12,CHEMBL2042059,CHEMBL2042059,10925753,CHEMBL2040792,6.4
COc1cccc2cc(C(=O)NCCCNC(=O)c3cc4cccc(OC)c4oc3=N)c(=N)oc12,CHEMBL2042060,CHEMBL2042060,10925754,CHEMBL2040792,6.4
COc1cccc2cc(C(=O)NCCCN3CCN(CCCNC(=O)c4cc5cccc(OC)c5oc4=N)CC3)c(=N)oc12,CHEMBL2042061,CHEMBL2042061,10925755,CHEMBL2040792,6.5
COc1cccc2cc(C(=O)NCCCOCCCCOCCCNC(=O)c3cc4cccc(OC)c4oc3=N)c(=N)oc12,CHEMBL2042062,CHEMBL2042062,10925756,CHEMBL2040792,6.4
COC(=O)/C(C#N)=C/c1cccc(OC)c1O,CHEMBL2042091,CHEMBL2042091,10925758,CHEMBL2040792,6.5
COCC1=CC(O)N=C(Nc2nc(C)c3ccccc3n2)N1,CHEMBL2070727,CHEMBL2070727,10983494,CHEMBL2069177,6.2
N#CCSc1nc2cc(C(=O)N3CCC(C(N)=O)CC3)ccc2c2nc3ccccc3n12,CHEMBL1501213,CHEMBL1501213,10983503,CHEMBL2069177,6.0
Cc1n[nH]c(C)c1S(=O)(=O)N1CCC(C(=O)Nc2nc3c(C)cccc3s2)CC1,CHEMBL2070719,CHEMBL2070719,10983505,CHEMBL2069177,6.0
Cc1cc(NC(=O)CSc2nc3ccccc3c3nc4ccccc4n23)n[nH]1,CHEMBL2070717,CHEMBL2070717,10983507,CHEMBL2069177,6.2
C#CCN1CCC(NC(=O)Nc2nc3nn(C)cc3c3nc(-c4ccco4)nn23)CC1,CHEMBL2070884,CHEMBL2070884,10984491,CHEMBL2069218,6.1
Cn1cc2c(nc(NC(=O)NC3CCN(Cc4ccccc4)CC3)n3nc(-c4ccco4)nc23)n1,CHEMBL2070886,CHEMBL2070886,10984493,CHEMBL2069218,6.28
Nc1ncnc2c1ncn2[C@@H]1O[C@H](C(=O)NCC(F)(F)F)[C@@H](O)[C@H]1O,CHEMBL2070398,CHEMBL2070398,10993348,CHEMBL2069206,6.75
CCCNC(=O)[C@H]1O[C@@H](n2cnc3c(N)ncnc32)[C@H](O)[C@@H]1O,CHEMBL1235128,CHEMBL1235128,10993357,CHEMBL2069206,6.68
Nc1ncnc2c1ncn2[C@@H]1O[C@H](C(=O)NCCO)[C@@H](O)[C@H]1O,CHEMBL1234591,CHEMBL1234591,10993363;19108157,CHEMBL2069206;CHEMBL4368904,6.3;6.3
Nc1ncnc2c1ncn2[C@@H]1O[C@H](C(=O)NC2CC2)[C@@H](O)[C@H]1O,CHEMBL261482,CHEMBL261482,10993376;10993396;19108156,CHEMBL2069206;CHEMBL2069206;CHEMBL4368904,7.3;7.64;7.3
Nc1ncnc2c1ncn2[C@@H]1O[C@H](C(=O)NC2CCC2)[C@@H](O)[C@H]1O,CHEMBL2070507,CHEMBL2070507,10993383;10993397,CHEMBL2069206;CHEMBL2069206,7.47;7.57
Nc1ncnc2c1ncn2[C@@H]1O[C@H](C(=O)NC2CCCC2)[C@@H](O)[C@H]1O,CHEMBL2070508,CHEMBL2070508,10993388;10993398,CHEMBL2069206;CHEMBL2069206,6.19;6.65
O[C@@H]1[C@H](O)[C@@H]2C[C@@H]2[C@H]1n1cnc2c(NCc3cccc(Cl)c3)nc(C#Cc3ccccc3)nc21,CHEMBL2089341,CHEMBL2089341,11010298,CHEMBL2086387,6.17
Cn1c(=O)c2c(nc3n2CCN3C2CCCCCCC2)n(C)c1=O,CHEMBL2153629,CHEMBL2153629,12046044,CHEMBL2150901,6.51
Cn1c(=O)c2c(nc3n2CCCN3CC2CC2)n(C)c1=O,CHEMBL2153627,CHEMBL2153627,12046045,CHEMBL2150901,6.38
Cn1c(=O)c2c(nc3n2CCCN3C2CCC2)n(C)c1=O,CHEMBL2153626,CHEMBL2153626,12046046,CHEMBL2150901,6.07
CC1CCC(N2CCCn3c2nc2c3c(=O)n(C)c(=O)n2C)CC1,CHEMBL2153620,CHEMBL2153620,12046050,CHEMBL2150901,6.21
Cn1c(=O)c2c(nc3n2CCCN3CCC2=CCCCC2)n(C)c1=O,CHEMBL2153614,CHEMBL2153614,12046051,CHEMBL2150901,6.03
C[C@@H](Oc1cccc(Cl)c1)C(=O)Nc1nc(-c2ccccc2)n[nH]1,CHEMBL2151249,CHEMBL2151249,12051667,CHEMBL2150932,6.0
C[C@@H](Oc1ccccc1)C(=O)Nc1nc(-c2ccccc2)n[nH]1,CHEMBL2151250,CHEMBL2151250,12051668,CHEMBL2150932,6.0
C[C@@H](Oc1ccccc1F)C(=O)Nc1nc(-c2ccccc2)n[nH]1,CHEMBL2151253,CHEMBL2151253,12051671,CHEMBL2150932,6.0
O=C(Nc1nc(-c2ccccc2)n[nH]1)c1ccccc1,CHEMBL2151128,CHEMBL2151128,12051690,CHEMBL2150932,6.4
Cc1ccc(C(=O)Nc2nc(-c3ccccc3)n[nH]2)cc1,CHEMBL2151129,CHEMBL2151129,12051691,CHEMBL2150932,6.52
COc1ccccc1C(=O)Nc1nc(-c2ccccc2)n[nH]1,CHEMBL2151131,CHEMBL2151131,12051693,CHEMBL2150932,6.7
COc1ccccc1NC(=O)Nc1nc(-c2ccccc2)n[nH]1,CHEMBL2151132,CHEMBL2151132,12051694,CHEMBL2150932,6.7
COc1ccc(CC(=O)Nc2nc(-c3ccccc3)n[nH]2)cc1,CHEMBL2151133,CHEMBL2151133,12051695,CHEMBL2150932,6.0
CC(C)n1cc(-c2ncc(N)nc2-c2ccc(F)cc2)ccc1=O,CHEMBL2165804,CHEMBL2165804,12084380;14645630;24710028,CHEMBL2163234;CHEMBL3259781;CHEMBL5108007,8.74;8.74;8.74
Nc1nc(-c2ccccc2)c2c(n1)-c1cc(C(F)(F)c3cccnc3)ccc1C2=O,CHEMBL2165803,CHEMBL2165803,12084383,CHEMBL2163234,8.8
Nc1nc(-c2ccccc2)c2c(n1)-c1cc(C(=O)c3cccnc3)ccc1C2=O,CHEMBL2165802,CHEMBL2165802,12084384,CHEMBL2163234,9.3
Nc1nc(-c2ccccc2)c2c(n1)-c1cc(Cc3cnccc3Cl)ccc1C2=O,CHEMBL2165801,CHEMBL2165801,12084385,CHEMBL2163234,10.0
Nc1nc(-c2ccccc2)c2c(n1)-c1cc(Cc3ccncc3F)ccc1C2=O,CHEMBL2165800,CHEMBL2165800,12084386,CHEMBL2163234,9.15
Nc1nc(-c2ccccc2)c2c(n1)-c1cc(Cc3cncc(F)c3)ccc1C2=O,CHEMBL2165799,CHEMBL2165799,12084387,CHEMBL2163234,8.89
N#Cc1cncc(Cc2ccc3c(c2)-c2nc(N)nc(-c4ccccc4)c2C3=O)c1,CHEMBL2165808,CHEMBL2165808,12084388,CHEMBL2163234,8.85
Nc1nc(-c2ccccc2)c2c(n1)-c1cc(Cc3cccnc3)ccc1C2=O,CHEMBL2165807,CHEMBL2165807,12084389,CHEMBL2163234,9.52
Nc1nc(-c2ccccc2)c2c(n1)-c1cc(CN3CCCC3)ccc1C2=O,CHEMBL1087189,CHEMBL1087189,12084390;14645591,CHEMBL2163234;CHEMBL3259781,8.39;8.39
CC1CC[C@@H](C)N1Cc1ccc2c(c1)-c1nc(N)nc(-c3ccccc3)c1C2=O,CHEMBL2165805,CHEMBL2165805,12084391,CHEMBL2163234,7.88
Nc1nc(-c2ccccc2)c2c(n1)-c1cc(CN3C4CCC3CC4)ccc1C2=O,CHEMBL2165806,CHEMBL2165806,12084392,CHEMBL2163234,8.51
Nc1nc(-c2ccccc2)nc(-c2ccccc2O)n1,CHEMBL1487093,CHEMBL1487093,12088554,CHEMBL2163229,7.37
N#Cc1cnc(N)nc1-c1ccccc1,CHEMBL2164819,CHEMBL2164819,12088555,CHEMBL2163229,6.8
NCCNC(=O)Cc1ccc(NC(=O)Cc2ccc(Nc3ncnc4c3ncn4[C@@H]3O[C@H](CO)[C@@H](O)[C@H]3O)cc2)cc1,CHEMBL1512545,CHEMBL1512545,12099270,CHEMBL2169760,6.43
CCCN1C(=O)N2CCN=C2c2[nH]c(-c3ccc(Br)cc3)nc21,CHEMBL2181965,CHEMBL2181965,12139217,CHEMBL2177029,6.33
OC[C@H]1O[C@@H](n2cnc3c(NCC4c5ccccc5-c5ccccc54)ncnc32)[C@H](O)[C@@H]1O,CHEMBL2181971,CHEMBL2181971,12139236,CHEMBL2177029,6.84
O=C(Cc1ccccc1)Nc1nc2ccc(Cl)cc2c2nc(-c3ccco3)nn12,CHEMBL88147,CHEMBL88147,12139273,CHEMBL2177029,7.6
Cn1cc2c(nc(NC(c3ccccc3)c3ccccc3)n3nc(-c4ccco4)nc23)n1,CHEMBL2180906,CHEMBL2180906,12142446,CHEMBL2177027,6.05
Cn1cc2c(nc(N3CCCCC3)n3nc(-c4ccco4)nc23)n1,CHEMBL2180907,CHEMBL2180907,12142449,CHEMBL2177027,6.45
Cn1cc2c(nc(N3CCCC3)n3nc(-c4ccco4)nc23)n1,CHEMBL2180927,CHEMBL2180927,12142450,CHEMBL2177027,6.88
CCN(CC)c1nc2nn(C)cc2c2nc(-c3ccco3)nn12,CHEMBL2180921,CHEMBL2180921,12142456,CHEMBL2177027,6.1
Cn1cc2c(nc(NCCOc3ccccc3)n3nc(-c4ccco4)nc23)n1,CHEMBL2180918,CHEMBL2180918,12142459,CHEMBL2177027,6.92
COCCNc1nc2nn(C)cc2c2nc(-c3ccco3)nn12,CHEMBL2180917,CHEMBL2180917,12142460,CHEMBL2177027,6.39
CONc1nc2nn(C)cc2c2nc(-c3ccco3)nn12,CHEMBL2180916,CHEMBL2180916,12142461,CHEMBL2177027,6.73
Cn1cc2c(nc(NCCCCCCO)n3nc(-c4ccco4)nc23)n1,CHEMBL2180915,CHEMBL2180915,12142462,CHEMBL2177027,6.96
Cn1cc2c(nc(NCCCCCO)n3nc(-c4ccco4)nc23)n1,CHEMBL2180914,CHEMBL2180914,12142463,CHEMBL2177027,6.91
Cn1cc2c(nc(NCCCCO)n3nc(-c4ccco4)nc23)n1,CHEMBL2180913,CHEMBL2180913,12142464,CHEMBL2177027,6.6
Cn1cc2c(nc(NC(CO)CO)n3nc(-c4ccco4)nc23)n1,CHEMBL2180912,CHEMBL2180912,12142465,CHEMBL2177027,6.22
CCC(CO)Nc1nc2nn(C)cc2c2nc(-c3ccco3)nn12,CHEMBL2180911,CHEMBL2180911,12142466,CHEMBL2177027,6.68
CC(O)CNc1nc2nn(C)cc2c2nc(-c3ccco3)nn12,CHEMBL2180910,CHEMBL2180910,12142467,CHEMBL2177027,6.87
Cn1cc2c(nc(NCCCO)n3nc(-c4ccco4)nc23)n1,CHEMBL2181143,CHEMBL2181143,12142468,CHEMBL2177027,6.81
Cn1cc2c(nc(NCCO)n3nc(-c4ccco4)nc23)n1,CHEMBL2181142,CHEMBL2181142,12142469,CHEMBL2177027,6.8
Cn1cc2c(nc(NCCc3c[nH]c4ccccc34)n3nc(-c4ccco4)nc23)n1,CHEMBL2181141,CHEMBL2181141,12142470,CHEMBL2177027,7.11
CC(CCc1ccccc1)Nc1nc2nn(C)cc2c2nc(-c3ccco3)nn12,CHEMBL2181140,CHEMBL2181140,12142471,CHEMBL2177027,6.83
COc1ccc(CCNc2nc3nn(C)cc3c3nc(-c4ccco4)nn23)cc1OC,CHEMBL2181139,CHEMBL2181139,12142472,CHEMBL2177027,7.03
Cn1cc2c(nc(NCCc3ccccc3)n3nc(-c4ccco4)nc23)n1,CHEMBL2180940,CHEMBL2180940,12142473,CHEMBL2177027,7.34
Cn1cc2c(nc(NCc3ccc(-c4ccccc4)cc3)n3nc(-c4ccco4)nc23)n1,CHEMBL2180939,CHEMBL2180939,12142474,CHEMBL2177027,6.23
COc1ccc(CNc2nc3nn(C)cc3c3nc(-c4ccco4)nn23)cc1OC,CHEMBL2180938,CHEMBL2180938,12142475,CHEMBL2177027,7.19
Cn1cc2c(nc(NCc3ccc(C(F)(F)F)cc3)n3nc(-c4ccco4)nc23)n1,CHEMBL2180937,CHEMBL2180937,12142476,CHEMBL2177027,6.61
Cn1cc2c(nc(NCc3ccc(F)cc3)n3nc(-c4ccco4)nc23)n1,CHEMBL2180936,CHEMBL2180936,12142477,CHEMBL2177027,7.06
Cn1cc2c(nc(NCc3ccc(Cl)cc3)n3nc(-c4ccco4)nc23)n1,CHEMBL2180935,CHEMBL2180935,12142478,CHEMBL2177027,7.12
COc1ccc(CNc2nc3nn(C)cc3c3nc(-c4ccco4)nn23)cc1,CHEMBL2180934,CHEMBL2180934,12142479,CHEMBL2177027,6.75
Cc1ccc(CNc2nc3nn(C)cc3c3nc(-c4ccco4)nn23)cc1,CHEMBL2180933,CHEMBL2180933,12142480,CHEMBL2177027,6.93
C[C@@H](Nc1nc2nn(C)cc2c2nc(-c3ccco3)nn12)c1ccccc1,CHEMBL2180932,CHEMBL2180932,12142481,CHEMBL2177027,7.42
C[C@H](Nc1nc2nn(C)cc2c2nc(-c3ccco3)nn12)c1ccccc1,CHEMBL2180931,CHEMBL2180931,12142482;22422253,CHEMBL2177027;CHEMBL4673199,7.26;7.26
Cn1cc2c(nc(NCc3ccccc3)n3nc(-c4ccco4)nc23)n1,CHEMBL2180930,CHEMBL2180930,12142483,CHEMBL2177027,7.04
Cn1cc2c(nc(NC3C4CC5CC(C4)CC3C5)n3nc(-c4ccco4)nc23)n1,CHEMBL2180929,CHEMBL2180929,12142484,CHEMBL2177027,6.07
Cn1cc2c(nc(NCC3CCCCC3)n3nc(-c4ccco4)nc23)n1,CHEMBL2181164,CHEMBL2181164,12142486,CHEMBL2177027,6.09
Cn1cc2c(nc(NC3CCCCCCC3)n3nc(-c4ccco4)nc23)n1,CHEMBL2181163,CHEMBL2181163,12142487,CHEMBL2177027,6.55
Cn1cc2c(nc(NC3CCCCCC3)n3nc(-c4ccco4)nc23)n1,CHEMBL2181162,CHEMBL2181162,12142488,CHEMBL2177027,6.47
Cn1cc2c(nc(NC3CCCCC3)n3nc(-c4ccco4)nc23)n1,CHEMBL2181161,CHEMBL2181161,12142489,CHEMBL2177027,6.63
Cn1cc2c(nc(NC3CCCC3)n3nc(-c4ccco4)nc23)n1,CHEMBL2181160,CHEMBL2181160,12142490,CHEMBL2177027,6.89
Cn1cc2c(nc(NC3CCC3)n3nc(-c4ccco4)nc23)n1,CHEMBL2181159,CHEMBL2181159,12142491,CHEMBL2177027,7.08
Cn1cc2c(nc(NC3CC3)n3nc(-c4ccco4)nc23)n1,CHEMBL2181158,CHEMBL2181158,12142492,CHEMBL2177027,6.95
CCCCC(CC)CNc1nc2nn(C)cc2c2nc(-c3ccco3)nn12,CHEMBL2181156,CHEMBL2181156,12142494,CHEMBL2177027,6.29
CCCCCCC(C)Nc1nc2nn(C)cc2c2nc(-c3ccco3)nn12,CHEMBL2181155,CHEMBL2181155,12142495,CHEMBL2177027,6.15
CCCCCC(C)Nc1nc2nn(C)cc2c2nc(-c3ccco3)nn12,CHEMBL2181154,CHEMBL2181154,12142496,CHEMBL2177027,6.35
CCCCCNc1nc2nn(C)cc2c2nc(-c3ccco3)nn12,CHEMBL2181153,CHEMBL2181153,12142497,CHEMBL2177027,6.78
CC[C@@H](C)Nc1nc2nn(C)cc2c2nc(-c3ccco3)nn12,CHEMBL2181152,CHEMBL2181152,12142498,CHEMBL2177027,6.57
CC[C@H](C)Nc1nc2nn(C)cc2c2nc(-c3ccco3)nn12,CHEMBL2181151,CHEMBL2181151,12142499,CHEMBL2177027,6.61
CCC(C)Nc1nc2nn(C)cc2c2nc(-c3ccco3)nn12,CHEMBL2181150,CHEMBL2181150,12142500,CHEMBL2177027,6.61
CC(C)Nc1nc2nn(C)cc2c2nc(-c3ccco3)nn12,CHEMBL2181149,CHEMBL2181149,12142501,CHEMBL2177027,6.41
CCNc1nc2nn(C)cc2c2nc(-c3ccco3)nn12,CHEMBL2181148,CHEMBL2181148,12142502,CHEMBL2177027,6.68
CNc1nc2nn(C)cc2c2nc(-c3ccco3)nn12,CHEMBL2181147,CHEMBL2181147,12142503,CHEMBL2177027,6.43
Nc1nc2ccccc2c2cc(-c3ccco3)nn12,CHEMBL2312725,CHEMBL2312725,12623921,CHEMBL2311495,7.1
COc1cccc(-c2cc(NC(C)=O)nc(-c3cccc(OC)c3OC)n2)c1OC,CHEMBL2311745,CHEMBL2311745,12626470,CHEMBL2311331,6.43
COc1cccc(-c2cc(NC(C)=O)nc(-c3cccc(OC)c3)n2)c1,CHEMBL2311741,CHEMBL2311741,12626471,CHEMBL2311331,7.31
Cn1c(=O)c2c(nc(/C=C/c3ccc(Cl)cc3)n2C)n(C)c1=O,CHEMBL2313284,CHEMBL2313284,12629411,CHEMBL2311471,6.85
CC(=O)c1ccc(/C=C/c2cc3c(c(=O)n(C)c(=O)n3C)n2C)cc1,CHEMBL2313277,CHEMBL2313277,12629418,CHEMBL2311471,7.03
Cn1c(=O)c2c(cc(/C=C/c3cccc(N)n3)n2C)n(C)c1=O,CHEMBL2313274,CHEMBL2313274,12629421,CHEMBL2311471,6.05
Cn1c(=O)c2c(cc(/C=C/c3ccc4c(c3)OCO4)n2C)n(C)c1=O,CHEMBL2312991,CHEMBL2312991,12629422,CHEMBL2311471,6.33
CCCOc1ccc(/C=C/c2cc3c(c(=O)n(C)c(=O)n3C)n2C)cc1,CHEMBL2312988,CHEMBL2312988,12629425,CHEMBL2311471,6.51
COc1ccc(/C=C/c2cc3c(c(=O)n(C)c(=O)n3C)n2C)cc1,CHEMBL2312987,CHEMBL2312987,12629426,CHEMBL2311471,6.61
Cn1c(=O)c2c(cc(/C=C/c3ccc(C(F)(F)F)cc3)n2C)n(C)c1=O,CHEMBL2313298,CHEMBL2313298,12629427,CHEMBL2311471,6.28
Cn1c(=O)c2c(cc(/C=C/c3ccc(Cl)cc3)n2C)n(C)c1=O,CHEMBL2313297,CHEMBL2313297,12629428,CHEMBL2311471,6.58
Cn1c(=O)c2c(cc(/C=C/c3ccc(F)cc3)n2C)n(C)c1=O,CHEMBL2313296,CHEMBL2313296,12629429,CHEMBL2311471,6.37
COc1cccc(/C=C/c2cc3c(c(=O)n(C)c(=O)n3C)n2C)c1,CHEMBL2313294,CHEMBL2313294,12629431,CHEMBL2311471,6.41
Cn1c(=O)c2c(cc(/C=C/c3ccccc3)n2C)n(C)c1=O,CHEMBL39898,CHEMBL39898,12629432,CHEMBL2311471,6.77
Cn1c(=O)c2c(cc(/C=C/c3cccc(Cl)c3)n2C)n(C)c1=O,CHEMBL2313293,CHEMBL2313293,12629433,CHEMBL2311471,6.37
Nc1nc(Cc2ccccc2)nc2cn(-c3ccccc3)nc12,CHEMBL2322918,CHEMBL2322918,12648706;15026057;16443286;16580271,CHEMBL2321860;CHEMBL3352340;CHEMBL3751669;CHEMBL3797185,6.96;6.96;6.96;6.96
Nc1nc(-c2ccccc2)nc2cn(-c3ccccc3)nc12,CHEMBL2322917,CHEMBL2322917,12648707;15026056;16443287;16580270,CHEMBL2321860;CHEMBL3352340;CHEMBL3751669;CHEMBL3797185,6.49;6.49;6.49;6.49
Cc1nc(N)c2nn(-c3ccccc3)cc2n1,CHEMBL2322916,CHEMBL2322916,12648708;15026055;16443288;16580269,CHEMBL2321860;CHEMBL3352340;CHEMBL3751669;CHEMBL3797185,6.61;6.61;6.61;6.61
Nc1nc(N/N=C/c2ccc(Cl)cc2)nc2c1ncn2[C@@H]1O[C@H](CO)[C@@H](O)[C@H]1O,CHEMBL2326842,CHEMBL2326842,12656893,CHEMBL2321867,6.31
COc1ccc(/C=N/Nc2nc(N)c3ncn([C@@H]4O[C@H](CO)[C@@H](O)[C@H]4O)c3n2)cc1,CHEMBL2326828,CHEMBL2326828,12656975,CHEMBL2321867,6.16
Nc1nc2c(cnn2CCN2CCN(c3ccc(OCC(=O)O)cc3)CC2)c2nc(-c3ccco3)nn12,CHEMBL2323587,CHEMBL2323587,12659708,CHEMBL2321738,8.85
CCOc1cccc2cc(C(=O)NCc3ccccn3)c(=N)oc12,CHEMBL2347374,CHEMBL2347374,12720623,CHEMBL2346579,6.13
Nc1nc(C2CCCO2)nc2sc(Cc3ccccc3)cc12,CHEMBL2377227,CHEMBL2377227,13287495,CHEMBL2375358,6.17
Nc1nc(-c2ccccn2)nc2sc(Cc3ccccc3)cc12,CHEMBL2377100,CHEMBL2377100,13287497,CHEMBL2375358,6.23
Cn1cnc(-c2nc(N)c3cc(Cc4ccccc4)sc3n2)c1,CHEMBL2377085,CHEMBL2377085,13287498,CHEMBL2375358,6.27
Nc1nc(-c2ccccc2)nc2sccc12,CHEMBL2377086,CHEMBL2377086,13287501,CHEMBL2375358,6.3
CC(c1ccccc1)c1cc2c(N)nc(-c3cccc(C#N)c3)nc2s1,CHEMBL2377094,CHEMBL2377094,13287504,CHEMBL2375358,6.47
N#Cc1ccc(-c2nc(N)c3cc(Cc4ccccc4)sc3n2)o1,CHEMBL2377224,CHEMBL2377224,13287506,CHEMBL2375358,6.52
Nc1nc(-c2ccc(C3CC3)o2)nc2sc(Cc3ccccc3)cc12,CHEMBL2377223,CHEMBL2377223,13287511,CHEMBL2375358,6.58
N#Cc1cccc(-c2nc(N)c3cc(C4(c5ccccc5)CC4)sc3n2)c1,CHEMBL2377096,CHEMBL2377096,13287515,CHEMBL2375358,6.65
Nc1nc(-c2cccnc2)nc2sc(Cc3ccccc3)cc12,CHEMBL2377101,CHEMBL2377101,13287516,CHEMBL2375358,6.67
Nc1nc(-c2ccccc2)nc2sc(-c3ccccc3)cc12,CHEMBL2377087,CHEMBL2377087,13287517,CHEMBL2375358,6.68
Cc1ccc(-c2nc(N)c3cc(CCc4ccccc4)sc3n2)o1,CHEMBL2377108,CHEMBL2377108,13287518,CHEMBL2375358,6.69
Nc1nc(-c2cccc(Cl)n2)nc2sc(Cc3ccccc3)cc12,CHEMBL2377106,CHEMBL2377106,13287520,CHEMBL2375358,6.76
CC(C)c1ccc(-c2nc(N)c3cc(Cc4ccccc4)sc3n2)o1,CHEMBL2377114,CHEMBL2377114,13287521,CHEMBL2375358,6.78
COc1cccc(-c2nc(N)c3cc(Cc4ccccc4)sc3n2)c1,CHEMBL2377099,CHEMBL2377099,13287526,CHEMBL2375358,6.93
Cc1ccc(-c2nc(N)c3ccsc3n2)o1,CHEMBL2377237,CHEMBL2377237,13287527,CHEMBL2375358,6.96
Cc1csc(-c2nc(N)c3cc(C4(c5ccccc5)CC4)sc3n2)n1,CHEMBL2377236,CHEMBL2377236,13287528,CHEMBL2375358,6.97
Cc1csc(-c2nc(N)c3cc(C(C)c4ccccc4)sc3n2)n1,CHEMBL2377234,CHEMBL2377234,13287530,CHEMBL2375358,7.0
Nc1nc(-c2ccncc2)nc2sc(Cc3ccccc3)cc12,CHEMBL2377102,CHEMBL2377102,13287534,CHEMBL2375358,7.17
Cc1ccc(-c2nc(N)c3cc(-c4ccccc4)sc3n2)o1,CHEMBL2377238,CHEMBL2377238,13287535,CHEMBL2375358,7.17
C=C(c1ccccc1)c1cc2c(N)nc(-c3cccc(C#N)c3)nc2s1,CHEMBL2377095,CHEMBL2377095,13287537,CHEMBL2375358,7.2
Cc1nc(-c2nc(N)c3cc(Cc4ccccc4)sc3n2)cs1,CHEMBL2377084,CHEMBL2377084,13287538,CHEMBL2375358,7.24
CCc1ccc(-c2nc(N)c3cc(Cc4ccccc4)sc3n2)o1,CHEMBL2377113,CHEMBL2377113,13287540,CHEMBL2375358,7.31
Nc1nc(-c2cccc(F)c2)nc2sc(Cc3ccccc3)cc12,CHEMBL2377097,CHEMBL2377097,13287541,CHEMBL2375358,7.38
Cc1ccc(-c2nc(N)c3cc(C(C)c4ccccc4)sc3n2)o1,CHEMBL2377112,CHEMBL2377112,13287542,CHEMBL2375358,7.4
C=C(c1ccccc1)c1cc2c(N)nc(-c3nc(C)cs3)nc2s1,CHEMBL2377235,CHEMBL2377235,13287543,CHEMBL2375358,7.51
Nc1nc(-c2ccccc2)nc2sc(Cc3ccccc3)cc12,CHEMBL2377088,CHEMBL2377088,13287544,CHEMBL2375358,7.53
N#Cc1cccc(-c2nc(N)c3cc(Cc4ccccc4)sc3n2)n1,CHEMBL2377105,CHEMBL2377105,13287547,CHEMBL2375358,7.58
Nc1nc(-c2ccc(C(F)F)o2)nc2sc(Cc3ccccc3)cc12,CHEMBL2377225,CHEMBL2377225,13287548,CHEMBL2375358,7.6
Nc1nc(-c2ncccn2)nc2sc(Cc3ccccc3)cc12,CHEMBL2377104,CHEMBL2377104,13287550,CHEMBL2375358,7.77
Cc1csc(-c2nc(N)c3cc(Cc4ccccc4)sc3n2)n1,CHEMBL2377230,CHEMBL2377230,13287551,CHEMBL2375358,7.79
COc1ccccc1Cc1cc2c(N)nc(-c3nc(C)cs3)nc2s1,CHEMBL2377231,CHEMBL2377231,13287552,CHEMBL2375358,7.88
COc1ccccc1Cc1cc2c(N)nc(-c3ccc(C(F)F)o3)nc2s1,CHEMBL2377226,CHEMBL2377226,13287553,CHEMBL2375358,7.88
N#Cc1cccc(-c2nc(N)c3cc(Cc4ccccc4)sc3n2)c1,CHEMBL2377090,CHEMBL2377090,13287554;24772380,CHEMBL2375358;CHEMBL5126505,7.94;7.94
Cc1ccc(-c2nc(N)c3cc(Cc4ccccc4)sc3n2)o1,CHEMBL2377239,CHEMBL2377239,13287555;24772376,CHEMBL2375358;CHEMBL5126505,7.96;6.53
COc1ccccc1Cc1cc2c(N)nc(-c3ccc(C)o3)nc2s1,CHEMBL2377109,CHEMBL2377109,13287556;24772377,CHEMBL2375358;CHEMBL5126505,7.96;8.54
Cc1csc(-c2nc(N)c3cc(Cc4ccccc4F)sc3n2)n1,CHEMBL2377233,CHEMBL2377233,13287557,CHEMBL2375358,8.01
Nc1nc(-c2cnco2)nc2sc(Cc3ccccc3)cc12,CHEMBL2377229,CHEMBL2377229,13287558,CHEMBL2375358,8.05
N#Cc1cccc(-c2nc(N)c3cc(Cc4ccccc4F)sc3n2)c1,CHEMBL2377093,CHEMBL2377093,13287559,CHEMBL2375358,8.14
Cc1csc(-c2nc(N)c3cc(Cc4ccccc4Cl)sc3n2)n1,CHEMBL2377232,CHEMBL2377232,13287560,CHEMBL2375358,8.16
COc1ccccc1Cc1cc2c(N)nc(-c3cccc(C#N)c3)nc2s1,CHEMBL2377091,CHEMBL2377091,13287561,CHEMBL2375358,8.21
Nc1nc(-c2ncco2)nc2sc(Cc3ccccc3)cc12,CHEMBL2377228,CHEMBL2377228,13287563,CHEMBL2375358,8.33
Cc1ccc(-c2nc(N)c3cc(Cc4ccccc4F)sc3n2)o1,CHEMBL2377111,CHEMBL2377111,13287564;24772379,CHEMBL2375358;CHEMBL5126505,8.43;8.43
Cc1ccc(-c2nc(N)c3cc(Cc4ccccc4Cl)sc3n2)o1,CHEMBL2377110,CHEMBL2377110,13287565;24772378,CHEMBL2375358;CHEMBL5126505,8.54;8.43
Nc1nc(-c2cnccn2)nc2sc(Cc3ccccc3)cc12,CHEMBL2377103,CHEMBL2377103,13287566,CHEMBL2375358,8.62
N#Cc1cccc(-c2nc(N)c3cc(Cc4ccccc4Cl)sc3n2)c1,CHEMBL2377092,CHEMBL2377092,13287568,CHEMBL2375358,8.85
O=C(CCCc1ccccc1)Nc1nc2sccc2c(=O)s1,CHEMBL2382425,CHEMBL2382425,13299646,CHEMBL2380255,7.08
O=C(Nc1nc2ccccc2c(=O)s1)c1ccc(C(=O)N2CCN(Cc3ccc(Cl)cc3)CC2)cc1,CHEMBL2380383,CHEMBL2380383,13299653,CHEMBL2380255,7.35
O=C(Nc1nc2ccccc2c(=O)s1)c1ccc(C(=O)N2CCN(Cc3cccc(Cl)c3)CC2)cc1,CHEMBL2380382,CHEMBL2380382,13299654,CHEMBL2380255,7.23
COc1cccc(/C=C/CC(=O)Nc2nc3ccccc3c(=O)s2)c1,CHEMBL2382439,CHEMBL2382439,13299658,CHEMBL2380255,7.04
O=C(C/C=C/c1ccccc1)Nc1nc2ccccc2c(=O)s1,CHEMBL2382438,CHEMBL2382438,13299659,CHEMBL2380255,6.93
COc1cccc(CCCC(=O)Nc2nc3ccccc3c(=O)s2)c1,CHEMBL2382435,CHEMBL2382435,13299662,CHEMBL2380255,6.94
O=C(CCCc1ccccc1)Nc1nc2ccccc2c(=O)s1,CHEMBL2382434,CHEMBL2382434,13299663,CHEMBL2380255,7.4
COc1cccc(/C=C/C(=O)Nc2nc3ccccc3c(=O)s2)c1,CHEMBL2382431,CHEMBL2382431,13299666,CHEMBL2380255,7.21
COc1cccc(CCC(=O)Nc2nc3ccccc3c(=O)s2)c1,CHEMBL2380386,CHEMBL2380386,13299671,CHEMBL2380255,7.19
O=C(CCc1ccccc1)Nc1nc2ccccc2c(=O)s1,CHEMBL2380385,CHEMBL2380385,13299672,CHEMBL2380255,7.09
CCCCCCCCCC(=O)Oc1ccc(CCNc2nc(N)n3nc(-c4ccco4)nc3n2)cc1,CHEMBL2381757,CHEMBL2381757,13300504;13300520,CHEMBL2380258;CHEMBL2380258,6.74;6.74
Nc1nc(NCCc2ccc(Br)cc2)nc2nc(-c3ccco3)nn12,CHEMBL2381760,CHEMBL2381760,13300505;13300519,CHEMBL2380258;CHEMBL2380258,6.74;6.74
CCOC(=O)CCCOc1ccc(CCNc2nc(N)n3nc(-c4ccco4)nc3n2)cc1,CHEMBL2381770,CHEMBL2381770,13300507;13300518,CHEMBL2380258;CHEMBL2380258,7.3;7.3
Nc1nc(OCCc2ccccc2)nc2nc(-c3ccco3)nn12,CHEMBL2381761,CHEMBL2381761,13300509;13300516,CHEMBL2380258;CHEMBL2380258,7.39;7.39
CC(=O)Oc1ccc(CCNc2nc(N)n3nc(-c4ccco4)nc3n2)cc1,CHEMBL2381773,CHEMBL2381773,13300510;13300515,CHEMBL2380258;CHEMBL2380258,7.41;7.41
CCCC(=O)Oc1ccc(CCNc2nc(N)n3nc(-c4ccco4)nc3n2)cc1,CHEMBL2381774,CHEMBL2381774,13300511;13300514,CHEMBL2380258;CHEMBL2380258,7.52;7.53
CCNC(=O)[C@H]1O[C@@H](N2CNc3c(N)nc(NCCc4ccc(CCC(=O)O)cc4)nc32)[C@H](O)[C@@H]1O,CHEMBL2391907,CHEMBL2391907,13340341;13340406;13398784;13398795,CHEMBL2390918;CHEMBL2390918;CHEMBL2412992;CHEMBL2412992,7.1;6.89;7.57;7.56
Cc1ccc(C(=O)Nc2nc(-c3ccccc3)c(-c3nc(N)nc(N(C)C)n3)s2)cc1,CHEMBL2391843,CHEMBL2391843,13348210,CHEMBL2390947,6.25
O=C(Nc1nc(-c2ccccc2)c(C(=O)c2cccnc2)s1)c1ccco1,CHEMBL2391832,CHEMBL2391832,13348211,CHEMBL2390947,6.26
CN(C)c1nc(N)nc(-c2sc(NC(=O)c3ccccc3)nc2-c2ccccc2)n1,CHEMBL2391844,CHEMBL2391844,13348215,CHEMBL2390947,6.49
O=C(Nc1nc(-c2ccccc2)c(-c2ccccn2)s1)c1ccco1,CHEMBL2391833,CHEMBL2391833,13348218,CHEMBL2390947,6.71
CN(C)c1nc(N)nc(-c2sc(NC(=O)c3ccco3)nc2-c2ccccc2)n1,CHEMBL2391837,CHEMBL2391837,13348219,CHEMBL2390947,6.75
COc1ccc(C(=O)Nc2nc(-c3ccccc3)c(C(=O)c3ccccn3)s2)cc1,CHEMBL2391840,CHEMBL2391840,13348221,CHEMBL2390947,6.89
O=C(Nc1nc(-c2ccccc2)c(C(=O)c2ccccn2)s1)c1ccco1,CHEMBL2391831,CHEMBL2391831,13348222,CHEMBL2390947,7.13
O=C(Nc1nc(-c2ccccc2)c(-c2ccncc2)s1)c1ccco1,CHEMBL2391834,CHEMBL2391834,13348232;22459715,CHEMBL2390947;CHEMBL4680130,8.18;8.18
CC(=O)CCc1nc(N)c2nc(-n3nccn3)n(C)c2n1,CHEMBL2398486,CHEMBL2398486,13356847;13356854;14645629;17706544,CHEMBL2396554;CHEMBL2396554;CHEMBL3259781;CHEMBL3886250,6.0;7.92;7.92;7.92
C[C@@H](O)CCc1nc(N)c2nc(-n3nccn3)n(C)c2n1,CHEMBL2398484,CHEMBL2398484,13356849;13356856;17706541,CHEMBL2396554;CHEMBL2396554;CHEMBL3886250,6.38;8.12;8.1
C[C@H](O)CCc1nc(N)c2nc(-n3nccn3)n(C)c2n1,CHEMBL2398483,CHEMBL2398483,13356850;13356857;17706540,CHEMBL2396554;CHEMBL2396554;CHEMBL3886250,6.58;7.72;7.72
CC(O)CCc1nc(N)c2nc(-n3nccn3)n(C)c2n1,CHEMBL2398482,CHEMBL2398482,13356851;13356858;14645628;17706539,CHEMBL2396554;CHEMBL2396554;CHEMBL3259781;CHEMBL3886250,6.35;8.08;8.1;8.1
Cn1c(-n2nccn2)nc2c(N)nc(CCCCO)nc21,CHEMBL2398485,CHEMBL2398485,13356855;17706538,CHEMBL2396554;CHEMBL3886250,7.28;7.28
CCC(O)Cc1nc(N)c2nc(-n3nccn3)n(C)c2n1,CHEMBL2398481,CHEMBL2398481,13356859,CHEMBL2396554,7.19
CCCC(O)c1nc(N)c2nc(-n3nccn3)n(C)c2n1,CHEMBL2398480,CHEMBL2398480,13356860;17706542,CHEMBL2396554;CHEMBL3886250,7.66;7.66
N=c1ccc2c(-c3ccc(C(=O)NCCCCCCn4cc(NCCNC(=O)COc5ccc(CCCn6ncc7c6nc(N)n6nc(-c8ccco8)nc76)cc5)nn4)cc3C(=O)O)c3ccc(N)c(S(=O)(=O)O)c3oc-2c1S(=O)(=O)O,CHEMBL2414811,CHEMBL2414811,13398748,CHEMBL2412992,7.78
Cn1cc2c(nc(NCCCCNC(=S)Nc3ccc(C4c5ccc(O)cc5OC5=CC(=O)C=CC54)c(C(=O)O)c3)n3nc(-c4ccco4)nc23)n1,CHEMBL2413251,CHEMBL2413251,13398818,CHEMBL2412992,6.33
Cn1cc2c(nc(NNC(=S)Nc3ccc(C4c5ccc(O)cc5OC5=CC(=O)C=CC54)c(C(=O)O)c3)n3nc(-c4ccco4)nc23)n1,CHEMBL2413249,CHEMBL2413249,13398820,CHEMBL2412992,6.03
N=c1ccc2c(-c3ccc(C(=O)NCCCCCCn4cc(CCCC(=O)Nc5nc6ccc(Cl)cc6c6nc(-c7ccco7)nn56)nn4)cc3C(=O)O)c3ccc(N)c(S(=O)(=O)O)c3oc-2c1S(=O)(=O)O,CHEMBL2413248,CHEMBL2413248,13398821;17738386;18501823,CHEMBL2412992;CHEMBL3886184;CHEMBL4184319,7.13;7.14;7.14
Cc1nc2ccc(NC(=O)Nc3ccnc4cccnc34)cc2o1.Cl,CHEMBL2111553,CHEMBL291536,13399699,CHEMBL2412971,6.17
CCn1c(/N=C/c2ccc(F)cc2)c(C#N)sc1=S,CHEMBL2419148,CHEMBL2419148,13418938,CHEMBL2417388,7.96
CCCn1c(/N=C/c2ccc(Br)cc2)c(C#N)sc1=S,CHEMBL2419138,CHEMBL2419138,13418970,CHEMBL2417388,8.74
CCCCn1c(/N=C/c2ccc(Br)cc2)c(C#N)sc1=S,CHEMBL2419137,CHEMBL2419137,13418971,CHEMBL2417388,8.12
N#Cc1sc(=S)n(CCc2ccccc2)c1/N=C/c1ccc(Br)cc1,CHEMBL2419150,CHEMBL2419150,13418972,CHEMBL2417388,10.17
CCCn1c(/N=C/c2ccc(Cl)cc2)c(C#N)sc1=S,CHEMBL2419142,CHEMBL2419142,13418975,CHEMBL2417388,7.26
CCCCn1c(/N=C/c2ccc(Cl)cc2)c(C#N)sc1=S,CHEMBL2419141,CHEMBL2419141,13418976,CHEMBL2417388,8.02
N#Cc1sc(=S)n(-c2ccccc2)c1/N=C/c1ccc(Cl)cc1,CHEMBL2419140,CHEMBL2419140,13418977,CHEMBL2417388,9.85
CCn1c(/N=C/c2ccc(Br)cc2)c(C#N)sc1=S,CHEMBL2419139,CHEMBL2419139,13418978,CHEMBL2417388,11.0
CCCn1c(/N=C/c2ccc(F)cc2)c(C#N)sc1=S,CHEMBL2419147,CHEMBL2419147,13418979,CHEMBL2417388,10.52
CCCCn1c(/N=C/c2ccc(F)cc2)c(C#N)sc1=S,CHEMBL2419146,CHEMBL2419146,13418980,CHEMBL2417388,10.57
N#Cc1sc(=S)n(CCc2ccccc2)c1/N=C/c1ccc(F)cc1,CHEMBL2419145,CHEMBL2419145,13418981,CHEMBL2417388,8.58
CCn1c(/N=C/c2ccc(Cl)cc2)c(C#N)sc1=S,CHEMBL2419143,CHEMBL2419143,13418983,CHEMBL2417388,8.84
Cc1ccc(NC(=O)Nc2ncnc3c2nc(-c2ccco2)n3C)cc1,CHEMBL3087714,CHEMBL3087714,13834883,CHEMBL3085675,6.97
Cn1c(-c2ccco2)nc2c(NC(=O)Nc3ccccc3)ncnc21,CHEMBL3087713,CHEMBL3087713,13834884,CHEMBL3085675,7.24
Cc1ccc(COc2ccc(CC(=O)Nc3ncnc4c3nc(-c3ccco3)n4C)cc2)cc1,CHEMBL3087712,CHEMBL3087712,13834885,CHEMBL3085675,7.05
Cn1c(-c2ccco2)nc2c(NC(=O)Cc3ccc(OCc4ccccc4)cc3)ncnc21,CHEMBL3087711,CHEMBL3087711,13834886,CHEMBL3085675,7.3
Cn1c(-c2ccco2)nc2c(NC(=O)C(c3ccccc3)c3ccccc3)ncnc21,CHEMBL3087710,CHEMBL3087710,13834887,CHEMBL3085675,7.23
Cn1c(-c2ccco2)nc2c(NC(=O)Cc3ccccc3)ncnc21,CHEMBL3087708,CHEMBL3087708,13834889,CHEMBL3085675,6.96
Nc1ncnc2c1nc(-c1ccco1)n2CCCO,CHEMBL3087707,CHEMBL3087707,13834890,CHEMBL3085675,7.82
CCCn1c(-c2ccco2)nc2c(N)ncnc21,CHEMBL3087706,CHEMBL3087706,13834892;16402225,CHEMBL3085675;CHEMBL3739359,7.75;7.75
Nc1ncnc2c1nc(-c1ccco1)n2CCO,CHEMBL3087717,CHEMBL3087717,13834894,CHEMBL3085675,7.48
Cn1c(-c2ccco2)nc2c(N)ncnc21,CHEMBL3087716,CHEMBL3087716,13834896;24772386,CHEMBL3085675;CHEMBL5126505,8.12;8.12
CCn1c(-c2ccco2)nc2c(N)ncnc21,CHEMBL3087715,CHEMBL3087715,13834898;16402218,CHEMBL3085675;CHEMBL3739359,8.43;8.43
C#CCn1c(=O)c2c(nc3n2CCCN3C2CCN(Cc3ccccc3)CC2)n(C)c1=O,CHEMBL3093324,CHEMBL3093324,13847505,CHEMBL3091303,6.2
C#CCn1c(=O)c2c(nc3n2CCCN3CC2CCCCC2)n(C)c1=O,CHEMBL3093323,CHEMBL3093323,13847506,CHEMBL3091303,6.29
C#CCn1c(=O)c2c(nc3n2CCCN3C2CCCCC2)n(C)c1=O,CHEMBL3093321,CHEMBL3093321,13847508,CHEMBL3091303,6.51
C#CCn1c(=O)c2c(nc3n2CCCN3C2CCC2)n(C)c1=O,CHEMBL3091482,CHEMBL3091482,13847509,CHEMBL3091303,6.64
C#CCn1c(=O)c2c(nc3n2CCCN3CCc2cccs2)n(C)c1=O,CHEMBL3093320,CHEMBL3093320,13847510,CHEMBL3091303,6.5
C#CCn1c(=O)c2c(nc3n2CCCN3CCc2ccc(OC)cc2)n(C)c1=O,CHEMBL3093318,CHEMBL3093318,13847512,CHEMBL3091303,6.29
C#CCn1c(=O)c2c(nc3n2CCCN3CCc2ccc(O)cc2)n(C)c1=O,CHEMBL3093317,CHEMBL3093317,13847513,CHEMBL3091303,6.46
C#CCn1c(=O)c2c(nc3n2CCCN3Cc2cccs2)n(C)c1=O,CHEMBL3093315,CHEMBL3093315,13847515,CHEMBL3091303,6.2
C#CCn1c(=O)c2c(nc3n2CCCN3Cc2cccc(OC)c2)n(C)c1=O,CHEMBL3093312,CHEMBL3093312,13847518,CHEMBL3091303,6.49
C#CCn1c(=O)c2c(nc3n2CCCN3Cc2ccccc2OC)n(C)c1=O,CHEMBL3093311,CHEMBL3093311,13847519,CHEMBL3091303,6.38
C#CCn1c(=O)c2c(nc3n2CCCN3Cc2ccccc2)n(C)c1=O,CHEMBL3093310,CHEMBL3093310,13847520,CHEMBL3091303,6.6
C#CCn1c(=O)c2c(nc3n2CCCN3c2cccc(Br)c2)n(C)c1=O,CHEMBL3093331,CHEMBL3093331,13847523,CHEMBL3091303,6.55
CCCC1=C(C(=O)OCC)C(c2ccco2)NC(=O)N1,CHEMBL3091711,CHEMBL3091711,13848487,CHEMBL3091330,6.22
Cn1c(=O)c2[nH]c([C@]34C[C@@H]5C[C@H](C[C@H]3C5)C4)nc2n(C)c1=O,CHEMBL3093327,CHEMBL3093327,13848892,CHEMBL3091303,6.01
Cc1cc(C)n(-c2nc(Nc3cnccn3)cc(-n3cccn3)n2)n1,CHEMBL3100166,CHEMBL3100166,13863094,CHEMBL3098080,7.37
Cc1cc(C)n(-c2nc(Nc3ccccn3)cc(-n3cccn3)n2)n1,CHEMBL3100164,CHEMBL3100164,13863096,CHEMBL3098080,8.04
Cc1cc(C)n(-c2nc(NCC(F)(F)F)cc(-n3cccn3)n2)n1,CHEMBL3100163,CHEMBL3100163,13863097,CHEMBL3098080,7.28
Cc1cc(C)n(-c2nc(Nc3nccs3)cc(N3CCc4ccccc4C3)n2)n1,CHEMBL3100162,CHEMBL3100162,13863098,CHEMBL3098080,7.18
Cc1cc(C)n(-c2nc(Nc3cnccn3)cc(N3CCc4ccccc4C3)n2)n1,CHEMBL3100161,CHEMBL3100161,13863099,CHEMBL3098080,8.96
Cc1cc(C)n(-c2nc(Nc3ccccn3)cc(N3CCc4ccccc4C3)n2)n1,CHEMBL3100159,CHEMBL3100159,13863101,CHEMBL3098080,7.19
COC[C@H]1CCCN1c1cc(Nc2nccs2)nc(-n2nc(C)cc2C)n1,CHEMBL3098228,CHEMBL3098228,13863103,CHEMBL3098080,8.02
COC[C@H]1CCCN1c1cc(Nc2cnccn2)nc(-n2nc(C)cc2C)n1,CHEMBL3098227,CHEMBL3098227,13863104,CHEMBL3098080,7.16
COC[C@H]1CCCN1c1cc(Nc2ccccn2)nc(-n2nc(C)cc2C)n1,CHEMBL3098225,CHEMBL3098225,13863106,CHEMBL3098080,7.35
COC[C@H]1CCCN1c1cc(NCC(F)(F)F)nc(-n2nc(C)cc2C)n1,CHEMBL3098224,CHEMBL3098224,13863107,CHEMBL3098080,7.62
CC(C)n1cc2c(Cl)nc(N(C(=O)c3ccccc3)C(=O)c3ccccc3)nc2n1,CHEMBL3114160,CHEMBL3114160,13912511,CHEMBL3112554,6.1
Cn1c(=O)c2[nH]c(Cc3ccc(OCCCN4CCC5(CC4)OCCO5)cc3)nc2n(C)c1=O,CHEMBL3121732,CHEMBL3121732,13934252,CHEMBL3120062,8.09
Cn1c(=O)c2[nH]c(Cc3ccc(OCCCn4ccnc4)cc3)nc2n(C)c1=O,CHEMBL3121731,CHEMBL3121731,13934258,CHEMBL3120062,8.5
CN(C)CCOc1ccc(-c2nc3c([nH]2)c(=O)n(C)c(=O)n3C)cc1,CHEMBL3121720,CHEMBL3121720,13934274,CHEMBL3120062,9.4
Cn1c(=O)c2[nH]c(-c3ccc(OCCN4CCOCC4)cc3)nc2n(C)c1=O,CHEMBL3121723,CHEMBL3121723,13934275,CHEMBL3120062,9.51
Cn1c(=O)c2[nH]c(-c3ccc(OCCC4CCNCC4)cc3)nc2n(C)c1=O,CHEMBL3121722,CHEMBL3121722,13934276,CHEMBL3120062,9.54
CCN(CC)CCOc1ccc(-c2nc3c([nH]2)c(=O)n(C)c(=O)n3C)cc1,CHEMBL3121721,CHEMBL3121721,13934277,CHEMBL3120062,9.6
Cn1c(=O)c2[nH]c(-c3ccc(OCCN4CCCC4)cc3)nc2n(C)c1=O,CHEMBL3121724,CHEMBL3121724,13934278,CHEMBL3120062,9.7
Cn1c(=O)c2[nH]c(-c3ccc(OCCCN4CCN(Cc5ccccc5Cl)CC4)cc3)nc2n(C)c1=O,CHEMBL3121728,CHEMBL3121728,13934280,CHEMBL3120062,9.92
Cn1c(=O)c2[nH]c(-c3ccc(OC4CCCC4)cc3)nc2n(C)c1=O,CHEMBL3121726,CHEMBL3121726,13934281,CHEMBL3120062,10.14
Cn1c(=O)c2[nH]c(-c3ccc(OCCCCl)cc3)nc2n(C)c1=O,CHEMBL3121725,CHEMBL3121725,13934282,CHEMBL3120062,10.35
Cn1c(=O)c2[nH]c(-c3ccc(OCCCn4ccnc4)cc3)nc2n(C)c1=O,CHEMBL3121727,CHEMBL3121727,13934283,CHEMBL3120062,10.38
CCCCC#Cc1nc(N)c2ncn([C@H]3[C@H](O)[C@H](O)[C@@H]4C[C@@H]43)c2n1,CHEMBL3125711,CHEMBL3125711,13953184,CHEMBL3124893,7.0
CCc1cc2c(=O)c(-c3csc(C)n3)coc2cc1O,CHEMBL3133077,CHEMBL3133077,13967507,CHEMBL3132836,7.3
CCCc1cc2c(=O)c(-c3csc(C)n3)coc2cc1O,CHEMBL3133076,CHEMBL3133076,13967508,CHEMBL3132836,7.5
CCOc1cc2occ(-c3nc(C)cs3)c(=O)c2cc1CC,CHEMBL3133075,CHEMBL3133075,13967510;13968122;24772535,CHEMBL3132836;CHEMBL3132836;CHEMBL5126505,7.4;7.4;7.4
CCCCCc1cc2c(=O)c(-c3nc(C)cs3)coc2cc1O,CHEMBL3133073,CHEMBL3133073,13967512,CHEMBL3132836,7.7
CCCc1cc2c(=O)c(-c3nc(C)cs3)coc2cc1O,CHEMBL3133072,CHEMBL3133072,13967513,CHEMBL3132836,7.6
CCc1cc2c(=O)c(-c3nc(C)cs3)coc2cc1O,CHEMBL1380622,CHEMBL1380622,13967514,CHEMBL3132836,7.1
Cc1csc(-c2coc3cccc(C)c3c2=O)n1,CHEMBL3133070,CHEMBL3133070,13967516,CHEMBL3132836,6.5
C#CCCCOc1cc(C)c2c(=O)c(-c3nc(C)cs3)coc2c1,CHEMBL3133069,CHEMBL3133069,13968106,CHEMBL3132836,7.6
Cc1csc(-c2coc3cc(OCC4CC4)cc(C)c3c2=O)n1,CHEMBL3133068,CHEMBL3133068,13968107,CHEMBL3132836,7.1
CCOC(=O)COc1cc(C)c2c(=O)c(-c3nc(C)cs3)coc2c1,CHEMBL3133067,CHEMBL3133067,13968108,CHEMBL3132836,7.0
CNC(=O)[C@H]1O[C@@H](n2cnc3c(NCCc4ccccc4)nc(N)nc32)[C@H](O)[C@@H]1O,CHEMBL3133079,CHEMBL3133079,13968208,CHEMBL3132785,7.1
CNC(=O)[C@H]1O[C@@H](n2cnc3c(NCc4cccc(I)c4)nc(N)nc32)[C@H](O)[C@@H]1O,CHEMBL3133078,CHEMBL3133078,13968217,CHEMBL3132785,6.6
CNC(=O)[C@H]1O[C@@H](n2cnc3c(NCc4cccc(Cl)c4)nc(N)nc32)[C@H](O)[C@@H]1O,CHEMBL3133161,CHEMBL3133161,13968223,CHEMBL3132785,6.4
CCNc1nc(NC2CCCC2)c2ncn([C@@H]3O[C@H](C(=O)NC)[C@@H](O)[C@H]3O)c2n1,CHEMBL3133151,CHEMBL3133151,13968226,CHEMBL3132785,6.3
CNC(=O)[C@H]1O[C@@H](n2cnc3c(NCC(c4ccccc4)c4ccccc4)nc(N)nc32)[C@H](O)[C@@H]1O,CHEMBL3133080,CHEMBL3133080,13968231,CHEMBL3132785,6.1
CNC(=O)[C@H]1O[C@@H](n2cnc3c(NC4CCCCC4)nc(N)nc32)[C@H](O)[C@@H]1O,CHEMBL3133159,CHEMBL3133159,13968232,CHEMBL3132785,6.1
C[C@@H]1CCC[C@H](C)N1Cc1cc2c(N)nc(-c3ccco3)nc2s1,CHEMBL3222062,CHEMBL3222062,14552494;14645596,CHEMBL3217453;CHEMBL3259781,8.28;8.28
Nc1nc(-c2ccco2)nc2sc(CN3CC=CCC3)cc12,CHEMBL3222058,CHEMBL3222058,14552495,CHEMBL3217453,8.19
Nc1nc(-c2ccco2)nc2sc(CN3CCCC(F)(F)C3)cc12,CHEMBL3222061,CHEMBL3222061,14552496;14645595,CHEMBL3217453;CHEMBL3259781,8.18;8.18
Nc1nc(-c2ccco2)nc2sc(CN3CC=CC3)cc12,CHEMBL3222066,CHEMBL3222066,14552497,CHEMBL3217453,8.14
Nc1nc(-c2ccco2)nc2sc(CN3CCC(F)(F)C3)cc12,CHEMBL3222068,CHEMBL3222068,14552498,CHEMBL3217453,8.06
Nc1nc(-c2ccc(Cl)o2)nc2sc(CN3CCCC(F)(F)C3)cc12,CHEMBL3217800,CHEMBL3217800,14552499,CHEMBL3217453,8.04
Nc1nc(-c2ccco2)nc2sc(CN3CCSCC3)cc12,CHEMBL3222065,CHEMBL3222065,14552500,CHEMBL3217453,8.04
Nc1nc(-c2ccc(Cl)o2)nc2sc(CN3CC=CC3)cc12,CHEMBL3222085,CHEMBL3222085,14552501,CHEMBL3217453,8.0
Nc1nc(-c2ccco2)nc2sc(CN3CCC(F)C3)cc12,CHEMBL3222067,CHEMBL3222067,14552503,CHEMBL3217453,7.99
Nc1nc(-c2ccc(Cl)o2)nc2sc(CN3CC=CCC3)cc12,CHEMBL3222084,CHEMBL3222084,14552504,CHEMBL3217453,7.96
C[C@@H]1CCC[C@H](C)N1Cc1cc2c(N)nc(-c3ccc(Br)o3)nc2s1,CHEMBL3222089,CHEMBL3222089,14552505,CHEMBL3217453,7.92
N#Cc1cccc(-c2nc(N)c3cc(CN4CC=CCC4)sc3n2)c1,CHEMBL3217866,CHEMBL3217866,14552506,CHEMBL3217453,7.88
Nc1nc(-c2ccc(Cl)o2)nc2sc(CN3CCC(F)(F)C3)cc12,CHEMBL3222086,CHEMBL3222086,14552507,CHEMBL3217453,7.8
CC(C)c1ccc(-c2nc(N)c3cc(CN4[C@H](C)CCC[C@@H]4C)sc3n2)o1,CHEMBL3222072,CHEMBL3222072,14552508,CHEMBL3217453,7.77
Nc1nc(-c2ccco2)nc2sc(CN3CCC(F)CC3)cc12,CHEMBL3222059,CHEMBL3222059,14552509,CHEMBL3217453,7.71
Nc1nc(-c2ccc(Cl)o2)nc2sc(CN3CCCC3)cc12,CHEMBL3222080,CHEMBL3222080,14552510,CHEMBL3217453,7.65
Nc1nc(-c2ccc(Br)o2)nc2sc(CN3CCCC3)cc12,CHEMBL3222087,CHEMBL3222087,14552511,CHEMBL3217453,7.65
CCc1ccc(-c2nc(N)c3cc(CN4[C@H](C)CCC[C@@H]4C)sc3n2)o1,CHEMBL3222070,CHEMBL3222070,14552512,CHEMBL3217453,7.6
Cc1ccc(-c2nc(N)c3cc(CN4CCCC4)sc3n2)o1,CHEMBL3222052,CHEMBL3222052,14552513,CHEMBL3217453,7.58
Nc1nc(-c2ccco2)nc2sc(CN3CCCCCC3)cc12,CHEMBL3222054,CHEMBL3222054,14552514,CHEMBL3217453,7.56
Nc1nc(-c2ccco2)nc2sc(CN3CCCC3)cc12,CHEMBL3222051,CHEMBL3222051,14552515,CHEMBL3217453,7.55
C[C@@H]1CCC[C@H](C)N1Cc1cc2c(N)nc(-c3ccc(C(F)F)o3)nc2s1,CHEMBL3222076,CHEMBL3222076,14552516,CHEMBL3217453,7.54
Cc1ccc(-c2nc(N)c3cc(CN4CCCCC4)sc3n2)o1,CHEMBL3222053,CHEMBL3222053,14552517,CHEMBL3217453,7.54
Nc1nc(-c2ccco2)nc2sc(CN3CCOCC3)cc12,CHEMBL3222055,CHEMBL3222055,14552518;14645594,CHEMBL3217453;CHEMBL3259781,7.54;7.54
Nc1nc(-c2ccc(Br)o2)nc2sc(CN3CCOCC3)cc12,CHEMBL3222088,CHEMBL3222088,14552519,CHEMBL3217453,7.52
Nc1nc(-c2ccc(C(F)F)o2)nc2sc(CN3CCOCC3)cc12,CHEMBL3222075,CHEMBL3222075,14552520,CHEMBL3217453,7.51
Cc1ccc(-c2nc(N)c3cc(CN4CCOCC4)sc3n2)o1,CHEMBL3222056,CHEMBL3222056,14552521,CHEMBL3217453,7.48
Nc1nc(-c2ccc(Cl)o2)nc2sc(CN3CCCCCC3)cc12,CHEMBL3222081,CHEMBL3222081,14552522,CHEMBL3217453,7.48
Nc1nc(-c2ccco2)nc2sc(CNC3CC3)cc12,CHEMBL3222049,CHEMBL3222049,14552523,CHEMBL3217453,7.44
N#Cc1cccc(-c2nc(N)c3cc(CN4CCOCC4)sc3n2)c1,CHEMBL3222109,CHEMBL3222109,14552524,CHEMBL3217453,7.44
N#Cc1cccc(-c2nc(N)c3cc(CN4CCCC(F)(F)C4)sc3n2)c1,CHEMBL3217864,CHEMBL3217864,14552525,CHEMBL3217453,7.41
Nc1nc(-c2ccc(C(F)F)o2)nc2sc(CN3CCC(F)CC3)cc12,CHEMBL3222077,CHEMBL3222077,14552527,CHEMBL3217453,7.38
Nc1nc(-c2ccc(C(F)F)o2)nc2sc(CN3CCCC(F)(F)C3)cc12,CHEMBL3222079,CHEMBL3222079,14552528,CHEMBL3217453,7.37
Nc1nc(-c2ccc(Cl)o2)nc2sc(CN3CCOCC3)cc12,CHEMBL3222082,CHEMBL3222082,14552529,CHEMBL3217453,7.34
Nc1nc(-c2ccco2)nc2sc(CN3CCC(F)(F)CC3)cc12,CHEMBL3222060,CHEMBL3222060,14552530,CHEMBL3217453,7.3
N#Cc1cccc(-c2nc(N)c3cc(CN4CCSCC4)sc3n2)c1,CHEMBL3217865,CHEMBL3217865,14552541,CHEMBL3217453,7.29
N#Cc1cccc(-c2nc(N)c3cc(CN4CCC(F)CC4)sc3n2)c1,CHEMBL3217863,CHEMBL3217863,14552542,CHEMBL3217453,7.26
CCN(CC)Cc1cc2c(N)nc(-c3ccco3)nc2s1,CHEMBL3222048,CHEMBL3222048,14552543,CHEMBL3217453,7.26
C[C@@H]1CCC[C@H](C)N1Cc1cc2c(N)nc(-c3cccc(C#N)c3)nc2s1,CHEMBL3222110,CHEMBL3222110,14552544,CHEMBL3217453,7.19
CCc1ccc(-c2nc(N)c3cc(CN4CCOCC4)sc3n2)o1,CHEMBL3222069,CHEMBL3222069,14552545,CHEMBL3217453,7.1
N#Cc1ccc(-c2nc(N)c3cc(CN4CC=CC4)sc3n2)cc1,CHEMBL3217872,CHEMBL3217872,14552546,CHEMBL3217453,7.1
N#Cc1cccc(-c2nc(N)c3cc(CN4CC=CC4)sc3n2)c1,CHEMBL3222108,CHEMBL3222108,14552547,CHEMBL3217453,7.08
Cc1csc(-c2nc(N)c3cc(CN4[C@H](C)CCC[C@@H]4C)sc3n2)n1,CHEMBL3222095,CHEMBL3222095,14552548,CHEMBL3217453,7.05
COc1cccc(-c2nc(N)c3cc(CN4CCCC(F)(F)C4)sc3n2)c1,CHEMBL3217882,CHEMBL3217882,14552549,CHEMBL3217453,7.01
C[C@@H]1CCC[C@H](C)N1Cc1cc2c(N)nc(-c3ccc(C4CC4)o3)nc2s1,CHEMBL3222074,CHEMBL3222074,14552551,CHEMBL3217453,6.96
Nc1nc(-c2cccs2)nc2sc(CN3CCCC3)cc12,CHEMBL3222098,CHEMBL3222098,14552552,CHEMBL3217453,6.96
Nc1nc(-c2cccc(F)c2)nc2sc(CN3CCOCC3)cc12,CHEMBL3222104,CHEMBL3222104,14552553,CHEMBL3217453,6.96
Nc1nc(-c2cccc(Cl)c2)nc2sc(CN3CCOCC3)cc12,CHEMBL3222105,CHEMBL3222105,14552554,CHEMBL3217453,6.92
Nc1nc(-c2cccs2)nc2sc(CN3CCOCC3)cc12,CHEMBL3222099,CHEMBL3222099,14552555,CHEMBL3217453,6.9
C[C@@H]1CCC[C@H](C)N1Cc1cc2c(N)nc(-c3ccon3)nc2s1,CHEMBL3222097,CHEMBL3222097,14552556,CHEMBL3217453,6.89
CN(C)Cc1cc2c(N)nc(-c3ccco3)nc2s1,CHEMBL3222047,CHEMBL3222047,14552558,CHEMBL3217453,6.85
C[C@@H]1CN(Cc2cc3c(N)nc(-c4cccc(C#N)c4)nc3s2)C[C@H](C)O1,CHEMBL3217868,CHEMBL3217868,14552560,CHEMBL3217453,6.82
Nc1nc(-c2ccco2)nc2sc(CNC3CCCCC3)cc12,CHEMBL3222050,CHEMBL3222050,14552562,CHEMBL3217453,6.77
N#Cc1ccc(-c2nc(N)c3cc(CN4CC=CCC4)sc3n2)cc1,CHEMBL3217871,CHEMBL3217871,14552563,CHEMBL3217453,6.75
Cc1ccc(-c2nc(N)c3cc(CN4CCc5ccccc5C4)sc3n2)o1,CHEMBL3222057,CHEMBL3222057,14552567,CHEMBL3217453,6.7
Cc1csc(-c2nc(N)c3cc(CN4CCOCC4)sc3n2)n1,CHEMBL3222094,CHEMBL3222094,14552568,CHEMBL3217453,6.68
Nc1nc(-c2ccco2)nc2sc(CN3CCC(=O)CC3)cc12,CHEMBL3222064,CHEMBL3222064,14552570,CHEMBL3217453,6.64
Nc1nc(-c2cocn2)nc2sc(CN3CC=CC3)cc12,CHEMBL3222100,CHEMBL3222100,14552571,CHEMBL3217453,6.62
Nc1nc(-c2ncco2)nc2sc(CN3CC=CC3)cc12,CHEMBL3222091,CHEMBL3222091,14552572,CHEMBL3217453,6.62
Nc1nc(-c2ncco2)nc2sc(CN3CC=CCC3)cc12,CHEMBL3222092,CHEMBL3222092,14552573,CHEMBL3217453,6.62
Nc1nc(-c2cocn2)nc2sc(CN3CC=CCC3)cc12,CHEMBL3222101,CHEMBL3222101,14552574,CHEMBL3217453,6.62
Nc1nc(-c2nccs2)nc2sc(CN3CCOCC3)cc12,CHEMBL3222093,CHEMBL3222093,14552576,CHEMBL3217453,6.6
Nc1nc(-c2ccco2)nc2sc(CN3CCC(O)CC3)cc12,CHEMBL3222063,CHEMBL3222063,14552579,CHEMBL3217453,6.52
COc1cccc(-c2nc(N)c3cc(CN4CCC(F)CC4)sc3n2)c1,CHEMBL3217880,CHEMBL3217880,14552580,CHEMBL3217453,6.52
Nc1nc(-c2cc3ccccc3o2)nc2sc(CN3CCC(F)CC3)cc12,CHEMBL3222102,CHEMBL3222102,14552583,CHEMBL3217453,6.46
Nc1nc(-c2cc(F)cc(F)c2)nc2sc(CN3CCOCC3)cc12,CHEMBL3222106,CHEMBL3222106,14552584,CHEMBL3217453,6.46
Nc1nc(-c2ncco2)nc2sc(CN3CCOCC3)cc12,CHEMBL3222090,CHEMBL3222090,14552585,CHEMBL3217453,6.44
Nc1nc(-c2ccc(F)c(F)c2)nc2sc(CN3CCOCC3)cc12,CHEMBL3222107,CHEMBL3222107,14552586,CHEMBL3217453,6.44
COc1cccc(-c2nc(N)c3cc(CN4CCOCC4)sc3n2)c1,CHEMBL3217881,CHEMBL3217881,14552588,CHEMBL3217453,6.43
N#Cc1ccc(-c2nc(N)c3cc(CN4CCC(F)CC4)sc3n2)cc1,CHEMBL3217870,CHEMBL3217870,14552589,CHEMBL3217453,6.41
Nc1nc(-c2ccc(C(F)F)o2)nc2sc(CN3CCC(F)(F)CC3)cc12,CHEMBL3222078,CHEMBL3222078,14552592,CHEMBL3217453,6.21
Nc1nc(-c2ccc(C3CC3)o2)nc2sc(CN3CCOCC3)cc12,CHEMBL3222073,CHEMBL3222073,14552607,CHEMBL3217453,6.02
Nc1nc(-c2ccccc2)nc2sc(CN3CCOCC3)cc12,CHEMBL3222103,CHEMBL3222103,14552609,CHEMBL3217453,6.0
Nc1nc(-c2ccon2)nc2sc(CN3CCOCC3)cc12,CHEMBL3222096,CHEMBL3222096,14552610,CHEMBL3217453,6.0
Nc1nc(-c2ccc(Cl)o2)nc2sc(CN3CCC(F)CC3)cc12,CHEMBL3222083,CHEMBL3222083,14552674,CHEMBL3217453,7.43
CCN(CC)CCN1CCN(C(=O)CCc2cccc(CSc3nc(N)c(C#N)c(-c4ccc(NC(C)=O)cc4)n3)n2)CC1,CHEMBL3235280,CHEMBL3235280,14570059,CHEMBL3232854,8.52
O=C(NCCNC(=O)c1nc(NCC(c2ccccc2)c2ccccc2)c2ncn([C@@H]3O[C@H](CO)[C@@H](O)[C@H]3O)c2n1)NC1CCN(c2ccccn2)CC1,CHEMBL3260724,CHEMBL3260724,14644269,CHEMBL3259781,8.4
O=C(Nc1ccc(F)cc1)Nc1ccc(Nc2nc(-c3ccccc3)nc3c2nnn3Cc2ccccc2)cc1,CHEMBL487497,CHEMBL487497,14644271,CHEMBL3259781,6.78
COc1ccc(C2CCOCC2)c2oc(NC(=O)c3ccnc(N4CCOCC4)c3)nc12,CHEMBL3260725,CHEMBL3260725,14645610,CHEMBL3259781,7.6
COc1cnc(N2CCOCC2)c2sc(NC(=O)c3ccc(F)cc3)nc12,CHEMBL3260726,CHEMBL3260726,14645611,CHEMBL3259781,8.3
COc1ccc(N2CCOCC2)c2sc(NC(=O)N3CCC(C)(O)CC3)nc12,CHEMBL2105747,CHEMBL2105747,14645612;18008795;18008898;22459717;22756961;22924930;24772314;24772344;24777228,CHEMBL3259781;CHEMBL4002602;CHEMBL4002602;CHEMBL4680130;CHEMBL4699449;CHEMBL4732184;CHEMBL5126505;CHEMBL5126505;CHEMBL5126552,8.3;7.96;9.52;8.08;8.3;8.41;8.3;8.47;7.96
CC1(C)CCCN(c2nnc(N)nc2-c2ccccc2)C1,CHEMBL3260727,CHEMBL3260727,14645622;28326347,CHEMBL3259781;CHEMBL5728426,7.39;7.39
CC1CN(c2nnc(N)nc2-c2ccccc2)CC(C)O1,CHEMBL3260728,CHEMBL3260728,14645623;28326341,CHEMBL3259781;CHEMBL5728426,7.8;7.79
O=C(c1ccc(C(=O)N2CCCCCC2)cc1)c1cnc2ccc(F)cn12,CHEMBL3260729,CHEMBL3260729,14645624;17681786;19306710,CHEMBL3259781;CHEMBL3638613;CHEMBL4414553,7.92;7.92;7.92
COC[C@H]1CCCN1C(=O)c1ccc2c(-c3cnc4ccc(C#N)cn34)nn(C)c2c1,CHEMBL3260730,CHEMBL3260730,14645625;17681796,CHEMBL3259781;CHEMBL3638613,8.52;8.52
O=C(c1ccc2c(-c3cnc4ccc(F)cn34)noc2c1)N1CCCCCC1,CHEMBL3260731,CHEMBL3260731,14645626;17681799,CHEMBL3259781;CHEMBL3638613,8.4;8.4
C#CCn1c(Br)nc2c(N)nc(C#CCCCCCC)nc21,CHEMBL3291301,CHEMBL3291301,14715299;24772340,CHEMBL3286130;CHEMBL5126505,9.25;9.25
CCc1nc2c(=O)n(Cc3ccccc3)nc(C3CCCC3)c2c2cc(-c3ccccc3)nn12,CHEMBL3359411,CHEMBL3359411,14994273,CHEMBL3351777,6.18
O=c1c2ncn3nc(-c4ccccc4)cc3c2c(C2CCCC2)nn1Cc1ccccc1,CHEMBL3359410,CHEMBL3359410,14994274,CHEMBL3351777,7.12
O=c1c2ncn3nc(-c4ccccc4)cc3c2c(-c2ccsc2)nn1Cc1ccccc1,CHEMBL3359404,CHEMBL3359404,14994275,CHEMBL3351777,7.16
O=c1c2ncn3nc(-c4ccccc4)cc3c2c(-c2cccs2)nn1Cc1ccccc1,CHEMBL3359401,CHEMBL3359401,14994277,CHEMBL3351777,7.29
Nc1ncnc2cn(-c3ccccc3)nc12,CHEMBL3317555,CHEMBL3317555,15026058,CHEMBL3352340,6.39
COc1ccccc1Cc1nc(N)c2nn(-c3ccccc3)cc2n1,CHEMBL3317560,CHEMBL3317560,15029526,CHEMBL3352340,6.67
Nc1nc(Cc2ccccc2F)nc2cn(-c3ccccc3)nc12,CHEMBL3317565,CHEMBL3317565,15029527,CHEMBL3352340,6.81
Nc1nc(Cc2ccccc2O)nc2cn(-c3ccccc3)nc12,CHEMBL3317554,CHEMBL3317554,15029528,CHEMBL3352340,7.05
Nc1nc(Cc2cccc(O)c2)nc2cn(-c3ccccc3)nc12,CHEMBL3317568,CHEMBL3317568,15029529,CHEMBL3352340,6.28
Nc1nc(CCCc2ccccc2)nc2cn(-c3ccccc3)nc12,CHEMBL3317574,CHEMBL3317574,15029530;15029631;16580272;24772394;24772467,CHEMBL3352340;CHEMBL3352340;CHEMBL3797185;CHEMBL5126505;CHEMBL5126505,7.26;6.37;7.26;7.26;6.37
COc1ccccc1CCCc1nc(N)c2nn(-c3ccccc3)cc2n1,CHEMBL3317575,CHEMBL3317575,15029531,CHEMBL3352340,6.82
COc1cccc(CCCc2nc(N)c3nn(-c4ccccc4)cc3n2)c1,CHEMBL3317576,CHEMBL3317576,15029532,CHEMBL3352340,6.83
COc1ccc(CCCc2nc(N)c3nn(-c4ccccc4)cc3n2)cc1,CHEMBL3317577,CHEMBL3317577,15029533,CHEMBL3352340,6.1
Nc1nc(CCCc2ccccc2O)nc2cn(-c3ccccc3)nc12,CHEMBL3317578,CHEMBL3317578,15029534,CHEMBL3352340,6.99
Nc1nc(CCCc2cccc(O)c2)nc2cn(-c3ccccc3)nc12,CHEMBL3317579,CHEMBL3317579,15029535,CHEMBL3352340,6.84
Nc1nc(CCCc2ccc(O)cc2)nc2cn(-c3ccccc3)nc12,CHEMBL3317580,CHEMBL3317580,15029536,CHEMBL3352340,6.14
CCOC(=O)c1cnc(NCc2ccc(OC)c(OC)c2)n2nc(-c3ccco3)nc12,CHEMBL3314871,CHEMBL3314871,15054559,CHEMBL3351655,6.94
CNC(=O)c1cnc(NCc2ccc(OC)c(OC)c2)n2nc(-c3ccco3)nc12,CHEMBL3314873,CHEMBL3314873,15054561,CHEMBL3351655,7.59
COc1ccc(CNc2ncc(C(=O)NCCc3ccccc3)c3nc(-c4ccco4)nn23)cc1OC,CHEMBL3314874,CHEMBL3314874,15054562,CHEMBL3351655,7.19
CNC(=O)c1cnc(N)n2nc(-c3ccco3)nc12,CHEMBL3314875,CHEMBL3314875,15054563,CHEMBL3351655,7.82
Nc1ncc(C(=O)NCCc2ccccc2)c2nc(-c3ccco3)nn12,CHEMBL3313941,CHEMBL3313941,15054564,CHEMBL3351655,7.96
CCOC(=O)c1cnc(N)n2nc(-c3ccco3)nc12,CHEMBL3314876,CHEMBL3314876,15054565,CHEMBL3351655,8.48
CNC(=O)c1cnc(NC(=O)Nc2ccccc2)n2nc(-c3ccco3)nc12,CHEMBL3314877,CHEMBL3314877,15054566,CHEMBL3351655,8.24
CNC(=O)c1cnc(NC(=O)Cc2ccccc2)n2nc(-c3ccco3)nc12,CHEMBL3314879,CHEMBL3314879,15054568,CHEMBL3351655,7.91
O=C(Nc1ccccc1)Nc1ncc(C(=O)NCCc2ccccc2)c2nc(-c3ccco3)nn12,CHEMBL3314880,CHEMBL3314880,15054569,CHEMBL3351655,7.29
O=C(Nc1ncc(C(=O)NCCc2ccccc2)c2nc(-c3ccco3)nn12)NC1CCCCC1,CHEMBL3314881,CHEMBL3314881,15054570,CHEMBL3351655,6.11
O=C(Cc1ccccc1)Nc1ncc(C(=O)NCCc2ccccc2)c2nc(-c3ccco3)nn12,CHEMBL3314882,CHEMBL3314882,15054571,CHEMBL3351655,7.55
CCOC(=O)c1cnc(NC(=O)Nc2ccccc2)n2nc(-c3ccco3)nc12,CHEMBL3314883,CHEMBL3314883,15054572,CHEMBL3351655,8.32
C=C(OCC)c1cnc(NC(=O)NC2CCCCC2)n2nc(-c3ccco3)nc12,CHEMBL3314884,CHEMBL3314884,15054573,CHEMBL3351655,6.74
CCOC(=O)c1cnc(NC)n2nc(-c3ccco3)nc12,CHEMBL3314887,CHEMBL3314887,15054576,CHEMBL3351655,6.98
CCNc1ncc(C(=O)OCC)c2nc(-c3ccco3)nn12,CHEMBL3314888,CHEMBL3314888,15054577,CHEMBL3351655,7.3
CCCCCNc1ncc(C(=O)OCC)c2nc(-c3ccco3)nn12,CHEMBL3314889,CHEMBL3314889,15054578,CHEMBL3351655,7.3
CCOC(=O)c1cnc(NC(C)C)n2nc(-c3ccco3)nc12,CHEMBL3314890,CHEMBL3314890,15054579,CHEMBL3351655,6.99
CCCCC(CC)CNc1ncc(C(=O)OCC)c2nc(-c3ccco3)nn12,CHEMBL3314891,CHEMBL3314891,15054580,CHEMBL3351655,6.67
CCOC(=O)c1cnc(NC2CC2)n2nc(-c3ccco3)nc12,CHEMBL3314892,CHEMBL3314892,15054581,CHEMBL3351655,7.43
CCOC(=O)c1cnc(NC2CCCC2)n2nc(-c3ccco3)nc12,CHEMBL3314893,CHEMBL3314893,15054582,CHEMBL3351655,7.36
CCOC(=O)c1cnc(NCC2CCCCC2)n2nc(-c3ccco3)nc12,CHEMBL3314894,CHEMBL3314894,15054583,CHEMBL3351655,6.92
CCOC(=O)c1cnc(NCc2ccccc2)n2nc(-c3ccco3)nc12,CHEMBL3314895,CHEMBL3314895,15054584,CHEMBL3351655,7.5
CCOC(=O)c1cnc(NCc2ccc(C)cc2)n2nc(-c3ccco3)nc12,CHEMBL3314896,CHEMBL3314896,15054585,CHEMBL3351655,6.91
CCOC(=O)c1cnc(NCc2ccc(OC)cc2)n2nc(-c3ccco3)nc12,CHEMBL3314897,CHEMBL3314897,15054586,CHEMBL3351655,6.85
CCOC(=O)c1cnc(NCc2ccc(F)cc2)n2nc(-c3ccco3)nc12,CHEMBL3314898,CHEMBL3314898,15054587,CHEMBL3351655,7.41
CCOC(=O)c1cnc(NCc2ccc(Cl)cc2)n2nc(-c3ccco3)nc12,CHEMBL3314899,CHEMBL3314899,15054588,CHEMBL3351655,7.13
CCOC(=O)c1cnc(NCc2ccc(C(F)(F)F)cc2)n2nc(-c3ccco3)nc12,CHEMBL3314900,CHEMBL3314900,15054589,CHEMBL3351655,6.68
CCOC(=O)c1cnc(NCc2ccc(-c3ccccc3)cc2)n2nc(-c3ccco3)nc12,CHEMBL3314901,CHEMBL3314901,15054590,CHEMBL3351655,6.73
CCOC(=O)c1cnc(NC(c2ccccc2)c2ccccc2)n2nc(-c3ccco3)nc12,CHEMBL3314902,CHEMBL3314902,15054591,CHEMBL3351655,6.42
CCOC(=O)c1cnc(NC2CCC2)n2nc(-c3ccco3)nc12,CHEMBL3314903,CHEMBL3314903,15054592,CHEMBL3351655,7.54
CCOC(=O)c1cnc(NC2CCCCCC2)n2nc(-c3ccco3)nc12,CHEMBL3314904,CHEMBL3314904,15054593,CHEMBL3351655,6.63
C=C(CCC)C1=CC=C(CC2CCCCCCC2)C2C=C(C3=CC=CC3)C=C12,CHEMBL3314905,CHEMBL3314905,15054594,CHEMBL3351655,6.46
CCOC(=O)c1cnc(NCCOC)n2nc(-c3ccco3)nc12,CHEMBL3314908,CHEMBL3314908,15054597,CHEMBL3351655,6.54
CCOC(=O)c1cnc(NC2CCCCC2)n2nc(-c3ccco3)nc12,CHEMBL3314911,CHEMBL3314911,15054600,CHEMBL3351655,7.23
CCOC(=O)c1cnc(NCC(C)C)n2nc(-c3ccco3)nc12,CHEMBL3314913,CHEMBL3314913,15054602,CHEMBL3351655,7.35
CCOC(=O)c1cnc(NOC)n2nc(-c3ccco3)nc12,CHEMBL3314914,CHEMBL3314914,15054603,CHEMBL3351655,6.68
O=C(O)c1cnc(NC2CC2)n2nc(-c3ccco3)nc12,CHEMBL3314920,CHEMBL3314920,15054609,CHEMBL3351655,6.22
CCNC(=O)[C@H]1O[C@@H](n2cnc3c(N)nc(NCCc4ccc(CCC(=O)Nc5ccc(OC(C)=O)c([N+](=O)[O-])c5)cc4)nc32)[C@H](O)[C@@H]1O,CHEMBL3335523,CHEMBL3335523,15114624;15114638;15114642;15114647;15114648,CHEMBL3352600;CHEMBL3352600;CHEMBL3352600;CHEMBL3352600;CHEMBL3352600,7.64;8.23;8.3;8.65;8.5
CCNC(=O)[C@H]1O[C@@H](n2cnc3c(N)nc(NCCc4ccc(CCC(=O)Nc5ccc(O)c([N+](=O)[O-])c5)cc4)nc32)[C@H](O)[C@@H]1O,CHEMBL3335526,CHEMBL3335526,15114627,CHEMBL3352600,6.57
CCNC(=O)[C@H]1O[C@@H](n2cnc3c(N)nc(NCCc4ccc(CCC(=O)Nc5ccc(OC(=O)CCCCN=[N+]=[N-])c([N+](=O)[O-])c5)cc4)nc32)[C@H](O)[C@@H]1O,CHEMBL3335524,CHEMBL3335524,15114643,CHEMBL3352600,8.5
Nc1nc(N2CCN(CCc3cccc4c3CC(=O)N4)CC2)nc2nc(-c3ccco3)nn12,CHEMBL3394276,CHEMBL3394276,15151003;15151030,CHEMBL3392981;CHEMBL3392981,7.23;7.23
CCCN(CCCNc1nc(N)n2nc(-c3ccco3)nc2n1)CCc1cccc2c1CC(=O)N2,CHEMBL3394265,CHEMBL3394265,15151014;15151041,CHEMBL3392981;CHEMBL3392981,6.04;6.04
CCCN(CCc1cccc2c1CC(=O)N2)c1nc(N)n2nc(-c3ccco3)nc2n1,CHEMBL3394263,CHEMBL3394263,15151016;15151043,CHEMBL3392981;CHEMBL3392981,7.5;7.49
CCCN(CCCNc1nc(Oc2ccc(CCNc3nc(N)n4nc(-c5ccco5)nc4n3)cc2)nc(N2CCOCC2)n1)CCc1cccc2c1CC(=O)N2.O=CO,CHEMBL3394262,CHEMBL3547017,15151017;15151044,CHEMBL3392981;CHEMBL3392981,6.92;6.92
Nc1nc(NCCc2ccc(Oc3nc(Cl)nc(N4CCOCC4)n3)cc2)nc2nc(-c3ccco3)nn12,CHEMBL3394261,CHEMBL3394261,15151018;15151045,CHEMBL3392981;CHEMBL3392981,6.87;6.87
COC(=O)CCCCCCCCCCCNC(=O)CCCOc1ccc(CCNc2nc(N)n3nc(-c4ccco4)nc3n2)cc1,CHEMBL3394260,CHEMBL3394260,15151019;15151046,CHEMBL3392981;CHEMBL3392981,6.36;6.36
CCCN(CCCNC(=O)CCCCCCCNC(=O)CCCOc1ccc(CCNc2nc(N)n3nc(-c4ccco4)nc3n2)cc1)CCc1cccc2c1CC(=O)N2,CHEMBL3394258,CHEMBL3394258,15151021;15151048,CHEMBL3392981;CHEMBL3392981,7.39;7.39
CCCN(CCCNC(=O)CCCNC(=O)CCCOc1ccc(CCNc2nc(N)n3nc(-c4ccco4)nc3n2)cc1)CCc1cccc2c1CC(=O)N2,CHEMBL3394257,CHEMBL3394257,15151022;15151049,CHEMBL3392981;CHEMBL3392981,6.96;6.96
CCCN(CCCNC(=O)CCCOc1ccc(CCNc2nc(N)n3nc(-c4ccco4)nc3n2)cc1)CCc1cccc2c1CC(=O)N2.O=C(O)C(F)(F)F,CHEMBL3394256,CHEMBL3559222,15151023;15151050,CHEMBL3392981;CHEMBL3392981,7.75;7.74
CCCN(CCCNC(=O)COc1ccc(CCNc2nc(N)n3nc(-c4ccco4)nc3n2)cc1)CCc1cccc2c1CC(=O)N2,CHEMBL3394255,CHEMBL3394255,15151024;15151051,CHEMBL3392981;CHEMBL3392981,7.2;7.2
CCCN(CCCNC(=O)CCCC(=O)Oc1ccc(CCNc2nc(N)n3nc(-c4ccco4)nc3n2)cc1)CCc1cccc2c1CC(=O)N2,CHEMBL3394253,CHEMBL3394253,15151026;15151053,CHEMBL3392981;CHEMBL3392981,7.46;7.45
CC(C)(C)CC(=O)Nc1ccc(C(=O)Nc2nccs2)nc1,CHEMBL3401296,CHEMBL3401296,15166789,CHEMBL3399957,6.52
CC(C)CCNc1ccc(C(=O)Nc2nccs2)cc1,CHEMBL3401295,CHEMBL3401295,15166790,CHEMBL3399957,6.14
CC(CCN1CCOCC1)CC(=O)Nc1ccc(C(=O)Nc2nccs2)cc1,CHEMBL3402641,CHEMBL3402641,15166805,CHEMBL3399957,6.96
CCN(CC)CCC(C)CC(=O)Nc1ccc(C(=O)Nc2nccs2)cc1,CHEMBL3402640,CHEMBL3402640,15166806,CHEMBL3399957,6.96
CCN(CC)CCCCCCCC(=O)Nc1ccc(C(=O)Nc2nccs2)cc1,CHEMBL3401305,CHEMBL3401305,15166807,CHEMBL3399957,6.89
CCN(CC)CCCCCC(=O)Nc1ccc(C(=O)Nc2nccs2)cc1,CHEMBL3401304,CHEMBL3401304,15166808,CHEMBL3399957,6.62
CCN(CC)CCCCC(=O)Nc1ccc(C(=O)Nc2nccs2)cc1,CHEMBL3401303,CHEMBL3401303,15166809,CHEMBL3399957,6.08
O=C(CC1CCCC1)Nc1ccc(C(=O)Nc2nccs2)cc1,CHEMBL3401300,CHEMBL3401300,15166813,CHEMBL3399957,7.17
CCn1nnc([C@H]2O[C@@H](n3cnc4c(N)ncnc43)[C@H](O)[C@@H]2O)n1,CHEMBL3414936,CHEMBL3414936,15208801;15208843,CHEMBL3414438;CHEMBL3414438,8.09;8.63
CCn1nnc([C@H]2O[C@@H](n3cnc4c(N)nc(Cl)nc43)[C@H](O)[C@@H]2O)n1,CHEMBL3414937,CHEMBL3414937,15208802;15208844;16406728,CHEMBL3414438;CHEMBL3414438;CHEMBL3739405,7.68;8.42;6.59
CCn1nnc([C@H]2O[C@@H](n3cnc4c(NC)ncnc43)[C@H](O)[C@@H]2O)n1,CHEMBL3414938,CHEMBL3414938,15208803,CHEMBL3414438,6.11
CCn1nnc([C@H]2O[C@@H](n3cnc4c(NC5CC5)ncnc43)[C@H](O)[C@@H]2O)n1,CHEMBL3414940,CHEMBL3414940,15208805;15208847;18240229;18240281,CHEMBL3414438;CHEMBL3414438;CHEMBL4049451;CHEMBL4049451,7.03;8.01;6.84;7.67
CCn1nnc([C@H]2O[C@@H](n3cnc4c(NC5CC5)nc(Cl)nc43)[C@H](O)[C@@H]2O)n1,CHEMBL3414941,CHEMBL3414941,15208806;15208848;18240230;18240282,CHEMBL3414438;CHEMBL3414438;CHEMBL4049451;CHEMBL4049451,7.21;8.28;6.56;7.67
CCn1nnc([C@H]2O[C@@H](n3cnc4c(N[C@H]5C[C@@H]6CC[C@@H]5C6)ncnc43)[C@H](O)[C@@H]2O)n1,CHEMBL3414942,CHEMBL3414942,15208807;15208849,CHEMBL3414438;CHEMBL3414438,7.19;8.11
CCn1nnc([C@H]2O[C@@H](n3cnc4c(N[C@H]5C[C@@H]6CC[C@@H]5C6)nc(Cl)nc43)[C@H](O)[C@@H]2O)n1,CHEMBL3414943,CHEMBL3414943,15208808;15208850,CHEMBL3414438;CHEMBL3414438,6.79;7.89
CCn1nnc([C@H]2O[C@@H](n3cnc4c(NC5CCCO5)ncnc43)[C@H](O)[C@@H]2O)n1,CHEMBL3414944,CHEMBL3414944,15208809;15208851,CHEMBL3414438;CHEMBL3414438,6.26;7.6
CCn1nnc([C@H]2O[C@@H](n3cnc4c(NC5CCCO5)nc(Cl)nc43)[C@H](O)[C@@H]2O)n1,CHEMBL3414945,CHEMBL3414945,15208810;15208852,CHEMBL3414438;CHEMBL3414438,6.06;7.48
CCn1nnc([C@H]2O[C@@H](n3cnc4c(Nc5ccc(Cl)cc5F)ncnc43)[C@H](O)[C@@H]2O)n1,CHEMBL3414946,CHEMBL3414946,15208811;15208853,CHEMBL3414438;CHEMBL3414438,7.11;8.08
CCn1nnc([C@H]2O[C@@H](n3cnc4c(Nc5ccc(Cl)cc5F)nc(Cl)nc43)[C@H](O)[C@@H]2O)n1,CHEMBL3414947,CHEMBL3414947,15208812;15208854,CHEMBL3414438;CHEMBL3414438,6.65;7.54
CCn1nnc([C@H]2O[C@@H](n3cnc4c(NCc5ccccc5I)nc(Cl)nc43)[C@H](O)[C@@H]2O)n1,CHEMBL3414948,CHEMBL3414948,15208813;15208855,CHEMBL3414438;CHEMBL3414438,6.97;8.04
CCn1nnc([C@H]2O[C@@H](n3cnc4c(NC)nc(Cl)nc43)[C@H](O)[C@@H]2O)n1,CHEMBL3414939,CHEMBL3414939,15208846,CHEMBL3414438,6.62
CCNC(=O)[C@H]1O[C@@H](n2cnc3c(N)nc(NCCN4CCN(c5ccc(I)cc5)CC4)nc32)[C@H](O)[C@@H]1O,CHEMBL3416782,CHEMBL3416782,15209151;15210145,CHEMBL3414558;CHEMBL3414558,7.04;6.81
CCNC(=O)[C@H]1O[C@@H](n2cnc3c(N)nc(NCCN4CCN(c5ccc(Br)cc5)CC4)nc32)[C@H](O)[C@@H]1O,CHEMBL3416781,CHEMBL3416781,15209152;15210144,CHEMBL3414558;CHEMBL3414558,7.54;7.37
CCNC(=O)[C@H]1O[C@@H](n2cnc3c(N)nc(NCCN4CCN(c5ccc(Cl)cc5)CC4)nc32)[C@H](O)[C@@H]1O,CHEMBL3416780,CHEMBL3416780,15209153;15210143,CHEMBL3414558;CHEMBL3414558,7.6;7.51
CCNC(=O)[C@H]1O[C@@H](n2cnc3c(N)nc(NCCN4CCN(c5ccc(F)cc5)CC4)nc32)[C@H](O)[C@@H]1O,CHEMBL3416779,CHEMBL3416779,15209154;15210142,CHEMBL3414558;CHEMBL3414558,7.01;6.84
CCNC(=O)[C@H]1O[C@@H](n2cnc3c(N)nc(NCCN4CCN(Cc5ccccc5)CC4)nc32)[C@H](O)[C@@H]1O,CHEMBL3416777,CHEMBL3416777,15210101;15210105,CHEMBL3414558;CHEMBL3414558,6.08;6.18
CCNC(=O)[C@H]1O[C@@H](n2cnc3c(N)nc(NCCCN4CCN(c5ccccc5)CC4)nc32)[C@H](O)[C@@H]1O,CHEMBL3416776,CHEMBL3416776,15210102;15210106,CHEMBL3414558;CHEMBL3414558,6.36;6.62
CCNC(=O)[C@H]1O[C@@H](n2cnc3c(N)nc(NCCN4CCN(c5ccccc5)CC4)nc32)[C@H](O)[C@@H]1O,CHEMBL3416775,CHEMBL3416775,15210103;15210107,CHEMBL3414558;CHEMBL3414558,7.04;7.26
CCNC(=O)[C@H]1O[C@@H](n2cnc3c(N)nc(NCCN4CCN(CCc5ccccc5)CC4)nc32)[C@H](O)[C@@H]1O,CHEMBL3416778,CHEMBL3416778,15210104,CHEMBL3414558,6.01
CCNC(=O)[C@H]1O[C@@H](n2cnc3c(N)nc(NCCN4CCN(c5ccc(C(F)(F)F)cc5)CC4)nc32)[C@H](O)[C@@H]1O,CHEMBL3416783,CHEMBL3416783,15210121;15210146,CHEMBL3414558;CHEMBL3414558,7.44;7.33
CCNC(=O)[C@H]1O[C@@H](n2cnc3c(N)nc(NCCN4CCN(c5ccc([N+](=O)[O-])cc5)CC4)nc32)[C@H](O)[C@@H]1O,CHEMBL3416784,CHEMBL3416784,15210122;15210147,CHEMBL3414558;CHEMBL3414558,7.62;7.44
CCNC(=O)[C@H]1O[C@@H](n2cnc3c(N)nc(NCCN4CCN(c5ccc(C)cc5)CC4)nc32)[C@H](O)[C@@H]1O,CHEMBL3416785,CHEMBL3416785,15210123;15210148,CHEMBL3414558;CHEMBL3414558,7.06;6.95
CCNC(=O)[C@H]1O[C@@H](n2cnc3c(N)nc(NCCN4CCN(c5ccc(OC)cc5)CC4)nc32)[C@H](O)[C@@H]1O,CHEMBL3416786,CHEMBL3416786,15210124;15210149,CHEMBL3414558;CHEMBL3414558,7.37;7.21
CCNC(=O)[C@H]1O[C@@H](n2cnc3c(N)nc(NCCN4CCN(c5ccc(OCCOC)cc5)CC4)nc32)[C@H](O)[C@@H]1O,CHEMBL3416787,CHEMBL3416787,15210125;15210150,CHEMBL3414558;CHEMBL3414558,7.25;7.08
CCNC(=O)[C@H]1O[C@@H](n2cnc3c(N)nc(NCCN4CCN(c5ccc(C(=O)O)cc5)CC4)nc32)[C@H](O)[C@@H]1O,CHEMBL3416788,CHEMBL3416788,15210126;15210151,CHEMBL3414558;CHEMBL3414558,7.52;7.42
CCNC(=O)[C@H]1O[C@@H](n2cnc3c(N)nc(NCCN4CCN(c5ccc(CC(=O)O)cc5)CC4)nc32)[C@H](O)[C@@H]1O,CHEMBL3416789,CHEMBL3416789,15210127;15210152,CHEMBL3414558;CHEMBL3414558,7.08;6.99
CCNC(=O)[C@H]1O[C@@H](n2cnc3c(N)nc(NCCN4CCN(c5cccc(Cl)c5)CC4)nc32)[C@H](O)[C@@H]1O,CHEMBL3416790,CHEMBL3416790,15210128;15210153,CHEMBL3414558;CHEMBL3414558,7.64;7.34
CCNC(=O)[C@H]1O[C@@H](n2cnc3c(N)nc(NCCN4CCN(c5cccc(C(=O)O)c5)CC4)nc32)[C@H](O)[C@@H]1O,CHEMBL3416791,CHEMBL3416791,15210129;15210154,CHEMBL3414558;CHEMBL3414558,7.14;7.02
CCNC(=O)[C@H]1O[C@@H](n2cnc3c(N)nc(NCCN4CCN(c5ccccc5F)CC4)nc32)[C@H](O)[C@@H]1O,CHEMBL3416792,CHEMBL3416792,15210130;15210155,CHEMBL3414558;CHEMBL3414558,8.11;7.93
CCNC(=O)[C@H]1O[C@@H](n2cnc3c(N)nc(NCCN4CCN(c5ccccc5Cl)CC4)nc32)[C@H](O)[C@@H]1O,CHEMBL3416793,CHEMBL3416793,15210131;15210156,CHEMBL3414558;CHEMBL3414558,7.74;7.62
CCNC(=O)[C@H]1O[C@@H](n2cnc3c(N)nc(NCCN4CCN(c5ccccc5C(F)(F)F)CC4)nc32)[C@H](O)[C@@H]1O,CHEMBL3416794,CHEMBL3416794,15210132;15210157,CHEMBL3414558;CHEMBL3414558,7.02;6.9
CCNC(=O)[C@H]1O[C@@H](n2cnc3c(N)nc(NCCN4CCN(c5ccccc5OC)CC4)nc32)[C@H](O)[C@@H]1O,CHEMBL3416795,CHEMBL3416795,15210133;15210158,CHEMBL3414558;CHEMBL3414558,6.56;6.41
CCNC(=O)[C@H]1O[C@@H](n2cnc3c(N)nc(NCCN4CCN(c5ccc(F)c(Cl)c5)CC4)nc32)[C@H](O)[C@@H]1O,CHEMBL3416796,CHEMBL3416796,15210134;15210159,CHEMBL3414558;CHEMBL3414558,7.47;7.39
CCNC(=O)[C@H]1O[C@@H](n2cnc3c(N)nc(NCCN4CCN(c5ccc(Cl)c(Cl)c5)CC4)nc32)[C@H](O)[C@@H]1O,CHEMBL3414573,CHEMBL3414573,15210135;15210160,CHEMBL3414558;CHEMBL3414558,7.58;7.42
CCNC(=O)[C@H]1O[C@@H](n2cnc3c(N)nc(NCCN4CCN(c5cc(Cl)cc(Cl)c5)CC4)nc32)[C@H](O)[C@@H]1O,CHEMBL3416797,CHEMBL3416797,15210136;15210161,CHEMBL3414558;CHEMBL3414558,7.48;7.28
CCNC(=O)[C@H]1O[C@@H](n2cnc3c(N)nc(NCCN4CCN(c5cccc(F)c5F)CC4)nc32)[C@H](O)[C@@H]1O,CHEMBL3416798,CHEMBL3416798,15210137;15210162,CHEMBL3414558;CHEMBL3414558,8.26;7.99
CCNC(=O)[C@H]1O[C@@H](n2cnc3c(N)nc(NCCN4CCN(c5ccc(Cl)cc5F)CC4)nc32)[C@H](O)[C@@H]1O,CHEMBL3416799,CHEMBL3416799,15210138;15210163,CHEMBL3414558;CHEMBL3414558,8.32;8.31
CCNC(=O)[C@H]1O[C@@H](n2cnc3c(N)nc(NCCN4CCN(c5ccc(CC(=O)O)cc5Br)CC4)nc32)[C@H](O)[C@@H]1O,CHEMBL3416800,CHEMBL3416800,15210139;15210164,CHEMBL3414558;CHEMBL3414558,7.62;7.32
CCNC(=O)[C@H]1O[C@@H](n2cnc3c(N)nc(N4CCN(c5ccc(OCCOC)cc5)CC4)nc32)[C@H](O)[C@@H]1O,CHEMBL3416804,CHEMBL3416804,15210254,CHEMBL3414558,6.17
CCNC(=O)[C@H]1O[C@@H](n2cnc3c(N)nc(N4CCN(c5ccc(OCc6ccccc6)cc5)CC4)nc32)[C@H](O)[C@@H]1O,CHEMBL3416805,CHEMBL3416805,15210255,CHEMBL3414558,6.13
CCNC(=O)[C@H]1O[C@@H](n2cnc3c(N)nc(N4CCN(c5ccc(OCc6ccc(Cl)cc6)cc5)CC4)nc32)[C@H](O)[C@@H]1O,CHEMBL3416806,CHEMBL3416806,15210256;15210271,CHEMBL3414558;CHEMBL3414558,7.48;7.28
CCNC(=O)[C@H]1O[C@@H](n2cnc3c(N)nc(N4CCN(c5ccc(OCc6ccc(F)cc6)cc5)CC4)nc32)[C@H](O)[C@@H]1O,CHEMBL3416807,CHEMBL3416807,15210257;15210272,CHEMBL3414558;CHEMBL3414558,6.63;6.37
CCNC(=O)[C@H]1O[C@@H](n2cnc3c(N)nc(N4CCN(c5ccc(OCc6ccc(C(F)(F)F)cc6)cc5)CC4)nc32)[C@H](O)[C@@H]1O,CHEMBL3416808,CHEMBL3416808,15210258;15210273,CHEMBL3414558;CHEMBL3414558,7.62;7.42
CCNC(=O)[C@H]1O[C@@H](n2cnc3c(N)nc(N4CCN(c5ccc(OCCCc6ccccc6)cc5)CC4)nc32)[C@H](O)[C@@H]1O,CHEMBL3416810,CHEMBL3416810,15210260;15210275,CHEMBL3414558;CHEMBL3414558,7.79;7.57
CCNC(=O)[C@H]1O[C@@H](n2cnc3c(N)nc(N4CCN(c5ccc(OCC(=O)OCC)cc5)CC4)nc32)[C@H](O)[C@@H]1O,CHEMBL3416811,CHEMBL3416811,15210261;15210276,CHEMBL3414558;CHEMBL3414558,7.28;7.13
COc1cccc2c1nc(N)n1nc(CN3CCN(c4ccccn4)C[C@H]3C)nc21,CHEMBL3596507,CHEMBL3596507,15659141,CHEMBL3596192,7.43
COc1cccc2c1nc(N)n1nc(CN3CCN(c4ccccc4)C[C@H]3C)nc21,CHEMBL3596506,CHEMBL3596506,15659142,CHEMBL3596192,8.0
COc1cccc2c1nc(N)n1nc(CN3CCN(c4ccc(F)cn4)C[C@H]3C)nc21,CHEMBL3596505,CHEMBL3596505,15659143,CHEMBL3596192,7.88
COc1cccc2c1nc(N)n1nc(CN3CCN(c4cccc(F)c4)C[C@H]3C)nc21,CHEMBL3596504,CHEMBL3596504,15659144,CHEMBL3596192,8.28
COc1cccc2c1nc(N)n1nc(CN3CCN(c4ccccc4F)C[C@H]3C)nc21,CHEMBL3596503,CHEMBL3596503,15659145,CHEMBL3596192,8.07
COc1cccc2c1nc(N)n1nc(CN3CCN(c4ccc(F)cc4)C[C@H]3C)nc21,CHEMBL3596502,CHEMBL3596502,15659146,CHEMBL3596192,8.26
COc1cccc2c1nc(N)n1nc(CN3CCN(c4cccnc4)C[C@H]3C)nc21,CHEMBL3596508,CHEMBL3596508,15659147,CHEMBL3596192,7.4
COc1cccc2c1nc(N)n1nc(CN3CCN(c4ccncc4)C[C@H]3C)nc21,CHEMBL3596509,CHEMBL3596509,15659148,CHEMBL3596192,7.03
COc1cccc2c1nc(N)n1nc(CN3CCN(c4ncccn4)C[C@H]3C)nc21,CHEMBL3596510,CHEMBL3596510,15659149,CHEMBL3596192,7.58
COc1ccccc1N1CCN(Cc2nc3c4cccc(OC)c4nc(N)n3n2)[C@H](C)C1,CHEMBL3596511,CHEMBL3596511,15659150,CHEMBL3596192,8.05
COc1cccc(N2CCN(Cc3nc4c5cccc(OC)c5nc(N)n4n3)[C@H](C)C2)c1,CHEMBL3596512,CHEMBL3596512,15659151,CHEMBL3596192,8.11
COc1ccc(N2CCN(Cc3nc4c5cccc(OC)c5nc(N)n4n3)[C@H](C)C2)cc1,CHEMBL3596513,CHEMBL3596513,15659152,CHEMBL3596192,8.32
COc1cccc2c1nc(N)n1nc(CN3CCN(c4cnn(C)c4)C[C@H]3C)nc21,CHEMBL3596514,CHEMBL3596514,15659153,CHEMBL3596192,7.61
COc1cccc2c1nc(N)n1nc(CN3CCN(c4ncc(C)s4)C[C@H]3C)nc21,CHEMBL3596515,CHEMBL3596515,15659154,CHEMBL3596192,7.64
COc1cccc2c1nc(N)n1nc(CN3CCN(c4cnc(C)s4)C[C@H]3C)nc21,CHEMBL3596516,CHEMBL3596516,15659155,CHEMBL3596192,8.17
COc1cccc2c1nc(N)n1nc(CN3CCN(c4sc(C)nc4C)C[C@H]3C)nc21,CHEMBL3596517,CHEMBL3596517,15659156,CHEMBL3596192,8.85
COc1cccc2c1nc(N)n1nc(CN3CCN(c4nsnc4Cl)C[C@H]3C)nc21,CHEMBL3596518,CHEMBL3596518,15659157,CHEMBL3596192,8.28
CCn1cc(N2CCN(Cc3nc4c5cccc(OC)c5nc(N)n4n3)[C@H](C)C2)cn1,CHEMBL3596589,CHEMBL3596589,15659158,CHEMBL3596192,7.7
COc1cccc2c1nc(N)n1nc(CN3CCN(c4cnn(C(C)(C)C)c4)C[C@H]3C)nc21,CHEMBL3596590,CHEMBL3596590,15659159,CHEMBL3596192,8.03
OC1CS[C@@H](n2cnc3c(NCc4cccc5ccccc45)nc(Cl)nc32)[C@H]1O,CHEMBL3703590,CHEMBL3703590,16259603,CHEMBL3638376,7.61
OC[C@H]1OC(n2cnc3c(NC4CCC[C@H]4OCc4ccccc4)ncnc32)[C@H](O)[C@@H]1O,CHEMBL3674589,CHEMBL3674589,16266229,CHEMBL3639014,6.32
COc1ccccc1CNc1nc(Cl)nc2c1ncn2[C@@H]1SCC(O)[C@@H]1O,CHEMBL3703589,CHEMBL3703589,16270504,CHEMBL3638376,7.7
CNc1nc(Cl)nc2c1ncn2[C@@H]1SCC(O)[C@@H]1O,CHEMBL3703591,CHEMBL3703591,16274845,CHEMBL3638376,8.43
OC[C@H]1O[C@@H](n2cnc3c(NC4CCC[C@H]4OCc4cccc(F)c4)ncnc32)[C@H](O)[C@@H]1O,CHEMBL3679384,CHEMBL3679384,16281980,CHEMBL3639014,6.38
OC1CS[C@@H](n2cnc3c(NCc4cccc(Br)c4)ncnc32)[C@H]1O,CHEMBL3703594,CHEMBL3703594,16282699;16297376,CHEMBL3638376;CHEMBL3638376,6.38;8.17
OC1CO[C@@H](n2cnc3c(NCc4cccc(I)c4)nc(Cl)nc32)[C@H]1O,CHEMBL3703597,CHEMBL3703597,16284024,CHEMBL3638376,7.37
OC1CS[C@@H](n2cnc3c(NCc4cccc(I)c4)ncnc32)[C@H]1O,CHEMBL3703595,CHEMBL3703595,16288506;16296223,CHEMBL3638376;CHEMBL3638376,6.64;8.6
OC1CS[C@@H](n2cnc3c(NCc4cccc(Cl)c4)nc(Cl)nc32)[C@H]1O,CHEMBL3703584,CHEMBL3703584,16289604,CHEMBL3638376,8.78
OC1CS[C@@H](n2cnc3c(NCc4cccc(F)c4)nc(Cl)nc32)[C@H]1O,CHEMBL3703583,CHEMBL3703583,16289812,CHEMBL3638376,8.13
OC1CO[C@@H](n2cnc3c(NCc4cccc(Br)c4)nc(Cl)nc32)[C@H]1O,CHEMBL3703596,CHEMBL3703596,16306875,CHEMBL3638376,7.89
OC1CS[C@@H](n2cnc3c(NCc4cccc(Cl)c4)ncnc32)[C@H]1O,CHEMBL3703593,CHEMBL3703593,16314282;16315939,CHEMBL3638376;CHEMBL3638376,6.36;8.82
OC1CS[C@@H](n2cnc3c(NCc4cccc(Br)c4)nc(Cl)nc32)[C@H]1O,CHEMBL3703585,CHEMBL3703585,16314690,CHEMBL3638376,8.05
OC1CS[C@@H](n2cnc3c(NCc4cccc(I)c4)nc(Cl)nc32)[C@H]1O,CHEMBL3703586,CHEMBL3703586,16320297;16329269,CHEMBL3638376;CHEMBL3638376,6.47;8.38
COc1ccc(Cl)cc1CNc1nc(Cl)nc2c1ncn2[C@@H]1SCC(O)[C@@H]1O,CHEMBL3703588,CHEMBL3703588,16330644,CHEMBL3638376,7.9
OC1CS[C@@H](n2cnc3c(NCc4ccccc4Cl)nc(Cl)nc32)[C@H]1O,CHEMBL3703587,CHEMBL3703587,16344139,CHEMBL3638376,7.59
OC1CS[C@@H](n2cnc3c(NCc4cccc(F)c4)ncnc32)[C@H]1O,CHEMBL3703592,CHEMBL3703592,16348547,CHEMBL3638376,8.14
CCn1cnc2c(N)nc(NCCc3ccccc3)nc21,CHEMBL576447,CHEMBL576447,16402217,CHEMBL3739359,6.82
CCCn1c(Br)nc2c(N)nc(NCc3ccccc3)nc21,CHEMBL3740631,CHEMBL3740631,16402227,CHEMBL3739359,7.44
CCCn1c(-c2ccco2)nc2c(N)nc(NCc3ccccc3)nc21,CHEMBL3741217,CHEMBL3741217,16402228,CHEMBL3739359,8.18
CCCn1cnc2c(N)nc(NCCc3ccccc3)nc21,CHEMBL3739985,CHEMBL3739985,16402229,CHEMBL3739359,6.13
CCCn1c(Br)nc2c(N)nc(NCCc3ccccc3)nc21,CHEMBL3739795,CHEMBL3739795,16402230,CHEMBL3739359,7.57
CCCn1c(-c2ccco2)nc2c(N)nc(NCCc3ccccc3)nc21,CHEMBL3740141,CHEMBL3740141,16402231,CHEMBL3739359,7.85
CCCn1c(Br)nc2c(N)nc(NCCCc3ccccc3)nc21,CHEMBL3739922,CHEMBL3739922,16402233,CHEMBL3739359,6.55
CCCn1c(-c2ccco2)nc2c(N)nc(NCCCc3ccccc3)nc21,CHEMBL3740992,CHEMBL3740992,16402234,CHEMBL3739359,6.95
CCCn1c(-c2ccco2)nc2c(NCc3ccccc3)ncnc21,CHEMBL3739903,CHEMBL3739903,16402237,CHEMBL3739359,7.1
CCCn1c(Br)nc2c(NCCc3ccccc3)ncnc21,CHEMBL3740619,CHEMBL3740619,16402239,CHEMBL3739359,6.3
CCCn1c(-c2ccco2)nc2c(NCCc3ccccc3)ncnc21,CHEMBL3741337,CHEMBL3741337,16402240,CHEMBL3739359,6.26
CCCn1c(-c2ccco2)nc2c(NCCCc3ccccc3)ncnc21,CHEMBL3742158,CHEMBL3742158,16402243,CHEMBL3739359,6.74
CC(Cc1ccccc1)Nc1nc(N)c2ncn([C@@H]3O[C@H](CO)[C@@H](O)[C@H]3O)c2n1,CHEMBL3741393,CHEMBL3741393,16405804;16406726,CHEMBL3739405;CHEMBL3739405,7.32;7.07
CCn1nnc([C@H]2O[C@@H](n3cnc4c(N)nc(N[C@@H](C)Cc5ccc(OC)cc5)nc43)[C@H](O)[C@@H]2O)n1,CHEMBL3740507,CHEMBL3740507,16405806;16406730,CHEMBL3739405;CHEMBL3739405,7.97;7.25
CCn1nnc([C@H]2O[C@@H](n3cnc4c(N)nc(NC(C)Cc5ccc(OC)cc5)nc43)[C@H](O)[C@@H]2O)n1,CHEMBL3741543,CHEMBL3741543,16405808;16406732,CHEMBL3739405;CHEMBL3739405,8.39;8.19
CCn1nnc([C@H]2O[C@@H](n3cnc4c(N)nc(NC(C)Cc5ccc(C(F)(F)F)cc5)nc43)[C@H](O)[C@@H]2O)n1,CHEMBL3742258,CHEMBL3742258,16405809;16406733,CHEMBL3739405;CHEMBL3739405,7.71;7.79
CCn1nnc([C@H]2O[C@@H](n3cnc4c(N)nc(NC(C)Cc5ccc(Br)cc5)nc43)[C@H](O)[C@@H]2O)n1,CHEMBL3741931,CHEMBL3741931,16405810;16406735,CHEMBL3739405;CHEMBL3739405,7.51;8.16
CCn1nnc([C@H]2O[C@@H](n3cnc4c(N)nc(NC(C)Cc5ccc(Cl)cc5)nc43)[C@H](O)[C@@H]2O)n1,CHEMBL3741805,CHEMBL3741805,16405811;16406736,CHEMBL3739405;CHEMBL3739405,7.97;7.79
CCn1nnc([C@H]2O[C@@H](n3cnc4c(N)nc(NC(C)Cc5ccc(F)cc5)nc43)[C@H](O)[C@@H]2O)n1,CHEMBL3740436,CHEMBL3740436,16405812;16406737,CHEMBL3739405;CHEMBL3739405,8.02;7.93
CCn1nnc([C@H]2O[C@@H](n3cnc4c(N)nc(NC(C)Cc5ccccc5)nc43)[C@H](O)[C@@H]2O)n1,CHEMBL3740959,CHEMBL3740959,16405813;16406739,CHEMBL3739405;CHEMBL3739405,8.26;8.04
CCn1nnc([C@H]2O[C@@H](n3cnc4c(N)nc(NC(C)Cc5cccc(OC)c5)nc43)[C@H](O)[C@@H]2O)n1,CHEMBL3741901,CHEMBL3741901,16406729,CHEMBL3739405,7.68
CCn1nnc([C@H]2O[C@@H](n3cnc4c(N)nc(N[C@H](C)Cc5ccc(Br)cc5)nc43)[C@H](O)[C@@H]2O)n1,CHEMBL3740858,CHEMBL3740858,16406734,CHEMBL3739405,7.99
CCn1nnc([C@H]2O[C@@H](n3cnc4c(N)nc(N[C@H](C)Cc5ccccc5)nc43)[C@H](O)[C@@H]2O)n1,CHEMBL3740085,CHEMBL3740085,16406738,CHEMBL3739405,7.88
CC(C)Nc1nc(NC(=O)Cc2ccccc2)n2nc(-c3ccco3)nc2n1,CHEMBL3752488,CHEMBL3752488,16440065,CHEMBL3751698,6.41
CNc1nc(NC(=O)Cc2ccccc2)n2nc(-c3ccco3)nc2n1,CHEMBL3754704,CHEMBL3754704,16440066,CHEMBL3751698,6.52
O=C(Nc1nc(NCc2ccccc2)nc2nc(-c3ccco3)nn12)c1ccccc1,CHEMBL3752342,CHEMBL3752342,16440067,CHEMBL3751698,7.02
CNc1nc(NC(=O)c2ccccc2)n2nc(-c3ccco3)nc2n1,CHEMBL3753604,CHEMBL3753604,16440070,CHEMBL3751698,6.71
O=C(Nc1ccccc1)Nc1nc(NCc2ccccc2)nc2nc(-c3ccco3)nn12,CHEMBL3752621,CHEMBL3752621,16440071,CHEMBL3751698,8.84
O=C(Nc1ccccc1)Nc1nc(NC2CCCCC2)nc2nc(-c3ccco3)nn12,CHEMBL3753012,CHEMBL3753012,16440072,CHEMBL3751698,8.1
CC(C)Nc1nc(NC(=O)Nc2ccccc2)n2nc(-c3ccco3)nc2n1,CHEMBL3754685,CHEMBL3754685,16440073,CHEMBL3751698,7.06
CNc1nc(NC(=O)Nc2ccccc2)n2nc(-c3ccco3)nc2n1,CHEMBL3754353,CHEMBL3754353,16440074,CHEMBL3751698,7.0
Nc1nc(NCc2ccccc2)nc2nc(-c3ccco3)nn12,CHEMBL3752514,CHEMBL3752514,16440075,CHEMBL3751698,8.96
Nc1nc(NC2CCCCC2)nc2nc(-c3ccco3)nn12,CHEMBL3752431,CHEMBL3752431,16440076,CHEMBL3751698,8.45
CC(C)Nc1nc(N)n2nc(-c3ccco3)nc2n1,CHEMBL3754099,CHEMBL3754099,16440077,CHEMBL3751698,7.19
CNc1nc(N)n2nc(-c3ccco3)nc2n1,CHEMBL3752868,CHEMBL3752868,16440078,CHEMBL3751698,7.31
O=C(Cc1ccccc1)Nc1nc(NC2CCCCC2)nc2nc(-c3ccco3)nn12,CHEMBL3754417,CHEMBL3754417,16440111,CHEMBL3751698,7.63
O=C(Cc1ccccc1)Nc1nc(NCc2ccccc2)nc2nc(-c3ccco3)nn12,CHEMBL3753079,CHEMBL3753079,16440112,CHEMBL3751698,8.27
c1ccc(Oc2nc(NC3CCCCC3)n3nc(-c4ccco4)nc3n2)cc1,CHEMBL3753118,CHEMBL3753118,16440113,CHEMBL3751698,6.95
c1ccc(CNc2nc(Oc3ccccc3)nc3nc(-c4ccco4)nn23)cc1,CHEMBL3752965,CHEMBL3752965,16440114,CHEMBL3751698,6.25
Fc1ccc(CNc2nc(Oc3ccccc3)nc3nc(-c4ccco4)nn23)cc1,CHEMBL3753103,CHEMBL3753103,16440115,CHEMBL3751698,6.04
CNc1nc(NC2CCCCC2)n2nc(-c3ccco3)nc2n1,CHEMBL3754333,CHEMBL3754333,16440116,CHEMBL3751698,6.84
CC(C)Nc1nc(NC2CCCCC2)n2nc(-c3ccco3)nc2n1,CHEMBL3753698,CHEMBL3753698,16440117,CHEMBL3751698,6.4
c1coc(-c2nc3nc(NC4CCCCC4)nc(NC4CCCCC4)n3n2)c1,CHEMBL3753384,CHEMBL3753384,16440118,CHEMBL3751698,6.75
c1ccc(CNc2nc(NC3CCCCC3)n3nc(-c4ccco4)nc3n2)cc1,CHEMBL3753690,CHEMBL3753690,16440119,CHEMBL3751698,7.82
CNc1nc(NCc2ccccc2)n2nc(-c3ccco3)nc2n1,CHEMBL3754336,CHEMBL3754336,16440120,CHEMBL3751698,6.76
CC(C)Nc1nc(NCc2ccccc2)n2nc(-c3ccco3)nc2n1,CHEMBL3754718,CHEMBL3754718,16440121,CHEMBL3751698,6.41
c1ccc(CNc2nc(NCc3ccccc3)n3nc(-c4ccco4)nc3n2)cc1,CHEMBL3754573,CHEMBL3754573,16440122,CHEMBL3751698,7.69
CNc1nc(NCc2ccc(F)cc2)n2nc(-c3ccco3)nc2n1,CHEMBL3752753,CHEMBL3752753,16440123,CHEMBL3751698,6.63
Fc1ccc(CNc2nc(NC3CCCCC3)nc3nc(-c4ccco4)nn23)cc1,CHEMBL3754124,CHEMBL3754124,16440124,CHEMBL3751698,6.95
Fc1ccc(CNc2nc(NCc3ccccc3)nc3nc(-c4ccco4)nn23)cc1,CHEMBL3752432,CHEMBL3752432,16440125,CHEMBL3751698,7.66
Fc1ccc(CNc2nc(NCc3ccc(F)cc3)n3nc(-c4ccco4)nc3n2)cc1,CHEMBL3754080,CHEMBL3754080,16440126,CHEMBL3751698,7.36
Nc1nc(-c2cccs2)nc2cn(-c3ccccc3)nc12,CHEMBL3754656,CHEMBL3754656,16443289,CHEMBL3751669,6.94
Nc1nc(-c2ccccc2)nc2cn(Cc3ccccc3)nc12,CHEMBL3753937,CHEMBL3753937,16443290,CHEMBL3751669,6.52
Nc1cc(C(=O)NCc2cccc3cccnc23)c2ccccc2n1,CHEMBL3765387,CHEMBL3765387,16479079,CHEMBL3763049,6.08
Nc1nc(C(=O)NCc2cccc3cccnc23)c2ccccc2n1,CHEMBL3765818,CHEMBL3765818,16479080,CHEMBL3763049,8.96
Nc1nc(C(=O)NCc2cccc3cccnc23)c2cccc(F)c2n1,CHEMBL3764083,CHEMBL3764083,16479081,CHEMBL3763049,9.3
Nc1nc(C(=O)NCc2cccc3cccnc23)c2ccc(F)cc2n1,CHEMBL3763717,CHEMBL3763717,16479082,CHEMBL3763049,9.52
Nc1nc(C(=O)NCc2cccc3cccnc23)c2cc(F)ccc2n1,CHEMBL3764467,CHEMBL3764467,16479083,CHEMBL3763049,8.36
Nc1nc(C(=O)NCc2cccc3cccnc23)c2cccc(Cl)c2n1,CHEMBL3764434,CHEMBL3764434,16479084;27034721,CHEMBL3763049;CHEMBL5725940,8.52;8.52
Nc1nc(C(=O)NCc2cccc3cccnc23)c2cccc(Br)c2n1,CHEMBL3763830,CHEMBL3763830,16479085;27034736,CHEMBL3763049;CHEMBL5725940,9.15;9.15
Nc1nc(C(=O)NCc2cccc3cccnc23)c2cccc(I)c2n1,CHEMBL3764070,CHEMBL3764070,16479086,CHEMBL3763049,8.51
Nc1nc(C(=O)NCc2cccc3cccnc23)c2cccc(C(F)(F)F)c2n1,CHEMBL3763199,CHEMBL3763199,16479087;27034724,CHEMBL3763049;CHEMBL5725940,8.64;8.64
CSc1cccc2c(C(=O)NCc3cccc4cccnc34)nc(N)nc12,CHEMBL3763806,CHEMBL3763806,16479088;27034730,CHEMBL3763049;CHEMBL5725940,8.11;8.11
CS(=O)(=O)c1cccc2c(C(=O)NCc3cccc4cccnc34)nc(N)nc12,CHEMBL3764006,CHEMBL3764006,16479089;27034733,CHEMBL3763049;CHEMBL5725940,7.07;7.07
N#Cc1cccc2c(C(=O)NCc3cccc4cccnc34)nc(N)nc12,CHEMBL3763571,CHEMBL3763571,16479090;27034748,CHEMBL3763049;CHEMBL5725940,7.62;8.68
COc1cccc2c(C(=O)NCc3cccc4cccnc34)nc(N)nc12,CHEMBL3765580,CHEMBL3765580,16479091;27034484,CHEMBL3763049;CHEMBL5725940,9.7;9.7
Nc1nc(C(=O)NCc2cccc3cccnc23)c2cccc(OC(F)(F)F)c2n1,CHEMBL3765379,CHEMBL3765379,16479092;27034751,CHEMBL3763049;CHEMBL5725940,9.7;9.7
Nc1nc(C(=O)NCc2cccc3cccnc23)c2cccc(-c3cncnc3)c2n1,CHEMBL3764945,CHEMBL3764945,16479094;27034739,CHEMBL3763049;CHEMBL5725940,6.8;6.54
Nc1nc(C(=O)NCc2cccc3cccnc23)c2cc(Cl)cc(Cl)c2n1,CHEMBL3764338,CHEMBL3764338,16479095,CHEMBL3763049,8.18
Nc1nc(C(=O)NCc2cccc3cccnc23)c2cc(F)c(F)cc2n1,CHEMBL3764260,CHEMBL3764260,16479096,CHEMBL3763049,8.44
Nc1nc(C(=O)NCc2ccccc2)c2cccc(F)c2n1,CHEMBL3764613,CHEMBL3764613,16479097,CHEMBL3763049,8.27
Nc1nc(C(=O)NCC2CCCCC2)c2cccc(F)c2n1,CHEMBL3765526,CHEMBL3765526,16479098,CHEMBL3763049,7.35
Cc1cccc(CNC(=O)c2nc(N)nc3c(F)cccc23)c1,CHEMBL3763215,CHEMBL3763215,16479099,CHEMBL3763049,8.08
Cc1ccccc1CNC(=O)c1nc(N)nc2c(F)cccc12,CHEMBL3764697,CHEMBL3764697,16479100,CHEMBL3763049,7.87
Nc1nc(C(=O)NCCc2ccccn2)c2cccc(F)c2n1,CHEMBL3763234,CHEMBL3763234,16479101,CHEMBL3763049,7.85
Nc1nc(C(=O)NCCc2ccccc2)c2cccc(F)c2n1,CHEMBL3764249,CHEMBL3764249,16479102,CHEMBL3763049,6.8
C[C@@H](NC(=O)c1nc(N)nc2c(F)cccc12)c1cccc2cccnc12,CHEMBL3763766,CHEMBL3763766,16479103;27034712,CHEMBL3763049;CHEMBL5725940,8.17;8.17
C[C@H](NC(=O)c1nc(N)nc2c(F)cccc12)c1cccc2cccnc12,CHEMBL3763668,CHEMBL3763668,16479104,CHEMBL3763049,6.9
Nc1nc(C(=O)NCc2cccc3ccccc23)c2cccc(F)c2n1,CHEMBL3765449,CHEMBL3765449,16479105,CHEMBL3763049,8.0
Nc1nc(C(=O)NCc2cccc3c2NCCC3)c2cccc(F)c2n1,CHEMBL3764486,CHEMBL3764486,16479106;27034718,CHEMBL3763049;CHEMBL5725940,8.12;8.52
Nc1nc(C(=O)NCc2cccc3c2OCCO3)c2cccc(F)c2n1,CHEMBL3763972,CHEMBL3763972,16479107,CHEMBL3763049,7.7
Nc1nc(C(=O)NCc2cccc3c2OCCN3)c2cccc(F)c2n1,CHEMBL3763434,CHEMBL3763434,16479108;27034700,CHEMBL3763049;CHEMBL5725940,7.67;8.28
Nc1nc(C(=O)NCc2cccc3[nH]cnc23)c2cccc(F)c2n1,CHEMBL3764397,CHEMBL3764397,16479109,CHEMBL3763049,7.6
CCn1cnc2c(CNC(=O)c3nc(N)nc4c(F)cccc34)cccc21,CHEMBL3764687,CHEMBL3764687,16479110,CHEMBL3763049,8.51
Nc1nc(C(=O)NCc2cccc3cc[nH]c23)c2cccc(F)c2n1,CHEMBL3765062,CHEMBL3765062,16479111,CHEMBL3763049,8.09
Nc1nc(C(=O)NCc2cccc3c2C(=O)NC3)c2cccc(F)c2n1,CHEMBL3765164,CHEMBL3765164,16479112,CHEMBL3763049,8.74
Nc1nc(C(=O)NCc2ccnc3ccccc23)c2cccc(F)c2n1,CHEMBL3765399,CHEMBL3765399,16479113,CHEMBL3763049,6.03
Nc1nc(C(=O)NCc2cncc3ccccc23)c2cccc(F)c2n1,CHEMBL3764081,CHEMBL3764081,16479114,CHEMBL3763049,7.57
Nc1nc(C(=O)NCc2nccc3ccccc23)c2cccc(F)c2n1,CHEMBL3765268,CHEMBL3765268,16479115;27034715,CHEMBL3763049;CHEMBL5725940,8.17;8.18
Nc1nc(C(=O)NCc2ccc3ccccc3n2)c2cccc(F)c2n1,CHEMBL3764552,CHEMBL3764552,16479116,CHEMBL3763049,7.82
COc1ccnc2c(CNC(=O)c3nc(N)nc4c(F)cccc34)cccc12,CHEMBL3763374,CHEMBL3763374,16479117,CHEMBL3763049,7.82
CCOc1ccnc2c(CNC(=O)c3nc(N)nc4c(F)cccc34)cccc12,CHEMBL3764812,CHEMBL3764812,16479118,CHEMBL3763049,7.13
CCCCOc1ccnc2c(CNC(=O)c3nc(N)nc4c(F)cccc34)cccc12,CHEMBL3763647,CHEMBL3763647,16479119,CHEMBL3763049,6.61
CN(CCCc1ccccn1)C(=O)c1cnc2c(CNC(=O)c3nc(N)nc4c(F)cccc34)cccc2c1,CHEMBL3763871,CHEMBL3763871,16479121,CHEMBL3763049,7.92
Nc1nc(C(=O)NCc2cccc3cc(C(=O)NCCCCCc4ccccc4)cnc23)c2cccc(F)c2n1,CHEMBL3765424,CHEMBL3765424,16479122,CHEMBL3763049,8.16
Nc1nc(C(=O)NCc2cccc3cc(C(=O)N4CCCc5ccccc54)cnc23)c2cccc(F)c2n1,CHEMBL3763969,CHEMBL3763969,16479123,CHEMBL3763049,8.36
COCCOc1ccc(N2CCN(C(=O)c3cnc4c(CNC(=O)c5nc(N)nc6c(F)cccc56)cccc4c3)CC2)cc1,CHEMBL3764598,CHEMBL3764598,16479124,CHEMBL3763049,8.32
Nc1nc(C(=O)NCc2cccc3cc(C(=O)N4CCN(c5ccccn5)CC4)cnc23)c2cccc(F)c2n1,CHEMBL3763514,CHEMBL3763514,16479125,CHEMBL3763049,8.57
CCNC[C@H]1O[C@@H](n2cnc3c(N)ncnc32)[C@H](O)[C@@H]1O,CHEMBL3770601,CHEMBL3770601,16493408,CHEMBL3769306,7.7
COC(=O)N1CCC(CC#Cc2nc(N)c3ncn([C@@H]4O[C@H](C(=O)NC5CC5)[C@@H](O)[C@H]4O)c3n2)CC1,CHEMBL1950651,CHEMBL1950651,16493421,CHEMBL3769306,9.15
CCCCCCC#Cc1nc(N)c2ncn([C@@H]3O[C@H](CO)[C@@H](O)[C@H]3O)c2n1,CHEMBL2113496,CHEMBL2113496,16493422,CHEMBL3769306,7.5
N#CCCCCC#Cc1nc(N)c2ncn([C@@H]3O[C@H](CO)[C@@H](O)[C@H]3O)c2n1,CHEMBL3770782,CHEMBL3770782,16493423,CHEMBL3769306,7.31
COc1ccccc1-n1cc2nc(CCCc3ccccc3)nc(N)c2n1,CHEMBL3800301,CHEMBL3800301,16580273,CHEMBL3797185,6.19
Nc1nc(CCCc2ccccc2)nc2cn(-c3ccccc3O)nc12,CHEMBL3799771,CHEMBL3799771,16580274,CHEMBL3797185,6.62
Nc1nc(-c2ccco2)nc2cn(-c3ccccc3)nc12,CHEMBL3797284,CHEMBL3797284,16580275,CHEMBL3797185,6.71
Cc1ccc(-c2nc(N)c3nn(Cc4cccc(O)c4)cc3n2)o1,CHEMBL3800254,CHEMBL3800254,16580306,CHEMBL3797185,7.85
Cc1ccc(-c2nc(N)c3nn(Cc4ccccc4O)cc3n2)o1,CHEMBL3799921,CHEMBL3799921,16580307,CHEMBL3797185,7.42
Cc1ccc(-c2nc(N)c3nn(Cc4ccccc4Cl)cc3n2)o1,CHEMBL3799848,CHEMBL3799848,16580308,CHEMBL3797185,8.21
Cc1ccc(-c2nc(N)c3nn(Cc4cccc(F)c4)cc3n2)o1,CHEMBL3798214,CHEMBL3798214,16580309,CHEMBL3797185,7.29
Cc1ccc(-c2nc(N)c3nn(Cc4ccccc4F)cc3n2)o1,CHEMBL3797666,CHEMBL3797666,16580310,CHEMBL3797185,7.24
COc1cccc(Cn2cc3nc(-c4ccc(C)o4)nc(N)c3n2)c1,CHEMBL3800587,CHEMBL3800587,16580311;16580422,CHEMBL3797185;CHEMBL3797185,8.28;8.19
COc1ccccc1Cn1cc2nc(-c3ccc(C)o3)nc(N)c2n1,CHEMBL3799351,CHEMBL3799351,16580312;16580421,CHEMBL3797185;CHEMBL3797185,8.44;8.36
Cc1ccc(-c2nc(N)c3nn(Cc4ccccc4)cc3n2)o1,CHEMBL3798754,CHEMBL3798754,16580313;16580420,CHEMBL3797185;CHEMBL3797185,8.04;7.96
Nc1nc(-c2ccco2)nc2cn(Cc3ccccc3O)nc12,CHEMBL3798383,CHEMBL3798383,16580314,CHEMBL3797185,7.77
COc1ccccc1Cn1cc2nc(-c3ccco3)nc(N)c2n1,CHEMBL3798766,CHEMBL3798766,16580315;16580419,CHEMBL3797185;CHEMBL3797185,8.27;8.21
Nc1nc(-c2ccco2)nc2cn(Cc3ccccc3)nc12,CHEMBL3797324,CHEMBL3797324,16580316,CHEMBL3797185,6.5
Nc1nc(-c2cccs2)nc2cn(-c3ccccc3O)nc12,CHEMBL3800218,CHEMBL3800218,16580317,CHEMBL3797185,6.38
Cc1ccc(-c2nc(N)c3nn(-c4ccccc4O)cc3n2)o1,CHEMBL3797799,CHEMBL3797799,16580318,CHEMBL3797185,6.83
COc1ccccc1-n1cc2nc(-c3ccc(C)o3)nc(N)c2n1,CHEMBL3799210,CHEMBL3799210,16580319,CHEMBL3797185,6.29
Cc1ccc(-c2nc(N)c3nn(-c4ccccc4)cc3n2)o1,CHEMBL3797433,CHEMBL3797433,16580320,CHEMBL3797185,7.0
Nc1nc(-c2ccco2)nc2cn(-c3ccccc3O)nc12,CHEMBL3799249,CHEMBL3799249,16580321,CHEMBL3797185,7.05
COc1ccccc1-n1cc2nc(-c3ccco3)nc(N)c2n1,CHEMBL3797553,CHEMBL3797553,16580322,CHEMBL3797185,6.44
c1ccc(Nc2nc3c(N4CCOCC4)ncnc3s2)cc1,CHEMBL3088339,CHEMBL3088339,16650661,CHEMBL3826933,6.48
c1ccc(Nc2nc3c(N4CCCCC4)ncnc3s2)cc1,CHEMBL3088340,CHEMBL3088340,16650662,CHEMBL3826933,6.01
c1ccc(Nc2nc3c(N4CCCC4)ncnc3s2)cc1,CHEMBL3827207,CHEMBL3827207,16650670,CHEMBL3826933,6.46
OC[C@@H]1CCCN1c1ncnc2sc(Nc3ccccc3)nc12,CHEMBL3828082,CHEMBL3828082,16650671;24772372,CHEMBL3826933;CHEMBL5126505,6.7;6.7
OC[C@@H]1CCCN1c1ncnc2sc(Nc3ccc(Cl)cc3)nc12,CHEMBL3828238,CHEMBL3828238,16650673,CHEMBL3826933,6.33
Cc1ccc(Nc2nc3c(N4CCCC4)ncnc3s2)cc1,CHEMBL3828214,CHEMBL3828214,16650675,CHEMBL3826933,6.01
Cc1ccc(Nc2nc3c(N4CCC[C@H]4CO)ncnc3s2)cc1,CHEMBL3828388,CHEMBL3828388,16650676,CHEMBL3826933,6.5
Brc1cccc(Nc2nc3c(N4CCCC4)ncnc3s2)c1,CHEMBL3827889,CHEMBL3827889,16650680,CHEMBL3826933,6.61
OC[C@@H]1CCCN1c1ncnc2sc(Nc3cccc(Br)c3)nc12,CHEMBL3827171,CHEMBL3827171,16650681;24772373,CHEMBL3826933;CHEMBL5126505,6.82;6.82
COc1cc(Nc2nc3c(N4CCCC4)ncnc3s2)cc(OC)c1OC,CHEMBL3828479,CHEMBL3828479,16650682,CHEMBL3826933,6.99
COc1cc(Nc2nc3c(N4CCC[C@H]4CO)ncnc3s2)cc(OC)c1OC,CHEMBL3827396,CHEMBL3827396,16650683,CHEMBL3826933,6.48
CCCCn1c(=O)c2c(nc3n2CCCN3c2ccc(OCCN(CC)CC)cc2)n(CCCC)c1=O,CHEMBL3827187,CHEMBL3827187,16651631,CHEMBL3826885,6.0
CCCCn1c(=O)c2c(nc3n2CCCN3c2ccc(OCCN3CCCC3)cc2)n(CCCC)c1=O,CHEMBL3827074,CHEMBL3827074,16651632,CHEMBL3826885,6.18
CCCCn1c(=O)c2c(nc3n2CCCN3c2ccc(OCCN3CCCCC3)cc2)n(CCCC)c1=O,CHEMBL3827201,CHEMBL3827201,16651633,CHEMBL3826885,6.04
CCN(CC)CCOc1ccc(CCN2CCCn3c2nc2c3c(=O)n(C)c(=O)n2C)cc1,CHEMBL3827859,CHEMBL3827859,16651636;16652713,CHEMBL3826885;CHEMBL3826885,6.25;6.34
CCCCn1c(=O)c2c(nc3n2CCCN3CCc2ccc(OCCN(CC)CC)cc2)n(CCCC)c1=O,CHEMBL3827331,CHEMBL3827331,16651646,CHEMBL3826885,6.26
CCn1nc(-c2cccc(-c3ccc(CC(=O)NCCCCCCCN(C)CCO)cc3)c2)cc(NC(=O)Nc2c(Cl)cncc2Cl)c1=O,CHEMBL3957127,CHEMBL3957127,16771592,CHEMBL3862036,7.07
CCn1nc(-c2cccc(-c3cccc(CC(=O)NCCCCCCCN(C)CCO)c3)c2)cc(NC(=O)Nc2c(Cl)cncc2Cl)c1=O,CHEMBL3896989,CHEMBL3896989,16771593,CHEMBL3862036,7.23
CCn1nc(-c2cccc(-c3cccc(C(=O)NCCCCCCCN(C)CCO)c3)c2)cc(NC(=O)Nc2c(Cl)cncc2Cl)c1=O,CHEMBL3968147,CHEMBL3968147,16771594,CHEMBL3862036,7.39
CCn1nc(-c2cccc(-c3ccc(CC(=O)NCCN4CCCCC4)cc3)c2)cc(NC(=O)Nc2c(Cl)cncc2Cl)c1=O,CHEMBL3905929,CHEMBL3905929,16771595,CHEMBL3862036,6.98
CCn1nc(-c2cccc(-c3cccc(C(=O)NCCC4CCCN4C)c3)c2)cc(NC(=O)Nc2c(Cl)cncc2Cl)c1=O,CHEMBL3918173,CHEMBL3918173,16771596,CHEMBL3862036,8.3
CCn1nc(-c2cccc(-c3cccc(C(=O)NCCN4CCOCC4)c3)c2)cc(NC(=O)Nc2c(Cl)cncc2Cl)c1=O,CHEMBL3986586,CHEMBL3986586,16771597,CHEMBL3862036,7.48
CCn1nc(-c2cccc(-c3cccc(C(=O)NCCN4CCNCC4)c3)c2)cc(NC(=O)Nc2c(Cl)cncc2Cl)c1=O,CHEMBL3916846,CHEMBL3916846,16771598,CHEMBL3862036,8.05
CCn1nc(-c2cccc(-c3cccc(C(=O)NCCN4CCCCC4)c3)c2)cc(NC(=O)Nc2c(Cl)cncc2Cl)c1=O,CHEMBL3941513,CHEMBL3941513,16771599,CHEMBL3862036,7.66
CCn1nc(-c2cccc(-c3cccc(C(=O)NCCN(C)C)c3)c2)cc(NC(=O)Nc2c(Cl)cncc2Cl)c1=O,CHEMBL3980193,CHEMBL3980193,16771600,CHEMBL3862036,7.55
CCn1nc(-c2cccc(-c3cccc(C(=O)NC4CC4)c3)c2)cc(NC(=O)Nc2c(Cl)cncc2Cl)c1=O,CHEMBL3952586,CHEMBL3952586,16771601,CHEMBL3862036,7.48
CCn1nc(-c2cccc(-c3cccc(CC(=O)O)c3)c2)cc(NC(=O)Nc2c(Cl)cncc2Cl)c1=O,CHEMBL3950249,CHEMBL3950249,16771603,CHEMBL3862036,6.36
CCn1nc(-c2cccc(-c3cccc(C(=O)O)c3)c2)cc(NC(=O)Nc2c(Cl)cncc2Cl)c1=O,CHEMBL3963331,CHEMBL3963331,16771605,CHEMBL3862036,6.57
CCn1nc(-c2cccc(-c3cncc(O)c3)c2)cc(NC(=O)Nc2c(Cl)cncc2Cl)c1=O,CHEMBL3903604,CHEMBL3903604,16771606,CHEMBL3862036,6.48
CCn1nc(-c2cccc(-c3cccc(O)c3)c2)cc(NC(=O)Nc2c(Cl)cncc2Cl)c1=O,CHEMBL3969954,CHEMBL3969954,16771607,CHEMBL3862036,6.78
[2H]C([2H])(NC(=O)c1nc(N)nc2c(OC)cccc12)c1cccc(C([2H])([2H])c2cncc(OCCOC)c2)n1,CHEMBL3965187,CHEMBL3990616,16779898;27034769,CHEMBL3864169;CHEMBL5725940,8.7;8.7
COc1cccc2c(C(=O)NCc3cccc(Cc4cccnc4)n3)nc(N)nc12,CHEMBL3939976,CHEMBL3939976,16779899;27034760,CHEMBL3864169;CHEMBL5725940,8.3;8.3
CC(C)OCc1cccc(CNC(=O)c2nc(N)nc3c(F)cccc23)n1,CHEMBL3911977,CHEMBL3911977,16779900,CHEMBL3864169,9.0
Nc1nc(C(=O)NCc2cccc(CO)n2)c2cccc(F)c2n1,CHEMBL3981924,CHEMBL3981924,16779901;27034619,CHEMBL3864169;CHEMBL5725940,8.02;8.02
COc1cccc2c(C(=O)NCc3cccc(COC4CCCC4)n3)nc(N)nc12,CHEMBL3902955,CHEMBL3902955,16779902;27034592,CHEMBL3864169;CHEMBL5725940,9.3;9.3
COc1cccc2c(C(=O)NCc3cccc(COc4ccccc4F)n3)nc(N)nc12,CHEMBL3973920,CHEMBL3973920,16779903;27034580,CHEMBL3864169;CHEMBL5725940,9.7;9.7
COc1cccc2c(C(=O)N[C@H]3CCCc4cccnc43)nc(N)nc12,CHEMBL3929822,CHEMBL3929822,16779904;27034553,CHEMBL3864169;CHEMBL5725940,6.75;6.75
COc1cccc2c(C(=O)NCc3cccc(F)n3)nc(N)nc12,CHEMBL3901883,CHEMBL3901883,16779905;27034529,CHEMBL3864169;CHEMBL5725940,8.82;8.82
COc1cccnc1CNC(=O)c1nc(N)nc2c(OC)cccc12,CHEMBL3920917,CHEMBL3920917,16779906;27034517,CHEMBL3864169;CHEMBL5725940,8.52;8.52
COc1ccc(CNC(=O)c2nc(N)nc3c(OC)cccc23)nc1,CHEMBL3892905,CHEMBL3892905,16779907;27034514,CHEMBL3864169;CHEMBL5725940,8.11;8.11
COc1cccc(CNC(=O)c2nc(N)nc3c(OC)cccc23)n1,CHEMBL3977457,CHEMBL3977457,16779908;27034511,CHEMBL3864169;CHEMBL5725940,9.1;9.1
COc1cccc2c(C(=O)NCc3cccc(C(F)(F)F)n3)nc(N)nc12,CHEMBL3906827,CHEMBL3906827,16779909;27034502,CHEMBL3864169;CHEMBL5725940,9.4;9.4
COc1cccc2c(C(=O)NCc3cccc(C)n3)nc(N)nc12,CHEMBL3941632,CHEMBL3941632,16779910;27034493,CHEMBL3864169;CHEMBL5725940,9.3;9.3
COc1cccc2c(C(=O)NCc3cccc(CO)n3)nc(N)nc12,CHEMBL3971217,CHEMBL3971217,16779911;27034490,CHEMBL3864169;CHEMBL5725940,8.34;8.34
COc1cccc2c(C(=O)NCc3cccc(C(C)(C)O)n3)nc(N)nc12,CHEMBL3932655,CHEMBL3932655,16779912;27034475,CHEMBL3864169;CHEMBL5725940,9.4;9.4
COc1cccc2c(C(=O)NCc3cccc(C4CCC4)n3)nc(N)nc12,CHEMBL3960148,CHEMBL3960148,16779913;27034466,CHEMBL3864169;CHEMBL5725940,9.7;9.7
COc1cccc2c(C(=O)NCc3cccc(C(C)C)n3)nc(N)nc12,CHEMBL3923709,CHEMBL3923709,16779914;27034463,CHEMBL3864169;CHEMBL5725940,9.7;9.7
COc1cccc2c(C(=O)NCc3nc(C(C)(C)O)ccc3C)nc(N)nc12,CHEMBL3951425,CHEMBL3951425,16779915;27034454,CHEMBL3864169;CHEMBL5725940,9.22;9.22
COc1ccc(C(C)(C)O)nc1CNC(=O)c1nc(N)nc2c(OC)cccc12,CHEMBL3914681,CHEMBL3914681,16779916,CHEMBL3864169,8.0
Nc1ncc(-c2ccc(O)c(Cl)c2)c(-c2ccccc2)n1,CHEMBL3916315,CHEMBL3916315,16849802,CHEMBL3877273,8.89
Nc1ncc(-c2ccc(O)c(O)c2)c(-c2ccccc2)n1,CHEMBL3930969,CHEMBL3930969,16849803,CHEMBL3877273,8.33
Nc1ncc(-c2ccc(O)cc2)c(-c2ccccc2)n1,CHEMBL3969553,CHEMBL3969553,16849804,CHEMBL3877273,8.89
Nc1ncc(-c2ccc3ccccc3c2)c(-c2ccccc2)n1,CHEMBL3977929,CHEMBL3977929,16849806,CHEMBL3877273,6.89
Nc1ncc(-c2ccnc(C3CC3)c2)c(-c2ccccc2)n1,CHEMBL3948763,CHEMBL3948763,16849807,CHEMBL3877273,7.44
Nc1ncc(-c2ccncc2)c(-c2ccccc2)n1,CHEMBL3318881,CHEMBL3318881,16849808,CHEMBL3877273,6.97
Nc1ncc(-c2cccc(C(F)(F)F)c2)c(-c2ccccc2)n1,CHEMBL3965184,CHEMBL3965184,16849810,CHEMBL3877273,7.01
COc1ccc(-c2cnc(N)nc2-c2ccccc2)cc1Cl,CHEMBL3916959,CHEMBL3916959,16849812,CHEMBL3877273,6.6
COc1cccc(-c2cnc(N)nc2-c2ccccc2)c1,CHEMBL3926983,CHEMBL3926983,16849817,CHEMBL3877273,6.81
Nc1ncc(-c2cccc(Cl)c2)c(-c2ccccc2)n1,CHEMBL3982084,CHEMBL3982084,16849820,CHEMBL3877273,6.92
Oc1ccc(-c2cnc(N[C@H]3CC[C@H](O)CC3)nc2-c2ccccc2)cc1Cl,CHEMBL3951351,CHEMBL3951351,16849908;24772409,CHEMBL3877273;CHEMBL5126505,8.14;8.11
O[C@H]1CC[C@H](Nc2ncc(-c3ccnc(C4CC4)c3)c(-c3ccccc3)n2)CC1,CHEMBL3966761,CHEMBL3966761,16849909,CHEMBL3877273,7.19
Nc1nc(NCCc2ccc(O)cc2)nc2sc(-c3ccco3)nc12,CHEMBL3908770,CHEMBL3908770,16853791;16853850;16853868,CHEMBL3877301;CHEMBL3877301;CHEMBL3877301,7.75;7.6;7.68
COc1ccc(CCNc2nc(N)c3nc(-c4ccco4)sc3n2)cc1,CHEMBL3934626,CHEMBL3934626,16853792;16853851;16853869,CHEMBL3877301;CHEMBL3877301;CHEMBL3877301,7.5;7.38;7.51
Nc1nc(NCCc2ccccc2)nc2sc(-c3ccco3)nc12,CHEMBL3935610,CHEMBL3935610,16853793;16853852;16853870,CHEMBL3877301;CHEMBL3877301;CHEMBL3877301,7.52;7.46;7.8
COc1cccc(CCNc2nc(N)c3nc(-c4ccco4)sc3n2)c1,CHEMBL3907658,CHEMBL3907658,16853794,CHEMBL3877301,7.77
Nc1nc(NCCc2cccc(O)c2)nc2sc(-c3ccco3)nc12,CHEMBL3917647,CHEMBL3917647,16853795,CHEMBL3877301,7.8
COc1ccc(CCNc2nc(N)c3nc(-c4ccco4)sc3n2)cc1OC,CHEMBL3898647,CHEMBL3898647,16853796,CHEMBL3877301,7.04
Nc1nc(NCCc2ccc(O)c(O)c2)nc2sc(-c3ccco3)nc12,CHEMBL3980049,CHEMBL3980049,16853797,CHEMBL3877301,7.4
Nc1nc(NCCCc2ccccc2)nc2sc(-c3ccco3)nc12,CHEMBL3951103,CHEMBL3951103,16853798,CHEMBL3877301,7.24
Nc1nc(Nc2ccccc2)nc2sc(-c3ccco3)nc12,CHEMBL3922410,CHEMBL3922410,16853799,CHEMBL3877301,6.11
Nc1nc(NCc2ccccc2)nc2sc(-c3ccco3)nc12,CHEMBL3950142,CHEMBL3950142,16853800;16853853;16853871,CHEMBL3877301;CHEMBL3877301;CHEMBL3877301,7.66;7.54;7.75
COc1ccc(CNc2nc(N)c3nc(-c4ccco4)sc3n2)cc1,CHEMBL3931329,CHEMBL3931329,16853801;16853854;16853872,CHEMBL3877301;CHEMBL3877301;CHEMBL3877301,6.77;6.73;6.91
Nc1nc(NCc2cccc(O)c2)nc2sc(-c3ccco3)nc12,CHEMBL3932413,CHEMBL3932413,16853804;16853857;16853875,CHEMBL3877301;CHEMBL3877301;CHEMBL3877301,7.7;7.57;7.66
Nc1nc(NCc2cccc(F)c2)nc2sc(-c3ccco3)nc12,CHEMBL3913413,CHEMBL3913413,16853805,CHEMBL3877301,9.09
CCCNc1nc(N)c2nc(-c3ccco3)sc2n1,CHEMBL3963278,CHEMBL3963278,16853806,CHEMBL3877301,7.77
CCCCNc1nc(N)c2nc(-c3ccco3)sc2n1,CHEMBL3984266,CHEMBL3984266,16853807,CHEMBL3877301,8.09
COc1ccccc1CNc1nc(N)c2nc(-c3ccco3)sc2n1,CHEMBL3958838,CHEMBL3958838,16853873,CHEMBL3877301,10.29
COc1cccc(CNc2nc(N)c3nc(-c4ccco4)sc3n2)c1,CHEMBL3904408,CHEMBL3904408,16853874,CHEMBL3877301,10.02
Nc1nc(NCCN2CCC(c3ccccc3)CC2)nc2nc(-c3ccco3)nn12,CHEMBL3937413,CHEMBL3937413,16914167;16914182;16914202;16914214;16914226;16914245;16914961;19405640,CHEMBL3885741;CHEMBL3885741;CHEMBL3885741;CHEMBL3885741;CHEMBL3885741;CHEMBL3885741;CHEMBL3885741;CHEMBL4425116,7.35;7.55;7.66;7.94;8.09;8.12;8.34;8.42
Nc1nc(NCCN2CCN(c3ccc(F)cc3F)CC2)nc2nc(-c3ccco3)nn12,CHEMBL184061,CHEMBL184061,16914169;16914192;16914200;16914225;16914227;16914250;16914958;19405641,CHEMBL3885741;CHEMBL3885741;CHEMBL3885741;CHEMBL3885741;CHEMBL3885741;CHEMBL3885741;CHEMBL3885741;CHEMBL4425116,8.43;8.79;9.41;9.17;9.42;9.28;9.57;9.48
Nc1nc(NCCCN2CCN(c3ccccc3)CC2)nc2nc(-c3ccco3)nn12,CHEMBL187810,CHEMBL187810,16914173;16914185;16914198;16914211;16914230;16914244;16914942;19405639,CHEMBL3885741;CHEMBL3885741;CHEMBL3885741;CHEMBL3885741;CHEMBL3885741;CHEMBL3885741;CHEMBL3885741;CHEMBL4425116,7.28;7.46;7.66;7.89;8.09;8.24;8.01;8.89
CN1CCN(CCNc2nc(N)n3nc(-c4ccco4)nc3n2)CC1,CHEMBL3934661,CHEMBL3934661,16914175;16914184;16914210;16914212;16914234;16914251;16914969;19405638,CHEMBL3885741;CHEMBL3885741;CHEMBL3885741;CHEMBL3885741;CHEMBL3885741;CHEMBL3885741;CHEMBL3885741;CHEMBL4425116,6.41;6.63;6.9;7.0;7.28;7.74;7.46;7.51
CCCn1c(=O)n(CC)c(=O)c2[nH]c(-c3ccc(OCC(=O)NCCN)cc3)nc21,CHEMBL3981401,CHEMBL3981401,16914464;16914477;16914671,CHEMBL3885741;CHEMBL3885741;CHEMBL3885741,7.93;8.12;7.78
CCCn1c(=O)c2nc(C34CC5CC(CC3C5)C4)[nH]c2n(CCC)c1=O,CHEMBL52333,CHEMBL52333,16914916;16914929;18725596;22459724,CHEMBL3885741;CHEMBL3885741;CHEMBL4257504;CHEMBL4680130,6.88;7.46;6.97;6.97
CCCCn1c(=O)c2[nH]c(C34CC5CC(CC3C5)C4)nc2n(CCCO)c1=O,CHEMBL1316674,CHEMBL1316674,16914950;22459725,CHEMBL3885741;CHEMBL4680130,8.61;6.01
Nc1nc(-n2cccn2)nc(-n2cccn2)c1Br,CHEMBL3694769,CHEMBL3694769,17641730;17641747;22757046;22757051;23126617;24772317,CHEMBL3638684;CHEMBL3638684;CHEMBL4699449;CHEMBL4699449;CHEMBL4806962;CHEMBL5126505,7.92;7.6;7.92;7.6;8.25;7.3
Nc1nc(-n2cccn2)nc(N2CCCC2)c1Br,CHEMBL3694770,CHEMBL3694770,17641731,CHEMBL3638684,7.96
Nc1nc(-n2cccn2)nc(NC2CCCC2)c1Br,CHEMBL3694771,CHEMBL3694771,17641732,CHEMBL3638684,8.22
Nc1nc(-n2cccn2)nc(N2CCCCC2)c1Br,CHEMBL3694772,CHEMBL3694772,17641733,CHEMBL3638684,7.85
Nc1nc(-n2cccn2)nc(NC2CC2)c1Br,CHEMBL3694773,CHEMBL3694773,17641734;17641748,CHEMBL3638684;CHEMBL3638684,7.75;7.22
Nc1nc(-n2cccn2)nc(N2CCC2)c1Br,CHEMBL3694774,CHEMBL3694774,17641735,CHEMBL3638684,7.48
Nc1nc(-n2cccn2)nc(NC2CCC2)c1Br,CHEMBL3694775,CHEMBL3694775,17641736,CHEMBL3638684,7.68
CN(C)c1nc(-n2cccn2)nc(N)c1Br,CHEMBL3694776,CHEMBL3694776,17641737;17641749,CHEMBL3638684;CHEMBL3638684,7.46;7.3
COC[C@H]1CCCN1c1nc(-n2cccn2)nc(N)c1Br,CHEMBL3694777,CHEMBL3694777,17641738,CHEMBL3638684,7.85
CNc1nc(-n2cccn2)nc(N)c1Br,CHEMBL3694778,CHEMBL3694778,17641739,CHEMBL3638684,7.8
Nc1nc(-n2cccn2)nc(NCC2CC2)c1Br,CHEMBL3694779,CHEMBL3694779,17641740,CHEMBL3638684,8.0
CCSc1nc(-n2cccn2)nc(N)c1Br,CHEMBL3694780,CHEMBL3694780,17641741,CHEMBL3638684,8.1
CC(C)Sc1nc(-n2cccn2)nc(N)c1Br,CHEMBL3694781,CHEMBL3694781,17641742,CHEMBL3638684,8.15
Nc1nc(-n2cccn2)nc(OCC(F)(F)F)c1Br,CHEMBL3694782,CHEMBL3694782,17641743,CHEMBL3638684,7.85
Nc1nc(-n2cccn2)nc(-n2cccn2)c1Cl,CHEMBL3694783,CHEMBL3694783,17641744,CHEMBL3638684,7.77
N#Cc1c(N)nc(-n2cccn2)nc1-n1cccn1,CHEMBL3694784,CHEMBL3694784,17641745,CHEMBL3638684,8.15
Nc1nc(-c2nccs2)nc(-c2nccs2)c1Br,CHEMBL3694785,CHEMBL3694785,17641746;17641750,CHEMBL3638684;CHEMBL3638684,9.0;7.92
[C-]#[N+]c1ccc2ncc(C(=O)c3ccc(C(=O)N(CC)C4CCCCC4)cc3)n2c1,CHEMBL3677905,CHEMBL3677905,17681784,CHEMBL3638613,6.77
CCN(C(=O)c1ccc(C(=O)c2cnc3ccc(Br)cn23)cc1)C1CCCCC1,CHEMBL3677906,CHEMBL3677906,17681785,CHEMBL3638613,6.97
CCN(C(=O)c1ccc(C(=O)c2cnc3ccccn23)nc1)C1CCCCC1,CHEMBL3677907,CHEMBL3677907,17681787,CHEMBL3638613,6.58
CCN(C(=O)c1ccc(C(=O)c2cnc3ccc(F)cn23)cc1Cl)C1CCCCC1,CHEMBL3677908,CHEMBL3677908,17681788,CHEMBL3638613,7.47
Nc1cc(C(=O)N2CCCCCC2)ccc1C(=O)c1cnc2ccc(F)cn12,CHEMBL3677909,CHEMBL3677909,17681789,CHEMBL3638613,6.99
O=C(c1ccc(C(=O)N(C2CCCCC2)C2CCCCC2)cc1)c1cnc2ccccn12,CHEMBL3677910,CHEMBL3677910,17681790,CHEMBL3638613,6.86
CCN(C(=O)c1ccc(C(=O)c2cnc3ccccn23)cc1)c1ccccc1,CHEMBL3677911,CHEMBL3677911,17681791,CHEMBL3638613,6.73
O=C(c1ccc(C(=O)N2CCCc3ccccc32)cc1)c1cnc2ccccn12,CHEMBL3677912,CHEMBL3677912,17681792,CHEMBL3638613,6.77
Cn1nc(-c2cnc3ccc(F)cn23)c2ccc(C(=O)N3CCCCCC3)cc21,CHEMBL3677913,CHEMBL3677913,17681793,CHEMBL3638613,8.4
Cn1nc(-c2cnc3ccc(C(F)(F)F)cn23)c2ccc(C(=O)N3CCCCCC3)cc21,CHEMBL3677914,CHEMBL3677914,17681794,CHEMBL3638613,6.75
Cn1nc(-c2cnc3ccc(F)cn23)c2ccc(C(=O)N3CCCCCCC3)cc21,CHEMBL3677915,CHEMBL3677915,17681795,CHEMBL3638613,8.52
O=C(c1ccc2c(-c3cnc4ccc(F)cn34)nn(Cc3ccccc3)c2c1)N1CCCCCC1,CHEMBL3677916,CHEMBL3677916,17681797,CHEMBL3638613,7.47
CN1CCN(C(=O)n2nc(-c3cnc4ccc(F)cn34)c3ccc(C(=O)N4CCCCCC4)cc32)CC1,CHEMBL3677917,CHEMBL3677917,17681798,CHEMBL3638613,6.54
[C-]#[N+]c1ccc2ncc(-c3noc4cc(C(=O)N5CCOCC5)ccc34)n2c1,CHEMBL3677918,CHEMBL3677918,17681800,CHEMBL3638613,6.83
CCN(C(=O)c1ccc2nc(-c3cnc4ccccn34)oc2c1)C1CCCCC1,CHEMBL3677919,CHEMBL3677919,17681801,CHEMBL3638613,6.59
O=C(c1ccc2c(c1)nnn2-c1cnc2ccc(F)cn12)N1CCCCCC1,CHEMBL3677920,CHEMBL3677920,17681802,CHEMBL3638613,7.14
O=C(c1ccc2c(-c3cnc4ccc(F)cn34)c[nH]c2c1)N1CCCCCC1,CHEMBL3677921,CHEMBL3677921,17681803,CHEMBL3638613,6.46
Nc1nc(-c2cnc3ccc(F)cn23)c2ccc(C(=O)N3CCCCCC3)cc2n1,CHEMBL3677922,CHEMBL3677922,17681804,CHEMBL3638613,7.08
CCN(C(=O)c1ccc(C(=O)c2cnc3ccc(Cl)nn23)cc1)C1CCCCC1,CHEMBL3677923,CHEMBL3677923,17681805,CHEMBL3638613,6.34
Cn1cc2c(nc(NC(=O)CCCc3cn(CCCCCCNC(=O)c4ccc(-c5c6ccc(=N)c(S(=O)(=O)O)c-6oc6c(S(=O)(=O)O)c(N)ccc56)c(C(=O)O)c4)nn3)n3nc(-c4ccco4)nc23)n1,CHEMBL3926805,CHEMBL3926805,17692455,CHEMBL3886184,7.05
CN(C)c1cc2nc(NCc3cccnc3)nc(C(=O)c3cccs3)c2s1,CHEMBL1081160,CHEMBL1081160,17702850,CHEMBL3886219,6.5
CCNc1cc2nc(NCc3cccnc3)nc(C(=O)c3cccs3)c2s1,CHEMBL1080421,CHEMBL1080421,17702851,CHEMBL3886219,6.14
O=C(c1cccs1)c1nc(NCc2cccnc2)nc2cc(NCc3cccnc3)sc12,CHEMBL3922797,CHEMBL3922797,17702855,CHEMBL3886219,6.08
CCCC(=O)c1nc(N)c2nc(-n3nccn3)n(C)c2n1,CHEMBL3917889,CHEMBL3917889,17706543,CHEMBL3886250,7.72
Cn1cc2c(nc(NNC(=S)Nc3ccc(-c4c5ccc(=O)cc-5oc5cc(O)ccc45)c(C(=O)O)c3)n3nc(-c4ccco4)nc23)n1,CHEMBL3897613,CHEMBL3897613,17738368,CHEMBL3886184,6.04
Cn1cc2c(nc(NCCCCNC(=S)Nc3ccc(-c4c5ccc(=O)cc-5oc5cc(O)ccc45)c(C(=O)O)c3)n3nc(-c4ccco4)nc23)n1,CHEMBL3949028,CHEMBL3949028,17738372,CHEMBL3886184,6.34
Nc1nc2cccc(Cl)c2c2nc(-c3ccco3)nn12,CHEMBL3969868,CHEMBL3969868,17738380,CHEMBL3886184,8.92
C#CCCCC(=O)Nc1nc2cccc(Cl)c2c2nc(-c3ccco3)nn12,CHEMBL3896373,CHEMBL3896373,17738383,CHEMBL3886184,7.29
Cn1cc2c(nc(NC(=O)Nc3ccc(CC(=O)O)cc3)n3nc(-c4ccco4)nc23)n1,CHEMBL3897868,CHEMBL3897868,17738389;22848703,CHEMBL3886184;CHEMBL4715845,6.0;6.0
Cn1cc2c(nc(NC(=O)Nc3ccc(CC(=O)NCCCC(=O)OC(C)(C)C)cc3)n3nc(-c4ccco4)nc23)n1,CHEMBL3968812,CHEMBL3968812,17738390,CHEMBL3886184,6.82
Cn1cc2c(nc(NC(=O)Nc3ccc(CC(=O)NCCCCC(=O)OC(C)(C)C)cc3)n3nc(-c4ccco4)nc23)n1,CHEMBL3911816,CHEMBL3911816,17738391,CHEMBL3886184,6.52
Cn1cc2c(nc(NC(=O)Nc3ccc(CC(=O)NCCCCCC(=O)OC(C)(C)C)cc3)n3nc(-c4ccco4)nc23)n1,CHEMBL3965390,CHEMBL3965390,17738392,CHEMBL3886184,6.42
Cn1cc2c(nc(NC(=O)Nc3ccc(CC(=O)NCCOOCCCCC(=O)OC(C)(C)C)cc3)n3nc(-c4ccco4)nc23)n1,CHEMBL3912379,CHEMBL3912379,17738393,CHEMBL3886184,6.34
Cn1cc2c(nc(NC(=O)Nc3ccc(CC(=O)NCCCOCCOOCCCCCNC(=O)OC(C)(C)C)cc3)n3nc(-c4ccco4)nc23)n1,CHEMBL3982305,CHEMBL3982305,17738394,CHEMBL3886184,6.49
Cn1cc2c(nc(NC(=O)Nc3ccc(CC(=O)NCCCN)cc3)n3nc(-c4ccco4)nc23)n1,CHEMBL3963499,CHEMBL3963499,17738395,CHEMBL3886184,6.76
Cn1cc2c(nc(NC(=O)Nc3ccc(CC(=O)NCCCCN)cc3)n3nc(-c4ccco4)nc23)n1,CHEMBL3981200,CHEMBL3981200,17738396,CHEMBL3886184,6.76
Cn1cc2c(nc(NC(=O)Nc3ccc(CC(=O)NCCCCCN)cc3)n3nc(-c4ccco4)nc23)n1,CHEMBL3928902,CHEMBL3928902,17738397,CHEMBL3886184,6.69
Cn1cc2c(nc(NC(=O)Nc3ccc(CC(=O)NCCOOCCCCN)cc3)n3nc(-c4ccco4)nc23)n1,CHEMBL3956455,CHEMBL3956455,17738398,CHEMBL3886184,6.57
Cn1cc2c(nc(NC(=O)Nc3ccc(CC(=O)NCCCOCCOOCCCCCN)cc3)n3nc(-c4ccco4)nc23)n1,CHEMBL3941406,CHEMBL3941406,17738399,CHEMBL3886184,6.48
Cn1cc2c(nc(NC(=O)Nc3ccc(CC(=O)NCCCNC(=S)Nc4ccc(-c5c6ccc(=O)cc-6oc6cc(O)ccc56)c(C(=O)O)c4)cc3)n3nc(-c4ccco4)nc23)n1,CHEMBL3942632,CHEMBL3942632,17738400,CHEMBL3886184,6.96
Cn1cc2c(nc(NC(=O)Nc3ccc(CC(=O)NCCCCNC(=S)Nc4ccc(-c5c6ccc(=O)cc-6oc6cc(O)ccc56)c(C(=O)O)c4)cc3)n3nc(-c4ccco4)nc23)n1,CHEMBL3914598,CHEMBL3914598,17738401,CHEMBL3886184,7.22
Cn1cc2c(nc(NC(=O)Nc3ccc(CC(=O)NCCCCCNC(=S)Nc4ccc(-c5c6ccc(=O)cc-6oc6cc(O)ccc56)c(C(=O)O)c4)cc3)n3nc(-c4ccco4)nc23)n1,CHEMBL3954071,CHEMBL3954071,17738402,CHEMBL3886184,6.97
Cn1cc2c(nc(NC(=O)Nc3ccc(CC(=O)NCCOOCCCCNC(=S)Nc4ccc(-c5c6ccc(=O)cc-6oc6cc(O)ccc56)c(C(=O)O)c4)cc3)n3nc(-c4ccco4)nc23)n1,CHEMBL3891806,CHEMBL3891806,17738403,CHEMBL3886184,7.02
Cn1cc2c(nc(NC(=O)Nc3ccc(CC(=O)NCCCOCCOOCCCCCNC(=S)Nc4ccc(-c5c6ccc(=O)cc-6oc6cc(O)ccc56)c(C(=O)O)c4)cc3)n3nc(-c4ccco4)nc23)n1,CHEMBL3951196,CHEMBL3951196,17738404,CHEMBL3886184,7.04
C#CCCC(=O)Nc1nc2nn(C)cc2c2nc(-c3ccco3)nn12,CHEMBL3961930,CHEMBL3961930,17738405,CHEMBL3886184,6.88
C#CCCCC(=O)Nc1nc2nn(C)cc2c2nc(-c3ccco3)nn12,CHEMBL3892915,CHEMBL3892915,17738406,CHEMBL3886184,6.7
C#CCCCCC(=O)Nc1nc2nn(C)cc2c2nc(-c3ccco3)nn12,CHEMBL3915716,CHEMBL3915716,17738407,CHEMBL3886184,6.82
C#CCCCCCC(=O)Nc1nc2nn(C)cc2c2nc(-c3ccco3)nn12,CHEMBL3985442,CHEMBL3985442,17738408,CHEMBL3886184,6.32
CCCn1c(=O)c2[nH]c(-c3cnn(CC4CC(=O)N(c5ccc(C(F)(F)F)cc5)C4)c3)nc2n(CCC)c1=O,CHEMBL4083317,CHEMBL4083317,17965267,CHEMBL3994582,6.91
CCCn1c(=O)c2[nH]c(-c3cnn(CC4CC(=O)N(c5ccc(F)cc5)C4)c3)nc2n(CC)c1=O,CHEMBL4065629,CHEMBL4065629,17965268,CHEMBL3994582,6.72
CCCn1c(=O)c2[nH]c(-c3cnn(CC4CC(=O)N(c5ccc(C(F)(F)F)cc5)C4)c3)nc2n(CC)c1=O,CHEMBL4074253,CHEMBL4074253,17965269,CHEMBL3994582,6.34
CCCn1c(=O)c2[nH]c(-c3cnn(CC4CC(=O)N(c5ccc(OC)cc5)C4)c3)nc2n(CC)c1=O,CHEMBL4095686,CHEMBL4095686,17965270,CHEMBL3994582,6.31
CCCn1c(=O)c2[nH]c(-c3cnn(CC4CCN(c5ccc(OC(F)(F)F)cc5)C4=O)c3)nc2n(CCC)c1=O,CHEMBL4098127,CHEMBL4098127,17965271,CHEMBL3994582,7.44
CCCn1c(=O)c2[nH]c(-c3cnn(CC(=O)N4CCN(c5cccc(C(F)(F)F)c5)CC4)c3)nc2n(CCC)c1=O,CHEMBL4095843,CHEMBL4095843,17965272,CHEMBL3994582,7.24
CCCn1c(=O)c2[nH]c(-c3ccc(OCC4CC(=O)N(c5ccc(C(F)(F)F)cc5)C4)nc3)nc2n(CCC)c1=O,CHEMBL4065717,CHEMBL4065717,17965273,CHEMBL3994582,7.28
COc1ccc(N2CCOCC2)c2sc(NC(=O)C(C)(C)Oc3ccc(F)cc3)nc12,CHEMBL4068032,CHEMBL4068032,18008765;18008868;24772485,CHEMBL4002602;CHEMBL4002602;CHEMBL5126505,7.89;8.38;7.89
COc1ccc(N2CCOCC2)c2sc(NC(=O)C(C)(C)Oc3cccc(F)c3)nc12,CHEMBL4095424,CHEMBL4095424,18008766;18008869,CHEMBL4002602;CHEMBL4002602,8.55;9.02
COc1ccc(N2CCOCC2)c2sc(NC(=O)C(C)(C)Oc3ccc(C)cc3)nc12,CHEMBL4078896,CHEMBL4078896,18008767;18008870,CHEMBL4002602;CHEMBL4002602,8.27;8.08
COc1ccc(N2CCOCC2)c2sc(NC(=O)C(C)(C)Oc3ccc(F)cc3F)nc12,CHEMBL4103179,CHEMBL4103179,18008768;18008871,CHEMBL4002602;CHEMBL4002602,8.15;8.59
COc1ccc(N2CCOCC2)c2sc(NC(=O)C(C)(C)Oc3c(F)cccc3F)nc12,CHEMBL4086751,CHEMBL4086751,18008769;18008872,CHEMBL4002602;CHEMBL4002602,8.1;9.0
COc1ccc(N2CCOCC2)c2sc(NC(=O)C(C)(C)Oc3ccc(F)c(F)c3)nc12,CHEMBL4065326,CHEMBL4065326,18008770;18008873;24772486,CHEMBL4002602;CHEMBL4002602;CHEMBL5126505,8.19;8.62;8.19
COc1ccc(OC(C)(C)C(=O)Nc2nc3c(OC)ccc(N4CCOCC4)c3s2)cc1OC,CHEMBL4094491,CHEMBL4094491,18008771;18008874,CHEMBL4002602;CHEMBL4002602,7.72;8.74
COCCOc1cccc(OC(C)(C)C(=O)Nc2nc3c(OC)ccc(N4CCOCC4)c3s2)c1,CHEMBL4073934,CHEMBL4073934,18008772,CHEMBL4002602,7.66
COc1ccc(N2CCOCC2)c2sc(NC(=O)C(C)(C)Oc3ccc4c(c3)OCO4)nc12,CHEMBL4102234,CHEMBL4102234,18008773;18008876,CHEMBL4002602;CHEMBL4002602,7.77;8.68
COc1ccc(N2CCOCC2)c2sc(NC(=O)C(C)(C)Oc3ccc(Cl)cc3)nc12,CHEMBL4084269,CHEMBL4084269,18008774,CHEMBL4002602,7.29
COc1ccc(N2CCOCC2)c2sc(NC(=O)C(C)(C)Oc3ccc(C(F)(F)F)cc3)nc12,CHEMBL4067205,CHEMBL4067205,18008775,CHEMBL4002602,7.12
COc1ccc(N2CCOCC2)c2sc(NC(=O)C(C)(C)Oc3ccc(C#N)cc3)nc12,CHEMBL4086370,CHEMBL4086370,18008776,CHEMBL4002602,7.24
COc1ccc(N2CCOCC2)c2sc(NC(=O)C(C)(C)Oc3ccc(C(C)(C)C)cc3)nc12,CHEMBL4100669,CHEMBL4100669,18008777,CHEMBL4002602,6.3
COc1cnc(N2CCOCC2)c2sc(NC(=O)C(C)(C)Oc3ccc(F)cc3)nc12,CHEMBL4080594,CHEMBL4080594,18008778;18008881;24772487,CHEMBL4002602;CHEMBL4002602;CHEMBL5126505,8.47;8.19;8.47
COc1cnc(N2CCOCC2)c2sc(NC(=O)C(C)(C)Oc3cccc(F)c3)nc12,CHEMBL4097118,CHEMBL4097118,18008779;18008882,CHEMBL4002602;CHEMBL4002602,7.85;8.33
COc1cnc(N2CCOCC2)c2sc(NC(=O)C(C)(C)Oc3ccccc3F)nc12,CHEMBL4075166,CHEMBL4075166,18008780,CHEMBL4002602,7.68
COc1cnc(N2CCOCC2)c2sc(NC(=O)C(C)(C)Oc3ccc(Cl)cc3)nc12,CHEMBL4089405,CHEMBL4089405,18008781,CHEMBL4002602,7.54
COc1cnc(N2CCOCC2)c2sc(NC(=O)C(C)(C)Oc3cccc(C(F)(F)F)c3)nc12,CHEMBL4061249,CHEMBL4061249,18008782,CHEMBL4002602,7.62
COc1cnc(N2CCOCC2)c2sc(NC(=O)C(C)(C)Oc3ccc(F)cc3F)nc12,CHEMBL4081533,CHEMBL4081533,18008783;18008886,CHEMBL4002602;CHEMBL4002602,7.89;7.87
COc1cnc(N2CCOCC2)c2sc(NC(=O)C(C)(C)Oc3c(F)cccc3F)nc12,CHEMBL4099543,CHEMBL4099543,18008784;18008887,CHEMBL4002602;CHEMBL4002602,7.82;7.58
COc1cnc(N2CCOCC2)c2sc(NC(=O)C(C)(C)Oc3ccc(F)c(F)c3)nc12,CHEMBL4076650,CHEMBL4076650,18008785;18008888,CHEMBL4002602;CHEMBL4002602,7.92;7.62
COCCOc1cccc(OC(C)(C)C(=O)Nc2nc3c(OC)cnc(N4CCOCC4)c3s2)c1,CHEMBL4103199,CHEMBL4103199,18008786;18008889,CHEMBL4002602;CHEMBL4002602,7.85;7.55
COc1cnc(N2CCOCC2)c2sc(NC(=O)C(C)(C)Oc3ccc4c(c3)OCO4)nc12,CHEMBL4094427,CHEMBL4094427,18008787,CHEMBL4002602,7.38
COc1cnc(N2CCOCC2)c2sc(NC(=O)C(C)(C)Oc3ccc(C)cc3)nc12,CHEMBL4073861,CHEMBL4073861,18008788,CHEMBL4002602,7.26
COc1cccc(OC(C)(C)C(=O)Nc2nc3c(OC)cnc(N4CCOCC4)c3s2)c1,CHEMBL4072801,CHEMBL4072801,18008789,CHEMBL4002602,7.38
COc1ccc(N2CCOCC2)c2sc(NC(=O)C3(C)CCC(O)CC3)nc12,CHEMBL4099688,CHEMBL4099688,18008790;18008893;24772478;24772488,CHEMBL4002602;CHEMBL4002602;CHEMBL5126505;CHEMBL5126505,8.23;8.96;8.23;8.96
COc1ccc(N2CCOCC2)c2sc(NC(=O)C3(C)CCC(C)(O)CC3)nc12,CHEMBL4064207,CHEMBL4064207,18008791;18008894;24772479;24772489,CHEMBL4002602;CHEMBL4002602;CHEMBL5126505;CHEMBL5126505,8.07;9.6;8.07;9.6
CCC1(O)CCC(C)(C(=O)Nc2nc3c(OC)ccc(N4CCOCC4)c3s2)CC1,CHEMBL4061522,CHEMBL4061522,18008792,CHEMBL4002602,7.6
COc1ccc(N2CCOCC2)c2sc(NC(=O)C3(C)CCC(O)(C(C)C)CC3)nc12,CHEMBL4067952,CHEMBL4067952,18008793;18008896,CHEMBL4002602;CHEMBL4002602,7.77;8.68
CCN(CC)C1CCC(C)(C(=O)Nc2nc3c(OC)ccc(N4CCOCC4)c3s2)CC1,CHEMBL4095355,CHEMBL4095355,18008794;18008897;24772480;24772490,CHEMBL4002602;CHEMBL4002602;CHEMBL5126505;CHEMBL5126505,8.68;9.7;8.68;9.7
CNC(=O)[C@H]1[Se][C@@H](n2cnc3c(NC4CCC4)nc(Cl)nc32)[C@H](O)[C@@H]1O,CHEMBL4087331,CHEMBL4087331,18051313,CHEMBL4007510,6.05
CNC(=O)[C@H]1[Se][C@@H](n2cnc3c(NCc4cccc(Cl)c4)nc(Cl)nc32)[C@H](O)[C@@H]1O,CHEMBL4068634,CHEMBL4068634,18051316,CHEMBL4007510,6.62
CNC(=O)[C@H]1[Se][C@@H](n2cnc3c(NCc4ccc5ccccc5c4)ncnc32)[C@H](O)[C@@H]1O,CHEMBL4103146,CHEMBL4103146,18051320,CHEMBL4007510,6.71
CNC(=O)[C@H]1[Se][C@@H](n2cnc3c(NCc4cccc(Br)c4)ncnc32)[C@H](O)[C@@H]1O,CHEMBL4068467,CHEMBL4068467,18051324,CHEMBL4007510,6.25
CNC(=O)[C@H]1[Se][C@@H](n2cnc3c(NCc4cccc(Cl)c4)ncnc32)[C@H](O)[C@@H]1O,CHEMBL4095809,CHEMBL4095809,18051325,CHEMBL4007510,6.26
Nc1ccc(-n2nc3c(=O)[nH]c(-c4ccccc4)cn3c2=O)cc1,CHEMBL4090423,CHEMBL4090423,18059259,CHEMBL4011624,6.38
O=c1[nH]c(-c2ccccc2)cn2c(=O)n(-c3ccc(O)cc3)nc12,CHEMBL4082584,CHEMBL4082584,18059261,CHEMBL4011624,6.41
CC(C)Oc1ccc(-c2cn3c(=O)n(-c4ccccc4)nc3c(N)n2)cc1,CHEMBL4079325,CHEMBL4079325,18059273,CHEMBL4011624,8.13
CCOc1ccc(-c2cn3c(=O)n(-c4ccccc4)nc3c(N)n2)cc1,CHEMBL4064795,CHEMBL4064795,18059275;18059396;24772336,CHEMBL4011624;CHEMBL4011624;CHEMBL5126505,8.54;7.01;8.54
Nc1nc(-c2ccc(OCc3ccccc3)cc2)cn2c(=O)n(-c3ccccc3)nc12,CHEMBL4086268,CHEMBL4086268,18059276,CHEMBL4011624,6.15
C#CCOc1ccc(-c2cn3c(=O)n(-c4ccccc4)nc3c(N)n2)cc1,CHEMBL4071262,CHEMBL4071262,18059278,CHEMBL4011624,7.97
C#CCOc1cccc(-c2cn3c(=O)n(-c4ccccc4)nc3c(N)n2)c1,CHEMBL4059885,CHEMBL4059885,18059279,CHEMBL4011624,8.29
Nc1nc(-c2ccc(O)cc2)cn2c(=O)n(-c3ccccc3)nc12,CHEMBL4081800,CHEMBL4081800,18059280,CHEMBL4011624,7.35
Nc1nc(-c2cccc(O)c2)cn2c(=O)n(-c3ccccc3)nc12,CHEMBL4068548,CHEMBL4068548,18059281,CHEMBL4011624,8.46
COc1ccc(-c2cn3c(=O)n(-c4ccccc4)nc3c(N)n2)cc1,CHEMBL4079360,CHEMBL4079360,18059283;18059395,CHEMBL4011624;CHEMBL4011624,8.14;6.75
COc1cccc(-c2cn3c(=O)n(-c4ccccc4)nc3c(N)n2)c1,CHEMBL4097391,CHEMBL4097391,18059284,CHEMBL4011624,8.17
Nc1nc(-c2ccccc2)cn2c(=O)n(-c3ccccc3O)nc12,CHEMBL4094093,CHEMBL4094093,18059286,CHEMBL4011624,6.63
Nc1nc(-c2ccccc2)cn2c(=O)n(-c3ccc(O)cc3)nc12,CHEMBL4070286,CHEMBL4070286,18059287,CHEMBL4011624,6.86
COc1ccccc1-n1nc2c(N)nc(-c3ccccc3)cn2c1=O,CHEMBL4061617,CHEMBL4061617,18059289,CHEMBL4011624,6.51
Nc1nc(-c2ccccc2)cn2c(=O)n(-c3ccc([N+](=O)[O-])cc3)nc12,CHEMBL4089735,CHEMBL4089735,18059290,CHEMBL4011624,6.4
COc1ccc(-n2nc3c(N)nc(-c4ccccc4)cn3c2=O)cc1,CHEMBL4088805,CHEMBL4088805,18059291,CHEMBL4011624,7.11
Nc1nc(-c2ccccc2)cn2c(=O)n(-c3ccccc3)nc12,CHEMBL4080925,CHEMBL4080925,18059293,CHEMBL4011624,8.0
Cc1cn2c(=O)n(-c3ccccc3)nc2c(N)n1,CHEMBL4105169,CHEMBL4105169,18059294,CHEMBL4011624,6.31
Nc1nc2nn(Cc3ccc(C4(C(F)(F)F)N=N4)cc3)cc2c2nc(-c3ccco3)nn12,CHEMBL4079067,CHEMBL4079067,18167769,CHEMBL4033759,7.4
COc1cccc(-c2cc(NC(C)=O)nc(-c3cccc(OC)c3OC)c2)c1OC,CHEMBL4059638,CHEMBL4059638,18189201,CHEMBL4038346,6.45
Nc1nc(Br)cn2cc(-c3ccco3)nc12,CHEMBL4070713,CHEMBL4070713,18192430,CHEMBL4041491,6.58
Nc1nc(-c2ccccc2)cn2cc(-c3ccccc3)nc12,CHEMBL4105350,CHEMBL4105350,18192431,CHEMBL4041491,6.51
Nc1nc(-c2ccccc2)cn2cc(-c3ccco3)nc12,CHEMBL4101016,CHEMBL4101016,18192432,CHEMBL4041491,6.28
Nc1nc(-c2ccco2)cn2cc(-c3ccco3)nc12,CHEMBL4071067,CHEMBL4071067,18192433,CHEMBL4041491,6.07
Cc1nc2ccc(NC(=O)Nc3ccnc4cccnc34)cc2o1,CHEMBL291536,CHEMBL291536,18212673,CHEMBL4043177,6.17
Nc1nc(NCCCCCCNC(=O)c2ccc(-c3sc(N)c(C(=O)c4ccccc4)c3-c3cccc(C(F)(F)F)c3)cc2)c2ncn([C@@H]3O[C@H](CO)[C@@H](O)[C@H]3O)c2n1,CHEMBL4069296,CHEMBL4069296,18224816,CHEMBL4043287,6.12
Nc1sc(-c2ccc(C(=O)NCCCCCCNc3nc(Cl)nc4c3ncn4[C@@H]3O[C@H](CO)[C@@H](O)[C@H]3O)cc2)c(-c2cccc(C(F)(F)F)c2)c1C(=O)c1ccccc1,CHEMBL4077152,CHEMBL4077152,18224817,CHEMBL4043287,6.84
CCNC(=O)[C@H]1O[C@@H](n2cnc3c(NCCCCCCNC(=O)c4ccc(-c5sc(N)c(C(=O)c6ccccc6)c5-c5cccc(C(F)(F)F)c5)cc4)ncnc32)[C@H](O)[C@@H]1O,CHEMBL4085418,CHEMBL4085418,18224818,CHEMBL4043287,7.25
Nc1sc(-c2cccc(C(=O)NCCCCCCNc3ncnc4c3ncn4[C@@H]3O[C@H](CO)[C@@H](O)[C@H]3O)c2)c(-c2cccc(C(F)(F)F)c2)c1C(=O)c1ccccc1,CHEMBL4101850,CHEMBL4101850,18224821,CHEMBL4043287,6.83
Nc1sc(-c2ccc(C(=O)NCCCCCCNc3ncnc4c3ncn4[C@@H]3O[C@H](CO)[C@@H](O)[C@H]3O)cc2)cc1C(=O)c1ccccc1,CHEMBL4076495,CHEMBL4076495,18224826,CHEMBL4043287,6.45
O=C(NCCCCCCNc1ncnc2c1ncn2[C@@H]1O[C@H](CO)[C@@H](O)[C@H]1O)c1ccc(-c2sccc2-c2cccc(C(F)(F)F)c2)cc1,CHEMBL4089092,CHEMBL4089092,18224827,CHEMBL4043287,6.19
O=C(NCCCCCCNc1ncnc2c1ncn2[C@@H]1O[C@H](CO)[C@@H](O)[C@H]1O)c1cccc(-c2cc(C(=O)c3ccccc3)cs2)c1,CHEMBL4078771,CHEMBL4078771,18224828,CHEMBL4043287,6.36
CCn1nnc([C@H]2O[C@@H](n3cnc4c(NCC5CC5)ncnc43)[C@H](O)[C@@H]2O)n1,CHEMBL4087306,CHEMBL4087306,18240231;18240283,CHEMBL4049451;CHEMBL4049451,6.95;7.78
CCn1nnc([C@H]2O[C@@H](n3cnc4c(NCC5CC5)nc(Cl)nc43)[C@H](O)[C@@H]2O)n1,CHEMBL4105164,CHEMBL4105164,18240232;18240284,CHEMBL4049451;CHEMBL4049451,6.48;7.54
CCn1nnc([C@H]2O[C@@H](n3cnc4c(NCc5ccco5)ncnc43)[C@H](O)[C@@H]2O)n1,CHEMBL4076003,CHEMBL4076003,18240233;18240285,CHEMBL4049451;CHEMBL4049451,6.47;7.26
CCn1nnc([C@H]2O[C@@H](n3cnc4c(NCc5ccco5)nc(Cl)nc43)[C@H](O)[C@@H]2O)n1,CHEMBL4086325,CHEMBL4086325,18240234;18240286,CHEMBL4049451;CHEMBL4049451,6.18;7.22
CCn1nnc([C@H]2O[C@@H](n3cnc4c(NCc5cccs5)ncnc43)[C@H](O)[C@@H]2O)n1,CHEMBL4089741,CHEMBL4089741,18240235;18240287,CHEMBL4049451;CHEMBL4049451,7.01;7.83
CCn1nnc([C@H]2O[C@@H](n3cnc4c(NCc5cccs5)nc(Cl)nc43)[C@H](O)[C@@H]2O)n1,CHEMBL4076561,CHEMBL4076561,18240236;18240288,CHEMBL4049451;CHEMBL4049451,6.54;7.42
CCn1nnc([C@H]2O[C@@H](n3cnc4c(NCc5cccc(F)c5)ncnc43)[C@H](O)[C@@H]2O)n1,CHEMBL4097468,CHEMBL4097468,18240237;18240289,CHEMBL4049451;CHEMBL4049451,7.13;7.84
CCn1nnc([C@H]2O[C@@H](n3cnc4c(NCc5cccc(F)c5)nc(Cl)nc43)[C@H](O)[C@@H]2O)n1,CHEMBL4079433,CHEMBL4079433,18240238;18240290,CHEMBL4049451;CHEMBL4049451,6.62;7.5
CCn1nnc([C@H]2O[C@@H](n3cnc4c(NCc5cccc(Cl)c5)ncnc43)[C@H](O)[C@@H]2O)n1,CHEMBL4071338,CHEMBL4071338,18240239;18240291,CHEMBL4049451;CHEMBL4049451,7.53;8.17
CCn1nnc([C@H]2O[C@@H](n3cnc4c(NCc5cccc(Cl)c5)nc(Cl)nc43)[C@H](O)[C@@H]2O)n1,CHEMBL4098377,CHEMBL4098377,18240240;18240292,CHEMBL4049451;CHEMBL4049451,6.96;7.8
CCn1nnc([C@H]2O[C@@H](n3cnc4c(NCc5cccc(Br)c5)ncnc43)[C@H](O)[C@@H]2O)n1,CHEMBL4081876,CHEMBL4081876,18240241;18240293,CHEMBL4049451;CHEMBL4049451,7.61;8.35
CCn1nnc([C@H]2O[C@@H](n3cnc4c(NCc5cccc(Br)c5)nc(Cl)nc43)[C@H](O)[C@@H]2O)n1,CHEMBL4059961,CHEMBL4059961,18240242;18240294,CHEMBL4049451;CHEMBL4049451,7.24;7.88
CCn1nnc([C@H]2O[C@@H](n3cnc4c(NCc5cccc(I)c5)ncnc43)[C@H](O)[C@@H]2O)n1,CHEMBL4078479,CHEMBL4078479,18240243;18240295,CHEMBL4049451;CHEMBL4049451,7.78;8.54
CCn1nnc([C@H]2O[C@@H](n3cnc4c(NCc5ccc(Cl)cc5F)ncnc43)[C@H](O)[C@@H]2O)n1,CHEMBL4102750,CHEMBL4102750,18240244;18240296,CHEMBL4049451;CHEMBL4049451,6.6;7.39
CCn1nnc([C@H]2O[C@@H](n3cnc4c(NCc5ccc(Cl)cc5F)nc(Cl)nc43)[C@H](O)[C@@H]2O)n1,CHEMBL4100130,CHEMBL4100130,18240245;18240297,CHEMBL4049451;CHEMBL4049451,6.05;7.01
CC(C)(C)NS(=O)(=O)c1ccc(-c2sc(C(=O)N[C@H]3C[C@H](C(=O)O)C3)nc2CC2CCCCC2)c2ccccc12,CHEMBL4128926,CHEMBL4128926,18286231,CHEMBL4118122,8.04
Nc1cc(-c2ccco2)cn2cc(-c3ccccc3)nc12,CHEMBL4128825,CHEMBL4128825,18292367,CHEMBL4118172,6.38
COc1ccc(-c2cn3cc(-c4ccco4)ccc3n2)cc1OC,CHEMBL4130185,CHEMBL4130185,18292368,CHEMBL4118172,6.62
COc1ccc(-c2cn3cc(-c4ccco4)cc(N)c3n2)cc1OC,CHEMBL4130042,CHEMBL4130042,18292369,CHEMBL4118172,6.93
Nc1nn(-c2ccccc2Cl)nc1C(=O)CCc1ccccc1,CHEMBL4128108,CHEMBL4128108,18296960,CHEMBL4118207,6.2
Cc1cccc(-n2nc(N)c(C(=O)CCc3ccccc3)n2)c1,CHEMBL4126042,CHEMBL4126042,18296961,CHEMBL4118207,6.6
Nc1nn(-c2ccccc2)nc1C(=O)NCc1ccccc1,CHEMBL4126651,CHEMBL4126651,18296963,CHEMBL4118207,7.64
Cc1ccccc1COC(=O)c1nn(-c2ccccc2)nc1N,CHEMBL1411671,CHEMBL1411671,18296964,CHEMBL4118207,7.31
Cc1ccc(COC(=O)c2nn(-c3ccccc3)nc2N)cc1,CHEMBL1383610,CHEMBL1383610,18296965,CHEMBL4118207,6.82
COc1cccc2nc(NC(=O)c3ccccc3)[nH]c12,CHEMBL4128696,CHEMBL4128696,18296966,CHEMBL4118207,6.28
O=C(Nc1nc2cccc(Cl)c2[nH]1)c1ccccc1,CHEMBL4128848,CHEMBL4128848,18296967,CHEMBL4118207,7.0
COc1cccc(COC(=O)c2nn(-c3ccccc3)nc2N)c1,CHEMBL1561896,CHEMBL1561896,18296969,CHEMBL4118207,7.72
Nc1nn(-c2ccccc2)nc1C(=O)OCc1ccccc1,CHEMBL1384623,CHEMBL1384623,18296970,CHEMBL4118207,7.51
Nc1nc(NCc2ccccc2)nc2sc(-c3ccccc3)nc12,CHEMBL4128138,CHEMBL4128138,18300942,CHEMBL4118252,6.94
COc1ccccc1CNc1nc(N)c2nc(-c3ccccc3)sc2n1,CHEMBL4127213,CHEMBL4127213,18300943;18301009;18301017;24772370,CHEMBL4118252;CHEMBL4118252;CHEMBL4118252;CHEMBL5126505,8.33;8.27;8.12;8.33
COc1cccc(CNc2nc(N)c3nc(-c4ccccc4)sc3n2)c1,CHEMBL4128596,CHEMBL4128596,18300944;18301010;18301018,CHEMBL4118252;CHEMBL4118252;CHEMBL4118252,7.38;7.32;7.18
Nc1nc(NCc2cccs2)nc2sc(-c3ccccc3)nc12,CHEMBL4125975,CHEMBL4125975,18300945;18301011;18301019,CHEMBL4118252;CHEMBL4118252;CHEMBL4118252,7.55;7.44;7.37
Nc1nc(NCCc2ccccc2)nc2sc(-c3ccccc3)nc12,CHEMBL4127351,CHEMBL4127351,18300946,CHEMBL4118252,6.39
COc1ccc(CCNc2nc(N)c3nc(-c4ccccc4)sc3n2)cc1,CHEMBL4129419,CHEMBL4129419,18300947,CHEMBL4118252,6.39
Nc1nc(NCCc2ccc(O)cc2)nc2sc(-c3ccccc3)nc12,CHEMBL4126116,CHEMBL4126116,18300948,CHEMBL4118252,7.02
COc1ccccc1CNc1nc(N)c2nc(-c3cnccn3)sc2n1,CHEMBL4128190,CHEMBL4128190,18300949,CHEMBL4118252,7.1
COc1cccc(CNc2nc(N)c3nc(-c4cnccn4)sc3n2)c1,CHEMBL4129565,CHEMBL4129565,18300950,CHEMBL4118252,6.01
Nc1nc(NCc2cccs2)nc2sc(-c3cnccn3)nc12,CHEMBL4127472,CHEMBL4127472,18300951,CHEMBL4118252,6.66
Cc1nc2c(N)nc(Nc3ccccc3)nc2s1,CHEMBL4128862,CHEMBL4128862,18300952,CHEMBL4118252,6.22
Cc1nc2c(N)nc(NCc3ccccc3)nc2s1,CHEMBL4130003,CHEMBL4130003,18300953,CHEMBL4118252,6.27
COc1ccccc1CNc1nc(N)c2nc(C)sc2n1,CHEMBL4128638,CHEMBL4128638,18300954,CHEMBL4118252,6.87
COc1cccc(CNc2nc(N)c3nc(C)sc3n2)c1,CHEMBL4128787,CHEMBL4128787,18300955,CHEMBL4118252,6.67
Cc1nc2c(N)nc(NCc3cccs3)nc2s1,CHEMBL4127395,CHEMBL4127395,18300956,CHEMBL4118252,6.5
Cc1nc2c(N)nc(NCCc3ccccc3)nc2s1,CHEMBL4127811,CHEMBL4127811,18300957,CHEMBL4118252,7.11
Cc1nc2c(N)nc(NCCc3cccs3)nc2s1,CHEMBL4126427,CHEMBL4126427,18300958;18301012;18301020,CHEMBL4118252;CHEMBL4118252;CHEMBL4118252,7.21;7.08;6.99
Nc1nc(NCCCNC(=O)c2ccc(S(=O)(=O)F)cc2)nc2nc(-c3ccco3)nn12,CHEMBL4159904,CHEMBL4159904,18409410;18409414,CHEMBL4145682;CHEMBL4145682,8.27;8.99
Nc1nc(NCCCCNC(=O)c2ccc(S(=O)(=O)F)cc2)nc2nc(-c3ccco3)nn12,CHEMBL4164058,CHEMBL4164058,18409411;18409415,CHEMBL4145682;CHEMBL4145682,8.2;9.05
Nc1nc(NCCCCCNC(=O)c2ccc(S(=O)(=O)F)cc2)nc2nc(-c3ccco3)nn12,CHEMBL4171931,CHEMBL4171931,18409412;18409416,CHEMBL4145682;CHEMBL4145682,8.56;9.21
C#CCN(CCCCCNc1nc(N)n2nc(-c3ccco3)nc2n1)C(=O)c1ccc(S(=O)(=O)F)cc1,CHEMBL4167502,CHEMBL4167502,18409413;18409417;18409437,CHEMBL4145682;CHEMBL4145682;CHEMBL4145682,8.41;8.82;6.1
Cn1c(-c2ccc(O)cc2)nc2c(NC3CCCC3)ncnc21,CHEMBL4174108,CHEMBL4174108,18414212,CHEMBL4152191,6.27
Cn1c(-c2cccc(Cl)c2)nc2c(NC3CCCC3)ncnc21,CHEMBL4170180,CHEMBL4170180,18414216,CHEMBL4152191,6.57
Cc1cccc(-c2nc3c(NC4CCCC4)ncnc3n2C)c1,CHEMBL4170850,CHEMBL4170850,18414219,CHEMBL4152191,6.35
Cn1c(-c2ccccc2)nc2c(N)ncnc21,CHEMBL424597,CHEMBL424597,18414249,CHEMBL4152191,6.42
CCn1c(-c2ccccc2)nc2c(N)ncnc21,CHEMBL4173347,CHEMBL4173347,18414250,CHEMBL4152191,6.67
CCCn1c(-c2ccccc2)nc2c(N)ncnc21,CHEMBL4175631,CHEMBL4175631,18414251,CHEMBL4152191,6.31
Cn1c(-c2ccccc2)nc2c(NC3CCC3)ncnc21,CHEMBL4165013,CHEMBL4165013,18414252,CHEMBL4152191,6.52
CCn1c(-c2ccccc2)nc2c(NC3CCC3)ncnc21,CHEMBL4171919,CHEMBL4171919,18414253,CHEMBL4152191,6.42
CCCn1c(-c2ccccc2)nc2c(NC3CCC3)ncnc21,CHEMBL4164048,CHEMBL4164048,18414254,CHEMBL4152191,6.44
Cn1c(-c2ccccc2)nc2c(NC3CCCC3)ncnc21,CHEMBL4175366,CHEMBL4175366,18414255,CHEMBL4152191,6.3
CCn1c(-c2ccccc2)nc2c(NC3CCCC3)ncnc21,CHEMBL4167491,CHEMBL4167491,18414256,CHEMBL4152191,6.48
CCCn1c(-c2ccccc2)nc2c(NC3CCCC3)ncnc21,CHEMBL4160264,CHEMBL4160264,18414257,CHEMBL4152191,6.2
Cn1c(-c2ccccc2)nc2c(NC3CCCCC3)ncnc21,CHEMBL4167077,CHEMBL4167077,18414261,CHEMBL4152191,6.28
CCn1c(-c2ccccc2)nc2c(NC3CCCCC3)ncnc21,CHEMBL4159165,CHEMBL4159165,18414262,CHEMBL4152191,6.51
COc1ccccc1CNc1nc(N)c2nc(-c3ccc(C)o3)sc2n1,CHEMBL4168980,CHEMBL4168980,18433967,CHEMBL4152311,7.7
Nc1nc(NCCc2cccnc2)nc2sc(-c3ccco3)nc12,CHEMBL4162638,CHEMBL4162638,18433968;18434031;18434044,CHEMBL4152311;CHEMBL4152311;CHEMBL4152311,9.62;9.54;9.46
Nc1nc(NCCc2ccco2)nc2sc(-c3ccco3)nc12,CHEMBL4167557,CHEMBL4167557,18433969;18434030;18434043,CHEMBL4152311;CHEMBL4152311;CHEMBL4152311,8.67;8.53;8.37
Nc1nc(NCc2cnccn2)nc2sc(-c3ccco3)nc12,CHEMBL4172818,CHEMBL4172818,18433972;18434028;18434041,CHEMBL4152311;CHEMBL4152311;CHEMBL4152311,8.29;8.08;7.95
Nc1nc(NCc2ccncc2)nc2sc(-c3ccco3)nc12,CHEMBL4175676,CHEMBL4175676,18433973;18434027;18434040,CHEMBL4152311;CHEMBL4152311;CHEMBL4152311,7.92;7.82;7.73
Nc1nc(NCc2ccccn2)nc2sc(-c3ccco3)nc12,CHEMBL4167813,CHEMBL4167813,18433974;18434026;18434039,CHEMBL4152311;CHEMBL4152311;CHEMBL4152311,9.38;9.17;8.89
Nc1nc(NCc2ccsc2)nc2sc(-c3ccco3)nc12,CHEMBL4159215,CHEMBL4159215,18433975;18434025;18434038,CHEMBL4152311;CHEMBL4152311;CHEMBL4152311,9.6;9.44;9.39
COc1cccc(CNc2nc(N)c3nc(-c4ccc(C)o4)sc3n2)c1,CHEMBL4165484,CHEMBL4165484,18433982,CHEMBL4152311,6.84
Cc1ccc(-c2nc3c(N)nc(NCc4cccs4)nc3s2)o1,CHEMBL4172715,CHEMBL4172715,18433983,CHEMBL4152311,7.47
COc1ccccc1CNc1nc(N)c2nc(-c3cccs3)sc2n1,CHEMBL4162037,CHEMBL4162037,18433984;18434032;18434045,CHEMBL4152311;CHEMBL4152311;CHEMBL4152311,8.65;8.47;8.36
COc1cccc(CNc2nc(N)c3nc(-c4cccs4)sc3n2)c1,CHEMBL4175878,CHEMBL4175878,18433985,CHEMBL4152311,7.66
Nc1nc(NCc2cccs2)nc2sc(-c3cccs3)nc12,CHEMBL4168016,CHEMBL4168016,18433986;18434033;18434046,CHEMBL4152311;CHEMBL4152311;CHEMBL4152311,8.0;7.88;7.75
Nc1nc(NCc2cccnc2)nc2sc(-c3ccco3)nc12,CHEMBL4167125,CHEMBL4167125,18434024;18434037,CHEMBL4152311;CHEMBL4152311,10.96;10.23
Nc1nc(NCc2cccs2)nc2sc(-c3ccco3)nc12,CHEMBL4161758,CHEMBL4161758,18434035,CHEMBL4152311,10.44
Nc1nc(NCc2ccco2)nc2sc(-c3ccco3)nc12,CHEMBL4172399,CHEMBL4172399,18434036,CHEMBL4152311,10.4
Nc1nc(NCCc2cccs2)nc2sc(-c3ccco3)nc12,CHEMBL4172264,CHEMBL4172264,18434042,CHEMBL4152311,10.35
CCCn1c(=O)[nH]c2nc(-c3ccc(OCC(=O)NCCCCCC4=C5C(C)=CC(C)=[N+]5[B-](F)(F)n5c(C)cc(C)c54)cc3)[nH]c2c1=O,CHEMBL4218673,CHEMBL4218673,18501899,CHEMBL4184319,7.23
COCCOc1ccc(N2CCN(CCn3c(=O)n(C)c4c3nc(N)n3nc(-c5nccs5)nc43)CC2)cc1F,CHEMBL4215754,CHEMBL4215754,18520657;18520706,CHEMBL4190330;CHEMBL4190330,8.82;9.4
COCCOc1ccc(N2CCN(CCn3c(=O)n(C)c4c3nc(N)n3nc(-c5nccs5)nc43)CC2)cc1,CHEMBL4208426,CHEMBL4208426,18520658;18520705,CHEMBL4190330;CHEMBL4190330,8.19;8.92
Cc1nc2cc(N3CCN(CCn4c(=O)n(C)c5c4nc(N)n4nc(-c6ccco6)nc54)CC3)c(F)cc2o1,CHEMBL4203542,CHEMBL4203542,18520659;18520704,CHEMBL4190330;CHEMBL4190330,9.4;9.82
Cn1c(=O)n(CCN2CCN(c3nc(C(F)(F)F)cs3)CC2)c2nc(N)n3nc(-c4ccco4)nc3c21,CHEMBL4212810,CHEMBL4212810,18520660;18520703,CHEMBL4190330;CHEMBL4190330,8.92;9.05
COc1ccc(N2CCN(CCn3c(=O)n(C)c4c3nc(N)n3nc(-c5ccco5)nc43)CC2)cn1,CHEMBL4207902,CHEMBL4207902,18520661,CHEMBL4190330,8.35
Cc1ccc(N2CCN(CCn3c(=O)n(C)c4c3nc(N)n3nc(-c5ccco5)nc43)CC2)nc1,CHEMBL4217235,CHEMBL4217235,18520662;18520701,CHEMBL4190330;CHEMBL4190330,8.77;9.4
Cn1c(=O)n(CCN2CCN(c3ccc(C(F)(F)F)cc3)CC2)c2nc(N)n3nc(-c4ccco4)nc3c21,CHEMBL4212260,CHEMBL4212260,18520663,CHEMBL4190330,8.51
Cn1c(=O)n(CCN2CCN(c3ccc(OC(F)F)cc3)CC2)c2nc(N)n3nc(-c4ccco4)nc3c21,CHEMBL4217668,CHEMBL4217668,18520664;18520699,CHEMBL4190330;CHEMBL4190330,8.72;9.57
Cn1c(=O)n(CCN2CCN(c3ccc(C#N)c(F)c3)CC2)c2nc(N)n3nc(-c4ccco4)nc3c21,CHEMBL4207104,CHEMBL4207104,18520665;18520698,CHEMBL4190330;CHEMBL4190330,9.3;9.4
Cn1c(=O)n(CCN2CCN(c3ccc(C#N)cc3)CC2)c2nc(N)n3nc(-c4ccco4)nc3c21,CHEMBL4212278,CHEMBL4212278,18520666;18520697,CHEMBL4190330;CHEMBL4190330,9.22;9.52
Cn1c(=O)n(CCN2CCN(c3ccc(F)cc3F)CC2)c2nc(N)n3nc(-c4ccco4)nc3c21,CHEMBL4217248,CHEMBL4217248,18520667;18520696,CHEMBL4190330;CHEMBL4190330,9.0;10.15
Cn1c(=O)n(CCN2CCN(c3ccc(OC4CCOCC4)cc3)CC2)c2nc(N)n3nc(-c4ccco4)nc3c21,CHEMBL4207914,CHEMBL4207914,18520668;18520695,CHEMBL4190330;CHEMBL4190330,9.52;9.59
Cn1c(=O)n(CCN2CCN(c3ccc(OC4CCOC4)cc3)CC2)c2nc(N)n3nc(-c4ccco4)nc3c21,CHEMBL4212821,CHEMBL4212821,18520669;18520694,CHEMBL4190330;CHEMBL4190330,9.7;9.66
COCC(C)(C)Oc1ccc(N2CCN(CCn3c(=O)n(C)c4c3nc(N)n3nc(-c5ccco5)nc43)CC2)cc1,CHEMBL4204531,CHEMBL4204531,18520670;18520693,CHEMBL4190330;CHEMBL4190330,9.3;8.68
COCC(C)Oc1ccc(N2CCN(CCn3c(=O)n(C)c4c3nc(N)n3nc(-c5ccco5)nc43)CC2)cc1,CHEMBL4209408,CHEMBL4209408,18520671;18520692,CHEMBL4190330;CHEMBL4190330,9.4;8.82
COCCOc1c(F)cc(N2CCN(CCn3c(=O)n(C)c4c3nc(N)n3nc(-c5ccco5)nc43)CC2)cc1F,CHEMBL4216716,CHEMBL4216716,18520672,CHEMBL4190330,9.22
COCCOc1cc(F)c(N2CCN(CCn3c(=O)n(C)c4c3nc(N)n3nc(-c5ccco5)nc43)CC2)cc1F,CHEMBL4205030,CHEMBL4205030,18520673;18520690,CHEMBL4190330;CHEMBL4190330,9.05;8.92
COCCOc1ccc(N2CCN(CCn3c(=O)n(C)c4c3nc(N)n3nc(-c5ccco5)nc43)CC2)cc1F,CHEMBL4212740,CHEMBL4212740,18520674,CHEMBL4190330,9.15
Cn1c(=O)n(CCN2CCN(c3ccc(OCCOC4CC4)cc3)CC2)c2nc(N)n3nc(-c4ccco4)nc3c21,CHEMBL4207839,CHEMBL4207839,18520675,CHEMBL4190330,8.7
COCCOc1cccc(N2CCN(CCn3c(=O)n(C)c4c3nc(N)n3nc(-c5ccco5)nc43)CC2)c1,CHEMBL4210241,CHEMBL4210241,18520676;18520687,CHEMBL4190330;CHEMBL4190330,9.3;9.3
COCCOc1ccc(N2CCN(CCn3c(=O)n(C)c4c3nc(N)n3nc(-c5ccco5)nc43)CC2)cc1,CHEMBL4205341,CHEMBL4205341,18520677;18520686,CHEMBL4190330;CHEMBL4190330,8.7;9.38
Cn1c(=O)n(CCN2CCN(c3ccc(OC4CC4)cc3)CC2)c2nc(N)n3nc(-c4ccco4)nc3c21,CHEMBL4205884,CHEMBL4205884,18520678;18520685,CHEMBL4190330;CHEMBL4190330,9.52;9.6
COc1ccc(N2CCN(CCn3c(=O)n(C)c4c3nc(N)n3nc(-c5ccco5)nc43)CC2)c(F)c1,CHEMBL4217582,CHEMBL4217582,18520679;18520684,CHEMBL4190330;CHEMBL4190330,9.4;10.22
Cc1ccc(N2CCN(CCn3c(=O)n(C)c4c3nc(N)n3nc(-c5ccco5)nc43)CC2)cc1,CHEMBL4218105,CHEMBL4218105,18520680;18520683,CHEMBL4190330;CHEMBL4190330,8.85;8.96
COc1ccc(N2CCN(CCn3c(=O)n(C)c4c3nc(N)n3nc(-c5ccco5)nc43)CC2)cc1,CHEMBL4213177,CHEMBL4213177,18520681;18520682,CHEMBL4190330;CHEMBL4190330,9.0;9.68
CC(C)COc1ccc(-c2c(C#N)c(N)nc(SCC(N)=O)c2C#N)cc1,CHEMBL4215145,CHEMBL4215145,18545876,CHEMBL4196073,6.51
CC(=O)Nc1ccc(-c2c(C#N)c(N)nc(SCC(N)=O)c2C#N)cc1,CHEMBL4207286,CHEMBL4207286,18545877,CHEMBL4196073,6.24
N#Cc1c(N)nc(SCc2ncc[nH]2)c(C#N)c1-c1ccc(OCC2CC2)cc1,CHEMBL4216880,CHEMBL4216880,18545878,CHEMBL4196073,6.12
N#Cc1c(N)nc(SCc2cccnc2)c(C#N)c1-c1ccc(OCC2CC2)cc1,CHEMBL4206232,CHEMBL4206232,18545879,CHEMBL4196073,6.37
CCOc1ccc(-c2c(C#N)c(N)nc(SCc3ncc[nH]3)c2C#N)cc1,CHEMBL4210592,CHEMBL4210592,18545880,CHEMBL4196073,6.66
COc1ccc(-c2cc(N)cc3nc(-c4ccco4)oc23)cc1OC,CHEMBL4277743,CHEMBL4277743,18694850,CHEMBL4251607,7.05
Nc1cc(-c2ccccn2)c2oc(-c3ccco3)nc2c1,CHEMBL4291801,CHEMBL4291801,18694851,CHEMBL4251607,6.87
Nc1cc(-c2ccccc2)c2oc(-c3ccco3)nc2c1,CHEMBL4281181,CHEMBL4281181,18694852,CHEMBL4251607,6.7
Nc1cc(-c2cccs2)c2oc(-c3ccco3)nc2c1,CHEMBL4295251,CHEMBL4295251,18694853,CHEMBL4251607,7.15
Nc1cc(-c2ccco2)c2oc(-c3ccco3)nc2c1,CHEMBL4284595,CHEMBL4284595,18694854;18694876;24772531;24772532,CHEMBL4251607;CHEMBL4251607;CHEMBL5126505;CHEMBL5126505,7.4;7.15;7.4;7.15
O=C(CN1CCCCC1)Nc1ccc2oc(-c3ccco3)nc2c1,CHEMBL4280070,CHEMBL4280070,18694855;18694857;24772465,CHEMBL4251607;CHEMBL4251607;CHEMBL5126505,6.0;6.0;6.0
Nc1cc(NC(=O)CN2CCCCC2)cc2nc(-c3ccco3)oc12,CHEMBL4284097,CHEMBL4284097,18694874;18694880,CHEMBL4251607;CHEMBL4251607,6.6;6.32
O=C(CN1CCCCC1)Nc1cc(-c2ccco2)c2oc(-c3ccco3)nc2c1,CHEMBL4287056,CHEMBL4287056,18694875;18694895,CHEMBL4251607;CHEMBL4251607,6.31;6.68
O=C(CCN1CCc2ccccc2C1)Nc1cc(-c2ccco2)c2oc(-c3ccco3)nc2c1,CHEMBL4293876,CHEMBL4293876,18694883,CHEMBL4251607,7.52
O=C(CCN1CCOCC1)Nc1cc(-c2ccco2)c2oc(-c3ccco3)nc2c1,CHEMBL4285978,CHEMBL4285978,18694884,CHEMBL4251607,7.05
O=C(CCCN1CCCCC1)Nc1cc(-c2ccco2)c2oc(-c3ccco3)nc2c1,CHEMBL4290475,CHEMBL4290475,18694885,CHEMBL4251607,7.01
O=C(CCN1CCCCC1)Nc1cc(-c2ccco2)c2oc(-c3ccco3)nc2c1,CHEMBL4282599,CHEMBL4282599,18694894,CHEMBL4251607,7.09
Nc1cc(-c2ccc(F)cc2)c2oc(-c3ccco3)nc2c1,CHEMBL4283113,CHEMBL4283113,18694898,CHEMBL4251607,6.36
CCCCn1c(=O)c2nc(C34CC5CC(CC3C5)C4)[nH]c2n(CCCC)c1=O,CHEMBL320872,CHEMBL320872,18725597,CHEMBL4257504,6.01
N.Nc1nc2c(cnn2CCCc2ccc(OCc3ccc(S(=O)(=O)O)cc3)cc2)c2nc(-c3ccco3)nn12,CHEMBL4291479,CHEMBL4300239,18746057;18746076,CHEMBL4261547;CHEMBL4261547,7.99;8.21
Nc1nc2c(cnn2CCCc2ccc(OCC(=O)NCCCCNC(=O)CCCCCNC(=O)COc3ccc(/C=C/C4=[N+]5C(=Cc6ccc(-c7cccs7)n6[B-]5(F)F)C=C4)cc3)cc2)c2nc(-c3ccco3)nn12,CHEMBL4294888,CHEMBL4294888,18746058;18746078,CHEMBL4261547;CHEMBL4261547,6.89;7.61
CCN(CC)CC.CCN(CC)CC.N=c1ccc2c(-c3ccc(C(=O)NCCCCNC(=O)COc4ccc(CCCn5ncc6c5nc(N)n5nc(-c7ccco7)nc65)cc4)cc3C(=O)O)c3ccc(N)c(S(=O)(=O)O)c3oc-2c1S(=O)(=O)O,CHEMBL4286976,CHEMBL4301888,18746077,CHEMBL4261547,7.52
CC1(C)C(/C=C/C=C/C=C2/N(CCCS(=O)(=O)O)c3ccc(S(=O)(=O)O)cc3C2(C)CCCCCC(=O)NCCCCNC(=O)COc2ccc(CCCn3ncc4c3nc(N)n3nc(-c5ccco5)nc43)cc2)=[N+](CCCS(=O)(=O)O)c2ccc(S(=O)(=O)[O-])cc21.CCN(CC)CC.CCN(CC)CC,CHEMBL4290392,CHEMBL4300043,18746079,CHEMBL4261547,6.53
CC1(C)C(/C=C/C=C/C=C2/N(CCCS(=O)(=O)O)c3ccc(S(=O)(=O)O)cc3C2(C)CCCCCC(=O)NCCNC(=O)COc2ccc(CCCn3ncc4c3nc(N)n3nc(-c5ccco5)nc43)cc2)=[N+](CCCS(=O)(=O)O)c2ccc(S(=O)(=O)[O-])cc21.CCN(CC)CC.CCN(CC)CC,CHEMBL4279740,CHEMBL4303054,18746080,CHEMBL4261547,6.48
NCCCCCCNC(=O)COc1ccc(CCCn2ncc3c2nc(N)n2nc(-c4ccco4)nc32)cc1,CHEMBL4293791,CHEMBL4293791,18746081,CHEMBL4261547,7.64
NCCCCCNC(=O)COc1ccc(CCCn2ncc3c2nc(N)n2nc(-c4ccco4)nc32)cc1,CHEMBL4283215,CHEMBL4283215,18746082,CHEMBL4261547,8.2
NCCCCNC(=O)COc1ccc(CCCn2ncc3c2nc(N)n2nc(-c4ccco4)nc32)cc1,CHEMBL4294350,CHEMBL4294350,18746083,CHEMBL4261547,8.19
NCCCNC(=O)COc1ccc(CCCn2ncc3c2nc(N)n2nc(-c4ccco4)nc32)cc1,CHEMBL4290429,CHEMBL4290429,18746084,CHEMBL4261547,8.03
CNc1ncc(C(=O)NC(C)(C)Cc2ccccc2)c2nc(-c3ccco3)nn12,CHEMBL4284249,CHEMBL4284249,18806409,CHEMBL4270622,8.21
CNc1ncc(C(=O)NCCc2ccc(OC)c(OC)c2)c2nc(-c3ccco3)nn12,CHEMBL4276999,CHEMBL4276999,18806410,CHEMBL4270622,6.77
CNc1ncc(C(=O)NCCc2ccccc2)c2nc(-c3ccco3)nn12,CHEMBL4287636,CHEMBL4287636,18806411,CHEMBL4270622,7.53
CNc1ncc(C(=O)NCc2ccc(OC)c(OC)c2)c2nc(-c3ccco3)nn12,CHEMBL4285036,CHEMBL4285036,18806412,CHEMBL4270622,6.85
CNc1ncc(C(=O)NCc2ccc(F)cc2)c2nc(-c3ccco3)nn12,CHEMBL4279509,CHEMBL4279509,18806414,CHEMBL4270622,7.32
CNc1ncc(C(=O)NCc2ccc(Cl)cc2)c2nc(-c3ccco3)nn12,CHEMBL4287429,CHEMBL4287429,18806415,CHEMBL4270622,7.23
CNc1ncc(C(=O)NCc2ccc(OC)cc2)c2nc(-c3ccco3)nn12,CHEMBL4283826,CHEMBL4283826,18806417,CHEMBL4270622,7.09
CNc1ncc(C(=O)NCc2ccc(C)cc2)c2nc(-c3ccco3)nn12,CHEMBL4286354,CHEMBL4286354,18806418,CHEMBL4270622,7.0
CNc1ncc(C(=O)NC(c2ccccc2)c2ccccc2)c2nc(-c3ccco3)nn12,CHEMBL4294246,CHEMBL4294246,18806419,CHEMBL4270622,7.21
CNc1ncc(C(=O)NCc2ccccc2)c2nc(-c3ccco3)nn12,CHEMBL4282986,CHEMBL4282986,18806420,CHEMBL4270622,7.73
CNc1ncc(C(=O)OC(C)c2ccccc2)c2nc(-c3ccco3)nn12,CHEMBL4290842,CHEMBL4290842,18806421,CHEMBL4270622,7.96
CCc1ccc(COC(=O)c2cnc(NC)n3nc(-c4ccco4)nc23)cc1,CHEMBL4294479,CHEMBL4294479,18806422,CHEMBL4270622,7.68
CNc1ncc(C(=O)OCc2ccc(F)cc2)c2nc(-c3ccco3)nn12,CHEMBL4284127,CHEMBL4284127,18806423,CHEMBL4270622,7.15
CNc1ncc(C(=O)OCc2cccc(F)c2)c2nc(-c3ccco3)nn12,CHEMBL4292571,CHEMBL4292571,18806424,CHEMBL4270622,7.49
CNc1ncc(C(=O)OCc2ccccc2Br)c2nc(-c3ccco3)nn12,CHEMBL4283359,CHEMBL4283359,18806425,CHEMBL4270622,7.61
CNc1ncc(C(=O)OCc2ccc(Cl)cc2)c2nc(-c3ccco3)nn12,CHEMBL4285236,CHEMBL4285236,18806426,CHEMBL4270622,7.14
CNc1ncc(C(=O)OCc2cccc(Cl)c2)c2nc(-c3ccco3)nn12,CHEMBL4279340,CHEMBL4279340,18806427,CHEMBL4270622,7.8
CNc1ncc(C(=O)OCc2ccccc2Cl)c2nc(-c3ccco3)nn12,CHEMBL4288178,CHEMBL4288178,18806428,CHEMBL4270622,7.5
CNc1ncc(C(=O)OCc2ccc(OC)cc2)c2nc(-c3ccco3)nn12,CHEMBL4278397,CHEMBL4278397,18806429,CHEMBL4270622,6.71
CNc1ncc(C(=O)OCc2cccc(OC)c2)c2nc(-c3ccco3)nn12,CHEMBL4278340,CHEMBL4278340,18806430,CHEMBL4270622,7.83
CNc1ncc(C(=O)OCc2ccccc2OC)c2nc(-c3ccco3)nn12,CHEMBL4295054,CHEMBL4295054,18806431,CHEMBL4270622,7.88
CNc1ncc(C(=O)OCc2ccc(C)cc2)c2nc(-c3ccco3)nn12,CHEMBL4278675,CHEMBL4278675,18806432,CHEMBL4270622,7.21
CNc1ncc(C(=O)OCc2cccc(C)c2)c2nc(-c3ccco3)nn12,CHEMBL4286593,CHEMBL4286593,18806433,CHEMBL4270622,7.68
CNc1ncc(C(=O)OCc2ccccc2C)c2nc(-c3ccco3)nn12,CHEMBL4282137,CHEMBL4282137,18806434,CHEMBL4270622,7.43
CNc1ncc(C(=O)OC(c2ccccc2)c2ccccc2)c2nc(-c3ccco3)nn12,CHEMBL4290021,CHEMBL4290021,18806435,CHEMBL4270622,6.71
CNc1ncc(C(=O)OCc2ccccc2)c2nc(-c3ccco3)nn12,CHEMBL4285563,CHEMBL4285563,18806436,CHEMBL4270622,6.94
CNc1ncc(C(=O)OC(C)C)c2nc(-c3ccco3)nn12,CHEMBL4293398,CHEMBL4293398,18806437,CHEMBL4270622,7.06
CCOC(=O)c1cnc(NN)n2nc(-c3ccco3)nc12,CHEMBL4285888,CHEMBL4285888,18806518,CHEMBL4270622,7.2
CCOC(=O)c1cnc(NCCN)n2nc(-c3ccco3)nc12,CHEMBL4281640,CHEMBL4281640,18806520,CHEMBL4270622,6.08
CCOC(=O)c1cnc(NNC(=O)OC(C)(C)C)n2nc(-c3ccco3)nc12,CHEMBL4279573,CHEMBL4279573,18806521,CHEMBL4270622,6.08
CCOC(=O)c1cnc(NCCNC(=O)OC(C)(C)C)n2nc(-c3ccco3)nc12,CHEMBL4294681,CHEMBL4294681,18806523,CHEMBL4270622,6.42
CCOC(=O)c1cnc(NNc2ccccc2)n2nc(-c3ccco3)nc12,CHEMBL4285374,CHEMBL4285374,18806524,CHEMBL4270622,7.38
COc1ccc(CNc2ncc(C(=O)NC(c3ccccc3)c3ccccc3)c3nc(-c4ccco4)nn23)cc1OC,CHEMBL4293454,CHEMBL4293454,18806526,CHEMBL4270622,6.86
CNc1ncc(C(=O)NNc2ccccc2)c2nc(-c3ccco3)nn12,CHEMBL4280829,CHEMBL4280829,18806527,CHEMBL4270622,6.47
CNc1ncc(C(=O)NCCOc2ccccc2)c2nc(-c3ccco3)nn12,CHEMBL4292148,CHEMBL4292148,18806528,CHEMBL4270622,7.42
Nc1nc(-c2ccc(NC(=O)CCNC(=O)CCCCC3CCSS3)cc2)cn2c(=O)n(-c3ccccc3)nc12,CHEMBL4452288,CHEMBL4452288,18917837;18917928,CHEMBL4321802;CHEMBL4321802,7.44;6.53
NCCC(=O)Nc1ccc(-c2cn3c(=O)n(-c4ccccc4)nc3c(N)n2)cc1,CHEMBL4442908,CHEMBL4442908,18917838,CHEMBL4321802,9.23
C=CC(=O)Nc1ccc(-c2cn3c(=O)n(-c4ccccc4)nc3c(N)n2)cc1,CHEMBL4452162,CHEMBL4452162,18917839,CHEMBL4321802,8.74
Nc1nc(-c2ccc(NC(=O)CCCCC3CCSS3)cc2)cn2c(=O)n(-c3ccccc3)nc12,CHEMBL4524485,CHEMBL4524485,18917840,CHEMBL4321802,8.3
Nc1nc(-c2ccc(OCCNC(=O)CCCCC3CCSS3)cc2)cn2c(=O)n(-c3ccccc3)nc12,CHEMBL4447993,CHEMBL4447993,18917842;18917927,CHEMBL4321802;CHEMBL4321802,8.62;6.94
NCCOc1ccc(-c2cn3c(=O)n(-c4ccccc4)nc3c(N)n2)cc1,CHEMBL4466404,CHEMBL4466404,18917843,CHEMBL4321802,7.83
NC(=O)COc1ccc(-c2cn3c(=O)n(-c4ccccc4)nc3c(N)n2)cc1,CHEMBL4439750,CHEMBL4439750,18917844,CHEMBL4321802,7.58
N#CCOc1ccc(-c2cn3c(=O)n(-c4ccccc4)nc3c(N)n2)cc1,CHEMBL4578482,CHEMBL4578482,18917845;18917926,CHEMBL4321802;CHEMBL4321802,8.09;6.8
CC(C)(C)c1cc(-c2cn3c(=O)n(-c4ccccc4)nc3c(N)n2)ccc1O,CHEMBL4561681,CHEMBL4561681,18917846;18917925,CHEMBL4321802;CHEMBL4321802,8.07;6.75
Cc1cc(-c2cn3c(=O)n(-c4ccccc4)nc3c(N)n2)cc(C)c1O,CHEMBL4460201,CHEMBL4460201,18917847,CHEMBL4321802,8.6
Nc1nc(-c2cc(O)c(O)c(O)c2)cn2c(=O)n(-c3ccccc3)nc12,CHEMBL4450312,CHEMBL4450312,18917848,CHEMBL4321802,7.03
Nc1nc(-c2ccc(O)c(O)c2)cn2c(=O)n(-c3ccccc3)nc12,CHEMBL4531815,CHEMBL4531815,18917849,CHEMBL4321802,8.28
COc1cc(O)ccc1-c1cn2c(=O)n(-c3ccccc3)nc2c(N)n1,CHEMBL4455208,CHEMBL4455208,18917850,CHEMBL4321802,7.78
COc1c(C(C)(C)C)cc(-c2cn3c(=O)n(-c4ccccc4)nc3c(N)n2)cc1C(C)(C)C,CHEMBL4560207,CHEMBL4560207,18917851,CHEMBL4321802,6.85
COc1c(C)cc(-c2cn3c(=O)n(-c4ccccc4)nc3c(N)n2)cc1C,CHEMBL4457393,CHEMBL4457393,18917852,CHEMBL4321802,9.77
COc1cc(-c2cn3c(=O)n(-c4ccccc4)nc3c(N)n2)cc(OC)c1OC,CHEMBL4482881,CHEMBL4482881,18917853,CHEMBL4321802,8.46
Nc1nc(-c2ccc3c(c2)OCO3)cn2c(=O)n(-c3ccccc3)nc12,CHEMBL4519655,CHEMBL4519655,18917854,CHEMBL4321802,8.13
COc1ccc(-c2cn3c(=O)n(-c4ccccc4)nc3c(N)n2)cc1OC,CHEMBL4547517,CHEMBL4547517,18917855,CHEMBL4321802,8.24
COc1ccc(-c2cn3c(=O)n(-c4ccccc4)nc3c(N)n2)c(OC)c1,CHEMBL4447113,CHEMBL4447113,18917856,CHEMBL4321802,8.62
CC(C)(C)c1cc(C(=O)NCCC(=O)Nc2ccc(-c3cn4c(=O)n(-c5ccccc5)nc4c(N)n3)cc2)cc(C(C)(C)C)c1O,CHEMBL4586743,CHEMBL4586743,18917879;18917929,CHEMBL4321802;CHEMBL4321802,7.26;6.58
Nc1ccc(-c2cn3c(=O)n(-c4ccccc4)nc3c(N)n2)cc1,CHEMBL4563432,CHEMBL4563432,18917880,CHEMBL4321802,7.64
O=C(Nc1nc(-c2ccccc2)nc2sc(-c3ccco3)nc12)c1ccco1,CHEMBL4530009,CHEMBL4530009,18959577,CHEMBL4330140,6.37
O=C(Nc1nc(-c2ccccc2)nc2sc(-c3ccccc3)nc12)c1ccccc1,CHEMBL4470622,CHEMBL4470622,18959580,CHEMBL4330140,6.98
Cc1ccc(-c2nc(N)c3nc(-c4ccco4)sc3n2)o1,CHEMBL4439172,CHEMBL4439172,18959584,CHEMBL4330140,8.63
Nc1nc(-c2ccco2)nc2sc(-c3ccco3)nc12,CHEMBL4559969,CHEMBL4559969,18959585;18959648,CHEMBL4330140;CHEMBL4330140,8.47;6.52
Nc1nc(-c2cccc(O)c2)nc2sc(-c3ccco3)nc12,CHEMBL4529321,CHEMBL4529321,18959586;18959647,CHEMBL4330140;CHEMBL4330140,8.79;6.12
N#Cc1cccc(-c2nc(N)c3nc(-c4ccco4)sc3n2)c1,CHEMBL4470683,CHEMBL4470683,18959587,CHEMBL4330140,8.11
COc1cccc(-c2nc(N)c3nc(-c4ccco4)sc3n2)c1,CHEMBL4457917,CHEMBL4457917,18959588,CHEMBL4330140,8.72
COc1ccc(-c2nc(N)c3nc(-c4ccco4)sc3n2)cc1,CHEMBL4452898,CHEMBL4452898,18959589,CHEMBL4330140,7.95
Nc1nc(-c2ccc(CO)cc2)nc2sc(-c3ccco3)nc12,CHEMBL4546595,CHEMBL4546595,18959590,CHEMBL4330140,8.11
Nc1nc(-c2cccc(CO)c2)nc2sc(-c3ccco3)nc12,CHEMBL4530682,CHEMBL4530682,18959591,CHEMBL4330140,8.68
Nc1nc(-c2ccccc2)nc2sc(-c3ccco3)nc12,CHEMBL4466609,CHEMBL4466609,18959592,CHEMBL4330140,8.52
Cc1ccc(-c2nc(N)c3nc(-c4ccccc4)sc3n2)o1,CHEMBL4449436,CHEMBL4449436,18959593,CHEMBL4330140,7.65
Nc1nc(-c2ccco2)nc2sc(-c3ccccc3)nc12,CHEMBL4440137,CHEMBL4440137,18959594;18959646,CHEMBL4330140;CHEMBL4330140,8.77;6.79
Nc1nc(-c2cccc(O)c2)nc2sc(-c3ccccc3)nc12,CHEMBL4447861,CHEMBL4447861,18959595;18959645,CHEMBL4330140;CHEMBL4330140,8.3;6.2
N#Cc1cccc(-c2nc(N)c3nc(-c4ccccc4)sc3n2)c1,CHEMBL4449870,CHEMBL4449870,18959596,CHEMBL4330140,7.47
COc1cccc(-c2nc(N)c3nc(-c4ccccc4)sc3n2)c1,CHEMBL4466375,CHEMBL4466375,18959597,CHEMBL4330140,6.96
COc1ccc(-c2nc(N)c3nc(-c4ccccc4)sc3n2)cc1,CHEMBL4537666,CHEMBL4537666,18959598,CHEMBL4330140,6.94
Nc1nc(-c2ccc(CO)cc2)nc2sc(-c3ccccc3)nc12,CHEMBL4522146,CHEMBL4522146,18959599,CHEMBL4330140,7.09
Nc1nc(-c2cccc(CO)c2)nc2sc(-c3ccccc3)nc12,CHEMBL4445763,CHEMBL4445763,18959600,CHEMBL4330140,7.28
Nc1nc(-c2ccccc2)nc2sc(-c3ccccc3)nc12,CHEMBL4566909,CHEMBL4566909,18959601,CHEMBL4330140,7.72
Cc1nc(N)c2nc(-c3ccccc3)sc2n1,CHEMBL4454225,CHEMBL4454225,18959602,CHEMBL4330140,6.61
Cc1sc2nc(NC(=O)c3ccccc3)[nH]c(=O)c2c1C,CHEMBL4530036,CHEMBL4530036,18997495,CHEMBL4342407,6.19
O=C(Nc1nc2nn(CCCc3ccccc3)cc2c2nc(-c3ccco3)nn12)c1cccc2ccccc12,CHEMBL4465141,CHEMBL4465141,19016083,CHEMBL4346653,6.1
CCCn1c(=O)c2[nH]c(-c3ccc(S(=O)(=O)N4CCN(c5ccc(Cl)cc5)CC4)cc3)nc2n(CC)c1=O,CHEMBL4547661,CHEMBL4547661,19016132,CHEMBL4346653,6.49
CCCn1c(=O)[nH]c2nc(-c3ccc(S(=O)(=O)N4CCN(Cc5ccc(Br)cc5)CC4)cc3)[nH]c2c1=O,CHEMBL4540206,CHEMBL4540206,19016133,CHEMBL4346653,7.11
CCCn1c(=O)[nH]c2nc(-c3ccc(S(=O)(=O)N4CCN(Cc5cccc(Br)c5)CC4)cc3)[nH]c2c1=O,CHEMBL4464522,CHEMBL4464522,19016134,CHEMBL4346653,7.03
CCCn1c(=O)[nH]c2nc(-c3ccc(S(=O)(=O)N4CCN(Cc5cccc(OC)c5)CC4)cc3)[nH]c2c1=O,CHEMBL4437222,CHEMBL4437222,19016135,CHEMBL4346653,6.88
CCCn1c(=O)[nH]c2nc(-c3ccc(S(=O)(=O)N4CCN(Cc5cccc(C)c5)CC4)cc3)[nH]c2c1=O,CHEMBL4440526,CHEMBL4440526,19016136,CHEMBL4346653,6.72
CCCn1c(=O)[nH]c2nc(-c3ccc(S(=O)(=O)N4CCN(Cc5ccc(N=[N+]=[N-])cc5)CC4)cc3)[nH]c2c1=O,CHEMBL4567785,CHEMBL4567785,19016137,CHEMBL4346653,6.68
CCCn1c(=O)[nH]c2nc(-c3ccc(S(=O)(=O)N4CCN(Cc5ccc(OCCO)cc5)CC4)cc3)[nH]c2c1=O,CHEMBL4529435,CHEMBL4529435,19016139,CHEMBL4346653,6.62
CCCn1c(=O)[nH]c2nc(-c3ccc(S(=O)(=O)N4CCN(Cc5ccc(OCCOCCOC)cc5)CC4)cc3)[nH]c2c1=O,CHEMBL4575279,CHEMBL4575279,19016140,CHEMBL4346653,6.5
CCCn1c(=O)[nH]c2nc(-c3ccc(S(=O)(=O)N4CCN(Cc5ccc(OC)c(F)c5)CC4)cc3)[nH]c2c1=O,CHEMBL4453324,CHEMBL4453324,19016141,CHEMBL4346653,6.61
CCCn1c(=O)[nH]c2nc(-c3ccc(S(=O)(=O)N4CCN(Cc5ccc(F)c(OC)c5)CC4)cc3)[nH]c2c1=O,CHEMBL4464175,CHEMBL4464175,19016142,CHEMBL4346653,6.87
CCCn1c(=O)[nH]c2nc(-c3ccc(S(=O)(=O)N4CCN(Cc5cc(F)cc(OC)c5)CC4)cc3)[nH]c2c1=O,CHEMBL4467573,CHEMBL4467573,19016143,CHEMBL4346653,6.8
CCCn1c(=O)[nH]c2nc(-c3ccc(S(=O)(=O)N4CCN(Cc5ccc(Br)c(F)c5)CC4)cc3)[nH]c2c1=O,CHEMBL4566170,CHEMBL4566170,19016144,CHEMBL4346653,6.39
CCCn1c(=O)[nH]c2nc(-c3ccc(S(=O)(=O)N4CCN(c5ccccc5)CC4)cc3)[nH]c2c1=O,CHEMBL4572369,CHEMBL4572369,19016145,CHEMBL4346653,6.91
CCCn1c(=O)[nH]c2nc(-c3ccc(S(=O)(=O)N4CCN(c5ccc(F)cc5)CC4)cc3)[nH]c2c1=O,CHEMBL4471205,CHEMBL4471205,19016146,CHEMBL4346653,6.97
CCCn1c(=O)[nH]c2nc(-c3ccc(S(=O)(=O)N4CCN(c5cccc(Cl)c5)CC4)cc3)[nH]c2c1=O,CHEMBL4460114,CHEMBL4460114,19016149,CHEMBL4346653,6.0
CCCn1c(=O)[nH]c2nc(-c3ccc(S(=O)(=O)N4CCN(c5ccccc5Cl)CC4)cc3)[nH]c2c1=O,CHEMBL4441276,CHEMBL4441276,19016150,CHEMBL4346653,6.69
CCCn1c(=O)[nH]c2nc(-c3ccc(S(=O)(=O)N4CCN(c5ccccc5Br)CC4)cc3)[nH]c2c1=O,CHEMBL4450864,CHEMBL4450864,19016153,CHEMBL4346653,7.05
CCCn1c(=O)[nH]c2nc(-c3ccc(S(=O)(=O)N4CCN(c5cccc(OC)c5)CC4)cc3)[nH]c2c1=O,CHEMBL4456096,CHEMBL4456096,19016155,CHEMBL4346653,6.71
CCCn1c(=O)[nH]c2nc(-c3ccc(S(=O)(=O)N4CCN(c5ccccc5C)CC4)cc3)[nH]c2c1=O,CHEMBL4443090,CHEMBL4443090,19016157,CHEMBL4346653,6.85
CCCn1c(=O)[nH]c2nc(-c3ccc(S(=O)(=O)N4CCN(c5ccc(O)cc5)CC4)cc3)[nH]c2c1=O,CHEMBL4582353,CHEMBL4582353,19016158,CHEMBL4346653,7.01
CCCn1c(=O)[nH]c2nc(-c3ccc(S(=O)(=O)N4CCN(C(=O)c5ccccc5)CC4)cc3)[nH]c2c1=O,CHEMBL4543948,CHEMBL4543948,19016159,CHEMBL4346653,6.84
CCCn1c(=O)[nH]c2nc(-c3ccc(S(=O)(=O)N4CCN(C)CC4)cc3)[nH]c2c1=O,CHEMBL4455937,CHEMBL4455937,19016161,CHEMBL4346653,6.85
CCCn1c(=O)[nH]c2nc(-c3ccc(S(=O)(=O)N4CCN(c5ccc(Cl)c(OC)c5)CC4)cc3)[nH]c2c1=O,CHEMBL4463929,CHEMBL4463929,19016164,CHEMBL4346653,7.45
CCCn1c(=O)[nH]c2nc(-c3ccc(S(=O)(=O)N4CCN(c5ccc(O)c(Cl)c5)CC4)cc3)[nH]c2c1=O,CHEMBL4538468,CHEMBL4538468,19016165,CHEMBL4346653,7.03
CCCn1c(=O)[nH]c2nc(-c3ccc(S(=O)(=O)N4CCN(c5ccc(Cl)c(O)c5)CC4)cc3)[nH]c2c1=O,CHEMBL4454417,CHEMBL4454417,19016166,CHEMBL4346653,7.39
CCCn1c(=O)[nH]c2nc(-c3ccc(S(=O)(=O)N4CCN(c5ccc(OCCO)cc5)CC4)cc3)[nH]c2c1=O,CHEMBL4445941,CHEMBL4445941,19016168,CHEMBL4346653,6.78
CCCn1c(=O)[nH]c2nc(-c3ccc(S(=O)(=O)N4CCN(c5ccccc5)C(C)C4)cc3)[nH]c2c1=O,CHEMBL4586090,CHEMBL4586090,19016169,CHEMBL4346653,6.53
CCCn1c(=O)[nH]c2nc(-c3ccc(S(=O)(=O)N(C)C)cc3)[nH]c2c1=O,CHEMBL4581448,CHEMBL4581448,19016170,CHEMBL4346653,7.28
CCCn1c(=O)[nH]c2nc(-c3ccc(S(=O)(=O)N(C)CCc4ccccc4)cc3)[nH]c2c1=O,CHEMBL4473749,CHEMBL4473749,19016171,CHEMBL4346653,6.45
N#Cc1ccc(/C=N/Nc2nc(N)c3ncn([C@@H]4O[C@H](CO)[C@@H](O)[C@H]4O)c3n2)cc1,CHEMBL4533415,CHEMBL4533415,19048535;19048612,CHEMBL4351010;CHEMBL4351010,8.07;7.82
Nc1nc(N/N=C/c2ccc(C(F)(F)F)cc2)nc2c1ncn2[C@@H]1O[C@H](CO)[C@@H](O)[C@H]1O,CHEMBL4460556,CHEMBL4460556,19048537,CHEMBL4351010,7.21
Nc1nc(N/N=C/c2ccc(Cl)c(C(F)(F)F)c2)nc2c1ncn2[C@@H]1O[C@H](CO)[C@@H](O)[C@H]1O,CHEMBL4449479,CHEMBL4449479,19048538,CHEMBL4351010,6.1
CCCOc1ccc(/C=N/Nc2nc(N)c3ncn([C@@H]4O[C@H](CO)[C@@H](O)[C@H]4O)c3n2)cc1,CHEMBL4539755,CHEMBL4539755,19048541,CHEMBL4351010,6.65
Nc1nc(N/N=C/c2cccc(OCc3ccccc3)c2)nc2c1ncn2[C@@H]1O[C@H](CO)[C@@H](O)[C@H]1O,CHEMBL4463100,CHEMBL4463100,19048543,CHEMBL4351010,6.76
Nc1nc(N/N=C/c2ccc(OCc3ccc(F)cc3)cc2)nc2c1ncn2[C@@H]1O[C@H](CO)[C@@H](O)[C@H]1O,CHEMBL4576915,CHEMBL4576915,19048544;19048613,CHEMBL4351010;CHEMBL4351010,8.26;8.39
COc1cc(/C=N/Nc2nc(N)c3ncn([C@@H]4O[C@H](CO)[C@@H](O)[C@H]4O)c3n2)ccc1OCc1ccccc1,CHEMBL4526113,CHEMBL4526113,19048545,CHEMBL4351010,7.0
Nc1nc(N/N=C/c2ccc(OCc3ccccc3)c(OCc3ccccc3)c2)nc2c1ncn2[C@@H]1O[C@H](CO)[C@@H](O)[C@H]1O,CHEMBL4471366,CHEMBL4471366,19048546;19048614,CHEMBL4351010;CHEMBL4351010,8.74;9.19
CN(C)c1ccc(/C=N/Nc2nc(N)c3ncn([C@@H]4O[C@H](CO)[C@@H](O)[C@H]4O)c3n2)cc1,CHEMBL4584669,CHEMBL4584669,19048547;19048615,CHEMBL4351010;CHEMBL4351010,8.19;7.75
Nc1nc(N/N=C/c2ccc(N3CCOCC3)cc2)nc2c1ncn2[C@@H]1O[C@H](CO)[C@@H](O)[C@H]1O,CHEMBL4440287,CHEMBL4440287,19048549,CHEMBL4351010,6.1
Nc1nc(N/N=C/c2ccc(-c3ccccn3)cc2)nc2c1ncn2[C@@H]1O[C@H](CO)[C@@H](O)[C@H]1O,CHEMBL4453624,CHEMBL4453624,19048551,CHEMBL4351010,6.68
Nc1nc(N/N=C/c2ccc(-n3ccnc3)cc2)nc2c1ncn2[C@@H]1O[C@H](CO)[C@@H](O)[C@H]1O,CHEMBL4458815,CHEMBL4458815,19048552,CHEMBL4351010,6.67
Nc1nc(N/N=C/c2ccc(-c3ccccc3)cc2)nc2c1ncn2[C@@H]1O[C@H](CO)[C@@H](O)[C@H]1O,CHEMBL4564192,CHEMBL4564192,19048553;19048616,CHEMBL4351010;CHEMBL4351010,7.7;8.24
Nc1nc(N/N=C/c2ccc(N(c3ccccc3)c3ccccc3)cc2)nc2c1ncn2[C@@H]1O[C@H](CO)[C@@H](O)[C@H]1O,CHEMBL4542585,CHEMBL4542585,19048554,CHEMBL4351010,7.17
Nc1nc(N/N=C/c2ccc[nH]2)nc2c1ncn2[C@@H]1O[C@H](CO)[C@@H](O)[C@H]1O,CHEMBL4468448,CHEMBL4468448,19048555;19048617,CHEMBL4351010;CHEMBL4351010,8.08;8.07
Nc1nc(N/N=C/c2cncs2)nc2c1ncn2[C@@H]1O[C@H](CO)[C@@H](O)[C@H]1O,CHEMBL4468144,CHEMBL4468144,19048556,CHEMBL4351010,7.15
CCCCc1nc(/C=N/Nc2nc(N)c3ncn([C@@H]4O[C@H](CO)[C@@H](O)[C@H]4O)c3n2)c(Cl)[nH]1,CHEMBL4447310,CHEMBL4447310,19048557;19048618,CHEMBL4351010;CHEMBL4351010,7.75;8.96
Nc1nc(N/N=C/c2cccnc2Cl)nc2c1ncn2[C@@H]1O[C@H](CO)[C@@H](O)[C@H]1O,CHEMBL4454157,CHEMBL4454157,19048559;19048619,CHEMBL4351010;CHEMBL4351010,8.06;8.34
Nc1nc(N/N=C/c2ccc(Br)cn2)nc2c1ncn2[C@@H]1O[C@H](CO)[C@@H](O)[C@H]1O,CHEMBL4451808,CHEMBL4451808,19048560,CHEMBL4351010,6.62
Nc1nc(N/N=C/c2ccc3ncccc3c2)nc2c1ncn2[C@@H]1O[C@H](CO)[C@@H](O)[C@H]1O,CHEMBL4458638,CHEMBL4458638,19048562;19048620,CHEMBL4351010;CHEMBL4351010,8.19;8.26
Nc1nc(N/N=C/C2CCCC2)nc2c1ncn2[C@@H]1O[C@H](CO)[C@@H](O)[C@H]1O,CHEMBL4440214,CHEMBL4440214,19048564;19048621,CHEMBL4351010;CHEMBL4351010,8.39;8.36
CC(/C=N/Nc1nc(N)c2ncn([C@@H]3O[C@H](CO)[C@@H](O)[C@H]3O)c2n1)Cc1ccc(C(C)C)cc1,CHEMBL4438487,CHEMBL4438487,19048565;19048622,CHEMBL4351010;CHEMBL4351010,8.2;8.86
CCCCC/C=C/C=C/C=N/Nc1nc(N)c2ncn([C@@H]3O[C@H](CO)[C@@H](O)[C@H]3O)c2n1,CHEMBL4435740,CHEMBL4435740,19048566;19048623,CHEMBL4351010;CHEMBL4351010,7.76;7.99
OC[C@H]1O[C@@H](n2cnc3c(NCCc4ccccc4)ncnc32)[C@H](O)[C@@H]1O,CHEMBL1257013,CHEMBL1257013,19103331,CHEMBL4368860,6.17
O=C(NC1CC1)[C@@]12C[C@@H]1[C@@H](n1cnc3c(N[C@H]4C[C@H]5CC[C@@H]4C5)nc(Cl)nc31)[C@H](O)[C@@H]2O,CHEMBL4463802,CHEMBL4463802,19108163,CHEMBL4368904,6.28
CNC(=O)[C@H]1O[C@@H](n2cnc3c(N)ncnc32)[C@H](O)[C@@H]1O,CHEMBL519809,CHEMBL519809,19108374,CHEMBL4368904,6.33
Cn1cc2c(nc(NCCNC(=O)OC(C)(C)C)n3nc(-c4ccco4)nc23)n1,CHEMBL4461773,CHEMBL4461773,19125765,CHEMBL4373634,6.21
Cn1cc2c(nc(NCCCNC(=O)OC(C)(C)C)n3nc(-c4ccco4)nc23)n1,CHEMBL4440479,CHEMBL4440479,19125766,CHEMBL4373634,6.71
Cn1cc2c(nc(NCCCCNC(=O)OC(C)(C)C)n3nc(-c4ccco4)nc23)n1,CHEMBL4583657,CHEMBL4583657,19125767,CHEMBL4373634,6.5
Cn1cc2c(nc(NCCCCCNC(=O)OC(C)(C)C)n3nc(-c4ccco4)nc23)n1,CHEMBL4526138,CHEMBL4526138,19125768,CHEMBL4373634,6.46
Cn1cc2c(nc(NCCCOCCOCCOCCCNC(=O)OC(C)(C)C)n3nc(-c4ccco4)nc23)n1,CHEMBL4469798,CHEMBL4469798,19125770,CHEMBL4373634,6.17
Cl.Cn1cc2c(nc(NN)n3nc(-c4ccco4)nc23)n1,CHEMBL4521591,CHEMBL4596681,19125773,CHEMBL4373634,6.63
Cl.Cn1cc2c(nc(NCCN)n3nc(-c4ccco4)nc23)n1,CHEMBL4474394,CHEMBL4597857,19125774,CHEMBL4373634,6.12
Cl.Cn1cc2c(nc(NCCCN)n3nc(-c4ccco4)nc23)n1,CHEMBL4592185,CHEMBL4598107,19125775,CHEMBL4373634,6.6
Cl.Cn1cc2c(nc(NCCCCN)n3nc(-c4ccco4)nc23)n1,CHEMBL4458117,CHEMBL4597512,19125776,CHEMBL4373634,6.77
Cl.Cn1cc2c(nc(NCCCCCN)n3nc(-c4ccco4)nc23)n1,CHEMBL4468805,CHEMBL4596199,19125777,CHEMBL4373634,7.28
Cl.Cn1cc2c(nc(NCCOCCOCCN)n3nc(-c4ccco4)nc23)n1,CHEMBL4469102,CHEMBL4597258,19125778,CHEMBL4373634,6.5
Cl.Cn1cc2c(nc(NCCCOCCOCCOCCCN)n3nc(-c4ccco4)nc23)n1,CHEMBL4553304,CHEMBL4595472,19125779,CHEMBL4373634,6.46
Cl.Cn1cc2c(nc(NCC3CCC(CN)CC3)n3nc(-c4ccco4)nc23)n1,CHEMBL4441421,CHEMBL4596682,19125780,CHEMBL4373634,6.17
Cn1cc2c(nc(NCCCNC(=S)Nc3ccc(-c4c5ccc(=O)cc-5oc5cc(O)ccc45)c(C(=O)O)c3)n3nc(-c4ccco4)nc23)n1,CHEMBL3924727,CHEMBL3924727,19125825,CHEMBL4373634,6.34
Cn1cc2c(nc(NCCCCCNC(=S)Nc3ccc(-c4c5ccc(=O)cc-5oc5cc(O)ccc45)c(C(=O)O)c3)n3nc(-c4ccco4)nc23)n1,CHEMBL3928333,CHEMBL3928333,19125827,CHEMBL4373634,6.04
Nc1nc(-c2ccccc2)nn1C(=O)c1ccco1,CHEMBL1340426,CHEMBL1340426,19152068,CHEMBL4376861,6.89
Oc1cccc(-c2nc(N3CCCCC3)c3nc[nH]c3n2)c1,CHEMBL611021,CHEMBL611021,19180055,CHEMBL4385637,6.5
Oc1ccc(-c2nc(N3CCCCC3)c3nc[nH]c3n2)cc1,CHEMBL4457537,CHEMBL4457537,19180056,CHEMBL4385637,7.0
O=C(O)C[C@H]1CC[C@@H](Oc2ccc(-c3ccc(-c4nc5cc(F)ccc5[nH]4)cn3)cn2)CC1,CHEMBL4483357,CHEMBL4483357,19207538,CHEMBL4390688,6.38
N#Cc1ccc2[nH]c(-c3ccc(-c4ccc(O[C@H]5CC[C@@H](CC(=O)O)CC5)nc4)nc3)nc2c1,CHEMBL4561313,CHEMBL4561313,19207540,CHEMBL4390688,6.37
O=C(O)C[C@H]1CC[C@@H](Oc2ccc(-c3ccc(-c4nc5ccccc5[nH]4)cn3)cn2)CC1,CHEMBL4443023,CHEMBL4443023,19207541,CHEMBL4390688,6.35
O=C(O)C[C@H]1CC[C@@H](Oc2ccc(-c3ccc(-c4nc5cc(C(F)(F)F)cnc5[nH]4)cn3)cn2)CC1,CHEMBL4530290,CHEMBL4530290,19207542,CHEMBL4390688,6.01
Cc1ccc2[nH]c(-c3ccc(-c4ccc(O[C@H]5CC[C@@H](CC(=O)O)CC5)nc4)nc3)nc2n1,CHEMBL4542552,CHEMBL4542552,19207544,CHEMBL4390688,6.31
O=C(O)C[C@H]1CC[C@H](OC2CCN(c3ccc(-c4nc5cc(Cl)ccc5[nH]4)cn3)CC2)CC1,CHEMBL4473500,CHEMBL4473500,19207546,CHEMBL4390688,6.17
O=C(O)C[C@H]1CC[C@H](OC2CCN(c3ccc(-c4nc5c(F)cc(F)cc5[nH]4)cn3)CC2)CC1,CHEMBL4464262,CHEMBL4464262,19207547,CHEMBL4390688,6.28
O=C(O)C[C@H]1CC[C@H](OC2CCN(c3ccc(-c4nc5c(F)cccc5[nH]4)cn3)CC2)CC1,CHEMBL4461166,CHEMBL4461166,19207549,CHEMBL4390688,6.04
Nc1nc(NCc2ccc(Cl)cc2)nc(-c2ccccc2CO)n1,CHEMBL4436453,CHEMBL4436453,19273370,CHEMBL4406806,6.52
N#Cc1c(N)nc(SCc2cccnc2)c(C#N)c1-c1ccco1,CHEMBL4440752,CHEMBL4440752,19274390;19274562,CHEMBL4406810;CHEMBL4406810,7.08;7.62
N#Cc1c(N)nc(SCc2cccc(C(N)=O)c2)c(C#N)c1-c1ccco1,CHEMBL4581984,CHEMBL4581984,19274391;19274566,CHEMBL4406810;CHEMBL4406810,7.24;7.17
COC(=O)c1cccc(CSc2nc(N)c(C#N)c(-c3ccco3)c2C#N)c1,CHEMBL4448894,CHEMBL4448894,19274392;19274567,CHEMBL4406810;CHEMBL4406810,6.5;7.17
N#Cc1c(N)nc(SCc2cccc(CO)c2)c(C#N)c1-c1ccco1,CHEMBL4557250,CHEMBL4557250,19274393;19274568,CHEMBL4406810;CHEMBL4406810,7.66;7.51
N#Cc1c(NCc2ccccc2)nc(SCCO)c(C#N)c1-c1ccco1,CHEMBL4560929,CHEMBL4560929,19274557,CHEMBL4406810,6.34
COC(=O)c1cccc(CSc2nc(N)c(C#N)c(-c3cccnc3)c2C#N)c1,CHEMBL4521162,CHEMBL4521162,19274558,CHEMBL4406810,6.2
COC(=O)c1cccc(CSc2nc(N)c(C#N)c(-c3cccs3)c2C#N)c1,CHEMBL4517597,CHEMBL4517597,19274559,CHEMBL4406810,6.16
COC(=O)c1cccc(CSc2nc(N)c(C#N)c(-c3ccoc3)c2C#N)c1,CHEMBL4562453,CHEMBL4562453,19274560,CHEMBL4406810,7.02
N#Cc1c(N)nc(SCc2ccccn2)c(C#N)c1-c1ccco1,CHEMBL4447663,CHEMBL4447663,19274561,CHEMBL4406810,6.97
N#Cc1c(N)nc(SCc2ccncc2)c(C#N)c1-c1ccco1,CHEMBL4436509,CHEMBL4436509,19274563,CHEMBL4406810,6.94
N#Cc1cccc(CSc2nc(N)c(C#N)c(-c3ccco3)c2C#N)c1,CHEMBL4521115,CHEMBL4521115,19274564,CHEMBL4406810,7.03
N#Cc1c(N)nc(SCc2cccc(C(=O)O)c2)c(C#N)c1-c1ccco1,CHEMBL4582498,CHEMBL4582498,19274565,CHEMBL4406810,6.24
N#Cc1c(N)nc(SCC(=O)c2ccccc2)c(C#N)c1-c1ccco1,CHEMBL4557518,CHEMBL4557518,19274569,CHEMBL4406810,6.65
N#CCSc1nc(N)c(C#N)c(-c2ccco2)c1C#N,CHEMBL4439963,CHEMBL4439963,19274570,CHEMBL4406810,6.05
CC1=C(C(=O)OC(C)C)C(c2ccco2)n2c(nc3ccccc32)N1,CHEMBL3787197,CHEMBL3787197,19309980,CHEMBL4414598,7.55
CCn1c(=O)c2nc(C3CCCC3)[nH]c2n(CC)c1=O,CHEMBL102859,CHEMBL102859,19309981,CHEMBL4414598,6.8
CCn1c(=O)c2c(C)c(C(=O)N3CCC(O)CC3)sc2n(CCC(F)(F)F)c1=O,CHEMBL4522981,CHEMBL4522981,19362453,CHEMBL4422615,6.09
Cn1c(=O)c2c(nc3n2CCN(Cc2csc(-c4ccc(Cl)cc4)n2)C3)n(C)c1=O,CHEMBL4554778,CHEMBL4554778,19438637,CHEMBL4428125,6.46
Cn1c(=O)c2c(nc3n2CCN(Cc2csc(-c4cccc(Cl)c4)n2)C3)n(C)c1=O,CHEMBL4483392,CHEMBL4483392,19438638,CHEMBL4428125,6.44
Cn1c(=O)c2c(nc3n2CCN(Cc2csc(-c4ccc(C(F)(F)F)cc4)n2)C3)n(C)c1=O,CHEMBL4549506,CHEMBL4549506,19438639,CHEMBL4428125,6.66
Cn1c(=O)c2c(nc3n2CCN(Cc2csc(-c4cccs4)n2)C3)n(C)c1=O,CHEMBL4540395,CHEMBL4540395,19438640,CHEMBL4428125,6.69
Cn1c(=O)c2c(nc3n2CCN([C@@H]2CCCc4ccccc42)C3)n(C)c1=O,CHEMBL4451303,CHEMBL4451303,19438641,CHEMBL4428125,6.22
Cn1c(=O)c2c(nc3n2CCN(CCCc2cccc(Br)c2)C3)n(C)c1=O,CHEMBL4567470,CHEMBL4567470,19438642,CHEMBL4428125,6.29
Cn1c(=O)c2c(nc3n2CCN(CCCc2ccc(Cl)cc2)C3)n(C)c1=O,CHEMBL4582207,CHEMBL4582207,19438643,CHEMBL4428125,6.64
Cn1c(=O)c2c(nc3n2CCN3Cc2cccc(Br)c2)n(C)c1=O,CHEMBL4563397,CHEMBL4563397,19487797,CHEMBL4480426,6.43
Cn1c(=O)c2c(nc3n2CCN3Cc2ccccc2Br)n(C)c1=O,CHEMBL4573517,CHEMBL4573517,19487799,CHEMBL4480426,6.05
COc1ccccc1CN1CCn2c1nc1c2c(=O)n(C)c(=O)n1C,CHEMBL4554404,CHEMBL4554404,19487802,CHEMBL4480426,6.11
COc1ccc(Cl)c(CN2CCCn3c2nc2c3c(=O)n(C)c(=O)n2C)c1F,CHEMBL4570974,CHEMBL4570974,19487818,CHEMBL4480426,6.2
Cn1c(=O)c2c(nc3n2CCCN3Cc2c(F)cccc2Cl)n(C)c1=O,CHEMBL4521517,CHEMBL4521517,19487823,CHEMBL4480426,6.72
Cn1c(=O)c2c(nc3n2CCCCN3Cc2ccccc2Cl)n(C)c1=O,CHEMBL4550899,CHEMBL4550899,19487825,CHEMBL4480426,6.05
Cn1c(=O)c2c(nc3n2CCCCN3Cc2ccccc2Br)n(C)c1=O,CHEMBL4559410,CHEMBL4559410,19487829,CHEMBL4480426,6.12
COc1ccccc1CN1CCCCn2c1nc1c2c(=O)n(C)c(=O)n1C,CHEMBL4549927,CHEMBL4549927,19487831,CHEMBL4480426,6.02
CCOC(=O)C1=C(C)Nc2nc3ccccc3n2C1c1ncco1,CHEMBL4645754,CHEMBL4645754,20665899,CHEMBL4616721,8.7
CC1=C(C(=O)OC(C)C)C(c2ncco2)n2c(nc3ccccc32)N1,CHEMBL4632760,CHEMBL4632760,20665900,CHEMBL4616721,9.0
CCOC(=O)C1=C(C)Nc2nc3ccccc3n2C1c1nccs1,CHEMBL4634105,CHEMBL4634105,20665901,CHEMBL4616721,8.52
CCOC(=O)C1=C(C)Nc2nc3ccccc3n2C1c1ncc[nH]1,CHEMBL4632427,CHEMBL4632427,20665902,CHEMBL4616721,8.3
CCOC(=O)C1=C(C)Nc2nc3ccccc3n2C1c1cnco1,CHEMBL4640980,CHEMBL4640980,20665903,CHEMBL4616721,6.55
Nc1nc(NCc2ccc(S(N)(=O)=O)cc2)nc2sc(-c3ccco3)nc12,CHEMBL4643898,CHEMBL4643898,20708820,CHEMBL4627330,7.06
Nc1nc(NCCc2ccc(S(N)(=O)=O)cc2)nc2sc(-c3ccco3)nc12,CHEMBL4632532,CHEMBL4632532,20708821,CHEMBL4627330,6.53
Nc1nc(N2CCN(c3ccc(S(N)(=O)=O)cc3)CC2)nc2sc(-c3ccco3)nc12,CHEMBL4644153,CHEMBL4644153,20708822,CHEMBL4627330,8.24
Nc1nc(NCCN2CCN(c3ccc(S(N)(=O)=O)cc3)CC2)nc2sc(-c3ccco3)nc12,CHEMBL4643397,CHEMBL4643397,20708823,CHEMBL4627330,7.07
Nc1nc(NCC2CCN(CC(=O)Nc3ccc(S(N)(=O)=O)cc3)CC2)nc2sc(-c3ccco3)nc12,CHEMBL4646158,CHEMBL4646158,20708824,CHEMBL4627330,8.7
Nc1nc(NCC2CCN(CC(=O)NCc3ccc(S(N)(=O)=O)cc3)CC2)nc2sc(-c3ccco3)nc12,CHEMBL4633630,CHEMBL4633630,20708825,CHEMBL4627330,7.24
Nc1nc(NCC2CCN(CC(=O)NCCc3ccc(S(N)(=O)=O)cc3)CC2)nc2sc(-c3ccco3)nc12,CHEMBL4645283,CHEMBL4645283,20708826,CHEMBL4627330,7.22
Nc1nc(N2CCC(CNC(=O)c3ccc(S(N)(=O)=O)cc3)CC2)nc2sc(-c3ccco3)nc12,CHEMBL4647074,CHEMBL4647074,20708827,CHEMBL4627330,6.31
Nc1nc(N2CCC(CNC(=O)c3cccc(S(N)(=O)=O)c3)CC2)nc2sc(-c3ccco3)nc12,CHEMBL4646403,CHEMBL4646403,20708828,CHEMBL4627330,7.39
Nc1nc(N2CCC(CNC(=O)CN3C(=O)c4ccccc4S3(=O)=O)CC2)nc2sc(-c3ccco3)nc12,CHEMBL4632626,CHEMBL4632626,20708829,CHEMBL4627330,6.31
Nc1nc(N2CCC(CNC(=O)CCN3C(=O)c4ccccc4S3(=O)=O)CC2)nc2sc(-c3ccco3)nc12,CHEMBL4634083,CHEMBL4634083,20708830,CHEMBL4627330,6.19
CCOC(=O)c1ccc(N2CCN(c3nc(N)c4nc(-c5ccco5)sc4n3)CC2)cc1,CHEMBL4642713,CHEMBL4642713,20708831,CHEMBL4627330,6.55
Nc1nc(-c2ccc(OCCN3CCOCC3)cc2)cn2c(=O)n(-c3ccccc3)nc12,CHEMBL4648880,CHEMBL4648880,20711261,CHEMBL4627356,6.76
Nc1nc(-c2ccc(OCCN3CCCC3)cc2)cn2c(=O)n(-c3ccccc3)nc12,CHEMBL4641290,CHEMBL4641290,20711262,CHEMBL4627356,6.64
Nc1nc(-c2ccc(OCCN3CCCCC3)cc2)cn2c(=O)n(-c3ccccc3)nc12,CHEMBL4640132,CHEMBL4640132,20711263,CHEMBL4627356,7.34
Nc1nc(-c2ccc(OCCO)cc2)cn2c(=O)n(-c3ccccc3)nc12,CHEMBL4646402,CHEMBL4646402,20711265,CHEMBL4627356,6.6
CN1CCN(CCOc2ccc(-c3cn4c(=O)n(-c5ccccc5)nc4c(N)n3)cc2)CC1,CHEMBL4648171,CHEMBL4648171,20711283,CHEMBL4627356,7.07
Nc1nc(-c2ccc(OCC(O)CO)cc2)cn2c(=O)n(-c3ccccc3)nc12,CHEMBL4642686,CHEMBL4642686,20711284,CHEMBL4627356,6.45
Nc1nc(-c2ccc(OCC(O)CN3CCCCC3)cc2)cn2c(=O)n(-c3ccccc3)nc12,CHEMBL4632739,CHEMBL4632739,20711285,CHEMBL4627356,7.04
Nc1nc(-c2ccc(OCC(O)CN3CCOCC3)cc2)cn2c(=O)n(-c3ccccc3)nc12,CHEMBL4637897,CHEMBL4637897,20711286,CHEMBL4627356,6.71
Nc1nc(-c2ccc(NC(=O)CCN3CCCC3)cc2)cn2c(=O)n(-c3ccccc3)nc12,CHEMBL4645823,CHEMBL4645823,20711287,CHEMBL4627356,8.37
Nc1nc(-c2ccc(NC(=O)CCN3CCCCC3)cc2)cn2c(=O)n(-c3ccccc3)nc12,CHEMBL4641373,CHEMBL4641373,20711288,CHEMBL4627356,8.29
Nc1nc(-c2ccc(NC(=O)CCN3CCOCC3)cc2)cn2c(=O)n(-c3ccccc3)nc12,CHEMBL4648828,CHEMBL4648828,20711289,CHEMBL4627356,8.44
CN1CCN(CCC(=O)Nc2ccc(-c3cn4c(=O)n(-c5ccccc5)nc4c(N)n3)cc2)CC1,CHEMBL4637032,CHEMBL4637032,20711290,CHEMBL4627356,7.96
Nc1nc(-c2ccc(NC(=O)CCN3CCN(CCO)CC3)cc2)cn2c(=O)n(-c3ccccc3)nc12,CHEMBL4642262,CHEMBL4642262,20711291,CHEMBL4627356,8.14
Nc1nc(-c2ccc(NC(=O)CCN3CCN(c4ccccc4)CC3)cc2)cn2c(=O)n(-c3ccccc3)nc12,CHEMBL4642172,CHEMBL4642172,20711292,CHEMBL4627356,7.93
NCC1CCN(CCC(=O)Nc2ccc(-c3cn4c(=O)n(-c5ccccc5)nc4c(N)n3)cc2)CC1,CHEMBL4637680,CHEMBL4637680,20711293,CHEMBL4627356,6.91
NC(=O)C1CCN(CCC(=O)Nc2ccc(-c3cn4c(=O)n(-c5ccccc5)nc4c(N)n3)cc2)CC1,CHEMBL4635366,CHEMBL4635366,20711294,CHEMBL4627356,7.1
CCOC(=O)CCCNc1nc2nn(C)cc2c2nc(-c3ccco3)nn12,CHEMBL4744151,CHEMBL4744151,22422239,CHEMBL4673199,6.64
COC(=O)[C@@H]1CCCN1c1nc2nn(C)cc2c2nc(-c3ccco3)nn12,CHEMBL4792994,CHEMBL4792994,22422240,CHEMBL4673199,6.37
CCOC(=O)C[C@H](Nc1nc2nn(C)cc2c2nc(-c3ccco3)nn12)C(=O)OCC,CHEMBL4754809,CHEMBL4754809,22422242,CHEMBL4673199,6.35
CCOC(=O)C(Nc1nc2nn(C)cc2c2nc(-c3ccco3)nn12)C(O)c1ccccc1,CHEMBL4758037,CHEMBL4758037,22422243,CHEMBL4673199,6.42
CCOC(=O)C(CO)Nc1nc2nn(C)cc2c2nc(-c3ccco3)nn12,CHEMBL4757966,CHEMBL4757966,22422246,CHEMBL4673199,6.46
CCOC(=O)[C@@H](Cc1cc2ccccc2[nH]1)Nc1nc2nn(C)cc2c2nc(-c3ccco3)nn12,CHEMBL4759275,CHEMBL4759275,22422247,CHEMBL4673199,6.05
CCOC(=O)C(Nc1nc2nn(C)cc2c2nc(-c3ccco3)nn12)c1ccccc1,CHEMBL4740116,CHEMBL4740116,22422248,CHEMBL4673199,6.07
CCCCC(Nc1nc2nn(C)cc2c2nc(-c3ccco3)nn12)C(=O)OCC,CHEMBL4758353,CHEMBL4758353,22422249,CHEMBL4673199,6.26
CCOC(=O)C(CC(C)C)Nc1nc2nn(C)cc2c2nc(-c3ccco3)nn12,CHEMBL4763391,CHEMBL4763391,22422250,CHEMBL4673199,6.4
CCOC(=O)C(C)Nc1nc2nn(C)cc2c2nc(-c3ccco3)nn12,CHEMBL4755552,CHEMBL4755552,22422252,CHEMBL4673199,6.09
CC[C@@H]1CN2C(=O)N(C)c3nc(-c4ccccc4)[nH]c3C2=N1,CHEMBL1625681,CHEMBL1625681,22459722,CHEMBL4680130,6.97
O=C(Nc1nc(-c2ccccc2)c(C(=O)c2ccc(F)cc2F)s1)c1ccco1,CHEMBL4797325,CHEMBL4797325,22459732,CHEMBL4680130,6.88
O=C(Nc1nc(-c2ccccc2)c(C(=O)c2ccc(Cl)cc2)s1)c1ccccc1,CHEMBL4764086,CHEMBL4764086,22459746,CHEMBL4680130,7.41
O=C(Nc1nc(-c2ccccc2)c(-c2ccccn2)s1)c1ccccc1,CHEMBL4779033,CHEMBL4779033,22459747,CHEMBL4680130,7.08
O=C(Nc1nc(-c2ccccc2)c(C(=O)c2ccc(F)cc2F)s1)c1ccccc1,CHEMBL4784975,CHEMBL4784975,22459748,CHEMBL4680130,7.11
Cc1cccnc1CNC(=O)c1cnc(-c2ccco2)nc1N,CHEMBL4782266,CHEMBL4782266,22756962;22756974,CHEMBL4699449;CHEMBL4699449,8.48;7.11
Cc1cccnc1CNC(=O)c1c(N)nc(-c2ccco2)nc1OC[C@H](C)O,CHEMBL4778265,CHEMBL4778265,22756963;22756975,CHEMBL4699449;CHEMBL4699449,9.96;7.11
Cc1cccnc1CNC(=O)c1c(N)nc(-c2ccco2)nc1OCCF,CHEMBL4759461,CHEMBL4759461,22756964,CHEMBL4699449,8.89
COc1nc(-c2ncco2)nc(N)c1C(=O)NCc1c(Cl)cccc1Cl,CHEMBL4747929,CHEMBL4747929,22756965;22756980,CHEMBL4699449;CHEMBL4699449,10.11;7.77
Cc1ccc(-c2nc(N)nc3c2nnn3Cc2cccc(CO[C@H]3CCOC3)n2)o1,CHEMBL4297184,CHEMBL4297184,22756999;22757002;22757003;24422750;24422800;24772313;25695818;25886129,CHEMBL4699449;CHEMBL4699449;CHEMBL4699449;CHEMBL5046288;CHEMBL5046288;CHEMBL5126505;CHEMBL5380829;CHEMBL5512687,8.47;7.77;7.16;7.06;7.06;8.47;7.1;8.48
NC(=O)Cc1cc(N2CCN(CCn3c(=O)sc4c3nc(N)n3nc(-c5ccco5)nc43)CC2)c(F)cc1F,CHEMBL4741609,CHEMBL4741609,22757009;22757011;22757013;22757015,CHEMBL4699449;CHEMBL4699449;CHEMBL4699449;CHEMBL4699449,9.3;8.7;7.31;7.7
C[S+]([O-])CCOc1cc(N2CCN(CCn3c(=O)sc4c3nc(N)n3nc(-c5ccco5)nc43)CC2)c(F)cc1F,CHEMBL4760867,CHEMBL4760867,22757010;22757012;22757014,CHEMBL4699449;CHEMBL4699449;CHEMBL4699449,9.22;8.7;7.6
Nc1nc(-n2cc(O)cn2)nc(-n2cccn2)c1Br,CHEMBL4747570,CHEMBL4747570,22757052,CHEMBL4699449,7.3
Nc1nc(-c2ccc(S(N)(=O)=O)cc2)cn2c(=O)n(-c3ccccc3)nc12,CHEMBL4741273,CHEMBL4741273,22786124,CHEMBL4706508,6.07
Nc1nc(-c2ccc(NC(=O)CCC(=O)O)cc2)cn2c(=O)n(-c3ccccc3)nc12,CHEMBL4784043,CHEMBL4784043,22786127,CHEMBL4706508,6.24
COc1ccc(C(=O)Nc2ccc(-c3cn4c(=O)n(-c5ccccc5)nc4c(N)n3)cc2)cc1,CHEMBL4764878,CHEMBL4764878,22786128,CHEMBL4706508,9.15
COc1ccc(C(=O)Nc2ccc(-c3cn4c(=O)n(-c5ccccc5)nc4c(N)n3)cc2)cc1OC,CHEMBL4791834,CHEMBL4791834,22786129,CHEMBL4706508,7.69
Nc1nc(-c2ccc(NC(=O)c3ccc(O)cc3)cc2)cn2c(=O)n(-c3ccccc3)nc12,CHEMBL4799118,CHEMBL4799118,22786130,CHEMBL4706508,7.38
Nc1nc(-c2ccc(NC(=O)c3ccc(O)c(O)c3)cc2)cn2c(=O)n(-c3ccccc3)nc12,CHEMBL4745014,CHEMBL4745014,22786131,CHEMBL4706508,8.05
Nc1nc(-c2ccc(NC(=O)c3ccc(C(=O)O)cc3)cc2)cn2c(=O)n(-c3ccccc3)nc12,CHEMBL4759740,CHEMBL4759740,22786133,CHEMBL4706508,7.09
Nc1nc(-c2ccc(NC(=O)c3ccc(C(=O)NO)cc3)cc2)cn2c(=O)n(-c3ccccc3)nc12,CHEMBL4755619,CHEMBL4755619,22786134,CHEMBL4706508,7.44
Nc1nc(-c2ccc(NC(=O)c3ccc(S(N)(=O)=O)cc3)cc2)cn2c(=O)n(-c3ccccc3)nc12,CHEMBL4797036,CHEMBL4797036,22786135;22786294,CHEMBL4706508;CHEMBL4706508,8.19;7.04
Nc1nc(-c2ccc(NC(=O)c3cccc(S(N)(=O)=O)c3)cc2)cn2c(=O)n(-c3ccccc3)nc12,CHEMBL4764597,CHEMBL4764597,22786136,CHEMBL4706508,7.87
Nc1nc(-c2ccc(NCc3ccc(S(N)(=O)=O)cc3)cc2)cn2c(=O)n(-c3ccccc3)nc12,CHEMBL4764804,CHEMBL4764804,22786137,CHEMBL4706508,7.55
Nc1nc(-c2ccc(NCC(=O)c3ccc(S(N)(=O)=O)cc3)cc2)cn2c(=O)n(-c3ccccc3)nc12,CHEMBL4777796,CHEMBL4777796,22786138,CHEMBL4706508,7.58
Nc1nc(-c2ccc(NC(=O)CCNCCc3ccc(S(N)(=O)=O)cc3)cc2)cn2c(=O)n(-c3ccccc3)nc12,CHEMBL4793920,CHEMBL4793920,22786139,CHEMBL4706508,7.97
Nc1nc(-c2ccc(NC(=O)CCNCc3ccc(S(N)(=O)=O)cc3)cc2)cn2c(=O)n(-c3ccccc3)nc12,CHEMBL4797465,CHEMBL4797465,22786140,CHEMBL4706508,7.02
Nc1nc(-c2ccc(NC(=O)CCNC(=O)c3ccc(S(N)(=O)=O)cc3)cc2)cn2c(=O)n(-c3ccccc3)nc12,CHEMBL4761976,CHEMBL4761976,22786141;22786295,CHEMBL4706508;CHEMBL4706508,6.97;6.03
Nc1nc(-c2ccc(NC(=O)CCNC(=O)c3cccc(S(N)(=O)=O)c3)cc2)cn2c(=O)n(-c3ccccc3)nc12,CHEMBL4753875,CHEMBL4753875,22786142,CHEMBL4706508,8.04
Nc1nc(-c2ccc(OCCNCCc3ccc(S(N)(=O)=O)cc3)cc2)cn2c(=O)n(-c3ccccc3)nc12,CHEMBL4757832,CHEMBL4757832,22786143,CHEMBL4706508,7.06
Nc1nc(-c2ccc(OCCNC(=O)c3ccc(S(N)(=O)=O)cc3)cc2)cn2c(=O)n(-c3ccccc3)nc12,CHEMBL4786281,CHEMBL4786281,22786144,CHEMBL4706508,8.17
O=C(NCc1ccc(Nc2ncnc3c2ncn3[C@@H]2O[C@H](CO)[C@@H](O)[C@H]2O)cc1)c1ccc(S(=O)(=O)F)cc1,CHEMBL4756472,CHEMBL4756472,22841506,CHEMBL4715802,7.17
OC[C@H]1O[C@@H](n2cnc3c(Nc4ccc(CN=C=S)cc4)ncnc32)[C@H](O)[C@@H]1O,CHEMBL4741079,CHEMBL4741079,22841507,CHEMBL4715802,6.19
OC[C@H]1O[C@@H](n2cnc3c(Nc4ccc(CNC(=S)Nc5ccc(N=C=S)cc5)cc4)ncnc32)[C@H](O)[C@@H]1O,CHEMBL4746617,CHEMBL4746617,22841508,CHEMBL4715802,7.17
CCN(CC)CC.CCN(CC)CC.Cn1cc2c(nc(NC(=O)CCCc3cn(CCCCCCNC(=O)c4ccc(-c5c6ccc(=N)c(S(=O)(=O)O)c-6oc6c(S(=O)(=O)O)c(N)ccc56)c(C(=O)O)c4)nn3)n3nc(-c4ccco4)nc23)n1,CHEMBL4745748,CHEMBL3926805,22848683,CHEMBL4715845,7.05
C#CCCCCCNC(=O)Nc1nc2nn(C)cc2c2nc(-c3ccco3)nn12,CHEMBL4754659,CHEMBL4754659,22848684,CHEMBL4715845,6.32
C#CCCCCNC(=O)Nc1nc2nn(C)cc2c2nc(-c3ccco3)nn12,CHEMBL4745279,CHEMBL4745279,22848685,CHEMBL4715845,6.82
C#CCCCNC(=O)Nc1nc2nn(C)cc2c2nc(-c3ccco3)nn12,CHEMBL4762320,CHEMBL4762320,22848686,CHEMBL4715845,6.7
C#CCCNC(=O)Nc1nc2nn(C)cc2c2nc(-c3ccco3)nn12,CHEMBL4749927,CHEMBL4749927,22848687,CHEMBL4715845,6.88
Cn1cc2c(nc(NC(=O)Nc3ccc(CC(=O)OCCCOCCOCCOCCCNC(=S)Nc4ccc(-c5c6ccc(=O)cc-6oc6cc(O)ccc56)c(C(=O)O)c4)cc3)n3nc(-c4ccco4)nc23)n1,CHEMBL4740961,CHEMBL4740961,22848688,CHEMBL4715845,7.04
Cn1cc2c(nc(NC(=O)Nc3ccc(CC(=O)OCCOCCOCCNC(=S)Nc4ccc(-c5c6ccc(=O)cc-6oc6cc(O)ccc56)c(C(=O)O)c4)cc3)n3nc(-c4ccco4)nc23)n1,CHEMBL4795162,CHEMBL4795162,22848689,CHEMBL4715845,7.02
Cn1cc2c(nc(NC(=O)Nc3ccc(CC(=O)OCCCCCNC(=S)Nc4ccc(-c5c6ccc(=O)cc-6oc6cc(O)ccc56)c(C(=O)O)c4)cc3)n3nc(-c4ccco4)nc23)n1,CHEMBL4779294,CHEMBL4779294,22848690,CHEMBL4715845,6.97
Cn1cc2c(nc(NC(=O)Nc3ccc(CC(=O)OCCCCNC(=S)Nc4ccc(-c5c6ccc(=O)cc-6oc6cc(O)ccc56)c(C(=O)O)c4)cc3)n3nc(-c4ccco4)nc23)n1,CHEMBL4743686,CHEMBL4743686,22848691,CHEMBL4715845,7.22
Cn1cc2c(nc(NC(=O)Nc3ccc(CC(=O)OCCCNC(=S)Nc4ccc(-c5c6ccc(=O)cc-6oc6cc(O)ccc56)c(C(=O)O)c4)cc3)n3nc(-c4ccco4)nc23)n1,CHEMBL4739973,CHEMBL4739973,22848692,CHEMBL4715845,6.96
Cn1cc2c(nc(NC(=O)Nc3ccc(CC(=O)OCCCOCCOCCOCCCN)cc3)n3nc(-c4ccco4)nc23)n1.O=C(O)C(F)(F)F,CHEMBL4749227,CHEMBL4802759,22848693,CHEMBL4715845,6.48
Cn1cc2c(nc(NC(=O)Nc3ccc(CC(=O)OCCOCCOCCN)cc3)n3nc(-c4ccco4)nc23)n1.O=C(O)C(F)(F)F,CHEMBL4764119,CHEMBL4803276,22848694,CHEMBL4715845,6.57
Cn1cc2c(nc(NC(=O)Nc3ccc(CC(=O)OCCCCCN)cc3)n3nc(-c4ccco4)nc23)n1.O=C(O)C(F)(F)F,CHEMBL4794804,CHEMBL4803880,22848695,CHEMBL4715845,6.69
Cn1cc2c(nc(NC(=O)Nc3ccc(CC(=O)OCCCCN)cc3)n3nc(-c4ccco4)nc23)n1.O=C(O)C(F)(F)F,CHEMBL4760582,CHEMBL4803071,22848696,CHEMBL4715845,6.76
Cn1cc2c(nc(NC(=O)Nc3ccc(CC(=O)OCCCN)cc3)n3nc(-c4ccco4)nc23)n1.O=C(O)C(F)(F)F,CHEMBL4763432,CHEMBL4803213,22848697,CHEMBL4715845,6.76
Cn1cc2c(nc(NC(=O)Nc3ccc(CC(=O)OCCCOCCOCCOCCCNC(=O)OC(C)(C)C)cc3)n3nc(-c4ccco4)nc23)n1,CHEMBL4779646,CHEMBL4779646,22848698,CHEMBL4715845,6.49
Cn1cc2c(nc(NC(=O)Nc3ccc(CC(=O)OCCOCCOCCNC(=O)OC(C)(C)C)cc3)n3nc(-c4ccco4)nc23)n1,CHEMBL4752196,CHEMBL4752196,22848699,CHEMBL4715845,6.34
Cn1cc2c(nc(NC(=O)Nc3ccc(CC(=O)OCCCCCNC(=O)OC(C)(C)C)cc3)n3nc(-c4ccco4)nc23)n1,CHEMBL4748745,CHEMBL4748745,22848700,CHEMBL4715845,6.42
Cn1cc2c(nc(NC(=O)Nc3ccc(CC(=O)OCCCCNC(=O)OC(C)(C)C)cc3)n3nc(-c4ccco4)nc23)n1,CHEMBL4800356,CHEMBL4800356,22848701,CHEMBL4715845,6.52
Cn1cc2c(nc(NC(=O)Nc3ccc(CC(=O)OCCCNC(=O)OC(C)(C)C)cc3)n3nc(-c4ccco4)nc23)n1,CHEMBL4786871,CHEMBL4786871,22848702,CHEMBL4715845,6.82
CCCNc1nc(C#Cc2ccc(F)s2)nc2c1ncn2[C@H]1[C@H](O)[C@H](O)[C@]2(C(=O)NC)C[C@H]12,CHEMBL4791368,CHEMBL4791368,22898029,CHEMBL4725439,6.08
COc1ccc(N2CCOCC2)c2sc(NC(=O)N3CCCCC3)nc12,CHEMBL4750049,CHEMBL4750049,22924921,CHEMBL4732184,8.22
COc1ccc(N2CCOCC2)c2sc(NC(=O)N3CC=CCC3)nc12,CHEMBL4742132,CHEMBL4742132,22924922;24772343,CHEMBL4732184;CHEMBL5126505,8.62;8.62
COc1ccc(N2CCOCC2)c2sc(NC(=O)N3CCC(O)CC3)nc12,CHEMBL4783617,CHEMBL4783617,22924923,CHEMBL4732184,8.42
COc1ccc(N2CCOCC2)c2sc(NC(=O)N3CCC(OC)CC3)nc12,CHEMBL4763600,CHEMBL4763600,22924924,CHEMBL4732184,7.48
COc1ccc(N2CCOCC2)c2sc(NC(=O)N3CCC(F)CC3)nc12,CHEMBL4783723,CHEMBL4783723,22924925,CHEMBL4732184,8.31
COc1ccc(N2CCOCC2)c2sc(NC(=O)N3CCCC(F)C3)nc12,CHEMBL4785362,CHEMBL4785362,22924926,CHEMBL4732184,8.19
COc1ccc(N2CCOCC2)c2sc(NC(=O)N3CCC(CF)CC3)nc12,CHEMBL4753657,CHEMBL4753657,22924927,CHEMBL4732184,8.44
COc1ccc(N2CCOCC2)c2sc(NC(=O)N3CCC(OCCF)CC3)nc12,CHEMBL4748372,CHEMBL4748372,22924928,CHEMBL4732184,7.62
COc1ccc(N2CCOCC2)c2sc(NC(=O)N3CCC(COCCF)CC3)nc12,CHEMBL4795658,CHEMBL4795658,22924929,CHEMBL4732184,7.46
COc1ccc(N2CCOCC2)c2sc(NC(=O)N3CCC(F)(CO)CC3)nc12,CHEMBL4784681,CHEMBL4784681,22924931,CHEMBL4732184,8.44
COc1ccc(N2CCOCC2)c2sc(NC(=O)N3CCC(O)(CF)CC3)nc12,CHEMBL4746388,CHEMBL4746388,22924932,CHEMBL4732184,8.55
COc1ccc(N2CCOCC2)c2sc(NC(=O)N3CCC(O)(CCF)CC3)nc12,CHEMBL4745912,CHEMBL4745912,22924933,CHEMBL4732184,8.03
COc1ccc(N2CCOCC2)c2sc(NC(=O)N3CCC(C(O)CF)CC3)nc12,CHEMBL4746896,CHEMBL4746896,22924934;24772341,CHEMBL4732184;CHEMBL5126505,8.19;8.19
COc1ccc(N2CCOCC2)c2sc(NC(=O)N3CCC(C(C)(O)CF)CC3)nc12,CHEMBL4788835,CHEMBL4788835,22924935;24772342,CHEMBL4732184;CHEMBL5126505,7.42;7.42
CC1(O)CCN(C(=O)Nc2nc3c(OCCF)ccc(N4CCOCC4)c3s2)CC1,CHEMBL4760845,CHEMBL4760845,22924936,CHEMBL4732184,6.44
Nc1nc(NCCc2ccc(O)cc2)nc2nc(C3=CCCO3)nn12,CHEMBL4857871,CHEMBL4857871,23126616,CHEMBL4806962,8.32
Nc1nc(-c2cccc(Br)c2)cn2c1nc1ccccc12,CHEMBL4855390,CHEMBL4855390,23172676;23172682;23172720,CHEMBL4813923;CHEMBL4813923;CHEMBL4813923,6.42;8.0;7.08
Nc1nc(Cc2ccccc2)cn2c1nc1ccccc12,CHEMBL4849795,CHEMBL4849795,23172677;23172695;23172721;24772483;24772484,CHEMBL4813923;CHEMBL4813923;CHEMBL4813923;CHEMBL5126505;CHEMBL5126505,6.78;8.04;7.51;8.04;7.51
COc1cccc(-c2cn3c(nc4cc(F)c(F)cc43)c(N)n2)c1,CHEMBL4862573,CHEMBL4862573,23172678;23172702;23172722,CHEMBL4813923;CHEMBL4813923;CHEMBL4813923,6.28;7.57;7.11
Nc1nc(-c2ccccc2)cn2c1nc1ccccc12,CHEMBL4850192,CHEMBL4850192,23172679,CHEMBL4813923,7.33
COc1ccccc1-c1cn2c(nc3ccccc32)c(N)n1,CHEMBL4849821,CHEMBL4849821,23172680,CHEMBL4813923,7.08
COc1cccc(-c2cn3c(nc4ccccc43)c(N)n2)c1,CHEMBL4846301,CHEMBL4846301,23172681,CHEMBL4813923,8.0
Cc1ccc(-c2cn3c(nc4ccccc43)c(N)n2)cc1,CHEMBL4846299,CHEMBL4846299,23172683,CHEMBL4813923,7.84
CC(C)(C)c1ccc(-c2cn3c(nc4ccccc43)c(N)n2)cc1,CHEMBL4875468,CHEMBL4875468,23172684,CHEMBL4813923,7.48
COc1ccc(-c2cn3c(nc4ccccc43)c(N)n2)cc1,CHEMBL4876950,CHEMBL4876950,23172685,CHEMBL4813923,7.29
Nc1nc(-c2ccc(O)cc2)cn2c1nc1ccccc12,CHEMBL4877586,CHEMBL4877586,23172686,CHEMBL4813923,7.09
Nc1nc(-c2ccc(Cl)cc2)cn2c1nc1ccccc12,CHEMBL4860395,CHEMBL4860395,23172687,CHEMBL4813923,7.45
Nc1nc(-c2ccc(Br)cc2)cn2c1nc1ccccc12,CHEMBL4862534,CHEMBL4862534,23172688,CHEMBL4813923,7.42
Nc1nc(-c2ccc(F)cc2F)cn2c1nc1ccccc12,CHEMBL4876739,CHEMBL4876739,23172689,CHEMBL4813923,7.47
Nc1nc(-c2ccc(C(F)(F)F)cc2)cn2c1nc1ccccc12,CHEMBL4857237,CHEMBL4857237,23172690,CHEMBL4813923,7.58
Nc1nc(-c2ccc(OC(F)(F)F)cc2)cn2c1nc1ccccc12,CHEMBL4867327,CHEMBL4867327,23172691,CHEMBL4813923,6.88
Nc1nc(-c2ccc([N+](=O)[O-])cc2)cn2c1nc1ccccc12,CHEMBL4853667,CHEMBL4853667,23172692,CHEMBL4813923,7.14
N#Cc1ccc(-c2cn3c(nc4ccccc43)c(N)n2)cc1,CHEMBL4846381,CHEMBL4846381,23172693,CHEMBL4813923,7.13
Nc1nc(-c2ccco2)cn2c1nc1ccccc12,CHEMBL4872721,CHEMBL4872721,23172694,CHEMBL4813923,7.49
CC(=O)Nc1ccc(-c2cn3c(nc4ccccc43)c(N)n2)cc1,CHEMBL4873408,CHEMBL4873408,23172696,CHEMBL4813923,6.51
CC(=O)Nc1cccc(-c2cn3c(nc4ccccc43)c(N)n2)c1,CHEMBL4858421,CHEMBL4858421,23172697,CHEMBL4813923,7.31
Nc1nc(CO)cn2c1nc1ccccc12,CHEMBL4857425,CHEMBL4857425,23172701,CHEMBL4813923,6.83
Cc1c(-c2ccccc2)nc(N)c2nc3ccccc3n12,CHEMBL4849986,CHEMBL4849986,23172703,CHEMBL4813923,6.94
Cn1cc(-c2c(-c3ccccc3)nc(N)n3nc(Cc4ncccc4F)nc23)ccc1=O,CHEMBL4870159,CHEMBL4870159,23302802,CHEMBL4840384,9.24
Nc1nc(-c2ccc(F)cc2)c(-c2ccc(=O)[nH]c2)c2nc(Cc3ccc(F)cn3)nn12,CHEMBL4858144,CHEMBL4858144,23302803,CHEMBL4840384,9.52
Nc1nc(-c2ccccc2)c(-c2ccnnc2)c2nc(Cc3ncccc3F)nn12,CHEMBL4862010,CHEMBL4862010,23302804,CHEMBL4840384,8.04
COc1ccc(Cc2nc3c(-c4ccc(=O)n(C)c4)c(-c4ccccc4)nc(N)n3n2)nc1,CHEMBL4867286,CHEMBL4867286,23302805,CHEMBL4840384,8.11
Nc1nc(-c2ccccc2)c(-c2ccc(=O)[nH]c2)c2nc(Cc3ncc(F)cc3Cl)nn12,CHEMBL4864129,CHEMBL4864129,23302806,CHEMBL4840384,9.54
Nc1nc(-c2ccccc2)c(-c2ccnnc2)c2nc(CC3CCCO3)nn12,CHEMBL4865474,CHEMBL4865474,23302807,CHEMBL4840384,7.08
Nc1nc(-c2ccc(F)cc2)c(-c2ccc(=O)[nH]c2)c2nc(CCC(F)(F)F)nn12,CHEMBL4855908,CHEMBL4855908,23302808,CHEMBL4840384,9.13
Cc1cc(-c2c(-c3ccc(F)cc3)nc(N)n3nc(CN4CCCCC4)nc23)c[nH]c1=O,CHEMBL4876056,CHEMBL4876056,23302809,CHEMBL4840384,8.24
Cn1cc(-c2c(-c3ccccc3)nc(N)n3nc([C@H](O)c4ncccc4F)nc23)ccc1=O,CHEMBL4873266,CHEMBL4873266,23302810,CHEMBL4840384,9.28
Cn1cc(-c2c(-c3ccc(F)cc3)nc(N)n3nc([C@H](O)c4ncccc4F)nc23)ccc1=O,CHEMBL4876080,CHEMBL4876080,23302811,CHEMBL4840384,8.06
CNC(=O)c1ccc(Nc2ncc(C(F)(F)F)c(NCc3nccnc3N(C)S(C)(=O)=O)n2)cc1,CHEMBL3137331,CHEMBL3137331,23382443,CHEMBL4507299,6.43
Nc1ccccc1NC(=O)c1ccc(CCn2ccc3c2nc(N)n2nc(-c4ccco4)nc32)cc1,CHEMBL5088258,CHEMBL5088258,24351879,CHEMBL5030563,9.06
Nc1nc(NCCc2ccc(C(=O)NO)cc2)nc2nc(-c3ccco3)nn12,CHEMBL5075704,CHEMBL5075704,24351880,CHEMBL5030563,8.2
Nc1nc(NCCc2ccc(/C=C/C(=O)NO)cc2)nc2nc(-c3ccco3)nn12,CHEMBL5077827,CHEMBL5077827,24351881,CHEMBL5030563,7.42
Nc1nc(NCCc2ccc(OCCCC(=O)NO)cc2)nc2nc(-c3ccco3)nn12,CHEMBL5087206,CHEMBL5087206,24351882,CHEMBL5030563,8.22
Nc1nc(NCCc2ccc(OCCCCC(=O)NO)cc2)nc2nc(-c3ccco3)nn12,CHEMBL5082737,CHEMBL5082737,24351883,CHEMBL5030563,8.24
Nc1nc(NCCc2ccc(OCCCCCC(=O)NO)cc2)nc2nc(-c3ccco3)nn12,CHEMBL5079065,CHEMBL5079065,24351884,CHEMBL5030563,9.02
Nc1nc(NCCc2ccc(NC(=O)CCCCCCC(=O)NO)cc2)nc2nc(-c3ccco3)nn12,CHEMBL5076540,CHEMBL5076540,24351885,CHEMBL5030563,7.95
CN(CCc1ccc(C(=O)NO)cc1)c1nc(N)n2nc(-c3ccco3)nc2n1,CHEMBL5080630,CHEMBL5080630,24351886,CHEMBL5030563,8.36
CCN(CCc1ccc(C(=O)NO)cc1)c1nc(N)n2nc(-c3ccco3)nc2n1,CHEMBL5087228,CHEMBL5087228,24351887,CHEMBL5030563,8.62
Nc1nc(NCc2ccc(C(=O)NO)cc2)nc2nc(-c3ccco3)nn12,CHEMBL5076402,CHEMBL5076402,24351888,CHEMBL5030563,7.07
Nc1nc(NCc2ccc(/C=C/C(=O)NO)cc2)nc2nc(-c3ccco3)nn12,CHEMBL5086912,CHEMBL5086912,24351889,CHEMBL5030563,7.57
Nc1nc(NCc2ccc(OCCCCC(=O)NO)cc2)nc2nc(-c3ccco3)nn12,CHEMBL5081907,CHEMBL5081907,24351890,CHEMBL5030563,7.7
Nc1nc(NCCCc2ccc(C(=O)NO)cc2)nc2nc(-c3ccco3)nn12,CHEMBL5094920,CHEMBL5094920,24351891,CHEMBL5030563,8.08
Nc1nc(NCCOc2ccc(C(=O)NO)cc2)nc2nc(-c3ccco3)nn12,CHEMBL5080901,CHEMBL5080901,24351892,CHEMBL5030563,7.99
CN(CCOc1ccc(C(=O)NO)cc1)c1nc(N)n2nc(-c3ccco3)nc2n1,CHEMBL5090769,CHEMBL5090769,24351893,CHEMBL5030563,7.8
Nc1nc(NCCCCCCC(=O)NO)nc2nc(-c3ccco3)nn12,CHEMBL5090351,CHEMBL5090351,24351894,CHEMBL5030563,7.67
Nc1nc(N2CCN(CCc3ccc(C(=O)NO)cc3)CC2)nc2nc(-c3ccco3)nn12,CHEMBL5086791,CHEMBL5086791,24351895,CHEMBL5030563,8.38
Nc1nc2c(cnn2CCc2ccc(C(=O)NO)cc2)c2nc(-c3ccco3)nn12,CHEMBL5094087,CHEMBL5094087,24351896,CHEMBL5030563,8.37
Nc1nc2c(cnn2CCc2ccc(OCCCCCC(=O)NO)cc2)c2nc(-c3ccco3)nn12,CHEMBL5086693,CHEMBL5086693,24351897,CHEMBL5030563,8.7
Nc1nc2c(cnn2CCc2ccc(NC(=O)CCCCCCC(=O)NO)cc2)c2nc(-c3ccco3)nn12,CHEMBL5093149,CHEMBL5093149,24351898,CHEMBL5030563,8.31
Nc1nc2c(cnn2CCCCC(=O)NO)c2nc(-c3ccco3)nn12,CHEMBL5090390,CHEMBL5090390,24351899,CHEMBL5030563,7.08
Nc1nc2c(cnn2CCCCCC(=O)NO)c2nc(-c3ccco3)nn12,CHEMBL5087220,CHEMBL5087220,24351900,CHEMBL5030563,7.11
Nc1nc2c(cnn2CCCCCCC(=O)NO)c2nc(-c3ccco3)nn12,CHEMBL5092198,CHEMBL5092198,24351901,CHEMBL5030563,8.0
Nc1nc2c(cnn2CCN2CCC(c3ccc(C(=O)NO)cc3)CC2)c2nc(-c3ccco3)nn12,CHEMBL5079449,CHEMBL5079449,24351902,CHEMBL5030563,8.43
Nc1nc2c(cnn2CCN2Cc3ccc(C(=O)NO)cc3C2)c2nc(-c3ccco3)nn12,CHEMBL5078554,CHEMBL5078554,24351903,CHEMBL5030563,7.22
Nc1nc2c(cnn2CCN2CCc3ccc(C(=O)NO)cc3C2)c2nc(-c3ccco3)nn12,CHEMBL5090592,CHEMBL5090592,24351904,CHEMBL5030563,8.25
Nc1ccccc1NC(=O)c1ccc(CCNc2nc(N)n3nc(-c4ccco4)nc3n2)cc1,CHEMBL5090973,CHEMBL5090973,24351905,CHEMBL5030563,8.41
Nc1ccccc1NC(=O)c1ccc(CNc2nc(N)n3nc(-c4ccco4)nc3n2)cc1,CHEMBL5075038,CHEMBL5075038,24351906,CHEMBL5030563,7.46
Nc1ccccc1NC(=O)c1ccc(CCCNc2nc(N)n3nc(-c4ccco4)nc3n2)cc1,CHEMBL5079755,CHEMBL5079755,24351907,CHEMBL5030563,8.41
Nc1ccccc1NC(=O)c1ccc(OCCNc2nc(N)n3nc(-c4ccco4)nc3n2)cc1,CHEMBL5077441,CHEMBL5077441,24351908,CHEMBL5030563,8.31
Nc1ccccc1NC(=O)c1ccc(CCn2ncc3c2nc(N)n2nc(-c4ccco4)nc32)cc1,CHEMBL5076343,CHEMBL5076343,24351909,CHEMBL5030563,8.66
Nc1ccccc1NC(=O)c1ccc(Cn2ncc3c2nc(N)n2nc(-c4ccco4)nc32)cc1,CHEMBL5088741,CHEMBL5088741,24351910,CHEMBL5030563,7.06
Nc1ccccc1NC(=O)c1ccc(CCCn2ncc3c2nc(N)n2nc(-c4ccco4)nc32)cc1,CHEMBL5077916,CHEMBL5077916,24351911,CHEMBL5030563,8.48
Nc1ccccc1NC(=O)c1ccc(OCCn2ncc3c2nc(N)n2nc(-c4ccco4)nc32)cc1,CHEMBL5085913,CHEMBL5085913,24351912,CHEMBL5030563,7.36
Nc1cc(F)ccc1NC(=O)c1ccc(CCNc2nc(N)n3nc(-c4ccco4)nc3n2)cc1,CHEMBL5088875,CHEMBL5088875,24351913,CHEMBL5030563,8.02
Nc1cc(F)ccc1NC(=O)c1ccc(CCn2ncc3c2nc(N)n2nc(-c4ccco4)nc32)cc1,CHEMBL5089891,CHEMBL5089891,24351914,CHEMBL5030563,8.55
Nc1cc(F)ccc1NC(=O)c1ccc(CCCn2ncc3c2nc(N)n2nc(-c4ccco4)nc32)cc1,CHEMBL5073445,CHEMBL5073445,24351915,CHEMBL5030563,8.0
Cc1ccc(-c2nc3c4cnn(CCc5ccc(C(=O)Nc6ccccc6N)cc5)c4nc(N)n3n2)o1,CHEMBL5075972,CHEMBL5075972,24351916,CHEMBL5030563,7.73
N#Cc1cccc(-c2nc3c4cnn(CCc5ccc(C(=O)Nc6ccccc6N)cc5)c4nc(N)n3n2)c1,CHEMBL5088997,CHEMBL5088997,24351917,CHEMBL5030563,8.19
Nc1nc(-c2ccc(OCCCN3CCCCC3)cc2)c2c(n1)-c1ccccc1C2,CHEMBL5072724,CHEMBL5072724,24354297,CHEMBL5032500,6.14
Nc1nc(-c2ccc(OCCCN3CCCCC3)cc2)c2c(n1)-c1ccc(OCCCN3CCCCC3)cc1C2,CHEMBL5093935,CHEMBL5093935,24354299,CHEMBL5032500,6.03
Nc1nc(-c2ccccc2)c2c(n1)-c1cc(OCCCN3CCCC3)ccc1C2,CHEMBL5088622,CHEMBL5088622,24354300,CHEMBL5032500,8.14
Nc1nc(-c2ccccc2)c2c(n1)-c1cc(OCCCN3CCCCC3)ccc1C2,CHEMBL5084903,CHEMBL5084903,24354302,CHEMBL5032500,8.31
Nc1nc(-c2ccc(OCCCN3CCCCC3)cc2)c2c(n1)-c1ccccc1C2=O,CHEMBL5089580,CHEMBL5089580,24354303,CHEMBL5032500,7.45
Nc1nc(-c2ccccc2)c2c(n1)-c1ccc(OCCCN3CCCC3)cc1C2=O,CHEMBL5081556,CHEMBL5081556,24354304,CHEMBL5032500,6.98
Nc1nc(-c2ccc(OCCCN3CCCCC3)cc2)c2c(n1)-c1ccc(OCCCN3CCCCC3)cc1C2=O,CHEMBL5093850,CHEMBL5093850,24354305,CHEMBL5032500,6.69
Nc1nc(-c2ccccc2)c2c(n1)-c1cc(OCCCN3CCCC3)ccc1C2=O,CHEMBL5082920,CHEMBL5082920,24354306,CHEMBL5032500,8.21
Nc1nc(-c2ccccc2)c2c(n1)-c1ccc(OCCCN3CCCCC3)cc1C2=O,CHEMBL5087059,CHEMBL5087059,24354307,CHEMBL5032500,6.85
Nc1nc(-c2ccccc2)c2c(n1)-c1cc(OCCCN3CCCCC3)ccc1C2=O,CHEMBL5082650,CHEMBL5082650,24354308,CHEMBL5032500,8.4
C#CCCCCNC(=O)C12CCC(c3nc4c(=O)n(CCCC)c(=O)n(CCCNC(=O)c5ccc(S(=O)(=O)F)cc5)c4[nH]3)(CC1)CC2,CHEMBL5092788,CHEMBL5092788,24376204,CHEMBL5036326,7.15
CCCCn1c(=O)c2nc(C34CCC(C(=O)NCCOCCOCCOCCN=[N+]=[N-])(CC3)CC4)[nH]c2n(CCCNC(=O)c2ccc(S(=O)(=O)F)cc2)c1=O,CHEMBL5088372,CHEMBL5088372,24376207,CHEMBL5036326,7.44
CCCCn1c(=O)c2nc(C34CCC(C(=O)NCCOCCOCCN=[N+]=[N-])(CC3)CC4)[nH]c2n(CCCNC(=O)c2ccc(S(=O)(=O)F)cc2)c1=O,CHEMBL5074992,CHEMBL5074992,24376208,CHEMBL5036326,7.5
CCCCn1c(=O)c2nc(C34CCC(C(=O)NCCCCN=[N+]=[N-])(CC3)CC4)[nH]c2n(CCCNC(=O)c2ccc(S(=O)(=O)F)cc2)c1=O,CHEMBL5089483,CHEMBL5089483,24376210,CHEMBL5036326,6.78
CCCn1c(=O)c2nc(C34CCC(C(=O)NCCCN=[N+]=[N-])(CC3)CC4)[nH]c2n(CCCNC(=O)c2ccc(S(=O)(=O)F)cc2)c1=O,CHEMBL5080823,CHEMBL5080823,24376211,CHEMBL5036326,7.58
CCCCn1c(=O)c2nc(C34CCC(C(=O)NCCCN=[N+]=[N-])(CC3)CC4)[nH]c2n(CCCNC(=O)c2ccc(S(=O)(=O)F)cc2)c1=O,CHEMBL5073669,CHEMBL5073669,24376212,CHEMBL5036326,7.42
N#Cc1c(N)nc(SCc2ncc[nH]2)nc1-c1ccccc1,CHEMBL5078507,CHEMBL5078507,24382988;24383010,CHEMBL5038576;CHEMBL5038576,7.17;6.57
Nc1nc(SCc2ncc[nH]2)nc(-c2ccccc2)n1,CHEMBL5091876,CHEMBL5091876,24382989;24383011,CHEMBL5038576;CHEMBL5038576,6.25;6.09
N#Cc1c(SCc2ncc[nH]2)nc(N)nc1-c1ccccc1,CHEMBL5093654,CHEMBL5093654,24382990;24383012,CHEMBL5038576;CHEMBL5038576,8.0;7.35
N#Cc1c(-c2ccccc2)cc(SCc2ncc[nH]2)nc1N,CHEMBL5088305,CHEMBL5088305,24382991,CHEMBL5038576,6.42
Cc1cc(C)cc(-c2nc(NC(=O)c3cccnc3)sc2-c2ccncc2)c1,CHEMBL2181976,CHEMBL2181976,24395756,CHEMBL5038675,6.92
CCCn1c(=O)c2[nH]c(C34CCC(C(=O)NCCNC(=O)CCNC(=O)CCNC(=O)CCCCCNC(=O)COc5ccc(/C=C/C6=[N+]7C(=Cc8ccc(-c9cccs9)n8[B-]7(F)F)C=C6)cc5)(CC3)CC4)nc2n(CCC)c1=O,CHEMBL5075285,CHEMBL5075285,24396490,CHEMBL5042471,7.55
CCCn1c(=O)c2[nH]c(C34CC5CC(CC(C5)C3)C4)nc2n(CCCNC(=O)c2ccc(C(=O)NCCNC(=O)CCNC(=O)CCCCCNC(=O)COc3ccc(/C=C/C4=[N+]5C(=Cc6ccc(-c7cccs7)n6[B-]5(F)F)C=C4)cc3)cc2)c1=O,CHEMBL5080679,CHEMBL5080679,24396492,CHEMBL5042471,7.3
Nc1nc(-c2ccccc2)c2c(n1)-c1ccccc1C2,CHEMBL178584,CHEMBL178584,24405725,CHEMBL5042528,7.95
COc1cc(-c2nc(N)nc(-c3ccccc3)c2C#N)cc(OC)c1OC,CHEMBL5077370,CHEMBL5077370,24405794,CHEMBL5042528,9.02
COc1cc(OC)cc(-c2nc(N)nc(-c3ccccc3)c2C#N)c1,CHEMBL5088876,CHEMBL5088876,24405796,CHEMBL5042528,8.76
N#Cc1c(-c2ccccc2)nc(Nc2ccccc2)nc1-c1ccco1,CHEMBL5071174,CHEMBL5071174,24405798,CHEMBL5042528,8.67
CNc1nc(-c2ccccc2)c(C#N)c(-c2cc(OC)c(OC)c(OC)c2)n1,CHEMBL5084704,CHEMBL5084704,24405799,CHEMBL5042528,8.44
N#Cc1c(-c2ccc(F)cc2)nc(N)nc1-c1ccco1,CHEMBL5080757,CHEMBL5080757,24405800,CHEMBL5042528,8.24
N#Cc1c(-c2ccccc2)nc(N)nc1-c1ccc2ccccc2c1,CHEMBL5082319,CHEMBL5082319,24405801,CHEMBL5042528,8.24
COc1cccc(-c2nc(N)nc(-c3ccccc3)c2C#N)c1,CHEMBL5086406,CHEMBL5086406,24405802,CHEMBL5042528,8.16
Cc1ccc(-c2nc(N)nc(-c3ccccc3)c2C#N)cc1,CHEMBL5086094,CHEMBL5086094,24405803,CHEMBL5042528,8.05
N#Cc1c(-c2ccccc2)nc(N)nc1-c1ccco1,CHEMBL5092037,CHEMBL5092037,24405804,CHEMBL5042528,8.0
N#Cc1c(-c2ccccc2)nc(N)nc1-c1cccc(O)c1,CHEMBL5084351,CHEMBL5084351,24405805,CHEMBL5042528,7.99
COc1ccc(-c2nc(N)nc(-c3ccccc3)c2C#N)c(OC)c1,CHEMBL5076412,CHEMBL5076412,24405806,CHEMBL5042528,7.99
CNc1nc(-c2ccccc2)c(C#N)c(-c2cc(OC)cc(OC)c2)n1,CHEMBL5074665,CHEMBL5074665,24405808,CHEMBL5042528,7.94
N#Cc1c(-c2ccccc2)nc(N)nc1-c1cccc(Cl)c1,CHEMBL5072422,CHEMBL5072422,24405809,CHEMBL5042528,7.81
N#Cc1c(-c2ccccc2)nc(N)nc1-c1ccc(F)cc1F,CHEMBL5083728,CHEMBL5083728,24405810,CHEMBL5042528,7.81
COc1cc(-c2nc(Nc3ccccc3)nc(-c3ccccc3)c2C#N)cc(OC)c1OC,CHEMBL5078550,CHEMBL5078550,24405811,CHEMBL5042528,7.8
N#Cc1c(-c2ccccc2)nc(N)nc1-c1ccc(F)cc1,CHEMBL5071591,CHEMBL5071591,24405812,CHEMBL5042528,7.79
COc1cc(OC)cc(-c2nc(Nc3ccccc3)nc(-c3ccccc3)c2C#N)c1,CHEMBL5076254,CHEMBL5076254,24405813,CHEMBL5042528,7.76
N#Cc1c(-c2ccccc2)nc(N)nc1-c1ccccc1F,CHEMBL5083457,CHEMBL5083457,24405814,CHEMBL5042528,7.75
COc1ccccc1-c1nc(N)nc(-c2ccccc2)c1C#N,CHEMBL5083094,CHEMBL5083094,24405815,CHEMBL5042528,7.75
N#Cc1c(-c2ccccc2)nc(N)nc1-c1cccc(F)c1,CHEMBL5088089,CHEMBL5088089,24405817,CHEMBL5042528,7.71
N#Cc1c(-c2ccccc2)nc(N)nc1-c1ccc(Br)cc1,CHEMBL5078264,CHEMBL5078264,24405818,CHEMBL5042528,7.66
N#Cc1c(-c2ccccc2)nc(N)nc1-c1ccc(O)cc1,CHEMBL5085486,CHEMBL5085486,24405819,CHEMBL5042528,7.58
N#Cc1c(-c2ccccc2)nc(Nc2ccccc2)nc1-c1cccnc1,CHEMBL5082973,CHEMBL5082973,24405820,CHEMBL5042528,7.57
N#Cc1c(-c2ccccc2)nc(Nc2ccccc2)nc1-c1ccc2c(c1)OCO2,CHEMBL5090384,CHEMBL5090384,24405821,CHEMBL5042528,7.55
N#Cc1c(-c2cccc(Cl)c2)nc(N)nc1-c1cccc(Cl)c1,CHEMBL5074986,CHEMBL5074986,24405822,CHEMBL5042528,7.45
N#Cc1c(-c2ccccc2)nc(N)nc1-c1cccnc1,CHEMBL5082623,CHEMBL5082623,24405823,CHEMBL5042528,7.44
COc1ccc(-c2nc(N)nc(-c3ccccc3)c2C#N)cc1,CHEMBL5092109,CHEMBL5092109,24405824,CHEMBL5042528,7.34
N#Cc1c(-c2ccccc2)nc(Nc2ccccc2)nc1-c1cccc(Cl)c1,CHEMBL5089528,CHEMBL5089528,24405825,CHEMBL5042528,7.33
COc1ccc(-c2nc(Nc3ccccc3)nc(-c3ccccc3)c2C#N)cc1,CHEMBL5081937,CHEMBL5081937,24405826,CHEMBL5042528,7.29
N#Cc1c(-c2ccccc2)nc(Nc2ccccc2)nc1-c1ccccc1F,CHEMBL5070276,CHEMBL5070276,24405827,CHEMBL5042528,7.28
N#Cc1c(-c2ccccc2)nc(Nc2ccccc2)nc1-c1ccccc1,CHEMBL5083035,CHEMBL5083035,24405828,CHEMBL5042528,7.26
N#Cc1c(-c2ccc(F)cc2)nc(N)nc1-c1ccc2c(c1)OCO2,CHEMBL5088780,CHEMBL5088780,24405829,CHEMBL5042528,7.21
N#Cc1c(-c2ccccc2)nc(Nc2ccccc2)nc1-c1cccc(O)c1,CHEMBL5079079,CHEMBL5079079,24405830,CHEMBL5042528,7.15
CNc1nc(-c2ccccc2)c(C#N)c(-c2cccc(C#N)c2)n1,CHEMBL5088749,CHEMBL5088749,24405831,CHEMBL5042528,7.11
CNc1nc(-c2ccccc2)c(C#N)c(-c2cccc(OC)c2)n1,CHEMBL5094128,CHEMBL5094128,24405832,CHEMBL5042528,7.08
N#Cc1cccc(-c2nc(N)nc(-c3ccccc3)c2C#N)c1,CHEMBL5079760,CHEMBL5079760,24405833,CHEMBL5042528,7.08
N#Cc1c(-c2ccccc2)nc(N)nc1-c1cc(Cl)cc(Cl)c1,CHEMBL5092031,CHEMBL5092031,24405834,CHEMBL5042528,7.02
N#Cc1c(-c2cccc(Cl)c2)nc(N)nc1-c1ccc2c(c1)OCO2,CHEMBL5083146,CHEMBL5083146,24405835,CHEMBL5042528,7.0
N#Cc1c(-c2ccccc2)nc(Nc2ccccc2)nc1-c1ccsc1,CHEMBL5076161,CHEMBL5076161,24405836,CHEMBL5042528,6.99
CNc1nc(-c2ccccc2)c(C#N)c(-c2cccc(O)c2)n1,CHEMBL5072557,CHEMBL5072557,24405837,CHEMBL5042528,6.98
COc1cccc(-c2nc(Nc3ccccc3)nc(-c3ccccc3)c2C#N)c1,CHEMBL5075833,CHEMBL5075833,24405838,CHEMBL5042528,6.88
CCNc1nc(-c2ccccc2)c(C#N)c(-c2cccc(C#N)c2)n1,CHEMBL5086487,CHEMBL5086487,24405839,CHEMBL5042528,6.81
Cc1ccc(-c2nc(Nc3ccccc3)nc(-c3ccccc3)c2C#N)cc1,CHEMBL5079858,CHEMBL5079858,24405841,CHEMBL5042528,6.8
N#Cc1c(-c2cccc(Cl)c2)nc(N)nc1-c1cc(Cl)cc(Cl)c1,CHEMBL5092947,CHEMBL5092947,24405842,CHEMBL5042528,6.72
CCNc1nc(-c2ccccc2)c(C#N)c(-c2cccc(Cl)c2)n1,CHEMBL5094160,CHEMBL5094160,24405843,CHEMBL5042528,6.53
N#Cc1c(-c2ccccc2)nc(Nc2ccccc2)nc1-c1cccs1,CHEMBL5086669,CHEMBL5086669,24405844,CHEMBL5042528,6.48
CCNc1nc(-c2ccccc2)c(C#N)c(-c2cccnc2)n1,CHEMBL5079328,CHEMBL5079328,24405845,CHEMBL5042528,6.47
CCNc1nc(-c2ccccc2)c(C#N)c(-c2ccccc2)n1,CHEMBL5089926,CHEMBL5089926,24405846,CHEMBL5042528,6.45
CNc1nc(-c2ccccc2)c(C#N)c(-c2ccco2)n1,CHEMBL5086673,CHEMBL5086673,24405847,CHEMBL5042528,6.4
CNc1nc(-c2ccccc2)c(C#N)c(-c2ccccc2)n1,CHEMBL5093448,CHEMBL5093448,24405848,CHEMBL5042528,6.15
CCNc1nc(-c2ccccc2)c(C#N)c(-c2ccc3c(c2)OCO3)n1,CHEMBL5076095,CHEMBL5076095,24405849,CHEMBL5042528,6.05
N#Cc1c(-c2ccccc2)nc(N)nc1-c1ccsc1,CHEMBL5069937,CHEMBL5069937,24405850,CHEMBL5042528,7.69
N#Cc1c(-c2ccccc2)nc(N)nc1-c1cccs1,CHEMBL5094532,CHEMBL5094532,24405851,CHEMBL5042528,7.6
N#Cc1c(-c2ccccc2)nc(N)nc1-c1ccoc1,CHEMBL5090498,CHEMBL5090498,24405852,CHEMBL5042528,7.28
N#Cc1c(-c2ccccc2)nc(Nc2ccccc2)nc1-c1ccoc1,CHEMBL5093044,CHEMBL5093044,24405853,CHEMBL5042528,6.43
N#Cc1c(-c2ccccc2)nc(N)nc1-c1ccncc1,CHEMBL5076699,CHEMBL5076699,24405854,CHEMBL5042528,6.17
Cn1cc(-c2cnc(N)n3nc(-c4ccco4)nc23)ccc1=O,CHEMBL5075422,CHEMBL5075422,24410633;24410665,CHEMBL5042554;CHEMBL5042554,8.25;8.24
Cn1cc(-c2cnc(N)n3nc(-c4ccccn4)nc23)ccc1=O,CHEMBL5074137,CHEMBL5074137,24410634,CHEMBL5042554,7.21
Cn1cc(-c2cnc(N)n3nc(-c4nccs4)nc23)ccc1=O,CHEMBL5071873,CHEMBL5071873,24410635,CHEMBL5042554,7.07
Cc1cnc(-c2nc3c(-c4ccc(=O)n(C)c4)cnc(N)n3n2)s1,CHEMBL5079363,CHEMBL5079363,24410636,CHEMBL5042554,7.36
Cc1ccc(-c2nc3c(-c4ccc(=O)n(C)c4)cnc(N)n3n2)o1,CHEMBL5076059,CHEMBL5076059,24410637,CHEMBL5042554,6.35
Cn1nccc1-c1nc2c(-c3ccc(=O)n(C)c3)cnc(N)n2n1,CHEMBL5074874,CHEMBL5074874,24410641,CHEMBL5042554,6.1
Cn1cc(-c2cnc(N)nc2-c2ccco2)ccc1=O,CHEMBL5076643,CHEMBL5076643,24410642,CHEMBL5042554,7.57
COc1ccc(N2CCN(CCn3c(=O)cnc4c(-c5ccc(C)o5)nc(N)nc43)[C@@H](C)C2)c(F)c1,CHEMBL5090017,CHEMBL5090017,24422738;24422783;24422801;24422803,CHEMBL5046288;CHEMBL5046288;CHEMBL5046288;CHEMBL5046288,8.18;8.08;8.08;6.75
Cc1ccc(-c2nc(N)nc3c2ncc(=O)n3Cc2ccccc2)o1,CHEMBL5091384,CHEMBL5091384,24422739,CHEMBL5046288,6.32
COc1cccc(Cn2c(=O)cnc3c(-c4ccc(C)o4)nc(N)nc32)c1,CHEMBL5083448,CHEMBL5083448,24422743,CHEMBL5046288,6.32
Cc1ccc(-c2nc(N)nc3c2ncc(=O)n3CC2CC2)o1,CHEMBL5093127,CHEMBL5093127,24422746,CHEMBL5046288,6.0
Cc1ccc(-c2nc(N)nc3c2ncc(=O)n3CCc2ccccc2)o1,CHEMBL5081105,CHEMBL5081105,24422747,CHEMBL5046288,6.68
Cc1ccc(-c2nc(N)nc3c2ncc(=O)n3CCCc2ccccc2)o1,CHEMBL5078181,CHEMBL5078181,24422748,CHEMBL5046288,6.15
Cc1ccc(-c2nc(N)nc3c2ncc(=O)n3CCCCc2ccccc2)o1,CHEMBL5083868,CHEMBL5083868,24422749,CHEMBL5046288,6.01
Cc1ccc(-c2nc(N)nc3c2ncc(=O)n3CCN2CCN(c3ccccc3)CC2)o1,CHEMBL5075272,CHEMBL5075272,24422751,CHEMBL5046288,7.31
Cc1ccc(-c2nc(N)nc3c2ncc(=O)n3CCN2CCC(c3ccccc3)CC2)o1,CHEMBL5092671,CHEMBL5092671,24422752,CHEMBL5046288,6.41
Cc1ccc(-c2nc(N)nc3c2ncc(=O)n3CCC2CCN(c3ccccc3)CC2)o1,CHEMBL5088993,CHEMBL5088993,24422753,CHEMBL5046288,6.55
COc1cccc(N2CCN(CCn3c(=O)cnc4c(-c5ccc(C)o5)nc(N)nc43)CC2)c1,CHEMBL5092804,CHEMBL5092804,24422755,CHEMBL5046288,7.34
COc1ccc(N2CCN(CCn3c(=O)cnc4c(-c5ccc(C)o5)nc(N)nc43)CC2)cc1,CHEMBL5084222,CHEMBL5084222,24422756,CHEMBL5046288,7.66
Cc1ccc(-c2nc(N)nc3c2ncc(=O)n3CCN2CCN(c3ccccc3C(F)(F)F)CC2)o1,CHEMBL5084124,CHEMBL5084124,24422757,CHEMBL5046288,6.21
Cc1ccc(-c2nc(N)nc3c2ncc(=O)n3CCN2CCN(c3cccc(C(F)(F)F)c3)CC2)o1,CHEMBL5079916,CHEMBL5079916,24422758,CHEMBL5046288,6.3
Cc1ccc(-c2nc(N)nc3c2ncc(=O)n3CCN2CCN(c3ccc(C(F)(F)F)cc3)CC2)o1,CHEMBL5075711,CHEMBL5075711,24422759,CHEMBL5046288,6.75
Cc1ccc(-c2nc(N)nc3c2ncc(=O)n3CCN2CCN(c3ccc(OC(F)(F)F)cc3)CC2)o1,CHEMBL5075499,CHEMBL5075499,24422760,CHEMBL5046288,6.92
Cc1ccc(-c2nc(N)nc3c2ncc(=O)n3CCN2CCN(c3ccccc3F)CC2)o1,CHEMBL5091888,CHEMBL5091888,24422761,CHEMBL5046288,7.93
Cc1ccc(-c2nc(N)nc3c2ncc(=O)n3CCN2CCN(c3cccc(F)c3)CC2)o1,CHEMBL5088463,CHEMBL5088463,24422762,CHEMBL5046288,7.24
Cc1ccc(-c2nc(N)nc3c2ncc(=O)n3CCN2CCN(c3ccc(F)cc3)CC2)o1,CHEMBL5092067,CHEMBL5092067,24422763,CHEMBL5046288,7.23
Cc1ccc(-c2nc(N)nc3c2ncc(=O)n3CCN2CCN(c3ccc(OC(F)F)cc3)CC2)o1,CHEMBL5083945,CHEMBL5083945,24422764,CHEMBL5046288,7.2
Cc1ccc(-c2nc(N)nc3c2ncc(=O)n3CCN2CCN(c3ccc(Oc4ccccc4)cc3)CC2)o1,CHEMBL5081971,CHEMBL5081971,24422765,CHEMBL5046288,6.22
COCCOc1ccc(N2CCN(CCn3c(=O)cnc4c(-c5ccc(C)o5)nc(N)nc43)CC2)cc1,CHEMBL5085213,CHEMBL5085213,24422766,CHEMBL5046288,7.62
COc1ccc(N2CCN(CCn3c(=O)cnc4c(-c5ccc(C)o5)nc(N)nc43)CC2)nc1,CHEMBL5079711,CHEMBL5079711,24422767,CHEMBL5046288,6.67
COc1ccc(N2CCN(CCn3c(=O)cnc4c(-c5ccc(C)o5)nc(N)nc43)CC2)cn1,CHEMBL5093742,CHEMBL5093742,24422768,CHEMBL5046288,7.53
COc1ccc(N2CCN(CCn3c(=O)cnc4c(-c5ccc(C)o5)nc(N)nc43)CC2)c(F)c1,CHEMBL5071785,CHEMBL5071785,24422769,CHEMBL5046288,8.31
Cc1ccc(-c2nc(N)nc3c2ncc(=O)n3CCN2CCN(c3ccc(F)cc3F)CC2)o1,CHEMBL5078028,CHEMBL5078028,24422770,CHEMBL5046288,8.07
Cc1ccc(-c2nc(N)nc3c2ncc(=O)n3CCN2CCN(c3ccc(F)cc3Cl)CC2)o1,CHEMBL5078193,CHEMBL5078193,24422771,CHEMBL5046288,7.06
Cc1ccc(-c2nc(N)nc3c2ncc(=O)n3CCN2CCN(c3ccc(OC(F)F)cc3F)CC2)o1,CHEMBL5089845,CHEMBL5089845,24422772,CHEMBL5046288,7.68
COCCOc1ccc(N2CCN(CCn3c(=O)cnc4c(-c5ccc(C)o5)nc(N)nc43)CC2)c(F)c1,CHEMBL5085791,CHEMBL5085791,24422773,CHEMBL5046288,8.1
COCCOc1ccc(N2CCN(CCn3c(=O)cnc4c(-c5ccc(C)o5)nc(N)nc43)CC2)c(F)c1F,CHEMBL5079399,CHEMBL5079399,24422774,CHEMBL5046288,8.03
COc1cnc(N2CCN(CCn3c(=O)cnc4c(-c5ccc(C)o5)nc(N)nc43)CC2)c(F)c1,CHEMBL5085803,CHEMBL5085803,24422775,CHEMBL5046288,8.26
COc1ccc(N2CCN(CCn3c(=O)cnc4c(-c5ccc(C)o5)nc(N)nc43)C[C@@H]2C)cc1,CHEMBL5082528,CHEMBL5082528,24422776,CHEMBL5046288,6.65
COc1ccc(N2CCN(CCn3c(=O)cnc4c(-c5ccc(C)o5)nc(N)nc43)C[C@H]2C)cc1,CHEMBL5093603,CHEMBL5093603,24422777,CHEMBL5046288,7.43
COc1ccc(N2CCN(CCn3c(=O)cnc4c(-c5ccc(C)o5)nc(N)nc43)[C@@H](C)C2)cc1,CHEMBL5094102,CHEMBL5094102,24422778,CHEMBL5046288,8.16
COc1ccc(N2CCN(CCn3c(=O)cnc4c(-c5ccc(C)o5)nc(N)nc43)[C@H](C)C2)cc1,CHEMBL5091663,CHEMBL5091663,24422779,CHEMBL5046288,6.53
COc1ccc(N2CC3CCC(C2)N3CCn2c(=O)cnc3c(-c4ccc(C)o4)nc(N)nc32)cc1,CHEMBL5091130,CHEMBL5091130,24422781,CHEMBL5046288,6.26
COc1ccc(N2CCCN(CCn3c(=O)cnc4c(-c5ccc(C)o5)nc(N)nc43)CC2)cc1,CHEMBL5094358,CHEMBL5094358,24422782,CHEMBL5046288,6.14
OC[C@H]1O[C@@H](n2cnc3c(N[C@@H]4CCC[C@H]4Oc4cccc(Cl)c4)ncnc32)[C@H](O)[C@@H]1O,CHEMBL5205907,CHEMBL5205907,24669228,CHEMBL5096218,6.26
Nc1nc(-c2ccccc2)c2ccccc2n1,CHEMBL4791612,CHEMBL4791612,24710038,CHEMBL5108007,6.7
N#Cc1cccc(-c2nc(N)nc3ccccc23)c1,CHEMBL5179562,CHEMBL5179562,24710043,CHEMBL5108007,6.23
COc1ccc(-c2nc(N)nc3ccccc23)cc1,CHEMBL5208266,CHEMBL5208266,24710044,CHEMBL5108007,6.13
COc1cccc(-c2nc(N)nc3ccccc23)c1,CHEMBL5172270,CHEMBL5172270,24710045,CHEMBL5108007,6.15
COc1ccccc1-c1nc(N)nc2ccccc12,CHEMBL5198386,CHEMBL5198386,24710046,CHEMBL5108007,6.19
Nc1nc(-c2ccc(F)cc2)c2ccccc2n1,CHEMBL5206491,CHEMBL5206491,24710049,CHEMBL5108007,7.1
Nc1nc(-c2cccc(F)c2)c2ccccc2n1,CHEMBL5169415,CHEMBL5169415,24710050,CHEMBL5108007,6.76
Nc1nc(-c2ccccc2F)c2ccccc2n1,CHEMBL5200008,CHEMBL5200008,24710051,CHEMBL5108007,6.34
Nc1nc(-c2ccco2)c2ccccc2n1,CHEMBL5188677,CHEMBL5188677,24710052,CHEMBL5108007,7.05
Nc1nc(-c2ccoc2)c2ccccc2n1,CHEMBL5178327,CHEMBL5178327,24710053,CHEMBL5108007,6.16
Nc1nc(-c2cccs2)c2ccccc2n1,CHEMBL5196511,CHEMBL5196511,24710054,CHEMBL5108007,6.77
Nc1nc(-c2ccco2)c2cc(Br)ccc2n1,CHEMBL5206530,CHEMBL5206530,24710061,CHEMBL5108007,7.7
Cc1ccc2nc(N)nc(-c3ccco3)c2c1,CHEMBL5199840,CHEMBL5199840,24710062,CHEMBL5108007,7.66
Nc1sc(-c2ccc(C(=O)NCCCCCCNc3ncnc4c3ncn4[C@@H]3O[C@H](CO)[C@@H](O)[C@H]3O)cc2)c(-c2cccc(C(F)(F)F)c2)c1C(=O)c1ccccc1,CHEMBL4104819,CHEMBL4104819,24764951,CHEMBL5120905,6.41
Nc1sc(-c2ccc(C(=O)NCCCc3ccc(Nc4ncnc5c4ncn5[C@@H]4O[C@H](CO)[C@@H](O)[C@H]4O)cc3)cc2)c(-c2cccc(C(F)(F)F)c2)c1C(=O)c1ccccc1,CHEMBL5203917,CHEMBL5203917,24764952,CHEMBL5120905,6.54
Nc1sc(-c2ccc(C(=O)NCCC#Cc3ccc(Nc4ncnc5c4ncn5[C@@H]4O[C@H](CO)[C@@H](O)[C@H]4O)cc3)cc2)c(-c2cccc(C(F)(F)F)c2)c1C(=O)c1ccccc1,CHEMBL5201533,CHEMBL5201533,24764953,CHEMBL5120905,6.13
Nc1sc(-c2ccc(C(=O)NCCc3ccc(CCNc4ncnc5c4ncn5[C@@H]4O[C@H](CO)[C@@H](O)[C@H]4O)cc3)cc2)c(-c2cccc(C(F)(F)F)c2)c1C(=O)c1ccccc1,CHEMBL5195260,CHEMBL5195260,24764954,CHEMBL5120905,6.44
Nc1sc(-c2ccc(-c3cn(CCCCCCNc4ncnc5c4ncn5[C@@H]4O[C@H](CO)[C@@H](O)[C@H]4O)nn3)cc2)c(-c2cccc(C(F)(F)F)c2)c1C(=O)c1ccccc1,CHEMBL5177040,CHEMBL5177040,24764955,CHEMBL5120905,7.14
O=C(NCCCCc1ccc(Nc2ncnc3c2ncn3[C@@H]2O[C@H](CO)[C@@H](O)[C@H]2O)cc1)c1ccccc1,CHEMBL5178142,CHEMBL5178142,24764957,CHEMBL5120905,7.43
CCCn1c(=O)[nH]c2nc(-c3cnn(Cc4cccc(C(F)(F)F)c4)c3)[nH]c2c1=O,CHEMBL404168,CHEMBL404168,24772308,CHEMBL5126505,8.22
CCCn1c(=O)c2[nH]c(-c3cc(OCC(=O)Nc4ccc5c(c4)OCO5)nn3C)nc2n(CCC)c1=O,CHEMBL260331,CHEMBL260331,24772310,CHEMBL5126505,8.26
CCCn1c(=O)[nH]c2nc(-c3ccc(S(=O)(=O)N4CCN(c5ccc(Cl)cc5)CC4)cc3)[nH]c2c1=O,CHEMBL483688,CHEMBL483688,24772311,CHEMBL5126505,9.26
Cc1c(C#N)cccc1-c1cc(-c2cn(Cc3cccc(C(C)(C)O)n3)nn2)nc(N)n1,CHEMBL4740383,CHEMBL4740383,24772315;25935565;25935671,CHEMBL5126505;CHEMBL5528085;CHEMBL5528085,8.82;8.12;9.07
Cc1cc(-c2nnc(N)nc2-c2ccc(F)cc2)cc(Cl)n1,CHEMBL4594442,CHEMBL4594442,24772318;24855116;24855202;24855208;25108486;28326215,CHEMBL5126505;CHEMBL5143715;CHEMBL5143715;CHEMBL5143715;CHEMBL5260837;CHEMBL5728426,8.77;8.76;6.53;6.14;8.77;7.86
S=c1sc2c(ncn3nc(-c4ccco4)nc23)n1CCc1ccccc1,CHEMBL1093480,CHEMBL1093480,24772330,CHEMBL5126505,8.2
Nc1nc(NCCc2ccc(O)cc2)nc(Nc2nnc(-c3ccc([N+](=O)[O-])cc3)s2)n1,CHEMBL5204517,CHEMBL5204517,24772334,CHEMBL5126505,7.49
COc1ccc(-c2cn3c(=O)n(-c4ccc([N+](=O)[O-])cc4)nc3c(N)n2)cc1,CHEMBL5169465,CHEMBL5169465,24772335,CHEMBL5126505,8.14
CCCn1c(=O)c2c(nc(-c3cccc(OCCCCl)c3)n2C)n(CCC)c1=O,CHEMBL5203916,CHEMBL5203916,24772337,CHEMBL5126505,6.97
C#CCn1c(-c2cccc(OCCCCl)c2)nc2c1c(=O)n(CCC)c(=O)n2CCC,CHEMBL5180593,CHEMBL5180593,24772338,CHEMBL5126505,6.56
CCCn1c(=O)c2c(nc(-c3ccc(OCCCCl)cc3)n2C)n(CCC)c1=O,CHEMBL5209152,CHEMBL5209152,24772339,CHEMBL5126505,6.58
Nc1nc(Nc2ccco2)nc2sc(Cc3cccnc3)nc12,CHEMBL5182250,CHEMBL5182250,24772371;24772390,CHEMBL5126505;CHEMBL5126505,7.97;10.44
CC1=C(C)C2C(=O)NC(NC(=O)c3ccccc3)=NC2S1,CHEMBL5192200,CHEMBL5192200,24772374,CHEMBL5126505,6.19
Cc1ccc(-c2cc(-c3cccc(C(=O)N4CCCCC4)c3)nc(N)n2)o1,CHEMBL3735985,CHEMBL3735985,24772375,CHEMBL5126505,8.02
Nc1nc(-c2cccc(Cl)c2)cn2c(=O)n(-c3ccccc3)nc12,CHEMBL5181385,CHEMBL5181385,24772381,CHEMBL5126505,8.43
Cc1ccc(-c2cn3c(=O)n(Cc4ccccc4)nc3c(N)n2)o1,CHEMBL5205474,CHEMBL5205474,24772382,CHEMBL5126505,8.34
Cn1c(=O)c2c(nc(/C=C/c3cccc(Br)c3)n2C)n(C)c1=O,CHEMBL389064,CHEMBL389064,24772383,CHEMBL5126505,7.55
CCn1c(=O)c2c(nc(/C=C/c3cccc(C(F)(F)F)c3)n2C)n(CC)c1=O,CHEMBL5193224,CHEMBL5193224,24772384,CHEMBL5126505,7.92
CCn1c(=O)c2c(nc(COc3ccc(OC)cc3)n2C)n(CC)c1=O,CHEMBL3980673,CHEMBL3980673,24772385,CHEMBL5126505,6.62
Nc1nc(N2CCN(CCN3CCCC3)CC2)nc2sc(-c3ccco3)nc12,CHEMBL5201270,CHEMBL5201270,24772391;24772397,CHEMBL5126505;CHEMBL5126505,8.06;8.13
Nc1nc(N2CCN(c3ccccc3)CC2)nc2sc(-c3ccco3)nc12,CHEMBL5188037,CHEMBL5188037,24772392;24772398,CHEMBL5126505;CHEMBL5126505,8.0;8.03
Nc1nc(NC2CCN(C3CCCN(Cc4ccccc4)C3)CC2)nc2sc(-c3ccco3)nc12,CHEMBL5185537,CHEMBL5185537,24772393;24772399,CHEMBL5126505;CHEMBL5126505,7.75;7.82
COc1ccc(CCNc2nc(N)c3nn(-c4ccccc4)cc3n2)cc1OC,CHEMBL5169827,CHEMBL5169827,24772395,CHEMBL5126505,6.82
Nc1nc(NCc2ccccc2)nc2cn(-c3ccccc3)nc12,CHEMBL5201240,CHEMBL5201240,24772396,CHEMBL5126505,7.6
COc1ccc2nc3cc(Cl)ccc3c(Nc3ccc(O)c(CNCCO)c3)c2c1,CHEMBL5172541,CHEMBL5172541,24772410,CHEMBL5126505,6.26
CCN1CCCC(Nc2cc(C)nc(NC(=N)Nc3ccc(Cl)c(Cl)c3)n2)C1,CHEMBL1939337,CHEMBL1939337,24772411,CHEMBL5126505,6.26
COc1ccc2nc3cc(Cl)ccc3c(NCCNCCO)c2c1,CHEMBL5173144,CHEMBL5173144,24772412,CHEMBL5126505,6.26
O[C@H]1CC[C@H]2CN3CCc4c([nH]c5ccccc45)[C@H]3C[C@H]2[C@H]1CNCc1ccccc1,CHEMBL5206639,CHEMBL5206639,24772413,CHEMBL5126505,6.26
Cc1cccc(Nc2nc(NCCCO)nc3c2cnn3-c2ccccc2)c1,CHEMBL5182020,CHEMBL5182020,24772416;24777229,CHEMBL5126505;CHEMBL5126552,7.22;7.27
O=c1[nH]c(=O)c2c(C(F)(F)F)cc(-c3ccccc3)nc2[nH]1,CHEMBL5202416,CHEMBL5202416,24772444,CHEMBL5126505,6.17
CCn1c(Br)nc2c(NCCc3ccccc3)cc(N)cc21,CHEMBL5203631,CHEMBL5203631,24772445,CHEMBL5126505,6.58
COCCOc1ccc(N2CCN(CCn3c(=O)n(C)c4c3nc(N)n3nc(-c5nccs5)nc43)CC2)c(F)c1,CHEMBL5182249,CHEMBL5182249,24772464,CHEMBL5126505,9.4
Nc1nc(NCCc2ccc(O)cc2)nc(Nc2nc(-c3ccc(F)cc3)cs2)n1,CHEMBL5203657,CHEMBL5203657,24772477,CHEMBL5126505,8.82
COc1cccc(C(=O)n2nc(-c3ccccc3Cl)nc2N)c1,CHEMBL5176292,CHEMBL5176292,24772542,CHEMBL5126505,7.19
Nc1nc(-c2ccccc2Cl)cn1C(=O)c1cccc(Cl)c1,CHEMBL5174932,CHEMBL5174932,24772543,CHEMBL5126505,7.19
Nc1nc(N2CCN3CCC[C@@H]3C2)cc2nc(-c3ccco3)nn12,CHEMBL426738,CHEMBL426738,24777224,CHEMBL5126552,7.2
CN(CCN1CCN(c2ccc(F)cc2F)CC1)c1nc(N)n2nc(-c3ccco3)nc2n1,CHEMBL184309,CHEMBL184309,24777225,CHEMBL5126552,8.4
COC[C@H]1CCCN1c1cc(Nc2ccccn2)nc(-n2cccn2)n1,CHEMBL5170337,CHEMBL5170337,24777226,CHEMBL5126552,9.66
Nc1nc(Nc2ccccc2)nc2c1ncn2[C@@H]1O[C@H](CO)[C@@H](O)[C@H]1O,CHEMBL1256672,CHEMBL1256672,24781557;24781584,CHEMBL5126601;CHEMBL5126601,8.04;7.12
O=C(Nc1n[nH]c2nc(-c3ccco3)c(Br)cc12)C1CC1,CHEMBL408564,CHEMBL408564,24781575,CHEMBL5126601,6.25
O=C1NC(=O)C(c2cccc(Cl)c2)=C1Nc1ccc(O)c(Cl)c1,CHEMBL160333,CHEMBL160333,24781576,CHEMBL5126601,6.96
O=C(Nc1ccc2ccccc2n1)c1ccco1,CHEMBL4550896,CHEMBL4550896,24781742,CHEMBL5126601,6.78
CCCCC#Cc1nc(N)c2nc(-c3cccs3)n([C@@H]3OC[C@@H](O)[C@H]3O)c2n1,CHEMBL5203469,CHEMBL5203469,24783510;24783511;24783512;24783513;24783518;24783519;24783520;24783521;24783522;24783523;24783524;25633697,CHEMBL5126612;CHEMBL5126612;CHEMBL5126612;CHEMBL5126612;CHEMBL5126612;CHEMBL5126612;CHEMBL5126612;CHEMBL5126612;CHEMBL5126612;CHEMBL5126612;CHEMBL5126612;CHEMBL5365430,8.71;8.74;8.54;8.57;7.74;7.67;7.72;7.25;9.05;7.03;6.96;8.11
CCCCCCNC(=O)c1cn2c(nc3ccccc32)c(N)n1,CHEMBL5197028,CHEMBL5197028,24855088,CHEMBL5143715,8.35
CC(C)CNC(=O)c1cn2c(nc3ccccc32)c(N)n1,CHEMBL5208426,CHEMBL5208426,24855089,CHEMBL5143715,8.55
Nc1nc(C(=O)NCC(F)F)cn2c1nc1ccccc12,CHEMBL5169483,CHEMBL5169483,24855090,CHEMBL5143715,8.46
COCCNC(=O)c1cn2c(nc3ccccc32)c(N)n1,CHEMBL5176476,CHEMBL5176476,24855091,CHEMBL5143715,8.45
CC(O)CNC(=O)c1cn2c(nc3ccccc32)c(N)n1,CHEMBL5184887,CHEMBL5184887,24855092,CHEMBL5143715,8.27
CC(CO)NC(=O)c1cn2c(nc3ccccc32)c(N)n1,CHEMBL5177540,CHEMBL5177540,24855093,CHEMBL5143715,8.26
Nc1nc(C(=O)NCCCO)cn2c1nc1ccccc12,CHEMBL5185998,CHEMBL5185998,24855094,CHEMBL5143715,8.09
Nc1nc(C(=O)Nc2ccccc2)cn2c1nc1ccccc12,CHEMBL5192000,CHEMBL5192000,24855095,CHEMBL5143715,7.83
Cc1ccc(NC(=O)c2cn3c(nc4ccccc43)c(N)n2)cc1,CHEMBL5194978,CHEMBL5194978,24855096,CHEMBL5143715,8.4
COc1cccc(NC(=O)c2cn3c(nc4ccccc43)c(N)n2)c1,CHEMBL5181565,CHEMBL5181565,24855097,CHEMBL5143715,8.19
Nc1nc(C(=O)Nc2ccc(Cl)cc2)cn2c1nc1ccccc12,CHEMBL5192099,CHEMBL5192099,24855098,CHEMBL5143715,8.33
Nc1nc(C(=O)Nc2ccccn2)cn2c1nc1ccccc12,CHEMBL5204801,CHEMBL5204801,24855099,CHEMBL5143715,8.27
Nc1nc(C(=O)NCc2ccccc2)cn2c1nc1ccccc12,CHEMBL5203021,CHEMBL5203021,24855100,CHEMBL5143715,8.36
Nc1nc(C(=O)NCc2cccc(Cl)c2)cn2c1nc1ccccc12,CHEMBL5196586,CHEMBL5196586,24855101,CHEMBL5143715,7.55
Nc1nc(C(=O)NCc2ccccn2)cn2c1nc1ccccc12,CHEMBL5176737,CHEMBL5176737,24855102;24855197;24855203,CHEMBL5143715;CHEMBL5143715;CHEMBL5143715,9.52;7.16;8.74
Nc1nc(C(=O)NCc2ccco2)cn2c1nc1ccccc12,CHEMBL5192183,CHEMBL5192183,24855103,CHEMBL5143715,8.65
Nc1nc(C(=O)NCc2cccc3cccnc23)cn2c1nc1ccccc12,CHEMBL5201253,CHEMBL5201253,24855104,CHEMBL5143715,8.54
Nc1nc(C(=O)NCCc2cccc(Cl)c2)cn2c1nc1ccccc12,CHEMBL5198502,CHEMBL5198502,24855105,CHEMBL5143715,7.4
COc1ccc(CCNC(=O)c2cn3c(nc4ccccc43)c(N)n2)cc1,CHEMBL5206624,CHEMBL5206624,24855106,CHEMBL5143715,7.57
Nc1nc(C(=O)NCCc2ccc(O)cc2)cn2c1nc1ccccc12,CHEMBL5192379,CHEMBL5192379,24855107,CHEMBL5143715,7.78
Nc1nc(C(=O)NCCc2ccc3c(c2)OCO3)cn2c1nc1ccccc12,CHEMBL5190972,CHEMBL5190972,24855108,CHEMBL5143715,8.08
Nc1nc(C(=O)NCCc2ccccn2)cn2c1nc1ccccc12,CHEMBL5171148,CHEMBL5171148,24855109;24855198;24855204,CHEMBL5143715;CHEMBL5143715;CHEMBL5143715,8.75;6.19;8.93
Nc1nc(C(=O)Nc2cccnc2)cn2c1nc1ccccc12,CHEMBL5204660,CHEMBL5204660,24855110,CHEMBL5143715,8.68
Nc1nc(C(=O)NCc2cccnc2)cn2c1nc1ccccc12,CHEMBL5208415,CHEMBL5208415,24855111;24855199;24855205,CHEMBL5143715;CHEMBL5143715;CHEMBL5143715,9.07;6.76;8.87
Nc1nc(C(=O)NCc2ccncc2)cn2c1nc1ccccc12,CHEMBL5174275,CHEMBL5174275,24855112;24855206,CHEMBL5143715;CHEMBL5143715,8.82;8.81
Nc1nc(C(=O)NCCc2cccnc2)cn2c1nc1ccccc12,CHEMBL5177737,CHEMBL5177737,24855113,CHEMBL5143715,8.51
Nc1nc(C(=O)NCCc2ccncc2)cn2c1nc1ccccc12,CHEMBL5197159,CHEMBL5197159,24855114,CHEMBL5143715,8.48
Cl.Cl.Nc1nc(C(=O)NCc2ccccn2)cn2c1nc1ccccc12,CHEMBL5203105,CHEMBL5176737,24855115;24855201;24855207,CHEMBL5143715;CHEMBL5143715;CHEMBL5143715,10.09;7.98;6.93
CNC(=O)[C@@]12C[C@@H]1[C@@H](n1cnc3c(NCCc4ccc(OC)c(O)c4)nc(OCC(C)C)nc31)[C@H](O)[C@@H]2O,CHEMBL5202349,CHEMBL5202349,24880894,CHEMBL5154659,6.23
Nc1nc(-c2ccco2)c2cnn(CCCCCC(=O)NO)c2n1,CHEMBL5207324,CHEMBL5207324,24913409,CHEMBL5154845,6.11
Nc1nc(-c2ccco2)c2cnn(CCCCCCC(=O)NO)c2n1,CHEMBL5197839,CHEMBL5197839,24913410,CHEMBL5154845,6.52
Nc1nc(-c2ccco2)c2cnn(CCCCCCCC(=O)NO)c2n1,CHEMBL5169338,CHEMBL5169338,24913411,CHEMBL5154845,6.56
Cc1ccc(-c2nc(N)nc3c2cnn3CCCCCC(=O)NO)o1,CHEMBL5205993,CHEMBL5205993,24913413,CHEMBL5154845,6.21
Cc1ccc(-c2nc(N)nc3c2cnn3CCCCCCC(=O)NO)o1,CHEMBL5169828,CHEMBL5169828,24913414,CHEMBL5154845,6.48
Cc1ccc(-c2nc(N)nc3c2cnn3CCCCCCCC(=O)NO)o1,CHEMBL5202905,CHEMBL5202905,24913415,CHEMBL5154845,6.23
Nc1nc(-c2ccco2)c2cnn(Cc3ccc(C(=O)NO)cc3)c2n1,CHEMBL5209296,CHEMBL5209296,24913417,CHEMBL5154845,6.06
Nc1nc(-c2ccco2)c2cnn(CCc3ccc(C(=O)NO)cc3)c2n1,CHEMBL5176483,CHEMBL5176483,24913419,CHEMBL5154845,6.36
Cc1ccc(-c2nc(N)nc3c2cnn3CCc2ccc(C(=O)NO)cc2)o1,CHEMBL5200340,CHEMBL5200340,24913420,CHEMBL5154845,6.53
Nc1nc(-c2ccco2)c2cnn(CCCc3ccc(C(=O)NO)cc3)c2n1,CHEMBL5201509,CHEMBL5201509,24913421,CHEMBL5154845,6.06
Nc1nc(-c2ccco2)c2cnn(CCc3ccc(C(=O)Nc4ccccc4N)cc3)c2n1,CHEMBL5199428,CHEMBL5199428,24913425,CHEMBL5154845,6.79
Cc1ccc(-c2nc(N)nc3c2cnn3CCc2ccc(C(=O)Nc3ccccc3N)cc2)o1,CHEMBL5193403,CHEMBL5193403,24913426,CHEMBL5154845,6.9
Nc1nc(-c2ccco2)c2cnn(CCOc3ccc(C(=O)Nc4ccccc4N)cc3)c2n1,CHEMBL5203443,CHEMBL5203443,24913427,CHEMBL5154845,6.01
Nc1nc(-c2ccco2)c2cnn(CCCc3ccc(C(=O)Nc4ccccc4N)cc3)c2n1,CHEMBL5202005,CHEMBL5202005,24913428,CHEMBL5154845,6.85
Nc1nc(-c2ccco2)c2cnn(CCCOc3ccc(C(=O)Nc4ccccc4N)cc3)c2n1,CHEMBL5205560,CHEMBL5205560,24913429,CHEMBL5154845,6.83
Cc1ccc(-c2nc(N)nc3c2cnn3CCCOc2ccc(C(=O)Nc3ccccc3N)cc2)o1,CHEMBL5190722,CHEMBL5190722,24913430,CHEMBL5154845,6.97
Nc1nc(-c2ccco2)c2cnn(Cc3cccc(/C=C/C(=O)NO)c3)c2n1,CHEMBL5208818,CHEMBL5208818,24913432,CHEMBL5154845,6.88
Cc1ccc(-c2nc(N)nc3c2cnn3Cc2cccc(/C=C/C(=O)NO)c2)o1,CHEMBL5190589,CHEMBL5190589,24913433,CHEMBL5154845,6.42
Nc1nc(-c2ccco2)c2cnn(Cc3cccc(/C=C/C(=O)Nc4ccccc4N)c3)c2n1,CHEMBL5173073,CHEMBL5173073,24913435,CHEMBL5154845,7.45
Cc1ccc(-c2nc(N)nc3c2cnn3Cc2cccc(/C=C/C(=O)Nc3ccccc3N)c2)o1,CHEMBL5194232,CHEMBL5194232,24913436,CHEMBL5154845,7.6
Nc1nc(-c2ccco2)c2cnn(Cc3cccc(OCCCCC(=O)NO)c3)c2n1,CHEMBL5171906,CHEMBL5171906,24913437,CHEMBL5154845,8.14
Nc1nc(-c2ccco2)c2cnn(Cc3cccc(OCCCCCC(=O)NO)c3)c2n1,CHEMBL5189051,CHEMBL5189051,24913438,CHEMBL5154845,7.96
Nc1nc(-c2ccco2)c2cnn(Cc3cccc(OCCCCCCC(=O)NO)c3)c2n1,CHEMBL5201523,CHEMBL5201523,24913439,CHEMBL5154845,7.99
Cc1ccc(-c2nc(N)nc3c2cnn3Cc2cccc(OCCCCC(=O)NO)c2)o1,CHEMBL5196802,CHEMBL5196802,24913440,CHEMBL5154845,7.59
Cc1ccc(-c2nc(N)nc3c2cnn3Cc2cccc(OCCCCCC(=O)NO)c2)o1,CHEMBL5186576,CHEMBL5186576,24913441,CHEMBL5154845,7.91
Cc1ccc(-c2nc(N)nc3c2cnn3Cc2cccc(OCCCCCCC(=O)NO)c2)o1,CHEMBL5179765,CHEMBL5179765,24913442,CHEMBL5154845,7.28
Nc1nc(-c2ccco2)c2cnn(Cc3cccc(OCCCCC(=O)NO)n3)c2n1,CHEMBL5200632,CHEMBL5200632,24913443,CHEMBL5154845,7.29
Nc1nc(-c2ccco2)c2cnn(Cc3cccc(OCCCCCC(=O)NO)n3)c2n1,CHEMBL5188108,CHEMBL5188108,24913444,CHEMBL5154845,7.17
Nc1nc(-c2ccco2)c2cnn(Cc3cccc(OCCCCCCC(=O)NO)n3)c2n1,CHEMBL5188801,CHEMBL5188801,24913445,CHEMBL5154845,7.83
Cc1ccc(-c2nc(N)nc3c2cnn3Cc2cccc(OCCCCC(=O)NO)n2)o1,CHEMBL5179716,CHEMBL5179716,24913446,CHEMBL5154845,7.14
Cc1ccc(-c2nc(N)nc3c2cnn3Cc2cccc(OCCCCCC(=O)NO)n2)o1,CHEMBL5189321,CHEMBL5189321,24913447,CHEMBL5154845,7.14
Cc1ccc(-c2nc(N)nc3c2cnn3Cc2cccc(OCCCCCCC(=O)NO)n2)o1,CHEMBL5171672,CHEMBL5171672,24913448,CHEMBL5154845,6.8
Nc1nc(-c2ccco2)c2cnn(Cc3ccc(N)c(OCCCCCCC(=O)NO)c3)c2n1,CHEMBL5195323,CHEMBL5195323,24913449,CHEMBL5154845,7.82
Cc1ccc(-c2nc(N)nc3c2cnn3Cc2ccc(N)c(OCCCCCCC(=O)NO)c2)o1,CHEMBL5204735,CHEMBL5204735,24913450,CHEMBL5154845,7.13
Clc1cc2c(NC3CCCC3)nnc(-c3ccncc3)c2cc1Cl,CHEMBL4521971,CHEMBL4521971,24957734;26216243,CHEMBL5212743;CHEMBL5649167,7.55;7.55
CC1=C(C(=O)OC(C)C)C(c2ccoc2)n2c(nc3cc(Cl)ccc32)N1,CHEMBL5405570,CHEMBL5405570,25459854,CHEMBL5321195,6.75
CC1=C(C(=O)OC(C)C)C(c2ccoc2)n2c(nc3cc(Br)ccc32)N1,CHEMBL5416209,CHEMBL5416209,25459855,CHEMBL5321195,6.29
CC1=C(C(=O)OC(C)C)[C@@H](c2ccoc2)n2c(nc3cc(Cl)ccc32)N1,CHEMBL5393920,CHEMBL5393920,25459856,CHEMBL5321195,7.02
CC(C)C(=O)Nc1ncc2c(n1)CC(c1cccs1)CC2=O,CHEMBL1587915,CHEMBL1587915,25517255,CHEMBL5335785,8.34
O=c1[nH]c(N2CCCCC2)nc2nccc(/C=C/c3ccco3)c12,CHEMBL5398733,CHEMBL5398733,25517256,CHEMBL5335785,8.17
O=C(Nc1noc(-c2ccccc2)n1)c1cccc(Cl)c1,CHEMBL5410449,CHEMBL5410449,25517257,CHEMBL5335785,7.98
c1ccc(CNc2nc(N3CCCCC3)c3nccnc3n2)nc1,CHEMBL5435338,CHEMBL5435338,25517258,CHEMBL5335785,7.93
CCOc1nc(NC(CO)c2ccco2)ncc1Br,CHEMBL5402079,CHEMBL5402079,25517259,CHEMBL5335785,7.67
COc1ccc(C(=O)Nc2nc(C)c3cc4c(cc3n2)OCO4)cc1,CHEMBL1460863,CHEMBL1460863,25517260,CHEMBL5335785,8.36
O=C(CC1CCCC1)N1CCc2c(nc(N3CCCC3)[nH]c2=O)C1,CHEMBL5419943,CHEMBL5419943,25517261,CHEMBL5335785,8.35
Cc1nnsc1C(=O)Nc1nc2c(s1)Cc1ccccc1-2,CHEMBL5436271,CHEMBL5436271,25517262,CHEMBL5335785,7.2
CC(C)N1CC(C(=O)Nc2nc3ccccc3[nH]2)CC1=O,CHEMBL5413438,CHEMBL5413438,25517263,CHEMBL5335785,7.69
N#CC1(C(=O)Nc2nc3ccc(F)cc3s2)CCCC1,CHEMBL5418682,CHEMBL5418682,25517264,CHEMBL5335785,7.32
CC(=O)NC(CC(=O)Nc1nc(C(C)=O)cs1)c1ccc(C)cc1,CHEMBL5412498,CHEMBL5412498,25517265,CHEMBL5335785,8.27
O=C(Nc1nc2ccccc2s1)N(CCO)C1CC1,CHEMBL5436964,CHEMBL5436964,25517266,CHEMBL5335785,8.22
O=C(Nc1nc(C2CC2)cs1)C1COc2ccccc2C1,CHEMBL5414803,CHEMBL5414803,25517267,CHEMBL5335785,7.73
COc1cccc(C(=O)Nc2cnn(-c3ccccc3)n2)c1,CHEMBL5430803,CHEMBL5430803,25517268,CHEMBL5335785,7.23
CC(Sc1nnc(C(C)C)[nH]1)C(=O)c1ccccc1,CHEMBL5423524,CHEMBL5423524,25517269,CHEMBL5335785,8.34
Cc1ccc2nc(C(=O)Nc3cnc4n3CCCC4)cn2c1,CHEMBL5400258,CHEMBL5400258,25517270,CHEMBL5335785,8.34
O=C(Nc1cnc2n1CCCC2)c1cn2cc(Cl)cnc2n1,CHEMBL5414806,CHEMBL5414806,25517271,CHEMBL5335785,8.34
COCC(O)CNc1ncc(C)c(-c2ncnn2C)n1,CHEMBL5426384,CHEMBL5426384,25517272,CHEMBL5335785,8.34
c1cncc(CNc2ncc(-c3ccncc3)c(-c3cccs3)n2)c1,CHEMBL5412076,CHEMBL5412076,25517273,CHEMBL5335785,7.91
Cn1c(=O)c2[nH]c(N(CCO)CCO)nc2n(C)c1=O,CHEMBL5404183,CHEMBL5404183,25517274,CHEMBL5335785,8.16
O=c1[nH]nc(NC2CCCC2)c2nnn(Cc3cccs3)c12,CHEMBL5436195,CHEMBL5436195,25621145,CHEMBL5360607,6.05
CCCCC#Cc1nc(N)c2nc(-c3ccco3)n([C@@H]3OC[C@@H](O)[C@H]3O)c2n1,CHEMBL5423990,CHEMBL5423990,25633670;25633694,CHEMBL5365430;CHEMBL5365430,7.75;7.75
CCCCC#Cc1nc(NC)c2nc(-c3ccco3)n([C@@H]3OC[C@@H](O)[C@H]3O)c2n1,CHEMBL5436220,CHEMBL5436220,25633695,CHEMBL5365430,7.3
CCCCC#Cc1nc(NCc2cccc(I)c2)c2nc(-c3ccco3)n([C@@H]3OC[C@@H](O)[C@H]3O)c2n1,CHEMBL5427211,CHEMBL5427211,25633696,CHEMBL5365430,6.24
CCCCC#Cc1nc(NC)c2nc(-c3cccs3)n([C@@H]3OC[C@@H](O)[C@H]3O)c2n1,CHEMBL5421109,CHEMBL5421109,25633698,CHEMBL5365430,6.9
CCCCC#Cc1nc(NCc2cccc(I)c2)c2nc(-c3cccs3)n([C@@H]3OC[C@@H](O)[C@H]3O)c2n1,CHEMBL5422711,CHEMBL5422711,25633699,CHEMBL5365430,6.29
CCCCC#Cc1nc(N)c2nc(-c3ccco3)n([C@@H]3SC[C@@H](O)[C@H]3O)c2n1,CHEMBL5408288,CHEMBL5408288,25633700,CHEMBL5365430,7.88
CCCCC#Cc1nc(NC)c2nc(-c3ccco3)n([C@@H]3SC[C@@H](O)[C@H]3O)c2n1,CHEMBL5399191,CHEMBL5399191,25633701,CHEMBL5365430,6.8
CCCCC#Cc1nc(N)c2nc(-c3cccs3)n([C@@H]3SC[C@@H](O)[C@H]3O)c2n1,CHEMBL5412507,CHEMBL5412507,25633702,CHEMBL5365430,7.21
Nc1nc(Cl)nc2c1nc(-c1ccco1)n2[C@@H]1SC[C@@H](O)[C@H]1O,CHEMBL5405584,CHEMBL5405584,25633704,CHEMBL5365430,6.85
CNc1nc(Cl)nc2c1nc(-c1ccco1)n2[C@@H]1SC[C@@H](O)[C@H]1O,CHEMBL5437109,CHEMBL5437109,25633705,CHEMBL5365430,6.12
O[C@@H]1[C@H](O)CS[C@H]1n1c(-c2ccco2)nc2c(NCc3cccc(I)c3)nc(Cl)nc21,CHEMBL5395100,CHEMBL5395100,25633706,CHEMBL5365430,6.47
Nc1nc(Cl)nc2c1nc(-c1cccs1)n2[C@@H]1SC[C@@H](O)[C@H]1O,CHEMBL5420888,CHEMBL5420888,25633707,CHEMBL5365430,6.34
CNc1nc(Cl)nc2c1nc(-c1cccs1)n2[C@@H]1SC[C@@H](O)[C@H]1O,CHEMBL5395897,CHEMBL5395897,25633708,CHEMBL5365430,6.02
O[C@@H]1[C@H](O)CS[C@H]1n1c(-c2cccs2)nc2c(NCc3cccc(I)c3)nc(Cl)nc21,CHEMBL5438754,CHEMBL5438754,25633709,CHEMBL5365430,6.14
Nc1nc(NCCc2ccc(O)cc2)nc2c1nc(-c1ccco1)n2[C@@H]1SC[C@@H](O)[C@H]1O,CHEMBL5427931,CHEMBL5427931,25633710,CHEMBL5365430,6.95
CNc1nc(NCCc2ccc(O)cc2)nc2c1nc(-c1ccco1)n2[C@@H]1SC[C@@H](O)[C@H]1O,CHEMBL5399921,CHEMBL5399921,25633711,CHEMBL5365430,6.33
Nc1nc(NCCc2ccc(O)cc2)nc2c1nc(-c1cccs1)n2[C@@H]1SC[C@@H](O)[C@H]1O,CHEMBL5419573,CHEMBL5419573,25633712,CHEMBL5365430,6.02
CNc1nc(NCCc2ccc(O)cc2)nc2c1nc(-c1cccs1)n2[C@@H]1SC[C@@H](O)[C@H]1O,CHEMBL5439422,CHEMBL5439422,25633713,CHEMBL5365430,6.04
COc1cccc2c1nc(N)n1nc(C3CC3c3nc4ccccc4n3C)nc21,CHEMBL5430246,CHEMBL5430246,25669319;26119977,CHEMBL5370695;CHEMBL5614371,9.52;9.52
COc1cccc2c1nc(N)n1nc(C3CC3c3ccc4c(c3)CCNC4)nc21,CHEMBL5413330,CHEMBL5413330,25669320;26119978,CHEMBL5370695;CHEMBL5614371,8.96;9.52
COc1cccc2c1nc(N)n1nc([C@H]3C[C@H](c4ccc(C(C)(C)O)cn4)C3)nc21,CHEMBL5426841,CHEMBL5426841,25669321;26119979,CHEMBL5370695;CHEMBL5614371,8.89;9.52
COc1cccc2c1nc(N)n1nc([C@H]3C[C@H](c4ncc(C(C)(C)N)cc4C)C3)nc21,CHEMBL5413371,CHEMBL5413371,25669322;26119980,CHEMBL5370695;CHEMBL5614371,9.22;9.52
COc1cccc2c1nc(N)n1nc([C@H]3C[C@H](c4ncc(C(C)(C)N)cc4Cl)C3)nc21,CHEMBL5438060,CHEMBL5438060,25669323;26119981,CHEMBL5370695;CHEMBL5614371,9.1;9.52
COc1cccc2c1nc(N)n1nc(C3CCC(c4ccc(C(C)(C)N)cn4)C3)nc21,CHEMBL5426527,CHEMBL5426527,25669324;26119982,CHEMBL5370695;CHEMBL5614371,8.85;9.52
Cc1c(C#N)cccc1-c1cc(-c2ccn(Cc3ccccc3)c(=O)c2)nc(N)n1,CHEMBL5397080,CHEMBL5397080,25695817,CHEMBL5380829,7.16
Cc1c(C#N)cccc1-c1cc(-c2ccn(CCc3ccccc3)c(=O)c2)nc(N)n1,CHEMBL5439885,CHEMBL5439885,25695819,CHEMBL5380829,6.77
Cc1cccc(Cn2ccc(-c3cc(-c4cccc(C#N)c4C)nc(N)n3)cc2=O)c1,CHEMBL5412117,CHEMBL5412117,25695821,CHEMBL5380829,7.14
Cc1ccc(Cn2ccc(-c3cc(-c4cccc(C#N)c4C)nc(N)n3)cc2=O)cc1,CHEMBL5417712,CHEMBL5417712,25695822,CHEMBL5380829,6.37
COC(=O)c1ccccc1Cn1ccc(-c2cc(-c3cccc(C#N)c3C)nc(N)n2)cc1=O,CHEMBL5416911,CHEMBL5416911,25695823,CHEMBL5380829,6.79
COC(=O)c1cccc(Cn2ccc(-c3cc(-c4cccc(C#N)c4C)nc(N)n3)cc2=O)c1,CHEMBL5416491,CHEMBL5416491,25695824,CHEMBL5380829,6.94
Cc1c(C#N)cccc1-c1cc(-c2ccn(Cc3cccc(F)c3)c(=O)c2)nc(N)n1,CHEMBL5401410,CHEMBL5401410,25695826,CHEMBL5380829,6.89
Cc1c(C#N)cccc1-c1cc(-c2ccn(Cc3cccc(Cl)c3)c(=O)c2)nc(N)n1,CHEMBL5398651,CHEMBL5398651,25695827,CHEMBL5380829,6.87
Cc1c(C#N)cccc1-c1cc(-c2ccn(Cc3cccc(Br)c3)c(=O)c2)nc(N)n1,CHEMBL5399566,CHEMBL5399566,25695828,CHEMBL5380829,6.4
Cc1c(C#N)cccc1-c1cc(-c2ccn(Cc3cccc(C#N)c3)c(=O)c2)nc(N)n1,CHEMBL5433808,CHEMBL5433808,25695829,CHEMBL5380829,6.71
Cc1c(C#N)cccc1-c1cc(-c2ccn(Cc3cccc(S(N)(=O)=O)c3)c(=O)c2)nc(N)n1,CHEMBL5408447,CHEMBL5408447,25695830,CHEMBL5380829,6.34
Cc1c(C#N)cccc1-c1cc(-c2ccn(Cc3cccc(S(C)(=O)=O)c3)c(=O)c2)nc(N)n1,CHEMBL5422621,CHEMBL5422621,25695831,CHEMBL5380829,6.88
Cc1c(C#N)cccc1-c1cc(-c2ccn(Cc3cccc(O)c3)c(=O)c2)nc(N)n1,CHEMBL5408699,CHEMBL5408699,25695832,CHEMBL5380829,6.11
COc1cccc(Cn2ccc(-c3cc(-c4cccc(C#N)c4C)nc(N)n3)cc2=O)c1,CHEMBL5410668,CHEMBL5410668,25695833,CHEMBL5380829,6.74
Cc1c(C#N)cccc1-c1cc(-c2ccn(Cc3cccc(CO)c3)c(=O)c2)nc(N)n1,CHEMBL5401706,CHEMBL5401706,25695834,CHEMBL5380829,7.26
COCc1cccc(Cn2ccc(-c3cc(-c4cccc(C#N)c4C)nc(N)n3)cc2=O)c1,CHEMBL5429151,CHEMBL5429151,25695835,CHEMBL5380829,6.86
Cc1c(C#N)cccc1-c1cc(-c2ccn(Cc3cccc(C(C)(C)O)c3)c(=O)c2)nc(N)n1,CHEMBL5424461,CHEMBL5424461,25695838;25695861,CHEMBL5380829;CHEMBL5380829,7.54;6.49
Cc1c(C#N)cccc1-c1cc(-c2ccn(Cc3cccc(C(C)(C)F)c3)c(=O)c2)nc(N)n1,CHEMBL5415792,CHEMBL5415792,25695839,CHEMBL5380829,7.25
Cc1c(C#N)cccc1-c1cc(-c2ccn(Cc3cccc(C(C)(C)O)n3)c(=O)c2)nc(N)n1,CHEMBL5440290,CHEMBL5440290,25695840,CHEMBL5380829,8.05
Cc1c(C#N)cccc1-c1cc(-c2ccn(Cc3cccc(C(C)(C)F)n3)c(=O)c2)nc(N)n1,CHEMBL5437168,CHEMBL5437168,25695841,CHEMBL5380829,7.99
Cc1c(C#N)cccc1-c1nc(N)nc(-c2ccn(Cc3cccc(C(C)(C)O)c3)c(=O)c2)c1F,CHEMBL5400341,CHEMBL5400341,25695842,CHEMBL5380829,6.8
CCCCC#Cc1nc2c(N)nc(-c3ccco3)nc2n1[C@@H]1OC[C@@H](O)[C@H]1O,CHEMBL5556919,CHEMBL5556919,25886108,CHEMBL5512687,7.69
CCCCC#Cc1nc2c(NC)nc(-c3ccco3)nc2n1[C@@H]1OC[C@@H](O)[C@H]1O,CHEMBL5542531,CHEMBL5542531,25886109,CHEMBL5512687,6.39
CCCCC#Cc1nc2c(NCc3cccc(I)c3)nc(-c3ccco3)nc2n1[C@@H]1OC[C@@H](O)[C@H]1O,CHEMBL5560478,CHEMBL5560478,25886110,CHEMBL5512687,6.16
CCCCC#Cc1nc2c(N)nc(-c3cccs3)nc2n1[C@@H]1OC[C@@H](O)[C@H]1O,CHEMBL5559504,CHEMBL5559504,25886111,CHEMBL5512687,7.59
CCCCC#Cc1nc2c(N)nc(-c3ccco3)nc2n1[C@@H]1SC[C@@H](O)[C@H]1O,CHEMBL5557461,CHEMBL5557461,25886113,CHEMBL5512687,7.75
CCCCC#Cc1nc2c(NC)nc(-c3ccco3)nc2n1[C@@H]1SC[C@@H](O)[C@H]1O,CHEMBL5556656,CHEMBL5556656,25886114,CHEMBL5512687,6.85
CCCCC#Cc1nc2c(NCc3cccc(I)c3)nc(-c3ccco3)nc2n1[C@@H]1SC[C@@H](O)[C@H]1O,CHEMBL5555848,CHEMBL5555848,25886115,CHEMBL5512687,6.31
CCCCC#Cc1nc2c(N)nc(-c3cccs3)nc2n1[C@@H]1SC[C@@H](O)[C@H]1O,CHEMBL5564117,CHEMBL5564117,25886116,CHEMBL5512687,6.92
CCCCC#Cc1nc2c(NC)nc(-c3cccs3)nc2n1[C@@H]1SC[C@@H](O)[C@H]1O,CHEMBL5557578,CHEMBL5557578,25886117,CHEMBL5512687,6.15
CCCCC#Cc1nc2c(N)nc(-c3ccco3)nc2[nH]1,CHEMBL5561038,CHEMBL5561038,25886119,CHEMBL5512687,8.3
CCCCC#Cc1nc2c(NC)nc(-c3ccco3)nc2[nH]1,CHEMBL5568273,CHEMBL5568273,25886120,CHEMBL5512687,7.16
CCCCC#Cc1nc2c(NCc3cccc(I)c3)nc(-c3ccco3)nc2[nH]1,CHEMBL5566807,CHEMBL5566807,25886121,CHEMBL5512687,6.25
CCCCC#Cc1nc2c(N)nc(-c3cccs3)nc2[nH]1,CHEMBL5558429,CHEMBL5558429,25886122,CHEMBL5512687,8.39
CCCCC#Cc1nc2c(NC)nc(-c3cccs3)nc2[nH]1,CHEMBL5532264,CHEMBL5532264,25886123,CHEMBL5512687,7.3
CCCCC#Cc1nc2c(NCc3cccc(I)c3)nc(-c3cccs3)nc2[nH]1,CHEMBL5562579,CHEMBL5562579,25886124,CHEMBL5512687,6.44
CCCCC#Cc1nc(N)c2nc(-c3ccco3)[nH]c2n1,CHEMBL5560392,CHEMBL5560392,25886125,CHEMBL5512687,8.29
CCCCC#Cc1nc(NC)c2nc(-c3ccco3)[nH]c2n1,CHEMBL5562587,CHEMBL5562587,25886126,CHEMBL5512687,6.91
CCCCC#Cc1nc(N)c2nc(-c3cccs3)[nH]c2n1,CHEMBL5562642,CHEMBL5562642,25886127,CHEMBL5512687,8.08
CCCCC#Cc1nc(NC)c2nc(-c3cccs3)[nH]c2n1,CHEMBL5562028,CHEMBL5562028,25886128,CHEMBL5512687,7.18
CCCCC#Cc1nc(N)c2nc(C#CCCCC)n([C@@H]3OC[C@@H](O)[C@H]3O)c2n1,CHEMBL5567879,CHEMBL5567879,25886130,CHEMBL5512687,6.88
Nc1nc(-c2ccco2)nc2c1nc(-c1ccco1)n2[C@@H]1OC[C@@H](O)[C@H]1O,CHEMBL5565475,CHEMBL5565475,25886131,CHEMBL5512687,7.89
Nc1nc(-c2ccco2)nc2[nH]c(-c3ccco3)nc12,CHEMBL5568562,CHEMBL5568562,25886132,CHEMBL5512687,7.51
Nc1nc(-c2cccs2)nc2[nH]c(-c3cccs3)nc12,CHEMBL5560922,CHEMBL5560922,25886133,CHEMBL5512687,7.83
Cc1c(C#N)cccc1-c1cc(-c2cn(Cc3ccc4[nH]ccc4c3)nn2)nc(N)n1,CHEMBL5574634,CHEMBL5574634,25935566,CHEMBL5528085,6.0
Cc1c(C#N)cccc1-c1cc(-c2cn(Cc3ccc4cc[nH]c4c3)nn2)nc(N)n1,CHEMBL5532131,CHEMBL5532131,25935568,CHEMBL5528085,6.37
Cc1c(C#N)cccc1-c1cc(-c2cn(Cc3c[nH]c4ccccc34)nn2)nc(N)n1,CHEMBL5572013,CHEMBL5572013,25935571,CHEMBL5528085,6.95
Cc1c(C#N)cccc1-c1cc(-c2cn(Cc3n[nH]c4ccccc34)nn2)nc(N)n1,CHEMBL5555414,CHEMBL5555414,25935573,CHEMBL5528085,6.89
Cc1c(C#N)cccc1-c1cc(-c2cn(Cc3c[nH]c4cccnc34)nn2)nc(N)n1,CHEMBL5564272,CHEMBL5564272,25935575,CHEMBL5528085,7.43
Cc1c(C#N)cccc1-c1cc(-c2cn(Cc3c[nH]c4ccncc34)nn2)nc(N)n1,CHEMBL5565650,CHEMBL5565650,25935576,CHEMBL5528085,6.77
Cc1c(C#N)cccc1-c1cc(-c2cn(Cc3csc4ccccc34)nn2)nc(N)n1,CHEMBL5570759,CHEMBL5570759,25935579,CHEMBL5528085,7.46
Cc1c(C#N)cccc1-c1cc(-c2cn(Cc3csc4c3CCCC4)nn2)nc(N)n1,CHEMBL5568925,CHEMBL5568925,25935580,CHEMBL5528085,7.94
Cc1c(C#N)cccc1-c1cc(-c2cn(Cc3c[nH]c4cccc(Cl)c34)nn2)nc(N)n1,CHEMBL5569497,CHEMBL5569497,25935581,CHEMBL5528085,6.76
Cc1c(C#N)cccc1-c1cc(-c2cn(Cc3c[nH]c4ccc(Cl)cc34)nn2)nc(N)n1,CHEMBL5592547,CHEMBL5592547,25935582,CHEMBL5528085,6.61
Cc1c(C#N)cccc1-c1cc(-c2cn(Cc3c[nH]c4cc(Cl)ccc34)nn2)nc(N)n1,CHEMBL5569426,CHEMBL5569426,25935583,CHEMBL5528085,6.12
Cc1ccc2[nH]cc(Cn3cc(-c4cc(-c5cccc(C#N)c5C)nc(N)n4)nn3)c2c1,CHEMBL5556652,CHEMBL5556652,25935586,CHEMBL5528085,6.99
Cc1ccc2c(Cn3cc(-c4cc(-c5cccc(C#N)c5C)nc(N)n4)nn3)c[nH]c2c1,CHEMBL5570763,CHEMBL5570763,25935587,CHEMBL5528085,6.49
COc1ccc2[nH]cc(Cn3cc(-c4cc(-c5cccc(C#N)c5C)nc(N)n4)nn3)c2c1,CHEMBL5563496,CHEMBL5563496,25935588,CHEMBL5528085,7.27
COc1ccc2c(Cn3cc(-c4cc(-c5cccc(C#N)c5C)nc(N)n4)nn3)c[nH]c2c1,CHEMBL5556910,CHEMBL5556910,25935589,CHEMBL5528085,6.88
Cc1c(C#N)cccc1-c1cc(-c2cn(Cc3c[nH]c4ccc(OC(C)C)cc34)nn2)nc(N)n1,CHEMBL5579763,CHEMBL5579763,25935590,CHEMBL5528085,7.16
Cc1c(C#N)cccc1-c1cc(-c2cn(Cc3c[nH]c4ccc(OC5CCCC5)cc34)nn2)nc(N)n1,CHEMBL5542375,CHEMBL5542375,25935592,CHEMBL5528085,7.01
Cc1c(C#N)cccc1-c1cc(-c2cn(Cc3c[nH]c4ccc(F)cc34)nn2)nc(N)n1,CHEMBL5569508,CHEMBL5569508,25935594,CHEMBL5528085,7.2
Cc1c(C#N)cccc1-c1cc(-c2cn(Cc3c[nH]c4cc(F)ccc34)nn2)nc(N)n1,CHEMBL5579741,CHEMBL5579741,25935595,CHEMBL5528085,6.92
COC(=O)c1ccc2[nH]cc(Cn3cc(-c4cc(-c5cccc(C#N)c5C)nc(N)n4)nn3)c2c1,CHEMBL5579687,CHEMBL5579687,25935596,CHEMBL5528085,7.15
Cc1c(C#N)cccc1-c1cc(-c2cn(Cc3c[nH]c4ccc(S(C)(=O)=O)cc34)nn2)nc(N)n1,CHEMBL5573410,CHEMBL5573410,25935598,CHEMBL5528085,7.74
Cc1c(C#N)cccc1-c1cc(-c2cn(Cc3c[nH]c4cc(S(C)(=O)=O)ccc34)nn2)nc(N)n1,CHEMBL5574860,CHEMBL5574860,25935599,CHEMBL5528085,6.37
Cc1c(C#N)cccc1-c1cc(-c2cn(Cc3c[nH]c4ccc(C#N)cc34)nn2)nc(N)n1,CHEMBL5562893,CHEMBL5562893,25935600;25935680;25935684,CHEMBL5528085;CHEMBL5528085;CHEMBL5528085,7.95;8.14;8.79
Cc1c(C#N)cccc1-c1cc(-c2cn(Cc3c[nH]c4cc(C#N)ccc34)nn2)nc(N)n1,CHEMBL5575304,CHEMBL5575304,25935601,CHEMBL5528085,6.62
Nc1nc2c3ccccc3nc(-c3cccs3)n2n1,CHEMBL5620265,CHEMBL5620265,26119933,CHEMBL5614371,7.87
Nc1nc2c3cc(Br)ccc3nc(-c3ccccc3)n2n1,CHEMBL5619570,CHEMBL5619570,26119934,CHEMBL5614371,7.49
Nc1nc(NCc2ccccc2)nc(-c2ccccc2CO)n1,CHEMBL4548689,CHEMBL4548689,26241561,CHEMBL5661984,6.66
COc1cccc2c(C(=O)NCc3cccc(C(C)(O)C(F)(F)F)n3)nc(N)nc12,CHEMBL6031982,CHEMBL6031982,27034457,CHEMBL5725940,9.3
COc1cccc2c(C(=O)NCc3cccc(C4(O)CCC4)n3)nc(N)nc12,CHEMBL6044247,CHEMBL6044247,27034460,CHEMBL5725940,9.22
COc1cccc2c(C(=O)NCc3cccc(C4CC4)n3)nc(N)nc12,CHEMBL6010102,CHEMBL6010102,27034469,CHEMBL5725940,9.52
COc1cccc2c(C(=O)NCc3cccc(-c4cccc(O)c4)n3)nc(N)nc12,CHEMBL5796194,CHEMBL5796194,27034472,CHEMBL5725940,8.48
COc1cccc2c(C(=O)NCc3cccc(-c4ccccn4)n3)nc(N)nc12,CHEMBL5943872,CHEMBL5943872,27034478,CHEMBL5725940,8.92
COc1cccc2c(C(=O)NCc3nc(C)ccc3C)nc(N)nc12,CHEMBL6055282,CHEMBL6055282,27034481,CHEMBL5725940,9.7
CCn1cccc(CNC(=O)c2nc(N)nc3c(OC)cccc23)c1=O,CHEMBL5850689,CHEMBL5850689,27034487,CHEMBL5725940,9.7
COc1cccc2c(C(=O)NCc3cccc4ccncc34)nc(N)nc12,CHEMBL5769657,CHEMBL5769657,27034496,CHEMBL5725940,9.52
COc1cccc2c(C(=O)NCc3cccc(C)c3)nc(N)nc12,CHEMBL5963751,CHEMBL5963751,27034499,CHEMBL5725940,9.4
COc1cccc2c(C(=O)NCc3ncccc3C(F)(F)F)nc(N)nc12,CHEMBL5928245,CHEMBL5928245,27034505,CHEMBL5725940,8.59
COc1cccc2c(C(=O)NCc3nc(C)ccc3F)nc(N)nc12,CHEMBL5957047,CHEMBL5957047,27034508,CHEMBL5725940,9.3
COc1cccc2c(C(=O)NCc3ncccc3C)nc(N)nc12,CHEMBL6053070,CHEMBL6053070,27034520,CHEMBL5725940,9.05
COc1cccc2c(C(=O)NCc3ncccc3F)nc(N)nc12,CHEMBL5961246,CHEMBL5961246,27034523,CHEMBL5725940,8.85
COc1cccc2c(C(=O)NCc3ccc(F)cn3)nc(N)nc12,CHEMBL6059304,CHEMBL6059304,27034526,CHEMBL5725940,8.18
COc1cccc2c(C(=O)NCc3ncc(C)cc3C)nc(N)nc12,CHEMBL5987432,CHEMBL5987432,27034532,CHEMBL5725940,8.82
COc1cccc2c(C(=O)NCc3ncc(F)cc3F)nc(N)nc12,CHEMBL5867035,CHEMBL5867035,27034535,CHEMBL5725940,8.54
COc1cccc2c(C(=O)NCc3ccc4ccccc4n3)nc(N)nc12,CHEMBL5813918,CHEMBL5813918,27034538,CHEMBL5725940,8.82
COc1cccc2c(C(=O)NCc3nc(-c4ccccc4)c(C)o3)nc(N)nc12,CHEMBL6000234,CHEMBL6000234,27034541,CHEMBL5725940,8.8
COc1cccc2c(C(=O)NCC3Cc4cccnc4C3)nc(N)nc12,CHEMBL5785838,CHEMBL5785838,27034544,CHEMBL5725940,8.74
COc1cccc2c(C(=O)N[C@@H]3CCc4ccccc43)nc(N)nc12,CHEMBL5788084,CHEMBL5788084,27034547,CHEMBL5725940,8.28
COc1cccc2c(C(=O)NC3CCc4ccccc4C3)nc(N)nc12,CHEMBL6007892,CHEMBL6007892,27034550,CHEMBL5725940,7.7
COc1cccc2c(C(=O)N[C@@H](CO)c3ccccc3)nc(N)nc12,CHEMBL5756422,CHEMBL5756422,27034556,CHEMBL5725940,8.59
COc1cccc2c(C(=O)N[C@@H](CO)c3ccc4ccccc4n3)nc(N)nc12,CHEMBL6031805,CHEMBL6031805,27034559,CHEMBL5725940,8.08
COc1cccc2c(C(=O)NCc3ncccn3)nc(N)nc12,CHEMBL5831954,CHEMBL5831954,27034562,CHEMBL5725940,7.37
COc1cccc2c(C(=O)NC(C)(C)c3ccccn3)nc(N)nc12,CHEMBL6045440,CHEMBL6045440,27034565,CHEMBL5725940,6.38
COc1cccc2c(C(=O)NC3(c4ccccn4)CC3)nc(N)nc12,CHEMBL5933766,CHEMBL5933766,27034568,CHEMBL5725940,6.03
COc1cccc2c(C(=O)NCc3ccccc3-c3cccnc3)nc(N)nc12,CHEMBL5971764,CHEMBL5971764,27034571,CHEMBL5725940,8.04
COc1cccc2c(C(=O)NCc3cccc4c3OC(F)(F)O4)nc(N)nc12,CHEMBL5967163,CHEMBL5967163,27034574,CHEMBL5725940,8.28
COc1cccc2c(C(=O)NCc3ccccc3-c3ccccn3)nc(N)nc12,CHEMBL5971095,CHEMBL5971095,27034577,CHEMBL5725940,8.64
COc1cccc2c(C(=O)NCc3cccc(COc4ccc(F)cc4)n3)nc(N)nc12,CHEMBL5996538,CHEMBL5996538,27034583,CHEMBL5725940,9.52
Nc1nc(C(=O)NCc2cccc(COc3ccccn3)n2)c2cccc(F)c2n1,CHEMBL5921366,CHEMBL5921366,27034586,CHEMBL5725940,8.66
N#Cc1ccc(OCc2cccc(CNC(=O)c3nc(N)nc4c(F)cccc34)n2)cc1,CHEMBL5949139,CHEMBL5949139,27034589,CHEMBL5725940,8.42
COc1cccc2c(C(=O)NCc3cccc(COCC4CCCC4)n3)nc(N)nc12,CHEMBL5840890,CHEMBL5840890,27034595,CHEMBL5725940,9.3
COc1cccc2c(C(=O)NCc3cccc(COCC4CC4)n3)nc(N)nc12,CHEMBL5944137,CHEMBL5944137,27034598,CHEMBL5725940,8.89
COc1cccc2c(C(=O)NCc3cccc(COCC(C)C)n3)nc(N)nc12,CHEMBL6012545,CHEMBL6012545,27034601,CHEMBL5725940,8.72
COc1cccc2c(C(=O)NCc3cccc(CO[C@H]4CCOC4)n3)nc(N)nc12,CHEMBL5998122,CHEMBL5998122,27034604,CHEMBL5725940,8.96
COc1cccc2c(C(=O)NCc3cccc(CN4CCOCC4)c3)nc(N)nc12,CHEMBL5864942,CHEMBL5864942,27034607,CHEMBL5725940,8.15
COc1cccc2c(C(=O)NCc3cccc(COc4cccc(F)c4)n3)nc(N)nc12,CHEMBL5846671,CHEMBL5846671,27034610,CHEMBL5725940,8.68
COc1cccc2c(C(=O)NCc3cccc(CSc4ccc(F)cc4)n3)nc(N)nc12,CHEMBL5969349,CHEMBL5969349,27034613,CHEMBL5725940,8.49
COc1cccc2c(C(=O)NCc3cccc(CSc4nc5ccccc5[nH]4)n3)nc(N)nc12,CHEMBL5856905,CHEMBL5856905,27034616,CHEMBL5725940,8.2
[2H]C([2H])(NC(=O)c1nc(N)nc2c(OC)cccc12)c1cccc(Oc2cncc(OC)c2)n1,CHEMBL5916204,CHEMBL6070986,27034622,CHEMBL5725940,8.3
[2H]C([2H])(NC(=O)c1nc(N)nc2c(F)cccc12)c1cccc(Oc2ccc(OCCOC)cc2)n1,CHEMBL5804441,CHEMBL6070908,27034625,CHEMBL5725940,8.43
[2H]C([2H])(NC(=O)c1nc(N)nc2c(OC)cccc12)c1cccc(N2CCN(c3ccc(OCCOC)cc3)CC2)n1,CHEMBL6015530,CHEMBL6071062,27034628,CHEMBL5725940,8.37
COc1cccc2c(C(=O)NCc3cccn(C)c3=O)nc(N)nc12,CHEMBL6057866,CHEMBL6057866,27034631,CHEMBL5725940,9.05
Nc1nc(C(=O)NCc2ccccc2-n2cccn2)c2cccc(F)c2n1,CHEMBL5947989,CHEMBL5947989,27034634,CHEMBL5725940,9.3
Nc1nc(C(=O)NCc2cccc(-c3ccccn3)n2)c2cccc(F)c2n1,CHEMBL6035105,CHEMBL6035105,27034637,CHEMBL5725940,9.1
Nc1nc(C(=O)NCc2ccccc2-c2ncccn2)c2cccc(F)c2n1,CHEMBL5926486,CHEMBL5926486,27034640,CHEMBL5725940,9.05
CC(C)c1cccc(-c2cccc(CNC(=O)c3nc(N)nc4c(F)cccc34)n2)c1,CHEMBL5888550,CHEMBL5888550,27034643,CHEMBL5725940,9.0
CC(C)Oc1cccc(-c2cccc(CNC(=O)c3nc(N)nc4c(F)cccc34)n2)c1,CHEMBL5956581,CHEMBL5956581,27034646,CHEMBL5725940,8.42
Nc1nc(C(=O)NCc2ncccc2-c2ncccn2)c2cccc(F)c2n1,CHEMBL5962878,CHEMBL5962878,27034649,CHEMBL5725940,8.4
Cc1ccc(-c2cccnc2CNC(=O)c2nc(N)nc3c(F)cccc23)nc1,CHEMBL5804335,CHEMBL5804335,27034652,CHEMBL5725940,8.04
Cc1csc(-c2cccc(CNC(=O)c3nc(N)nc4c(F)cccc34)n2)n1,CHEMBL6049646,CHEMBL6049646,27034655,CHEMBL5725940,8.38
Nc1nc(C(=O)NCc2cccc(-c3cnco3)n2)c2cccc(F)c2n1,CHEMBL5761576,CHEMBL5761576,27034658,CHEMBL5725940,8.35
Nc1nc(C(=O)NCc2cccc(C(F)F)n2)c2cccc(F)c2n1,CHEMBL5791142,CHEMBL5791142,27034661,CHEMBL5725940,8.44
Cc1ccc(CNC(=O)c2nc(N)nc3c(F)cccc23)nc1,CHEMBL5909841,CHEMBL5909841,27034664,CHEMBL5725940,8.21
Cc1ccc(CCNC(=O)c2nc(N)nc3c(F)cccc23)nc1,CHEMBL5886902,CHEMBL5886902,27034667,CHEMBL5725940,6.65
COC(=O)c1ccccc1CNC(=O)c1nc(N)nc2c(F)cccc12,CHEMBL5767603,CHEMBL5767603,27034670,CHEMBL5725940,8.6
COC(=O)c1cccc(CNC(=O)c2nc(N)nc3c(F)cccc23)n1,CHEMBL5927062,CHEMBL5927062,27034673,CHEMBL5725940,7.64
Cc1ccc(F)c(CNC(=O)c2nc(N)nc3c(F)cccc23)n1,CHEMBL5826065,CHEMBL5826065,27034676,CHEMBL5725940,9.3
COc1ccc(C)c(CNC(=O)c2nc(N)nc3c(F)cccc23)n1,CHEMBL6049075,CHEMBL6049075,27034679,CHEMBL5725940,9.1
CC(C)Oc1cccc(CNC(=O)c2nc(N)nc3c(F)cccc23)n1,CHEMBL5921124,CHEMBL5921124,27034682,CHEMBL5725940,9.0
CC1(O)CCN(c2cccc(CNC(=O)c3nc(N)nc4c(F)cccc34)n2)CC1,CHEMBL5885005,CHEMBL5885005,27034685,CHEMBL5725940,8.28
Nc1nc(C(=O)NCc2cccc3cncn23)c2cccc(F)c2n1,CHEMBL5835733,CHEMBL5835733,27034688,CHEMBL5725940,8.21
Cc1cccn2cc(CNC(=O)c3nc(N)nc4c(F)cccc34)nc12,CHEMBL5896909,CHEMBL5896909,27034691,CHEMBL5725940,8.16
CC(C)c1nc(CNC(=O)c2nc(N)nc3c(F)cccc23)cs1,CHEMBL5877392,CHEMBL5877392,27034694,CHEMBL5725940,9.22
Nc1nc(C(=O)NCc2cc(C3CC3)on2)c2cccc(F)c2n1,CHEMBL5924694,CHEMBL5924694,27034697,CHEMBL5725940,7.85
Nc1nc(C(=O)NCC23CC4CC(CC(C4)C2)C3)c2cccc(F)c2n1,CHEMBL5828328,CHEMBL5828328,27034703,CHEMBL5725940,8.19
Nc1nc(C(=O)NCC2CCN(c3ncc(F)cn3)CC2)c2cccc(F)c2n1,CHEMBL6003531,CHEMBL6003531,27034706,CHEMBL5725940,8.1
Nc1nc(C(=O)NCC2CC3CCC2C3)c2cccc(F)c2n1,CHEMBL5861218,CHEMBL5861218,27034709,CHEMBL5725940,7.5
Cc1cccc(CNC(=O)c2nc(N)nc3c(Cl)cc(Cl)cc23)n1,CHEMBL5744502,CHEMBL5744502,27034727,CHEMBL5725940,8.19
Cc1ccc(F)c(CNC(=O)c2nc(N)nc3c(-c4ncco4)cccc23)n1,CHEMBL5823370,CHEMBL5823370,27034742,CHEMBL5725940,8.77
Nc1nc(C(=O)NCc2ncccn2)c2cccc(I)c2n1,CHEMBL5922314,CHEMBL5922314,27034745,CHEMBL5725940,6.64
Nc1nc(C(=O)NCc2cccc(Cc3ccc(F)c(F)c3)n2)c2cccc(F)c2n1,CHEMBL5774547,CHEMBL5774547,27034754,CHEMBL5725940,8.92
COc1cccc2c(C(=O)NCc3cccc(Cc4ccccc4)n3)nc(N)nc12,CHEMBL5791055,CHEMBL5791055,27034757,CHEMBL5725940,8.6
[2H]C([2H])(NC(=O)c1nc(N)nc2c(OC)cccc12)c1cccc(C([2H])([2H])c2ccc(N3CCOCC3)nc2)n1,CHEMBL5751946,CHEMBL6069801,27034763,CHEMBL5725940,8.8
[2H]C([2H])(NC(=O)c1nc(N)nc2c(OC)cccc12)c1cccc(C([2H])([2H])c2cccc(OCCOC)c2)n1,CHEMBL5933668,CHEMBL6070993,27034766,CHEMBL5725940,8.72
[2H]C([2H])(NC(=O)c1nc(N)nc2c(OC)cccc12)c1cccc(C([2H])([2H])c2cncc(-c3ncco3)c2)n1,CHEMBL5815718,CHEMBL6070893,27034772,CHEMBL5725940,8.68
[2H]C([2H])(NC(=O)c1nc(N)nc2c(OC)cccc12)c1cccc(C([2H])([2H])c2ccc(C(C)(C)OCOC)nc2)n1,CHEMBL5819222,CHEMBL6070923,27034775,CHEMBL5725940,8.64
[2H]C([2H])(NC(=O)c1nc(N)nc2c(OC)cccc12)c1cccc(C([2H])([2H])c2cncc(N3CCOCC3)c2)n1,CHEMBL6052036,CHEMBL6071103,27034778,CHEMBL5725940,8.6
Nc1nc(C(=O)NCc2cccc(Cc3ccccc3F)n2)c2cccc(F)c2n1,CHEMBL5765568,CHEMBL5765568,27034781,CHEMBL5725940,8.89
Nc1nc(C(=O)NCc2cccc(Cc3ccncc3)n2)c2cccc(F)c2n1,CHEMBL5950484,CHEMBL5950484,27034784,CHEMBL5725940,8.8
Nc1cc(Cl)c(-c2ccncc2)c(-c2cccnc2)n1,CHEMBL5877429,CHEMBL5877429,27514277,CHEMBL5726810,6.3
Nc1cc(Br)c(-c2ccncc2)c(-c2cccnc2)n1,CHEMBL5883063,CHEMBL5883063,27514286,CHEMBL5726810,6.52
Nc1cc(Cl)c(-c2ccnc(F)c2)c(-c2ccncc2)n1,CHEMBL6035154,CHEMBL6035154,27514319,CHEMBL5726810,6.26
CCn1c(=O)c2c(C)c(CN3CCNC3=O)sc2n(CCOC)c1=O,CHEMBL5896827,CHEMBL5896827,27756755,CHEMBL5727338,6.92
CCn1c(=O)c2c(C)c(CN3CCNC3=O)sc2n(CC2CCO2)c1=O,CHEMBL5985967,CHEMBL5985967,27756767,CHEMBL5727338,6.55
COCCn1c(=O)n(C(C)C)c(=O)c2c(C)c(CN3CCNC3=O)sc21,CHEMBL5756168,CHEMBL5756168,27756779,CHEMBL5727338,6.57
CCn1c(=O)c2c(C)c(Cn3cc[nH]c3=O)sc2n(CCOC)c1=O,CHEMBL5811768,CHEMBL5811768,27756791,CHEMBL5727338,7.0
CCn1c(=O)c2c(C)c(Cn3cn[nH]c3=O)sc2n(CCC(F)(F)F)c1=O,CHEMBL6062615,CHEMBL6062615,27756812,CHEMBL5727338,6.1
COc1cccc2c1nc(N)n1nc([C@@H]3CCCN(CCC(F)(F)F)C3)nc21,CHEMBL5754972,CHEMBL5754972,28170587,CHEMBL5728077,9.22
COc1cccc2c1nc(N)n1nc([C@@H]3CCCN(CC(C(F)(F)F)C(F)(F)F)C3)nc21,CHEMBL5854801,CHEMBL5854801,28170590,CHEMBL5728077,9.52
COc1cccc2c1nc(N)n1nc([C@@H]3CCCN(CC(F)F)C3)nc21,CHEMBL5978030,CHEMBL5978030,28170593,CHEMBL5728077,9.4
COc1cccc2c1nc(N)n1nc([C@@H]3CCCN(CCN(C)C)C3)nc21,CHEMBL5855888,CHEMBL5855888,28170596,CHEMBL5728077,8.27
CCN1CCC[C@@H](c2nc3c4cccc(OC)c4nc(N)n3n2)C1,CHEMBL6020805,CHEMBL6020805,28170599,CHEMBL5728077,7.47
COCCN1CCC[C@@H](c2nc3c4cccc(OC)c4nc(N)n3n2)C1,CHEMBL5935139,CHEMBL5935139,28170602,CHEMBL5728077,8.51
CCCCN1CCC[C@@H](c2nc3c4cccc(OC)c4nc(N)n3n2)C1,CHEMBL5906749,CHEMBL5906749,28170605,CHEMBL5728077,7.54
COc1cccc2c1nc(N)n1nc([C@@H]3CCCN(CC(C)C)C3)nc21,CHEMBL5875103,CHEMBL5875103,28170608,CHEMBL5728077,7.35
C#CC(C)(C)N1CCC[C@@H](c2nc3c4cccc(OC)c4nc(N)n3n2)C1,CHEMBL5963806,CHEMBL5963806,28170611,CHEMBL5728077,7.7
COc1cccc2c1nc(N)n1nc([C@@H]3CCCN(CC4(C)CC4)C3)nc21,CHEMBL5750576,CHEMBL5750576,28170614,CHEMBL5728077,7.7
COc1cccc2c1nc(N)n1nc([C@@H]3CCCN(CCC(F)(F)C(F)(F)F)C3)nc21,CHEMBL5918596,CHEMBL5918596,28170617,CHEMBL5728077,9.4
COc1cccc2c1nc(N)n1nc([C@H]3CCCN(CCC(F)(F)F)C3)nc21,CHEMBL5764300,CHEMBL5764300,28170620,CHEMBL5728077,7.85
COc1cccc2c1nc(N)n1nc([C@@H]3CCCNC3)nc21,CHEMBL6055099,CHEMBL6055099,28170623,CHEMBL5728077,7.03
COc1cccc2c1nc(N)n1nc([C@@H]3CCCN(CCC4CC4)C3)nc21,CHEMBL5924192,CHEMBL5924192,28170626,CHEMBL5728077,8.16
COc1cccc2c1nc(N)n1nc([C@@H]3CCCN(CCN4CCOCC4)C3)nc21,CHEMBL6012635,CHEMBL6012635,28170629,CHEMBL5728077,8.82
COc1cccc2c1nc(N)n1nc([C@@H]3CCCN(CCCC(F)(F)F)C3)nc21,CHEMBL5826340,CHEMBL5826340,28170632,CHEMBL5728077,8.12
COc1cccc2c1nc(N)n1nc([C@@H]3CCCN(CC4CC(F)(F)C4)C3)nc21,CHEMBL5843191,CHEMBL5843191,28170635,CHEMBL5728077,9.15
COc1cccc2c1nc(N)n1nc([C@@H]3CCCN(CC4(C)COC4)C3)nc21,CHEMBL6016470,CHEMBL6016470,28170638,CHEMBL5728077,8.52
COc1cccc2c1nc(N)n1nc([C@@H]3CCCN(c4nnc(C)s4)C3)nc21,CHEMBL5880889,CHEMBL5880889,28170641,CHEMBL5728077,8.7
COc1cccc2c1nc(N)n1nc([C@@H]3CCCN(c4nncs4)C3)nc21,CHEMBL5861848,CHEMBL5861848,28170644,CHEMBL5728077,8.72
COc1cccc2c1nc(N)n1nc([C@@H]3CCCN(c4ncns4)C3)nc21,CHEMBL5806464,CHEMBL5806464,28170647,CHEMBL5728077,8.49
COc1cccc2c1nc(N)n1nc([C@@H]3CCCN(c4ncc(C)s4)C3)nc21,CHEMBL5898014,CHEMBL5898014,28170650,CHEMBL5728077,9.1
COc1cccc2c1nc(N)n1nc([C@@H]3CCCN(CC(F)(F)F)C3)nc21,CHEMBL6012155,CHEMBL6012155,28170653,CHEMBL5728077,9.1
COc1cccc2c1nc(N)n1nc([C@@H]3CCCN(C[C@@H](C4CC4)C(F)(F)F)C3)nc21,CHEMBL5851875,CHEMBL5851875,28170656,CHEMBL5728077,9.3
COc1cccc2c1nc(N)n1nc([C@@H]3CCCN(C[C@H](C4CC4)C(F)(F)F)C3)nc21,CHEMBL5765008,CHEMBL5765008,28170659,CHEMBL5728077,9.4
Nc1nc2c(OC(F)F)cccc2c2nc([C@@H]3CCCN(CC(F)F)C3)nn12,CHEMBL5856105,CHEMBL5856105,28170662,CHEMBL5728077,8.92
Nc1nc2cc(Cl)ccc2c2nc([C@@H]3CCCN(CC(F)F)C3)nn12,CHEMBL5909120,CHEMBL5909120,28170665,CHEMBL5728077,8.89
Nc1nc2c(Cl)cccc2c2nc(C3CCCN(CCC(F)(F)F)C3)nn12,CHEMBL5859819,CHEMBL5859819,28170668,CHEMBL5728077,8.01
Nc1nc2ccccc2c2nc([C@@H]3CCCN(CC(F)F)C3)nn12,CHEMBL6028673,CHEMBL6028673,28170671,CHEMBL5728077,7.96
Nc1nc2c(O)cccc2c2nc([C@H]3CCC[C@@H](CCC(F)(F)F)C3)nn12,CHEMBL6008274,CHEMBL6008274,28170674,CHEMBL5728077,7.8
Nc1nc2c(O)cccc2c2nc([C@H]3CCC[C@H](CCC(F)(F)F)C3)nn12,CHEMBL5801083,CHEMBL5801083,28170677,CHEMBL5728077,8.77
Nc1nc2c(O)cccc2c2nc([C@@H]3CCC[C@@H](CCC(F)(F)F)C3)nn12,CHEMBL5830478,CHEMBL5830478,28170680,CHEMBL5728077,9.4
Nc1nc2c(O)cccc2c2nc([C@@H]3CCC[C@H](CCC(F)(F)F)C3)nn12,CHEMBL5777515,CHEMBL5777515,28170683,CHEMBL5728077,7.77
COc1cccc2c1nc(N)n1nc([C@H]3CCC[C@@H](N)C3)nc21,CHEMBL6065523,CHEMBL6065523,28170686,CHEMBL5728077,7.04
COc1cccc2c1nc(N)n1nc([C@H]3CCC[C@H](N)C3)nc21,CHEMBL5921320,CHEMBL5921320,28170689,CHEMBL5728077,7.36
COc1cccc2c1nc(N)n1nc([C@@H]3CCC[C@@H](N)C3)nc21,CHEMBL5943580,CHEMBL5943580,28170692,CHEMBL5728077,6.94
COc1cccc2c1nc(N)n1nc([C@@H]3CCC[C@H](N)C3)nc21,CHEMBL5847718,CHEMBL5847718,28170695,CHEMBL5728077,6.18
CCC(C)(C)N1CCC[C@@H](c2nc3c4cccc(OC)c4nc(N)n3n2)C1,CHEMBL5871446,CHEMBL5871446,28170698,CHEMBL5728077,7.48
COc1cccc2c1nc(N)n1nc([C@H]3CCCCN(CC(F)(F)F)C3)nc21,CHEMBL6001308,CHEMBL6001308,28170701,CHEMBL5728077,9.15
COc1cccc2c1nc(N)n1nc([C@@H]3CCCCN(CC(F)(F)F)C3)nc21,CHEMBL5805350,CHEMBL5805350,28170704,CHEMBL5728077,8.23
COc1cccc2c1nc(N)n1nc(C3CNCC(F)(F)C3)nc21,CHEMBL5998665,CHEMBL5998665,28170707,CHEMBL5728077,8.28
COc1cccc2c1nc(N)n1nc([C@H]3CNCC(F)(F)C3)nc21,CHEMBL5811766,CHEMBL5811766,28170710,CHEMBL5728077,8.62
COc1cccc2c1nc(N)n1nc([C@@H]3CN(CC(F)F)CC(F)(F)C3)nc21,CHEMBL5815310,CHEMBL5815310,28170713;28170716,CHEMBL5728077;CHEMBL5728077,8.96;8.33
COc1cccc2c1nc(N)n1nc([C@H]3CC4CC[C@@H]3N(CC(F)(F)F)C4)nc21,CHEMBL6043386,CHEMBL6043386,28170719,CHEMBL5728077,7.68
COc1cccc2c1nc(N)n1nc([C@H]3CC4CC[C@H]3N(CC(F)(F)F)C4)nc21,CHEMBL5882255,CHEMBL5882255,28170722,CHEMBL5728077,7.27
COc1cccc2c1nc(N)n1nc([C@@H]3CC4CC[C@@H]3N(CC(F)(F)F)C4)nc21,CHEMBL6041429,CHEMBL6041429,28170725,CHEMBL5728077,9.52
COc1cccc2c1nc(N)n1nc([C@@H]3CC4CC[C@H]3N(CC(F)(F)F)C4)nc21,CHEMBL6013361,CHEMBL6013361,28170728,CHEMBL5728077,8.0
COc1cccc2c1nc(N)n1nc([C@@H]3CCCN(S(=O)(=O)c4ccccc4)C3)nc21,CHEMBL6022581,CHEMBL6022581,28170731,CHEMBL5728077,8.92
COc1cccc2c1nc(N)n1nc([C@@H]3CCCN(C(=O)c4ccccc4)C3)nc21,CHEMBL5820326,CHEMBL5820326,28170734,CHEMBL5728077,8.89
COc1cccc2c1nc(N)n1nc([C@@H]3CCCN(C(=O)C(C)(C)C)C3)nc21,CHEMBL5866760,CHEMBL5866760,28170737,CHEMBL5728077,8.36
COc1cccc2c1nc(N)n1nc([C@@H]3CCCN(C(=O)c4cccs4)C3)nc21,CHEMBL5773023,CHEMBL5773023,28170740,CHEMBL5728077,8.57
COc1cccc2c1nc(N)n1nc([C@@H]3CCCN(C(=O)c4ocnc4C)C3)nc21,CHEMBL6046518,CHEMBL6046518,28170743,CHEMBL5728077,8.82
COc1cccc(C(=O)N2CCC[C@@H](c3nc4c5cccc(OC)c5nc(N)n4n3)C2)c1,CHEMBL5987060,CHEMBL5987060,28170746,CHEMBL5728077,8.72
COc1cccc2c1nc(N)n1nc([C@@H]3CCCN(C(=O)C(C)(C)F)C3)nc21,CHEMBL5991609,CHEMBL5991609,28170749,CHEMBL5728077,8.96
COc1cccc2c1nc(N)n1nc([C@@H]3CCCN(CC(C)(C)F)C3)nc21,CHEMBL5741831,CHEMBL5741831,28170752,CHEMBL5728077,9.22
COc1cccc2c1nc(N)n1nc([C@@H]3CCCN(CC4CCOCC4)C3)nc21,CHEMBL5999742,CHEMBL5999742,28170755,CHEMBL5728077,8.3
COc1cccc2c1nc(N)n1nc([C@@H]3CCCN(Cc4cccnc4)C3)nc21,CHEMBL5871022,CHEMBL5871022,28170758,CHEMBL5728077,8.42
COc1cccc2c1nc(N)n1nc([C@@H]3CCCN(Cc4cc(F)cc(C(F)(F)F)c4)C3)nc21,CHEMBL5841149,CHEMBL5841149,28170761,CHEMBL5728077,8.7
COc1cccc2c1nc(N)n1nc([C@@H]3CCCN(CC4CCCC4)C3)nc21,CHEMBL5884787,CHEMBL5884787,28170764,CHEMBL5728077,8.01
COc1cccc2c1nc(N)n1nc([C@@H]3CCCN(Cc4cnc(C)s4)C3)nc21,CHEMBL5872486,CHEMBL5872486,28170767,CHEMBL5728077,8.68
COc1cccc2c1nc(N)n1nc([C@@H]3CCCN(C4CCC(F)(F)CC4)C3)nc21,CHEMBL5938182,CHEMBL5938182,28170770,CHEMBL5728077,8.23
COc1cccc2c1nc(N)n1nc(C3CCCN(c4ccccc4)C3)nc21,CHEMBL5823431,CHEMBL5823431,28170773,CHEMBL5728077,9.05
COc1cccc2c1nc(N)n1nc([C@@H]3CCCN(c4ccccc4)C3)nc21,CHEMBL5949200,CHEMBL5949200,28170776,CHEMBL5728077,7.47
COc1cccc2c1nc(N)n1nc(C3CCN(c4cccc(F)c4)C3)nc21,CHEMBL5859422,CHEMBL5859422,28170779,CHEMBL5728077,8.85
COc1cccc2c1nc(N)n1nc([C@@H]3CCCN(C4CC4)C3)nc21,CHEMBL5790420,CHEMBL5790420,28170782,CHEMBL5728077,8.92
COc1cccc2c1nc(N)n1nc([C@@H]3CCN(CC(F)(F)F)C3)nc21,CHEMBL6022771,CHEMBL6022771,28170785,CHEMBL5728077,8.7
COc1cccc2c1nc(N)n1nc([C@H]3CN(C4CCC(F)(F)CC4)CCO3)nc21,CHEMBL5892683,CHEMBL5892683,28170788,CHEMBL5728077,8.52
COc1cccc2c1nc(N)n1nc([C@@H]3CC(F)(F)CCO3)nc21,CHEMBL6008820,CHEMBL6008820,28170791,CHEMBL5728077,8.72
COc1cccc2c1nc(N)n1nc([C@H]3CC(F)(F)CCO3)nc21,CHEMBL5810323,CHEMBL5810323,28170794,CHEMBL5728077,8.7
Nc1nc2c3c(ccc2c2nc([C@H]4CCCN(CCC(F)(F)F)C4)nn12)OC(F)(F)O3,CHEMBL5915129,CHEMBL5915129,28170797,CHEMBL5728077,9.1
Nc1nc2c3c(ccc2c2nc([C@@H]4CCCN(CCC(F)(F)F)C4)nn12)OC(F)(F)O3,CHEMBL5851147,CHEMBL5851147,28170800,CHEMBL5728077,7.26
COc1cccc2c1nc(N)n1nc([C@@H]3CC(F)(F)CN3)nc21,CHEMBL5953034,CHEMBL5953034,28170803,CHEMBL5728077,9.3
COc1cccc2c1nc(N)n1nc([C@@H]3CCC(F)(F)CN3)nc21,CHEMBL5917446,CHEMBL5917446,28170806,CHEMBL5728077,8.62
COc1cccc2c1nc(N)n1nc([C@H]3CCC(F)(F)CN3)nc21,CHEMBL6014360,CHEMBL6014360,28170809,CHEMBL5728077,9.52
Cn1cc(-c2c(-c3ccc(F)cc3)nc(N)n3nc(Cc4ncccc4F)nc23)ccc1=O,CHEMBL5993458,CHEMBL5993458,28195997;28196153;28982147,CHEMBL5728138;CHEMBL5728138;CHEMBL5729667,8.64;8.33;8.64
Cn1cc(-c2c(-c3ccc(F)cc3)nc(N)n3nc(Cc4c(F)cccc4F)nc23)ccc1=O,CHEMBL5756623,CHEMBL5756623,28196009;28196261;28982159,CHEMBL5728138;CHEMBL5728138;CHEMBL5729667,8.68;9.22;8.68
CN(C)c1cc(-c2c(-c3ccc(F)cc3)nc(N)n3nc(Cc4c(F)cccc4F)nc23)ccn1,CHEMBL5827075,CHEMBL5827075,28196015;28196276;28982165,CHEMBL5728138;CHEMBL5728138;CHEMBL5729667,9.05;9.7;9.05
Cn1cc(-c2c(-c3ccc(F)cc3)nc(N)n3nc(Cc4ncccc4OC(F)F)nc23)ccc1=O,CHEMBL5956015,CHEMBL5956015,28196027;28196417;28982177,CHEMBL5728138;CHEMBL5728138;CHEMBL5729667,8.55;8.46;8.55
Cn1cc(-c2c(-c3ncco3)nc(N)n3nc(Cc4ncccc4F)nc23)ccc1=O,CHEMBL6007073,CHEMBL6007073,28196039;28196432;28982189,CHEMBL5728138;CHEMBL5728138;CHEMBL5729667,7.7;7.44;7.7
Cn1cc(-c2c(-c3ncco3)nc(N)n3nc(Cc4c(F)cccc4F)nc23)ccc1=O,CHEMBL5781725,CHEMBL5781725,28196045;28196447;28982195,CHEMBL5728138;CHEMBL5728138;CHEMBL5729667,7.92;8.09;7.92
Cn1cc(-c2c(-n3nccn3)nc(N)n3nc(Cc4c(F)cccc4F)nc23)ccc1=O,CHEMBL5847654,CHEMBL5847654,28196051;28196483;28982201,CHEMBL5728138;CHEMBL5728138;CHEMBL5729667,8.85;7.7;8.85
Nc1nc(-c2ncco2)c(-c2ccc3nccn3c2)c2nc(Cc3ncccc3F)nn12,CHEMBL6063197,CHEMBL6063197,28196057;28196555;28982207,CHEMBL5728138;CHEMBL5728138;CHEMBL5729667,8.52;7.85;8.52
Nc1nc(-c2ccc(F)cc2)c(-c2ccc3nccn3c2)c2nc(Cc3ncccc3F)nn12,CHEMBL5841873,CHEMBL5841873,28196063;28196567;28982213,CHEMBL5728138;CHEMBL5728138;CHEMBL5729667,8.26;9.05;8.26
CCn1cc(-c2c(-c3ccc(F)cc3)nc(N)n3nc(Cc4ncccc4F)nc23)ccc1=O,CHEMBL5966778,CHEMBL5966778,28196069;28196591;28982219,CHEMBL5728138;CHEMBL5728138;CHEMBL5729667,8.55;8.68;8.55
Nc1cccc(Cc2nc3c(-c4ccc5nccn5c4)c(-c4ccc(F)cc4)nc(N)n3n2)n1,CHEMBL5867675,CHEMBL5867675,28196081;28196627;28982231,CHEMBL5728138;CHEMBL5728138;CHEMBL5729667,8.2;8.74;8.2
Cn1cc(-c2c(-c3ccc(C(F)F)cc3)nc(N)n3nc(Cc4ncccc4F)nc23)ccc1=O,CHEMBL5931362,CHEMBL5931362,28196087;28196675;28982237,CHEMBL5728138;CHEMBL5728138;CHEMBL5729667,8.47;7.16;8.47
CC(C)n1cc(-c2c(-c3ccc(F)cc3)nc(N)n3nc(Cc4ncccc4F)nc23)ccc1=O,CHEMBL5957422,CHEMBL5957422,28196093;28196723;28982243,CHEMBL5728138;CHEMBL5728138;CHEMBL5729667,8.4;9.15;8.4
COc1ccc(-c2nc(N)n3nc(Cc4ncccc4F)nc3c2-c2ccc(=O)n(C)c2)cc1,CHEMBL5988628,CHEMBL5988628,28196105;28196795;28982255,CHEMBL5728138;CHEMBL5728138;CHEMBL5729667,8.38;7.55;8.38
Cn1cc(-c2c(-c3ccc(C(F)(F)F)cc3)nc(N)n3nc(Cc4ncccc4F)nc23)ccc1=O,CHEMBL6022055,CHEMBL6022055,28196111;28196807;28982261,CHEMBL5728138;CHEMBL5728138;CHEMBL5729667,8.28;6.74;8.28
Cc1c(-c2c(-c3ccc(F)cc3)nc(N)n3nc(Cc4ncccc4F)nc23)ccc(=O)n1C,CHEMBL6044836,CHEMBL6044836,28196117;28196855;28982267,CHEMBL5728138;CHEMBL5728138;CHEMBL5729667,8.14;7.51;8.14
Cn1cc(-c2c(-c3cccc(Cl)c3)nc(N)n3nc(Cc4ncccc4F)nc23)ccc1=O,CHEMBL6043653,CHEMBL6043653,28196123;28196903;28982273,CHEMBL5728138;CHEMBL5728138;CHEMBL5729667,8.39;8.26;8.39
COc1cccc(-c2nc(N)n3nc(Cc4ncccc4F)nc3c2-c2ccc(=O)n(C)c2)c1,CHEMBL6030840,CHEMBL6030840,28196129;28196987;28982279,CHEMBL5728138;CHEMBL5728138;CHEMBL5729667,8.44;8.17;8.44
Nc1nc(-c2ncco2)c(-c2ccnc(OC(F)F)c2)c2nc(Cc3c(F)cccc3F)nn12,CHEMBL5795044,CHEMBL5795044,28196135;28197083;28982285,CHEMBL5728138;CHEMBL5728138;CHEMBL5729667,8.26;7.82;8.26
Nc1nc(-c2ncco2)c(-c2ccnc(OC(F)F)c2)c2nc(Cc3ncccc3F)nn12,CHEMBL5810207,CHEMBL5810207,28196141;28197095;28982291,CHEMBL5728138;CHEMBL5728138;CHEMBL5729667,8.08;7.15;8.08
Nc1nc(-n2nccn2)c(-c2ccc3nccn3c2)c2nc(Cc3ncccc3F)nn12,CHEMBL6062538,CHEMBL6062538,28196147;28197191;28982297,CHEMBL5728138;CHEMBL5728138;CHEMBL5729667,8.46;8.11;8.46
Cc1cc(-c2c(-c3ccc(F)cc3)nc(N)n3nc(Cc4ncccc4F)nc23)ccn1,CHEMBL6022992,CHEMBL6022992,28196168,CHEMBL5728138,7.23
Nc1nc(-c2ccc(F)cc2)c(-c2ccnc(Cl)c2)c2nc(Cc3ncccc3F)nn12,CHEMBL5919017,CHEMBL5919017,28196183,CHEMBL5728138,7.25
Nc1nc(-c2ccc(F)cc2)c(-c2ccnc(C(F)(F)F)c2)c2nc(Cc3c(F)cccc3F)nn12,CHEMBL5752625,CHEMBL5752625,28196198,CHEMBL5728138,7.28
COc1cc(-c2c(-c3ccc(F)cc3)nc(N)n3nc(Cc4c(F)cccc4F)nc23)ccn1,CHEMBL5859356,CHEMBL5859356,28196210,CHEMBL5728138,8.72
Nc1nc(-c2ccc(F)cc2)c(-c2ccnnc2)c2nc(Cc3c(F)cccc3F)nn12,CHEMBL5880072,CHEMBL5880072,28196216,CHEMBL5728138,7.2
Cc1cc(-c2c(-c3ccc(F)cc3)nc(N)n3nc(Cc4cscn4)nc23)ccn1,CHEMBL5743567,CHEMBL5743567,28196231,CHEMBL5728138,6.99
Cc1cc(-c2c(-c3ccc(F)cc3)nc(N)n3nc(Cc4cccc(Cl)c4)nc23)ccn1,CHEMBL5874081,CHEMBL5874081,28196246,CHEMBL5728138,7.23
Cc1cc(-c2c(-c3ccc(F)cc3)nc(N)n3nc(Cc4nccs4)nc23)ccn1,CHEMBL5999973,CHEMBL5999973,28196291,CHEMBL5728138,7.47
Cc1cc(-c2c(-c3ccc(F)cc3)nc(N)n3nc(C(C)c4c(F)cccc4F)nc23)ccn1,CHEMBL5856098,CHEMBL5856098,28196306,CHEMBL5728138,7.34
Cc1cc(-c2c(-c3ccc(F)cc3)nc(N)n3nc(Cc4c(F)cccc4F)nc23)c(C)cn1,CHEMBL5990931,CHEMBL5990931,28196321,CHEMBL5728138,7.96
Cc1cc(-c2c(-c3ccc(F)cc3)nc(N)n3nc(Cc4ncccc4F)nc23)cc(C)n1,CHEMBL5760505,CHEMBL5760505,28196336,CHEMBL5728138,8.16
Cc1cc(-c2c(-c3ccc(F)cc3)nc(N)n3nc(Cc4cccc(Cl)n4)nc23)ccn1,CHEMBL5960960,CHEMBL5960960,28196351,CHEMBL5728138,7.34
Cc1nccc(-c2c(-c3ccc(F)cc3)nc(N)n3nc(Cc4c(F)cccc4F)nc23)c1C,CHEMBL5813457,CHEMBL5813457,28196363,CHEMBL5728138,6.76
Cc1cc(-c2c(-c3ccc(F)cc3)nc(N)n3nc(Cc4cccc(N(C)C)n4)nc23)ccn1,CHEMBL6008177,CHEMBL6008177,28196375,CHEMBL5728138,7.37
Cc1cc(-c2c(-c3ccc(F)cc3)nc(N)n3nc(Cc4ncccc4F)nc23)cc(Cl)n1,CHEMBL5740360,CHEMBL5740360,28196387,CHEMBL5728138,8.92
Cc1cc(-c2c(-c3ccc(F)cc3)nc(N)n3nc(Cc4cccc(C#N)n4)nc23)ccn1,CHEMBL5892880,CHEMBL5892880,28196402,CHEMBL5728138,6.99
Nc1nc(-c2ccc(F)cc2)c(-c2ccc(=O)n(C3CCOC3)c2)c2nc(Cc3c(F)cccc3F)nn12,CHEMBL6008157,CHEMBL6008157,28196459,CHEMBL5728138,8.11
Cc1ccc(-c2nc(N)n3nc(Cc4c(F)cccc4F)nc3c2-c2ccc(=O)n(C)c2)cn1,CHEMBL5912720,CHEMBL5912720,28196471,CHEMBL5728138,7.24
Cc1cnc(-c2nc(N)n3nc(Cc4c(F)cccc4F)nc3c2-c2ccc(=O)n(C)c2)o1,CHEMBL5969196,CHEMBL5969196,28196495,CHEMBL5728138,7.82
Cc1coc(-c2nc(N)n3nc(Cc4c(F)cccc4F)nc3c2-c2ccc(=O)n(C)c2)n1,CHEMBL5963502,CHEMBL5963502,28196507,CHEMBL5728138,6.86
Cn1cc(-c2c(Cl)nc(N)n3nc(Cc4c(F)cccc4F)nc23)ccc1=O,CHEMBL5802772,CHEMBL5802772,28196519,CHEMBL5728138,6.8
Cc1cc(-c2c(-c3ccc(F)cc3)nc(N)n3nc(Cc4ncccc4F)nc23)cn(C)c1=O,CHEMBL5817464,CHEMBL5817464,28196531,CHEMBL5728138,8.42
Cn1nc(-c2c(-c3ccc(F)cc3)nc(N)n3nc(Cc4ncccc4F)nc23)ccc1=O,CHEMBL5804476,CHEMBL5804476,28196543,CHEMBL5728138,8.23
Cc1cc(-c2c(-c3ncco3)nc(N)n3nc(Cc4c(F)cccc4F)nc23)cc(C)n1,CHEMBL5812643,CHEMBL5812643,28196579,CHEMBL5728138,7.75
Cn1cc(-c2c(-c3ccc(F)cc3)nc(N)n3nc(Cc4cccc(N)n4)nc23)ccc1=O,CHEMBL5952384,CHEMBL5952384,28196603,CHEMBL5728138,7.57
Nc1nc(-c2ccc(F)cc2)c(-c2ccc(=O)n(C3CC3)c2)c2nc(Cc3ncccc3F)nn12,CHEMBL5907517,CHEMBL5907517,28196615,CHEMBL5728138,7.7
Nc1cc(-c2c(-c3ccc(F)cc3)nc(N)n3nc(Cc4ncccc4F)nc23)ccn1,CHEMBL5829088,CHEMBL5829088,28196639,CHEMBL5728138,7.39
Cn1cc(-c2c(-c3ccc(F)c(F)c3)nc(N)n3nc(Cc4ncccc4F)nc23)ccc1=O,CHEMBL5882686,CHEMBL5882686,28196651,CHEMBL5728138,7.75
Cn1cc(-c2c(-c3cccc(F)c3)nc(N)n3nc(Cc4ncccc4F)nc23)ccc1=O,CHEMBL5875672,CHEMBL5875672,28196663,CHEMBL5728138,8.28
Cn1cc(-c2c(-c3ccc(F)cc3)nc(N)n3nc(Cc4nccs4)nc23)ccc1=O,CHEMBL5916379,CHEMBL5916379,28196687,CHEMBL5728138,8.1
CNc1cc(-c2c(-c3ccc(F)cc3)nc(N)n3nc(Cc4ncccc4F)nc23)ccn1,CHEMBL5986561,CHEMBL5986561,28196699,CHEMBL5728138,7.72
Cn1cc(-c2c(-c3nccs3)nc(N)n3nc(Cc4c(F)cccc4F)nc23)ccc1=O,CHEMBL5787943,CHEMBL5787943,28196711,CHEMBL5728138,8.37
Cn1cc(-c2c(-c3ccc(Cl)cc3)nc(N)n3nc(Cc4ncccc4F)nc23)ccc1=O,CHEMBL5774791,CHEMBL5774791,28196735,CHEMBL5728138,7.66
Cn1cc(-c2c(-c3ccc(C#N)cc3)nc(N)n3nc(Cc4ncccc4F)nc23)ccc1=O,CHEMBL5948505,CHEMBL5948505,28196747,CHEMBL5728138,6.92
Cn1cc(-c2c(-c3ccc(F)cc3)nc(N)n3nc(Cc4cscn4)nc23)ccc1=O,CHEMBL5800628,CHEMBL5800628,28196759,CHEMBL5728138,7.54
Cn1cc(-c2nc(N)n3nc(Cc4ncccc4F)nc3c2-c2ccc(=O)n(C)c2)cn1,CHEMBL5851570,CHEMBL5851570,28196771,CHEMBL5728138,7.01
Nc1nc(-c2ccc(F)cc2)c(-c2ccc(=O)n(C3CS(=O)(=O)C3)c2)c2nc(Cc3c(F)cccc3F)nn12,CHEMBL6007054,CHEMBL6007054,28196783,CHEMBL5728138,7.25
Cn1cc(-c2c(-n3cccn3)nc(N)n3nc(Cc4ncccc4F)nc23)ccc1=O,CHEMBL5921476,CHEMBL5921476,28196819,CHEMBL5728138,6.91
Cn1cc(-c2c(-c3ccc(F)cc3F)nc(N)n3nc(Cc4ncccc4F)nc23)ccc1=O,CHEMBL5837834,CHEMBL5837834,28196831,CHEMBL5728138,7.17
Nc1nc(-c2ccc(F)cc2)c(-c2ccc(=O)n(CCO)c2)c2nc(Cc3c(F)cccc3F)nn12,CHEMBL5800386,CHEMBL5800386,28196843,CHEMBL5728138,9.7
Cn1cc(-c2c(-c3ccc(F)cc3)nc(N)n3nc(Cc4ncc(F)cc4F)nc23)ccc1=O,CHEMBL5969060,CHEMBL5969060,28196867,CHEMBL5728138,7.66
Cc1nc(Cc2nc3c(-c4ccc5nccn5c4)c(-c4ccc(F)cc4)nc(N)n3n2)cs1,CHEMBL6031624,CHEMBL6031624,28196879,CHEMBL5728138,8.49
Cn1cnc2ccc(-c3c(-c4ccc(F)cc4)nc(N)n4nc(Cc5ncccc5F)nc34)cc21,CHEMBL5999728,CHEMBL5999728,28196891,CHEMBL5728138,10.0
Cn1cc(-c2c(-c3ncco3)nc(N)n3nc(Cc4ncccc4OC(F)F)nc23)ccc1=O,CHEMBL5896698,CHEMBL5896698,28196915,CHEMBL5728138,7.96
Nc1nc(-c2ccc(F)cc2)c(-c2ccc3nncn3c2)c2nc(Cc3ncccc3F)nn12,CHEMBL5884236,CHEMBL5884236,28196927,CHEMBL5728138,7.43
Nc1nc(-c2ccc(F)cc2)c(-c2ccc3nncn3c2)c2nc(Cc3ncccc3OC(F)F)nn12,CHEMBL5928153,CHEMBL5928153,28196939,CHEMBL5728138,10.0
Nc1nc(-c2ncco2)c(-c2ccc3nncn3c2)c2nc(Cc3ncccc3OC(F)F)nn12,CHEMBL5917926,CHEMBL5917926,28196951,CHEMBL5728138,9.1
Nc1nc(-c2ccc(F)cc2)c(-c2ccc3nc[nH]c3c2)c2nc(Cc3ncccc3F)nn12,CHEMBL5833725,CHEMBL5833725,28196963,CHEMBL5728138,8.77
Cn1cc(-c2c(-c3cc(F)cc(F)c3)nc(N)n3nc(Cc4ncccc4F)nc23)ccc1=O,CHEMBL5963481,CHEMBL5963481,28196975,CHEMBL5728138,8.1
Cn1cc(-c2c(-c3ccccc3Cl)nc(N)n3nc(Cc4ncccc4F)nc23)ccc1=O,CHEMBL5746764,CHEMBL5746764,28196999,CHEMBL5728138,6.87
CC(C)n1cc(-c2c(-c3ncco3)nc(N)n3nc(Cc4c(F)cccc4F)nc23)ccc1=O,CHEMBL6003948,CHEMBL6003948,28197011,CHEMBL5728138,9.15
CC(C)n1cc(-c2c(-c3ncco3)nc(N)n3nc(Cc4ncccc4F)nc23)ccc1=O,CHEMBL5915941,CHEMBL5915941,28197023,CHEMBL5728138,8.44
Cc1cc(-c2c(-c3ncco3)nc(N)n3nc(Cc4c(F)cccc4F)nc23)cc(N)n1,CHEMBL5873125,CHEMBL5873125,28197035,CHEMBL5728138,7.31
Cc1cc(-c2c(-c3ncco3)nc(N)n3nc(Cc4ncccc4F)nc23)cc(Cl)n1,CHEMBL5859012,CHEMBL5859012,28197047,CHEMBL5728138,7.6
Cc1cc(-c2c(-c3ncco3)nc(N)n3nc(Cc4c(F)cccc4F)nc23)cc(C#N)n1,CHEMBL5767016,CHEMBL5767016,28197059,CHEMBL5728138,7.75
Cc1cc(-c2c(-c3ncco3)nc(N)n3nc(Cc4c(F)cccc4F)nc23)cc(C2CC2)n1,CHEMBL5770581,CHEMBL5770581,28197071,CHEMBL5728138,7.22
Cc1cc(-c2c(-c3ncco3)nc(N)n3nc(Cc4ncccc4F)nc23)cc(OC(F)F)n1,CHEMBL5897970,CHEMBL5897970,28197107,CHEMBL5728138,7.57
Nc1nc(-c2ccc(F)cc2)c(-c2ccc3ncsc3c2)c2nc(Cc3ncccc3F)nn12,CHEMBL5974806,CHEMBL5974806,28197119,CHEMBL5728138,9.15
Nc1nc(-c2ccc(F)cc2)c(-c2ccc3ncccc3c2)c2nc(Cc3ncccc3F)nn12,CHEMBL5847956,CHEMBL5847956,28197131,CHEMBL5728138,9.4
Cn1cnc2ccc(-c3c(-c4ncco4)nc(N)n4nc(Cc5ncccc5F)nc34)cc21,CHEMBL5882133,CHEMBL5882133,28197143,CHEMBL5728138,8.74
Cn1cnc2ccc(-c3c(-c4ncco4)nc(N)n4nc(Cc5c(F)cccc5F)nc34)cc21,CHEMBL6041892,CHEMBL6041892,28197155,CHEMBL5728138,8.59
Cn1cc(-c2c(-c3ccccn3)nc(N)n3nc(Cc4c(F)cccc4F)nc23)ccc1=O,CHEMBL5974092,CHEMBL5974092,28197167,CHEMBL5728138,8.1
Nc1nc(-n2ccnn2)c(-c2ccc3nccn3c2)c2nc(Cc3ncccc3F)nn12,CHEMBL5766823,CHEMBL5766823,28197179,CHEMBL5728138,6.99
Nc1nc(-c2ccc(F)cc2)c(-c2ccc(=O)n(CCO)c2)c2nc(Cc3ncccc3F)nn12,CHEMBL5854635,CHEMBL5854635,28197203,CHEMBL5728138,8.43
Nc1nc(-c2ccc(F)cc2)c(-c2ccc3nccnc3c2)c2nc(Cc3ncccc3F)nn12,CHEMBL5865001,CHEMBL5865001,28197215,CHEMBL5728138,7.6
Cn1cc(-c2c(-c3ccc4c(ccn4C)c3)nc(N)n3nc(Cc4ncccc4F)nc23)ccc1=O,CHEMBL5903842,CHEMBL5903842,28197227,CHEMBL5728138,7.33
COc1ccccc1-c1nc(N)n2nc(Cc3ncccc3F)nc2c1-c1ccc(=O)n(C)c1,CHEMBL6008951,CHEMBL6008951,28197239,CHEMBL5728138,7.06
Cc1cnc2ccc(-c3c(-c4ncco4)nc(N)n4nc(Cc5ncccc5F)nc34)cn12,CHEMBL6057896,CHEMBL6057896,28197251,CHEMBL5728138,9.3
Cc1cnc2ccc(-c3c(N(C)C)nc(N)n4nc(Cc5ncccc5F)nc34)cn12,CHEMBL5765395,CHEMBL5765395,28197263,CHEMBL5728138,8.92
Cc1cnc2ccc(-c3c(N4CCCC4)nc(N)n4nc(Cc5ncccc5F)nc34)cn12,CHEMBL5955357,CHEMBL5955357,28197275,CHEMBL5728138,8.09
Cc1cnc2ccc(-c3c(N4CCOCC4)nc(N)n4nc(Cc5ncccc5F)nc34)cn12,CHEMBL5857008,CHEMBL5857008,28197287,CHEMBL5728138,8.59
CN1CCC[C@H]1Cc1nc2c(-c3ccc4ncn(C)c4c3)c(-c3ccc(F)cc3)nc(N)n2n1,CHEMBL5876564,CHEMBL5876564,28197299,CHEMBL5728138,8.08
CN1CCC[C@@H]1Cc1nc2c(-c3ccc4ncn(C)c4c3)c(-c3ccc(F)cc3)nc(N)n2n1,CHEMBL6040445,CHEMBL6040445,28197311,CHEMBL5728138,9.0
Cc1cnc2ccc(-c3c(-c4ccc(F)cc4)nc(N)n4nc(CC5CCOC5)nc34)cn12,CHEMBL5940119,CHEMBL5940119,28197323,CHEMBL5728138,10.0
Cc1cnc2ccc(-c3c(-c4ccc(F)cc4)nc(N)n4nc(C[C@H]5CCOC5)nc34)cn12,CHEMBL5836704,CHEMBL5836704,28197335,CHEMBL5728138,10.0
Cc1cnc2ccc(-c3c(-c4ncco4)nc(N)n4nc(C[C@@H]5CCCO5)nc34)cn12,CHEMBL5742864,CHEMBL5742864,28197347,CHEMBL5728138,9.3
Cc1cnc2ccc(-c3c(-c4ncco4)nc(N)n4nc(C[C@H]5CCCO5)nc34)cn12,CHEMBL6064185,CHEMBL6064185,28197353,CHEMBL5728138,9.7
Cc1cnc2ccc(-c3c(-c4ncco4)nc(N)n4nc(C[C@@H]5CCOC5)nc34)cn12,CHEMBL5778791,CHEMBL5778791,28197359,CHEMBL5728138,9.3
Cc1cnc2ccc(-c3c(-c4ncco4)nc(N)n4nc(C[C@H]5CCOC5)nc34)cn12,CHEMBL5916564,CHEMBL5916564,28197371,CHEMBL5728138,9.3
Cc1cnc2ccc(-c3c(N4CCN(C)CC4)nc(N)n4nc(Cc5c(F)cccc5F)nc34)cn12,CHEMBL5745377,CHEMBL5745377,28197383,CHEMBL5728138,7.37
COC1CN(c2nc(N)n3nc(Cc4c(F)cccc4F)nc3c2-c2ccc3ncc(C)n3c2)C1,CHEMBL5811331,CHEMBL5811331,28197389,CHEMBL5728138,8.46
Cc1cnc2ccc(-c3c(N4CCC5(COC5)C4)nc(N)n4nc(Cc5ncccc5F)nc34)cn12,CHEMBL6031846,CHEMBL6031846,28197395,CHEMBL5728138,6.1
Cc1cnc2ccc(-c3c(N4CCO[C@H](C)C4)nc(N)n4nc(Cc5ncccc5F)nc34)cn12,CHEMBL5798008,CHEMBL5798008,28197407,CHEMBL5728138,7.04
Cc1cnc2ccc(-c3c(N4CCO[C@@H](C)C4)nc(N)n4nc(Cc5ncccc5F)nc34)cn12,CHEMBL5865101,CHEMBL5865101,28197413,CHEMBL5728138,8.49
Cc1cnc2ccc(-c3c(N4CCOC[C@@H]4C)nc(N)n4nc(Cc5ncccc5F)nc34)cn12,CHEMBL6012996,CHEMBL6012996,28197419,CHEMBL5728138,7.37
Cc1cnc2ccc(-c3c(N4CCOC[C@H]4C)nc(N)n4nc(Cc5ncccc5F)nc34)cn12,CHEMBL5959158,CHEMBL5959158,28197425,CHEMBL5728138,7.14
COCCc1nc2c(-c3ccc4ncc(C)n4c3)c(-c3ccc(F)cc3)nc(N)n2n1,CHEMBL5825227,CHEMBL5825227,28197431,CHEMBL5728138,9.7
Cc1cnc2ccc(-c3c(-n4ccc(F)n4)nc(N)n4nc(Cc5ncccc5F)nc34)cn12,CHEMBL6007478,CHEMBL6007478,28197443,CHEMBL5728138,9.7
Cc1cnc2ccc(-c3c(-n4cc(F)cn4)nc(N)n4nc(Cc5ncccc5F)nc34)cn12,CHEMBL6057843,CHEMBL6057843,28197455,CHEMBL5728138,9.7
Cc1cnc2ccc(-c3c(N4CC5(COC5)C4)nc(N)n4nc(Cc5ncccc5F)nc34)cn12,CHEMBL5772087,CHEMBL5772087,28197467,CHEMBL5728138,6.64
Cc1cnc2ccc(-c3c(N4CCC4)nc(N)n4nc(Cc5ncccc5F)nc34)cn12,CHEMBL5964116,CHEMBL5964116,28197473,CHEMBL5728138,8.72
Cc1cnc2ccc(-c3c(-c4ccc(F)cc4)nc(N)n4nc(CCN(C)C)nc34)cn12,CHEMBL5949734,CHEMBL5949734,28197479,CHEMBL5728138,9.22
Cc1cnc2ccc(-c3c(N4CCOCC4)nc(N)n4nc(Cc5c(F)cccc5F)nc34)cn12,CHEMBL5913092,CHEMBL5913092,28197491,CHEMBL5728138,9.7
Cc1cnc2ccc(-c3c(-c4ccc(F)cc4)nc(N)n4nc(C[C@@H]5CCCN5C)nc34)cn12,CHEMBL6016827,CHEMBL6016827,28197503,CHEMBL5728138,9.52
Cc1cnc2ccc(-c3c(N4CCCC4)nc(N)n4nc(Cc5c(F)cccc5F)nc34)cn12,CHEMBL6055525,CHEMBL6055525,28197515,CHEMBL5728138,9.4
Cc1cnc2ccc(-c3c(N4CCC4)nc(N)n4nc(Cc5c(F)cccc5F)nc34)cn12,CHEMBL5747460,CHEMBL5747460,28197527,CHEMBL5728138,10.0
Cc1cnc2ccc(-c3c(-c4ccc(F)cc4)nc(N)n4nc(C[C@H]5CCCN5C)nc34)cn12,CHEMBL5988700,CHEMBL5988700,28197539,CHEMBL5728138,9.4
COCCc1nc2c(-c3ccc4ncc(C)n4c3)c(-c3ncco3)nc(N)n2n1,CHEMBL6033152,CHEMBL6033152,28197545,CHEMBL5728138,8.96
Cn1cc(-c2nc(C(=O)NCc3c(F)cccc3F)c(N)nc2-c2ncco2)ccc1=O,CHEMBL5867976,CHEMBL5867976,28231025;28938071,CHEMBL5728234;CHEMBL5729572,8.72;8.72
Cn1cc(-c2nc(C(=O)NCc3ncccc3F)c(N)nc2-c2ncco2)ccc1=O,CHEMBL5897259,CHEMBL5897259,28231034;28938080,CHEMBL5728234;CHEMBL5729572,8.51;8.51
CN(C)c1cccnc1CNC(=O)c1nc(-c2ccc(=O)n(C)c2)c(-c2ncco2)nc1N,CHEMBL5848745,CHEMBL5848745,28231037;28938083,CHEMBL5728234;CHEMBL5729572,8.41;8.41
Cc1scnc1CNC(=O)c1nc(-c2ccc(=O)n(C)c2)c(-c2ncco2)nc1N,CHEMBL5921852,CHEMBL5921852,28231049;28938095,CHEMBL5728234;CHEMBL5729572,8.46;8.46
CNc1cccc(CNC(=O)c2nc(-c3ccc(=O)n(C)c3)c(-c3ncco3)nc2N)n1,CHEMBL5851524,CHEMBL5851524,28231052;28938098,CHEMBL5728234;CHEMBL5729572,8.46;8.46
Cn1cc(-c2nc(C(=O)NCc3cccc(N)n3)c(N)nc2-c2ncco2)ccc1=O,CHEMBL5811659,CHEMBL5811659,28231058;28938104,CHEMBL5728234;CHEMBL5729572,7.96;7.96
Cn1cc(-c2nc(C(=O)NCc3c(F)cccc3F)c(N)nc2-c2ccc(F)cc2)ccc1=O,CHEMBL5857491,CHEMBL5857491,28231061;28938107,CHEMBL5728234;CHEMBL5729572,8.64;8.64
Nc1nc(-c2ncco2)c(-c2ccc3nncn3c2)nc1C(=O)NCc1c(F)cccc1F,CHEMBL5928407,CHEMBL5928407,28231064;28938110,CHEMBL5728234;CHEMBL5729572,8.43;8.43
Cn1cc(-c2nc(C(=O)NCc3c(F)cccc3F)c(N)nc2-n2nccn2)ccc1=O,CHEMBL5929797,CHEMBL5929797,28231067;28938113,CHEMBL5728234;CHEMBL5729572,8.49;8.49
Cn1nc(-c2nc(C(=O)NCc3c(F)cccc3F)c(N)nc2-c2ncco2)ccc1=O,CHEMBL5837729,CHEMBL5837729,28231070;28938116,CHEMBL5728234;CHEMBL5729572,9.0;9.0
CC(NC(=O)c1nc(-c2ccc(=O)n(C)c2)c(-c2ncco2)nc1N)c1c(F)cccc1F,CHEMBL5976352,CHEMBL5976352,28231073,CHEMBL5728234,8.28
Nc1nc(-c2ncco2)c(-c2ccc(=O)n(CCO)c2)nc1C(=O)NCc1c(F)cccc1F,CHEMBL5811898,CHEMBL5811898,28231076;28938122,CHEMBL5728234;CHEMBL5729572,8.48;8.48
Nc1nc(-c2ncco2)c(-c2ccc3nccn3c2)nc1C(=O)NCc1ncccc1F,CHEMBL5911581,CHEMBL5911581,28231079;28938125,CHEMBL5728234;CHEMBL5729572,7.68;7.68
Nc1nc(-c2ncco2)c(-c2ccc3[nH]cnc3c2)nc1C(=O)NCc1ncccc1F,CHEMBL6003783,CHEMBL6003783,28231085;28938131,CHEMBL5728234;CHEMBL5729572,8.59;8.59
Nc1cccc(CNC(=O)c2nc(-c3ccc4nccn4c3)c(-c3ncco3)nc2N)n1,CHEMBL6019989,CHEMBL6019989,28231091;28938137,CHEMBL5728234;CHEMBL5729572,8.51;8.51
Cn1cc(-c2nc(C(=O)NCc3nc(N)ccc3F)c(N)nc2-c2ncco2)ccc1=O,CHEMBL5974116,CHEMBL5974116,28231097;28938143,CHEMBL5728234;CHEMBL5729572,8.28;8.28
Cn1cnc2ccc(-c3nc(C(=O)NCc4ncccc4F)c(N)nc3-c3ncco3)cc21,CHEMBL5802346,CHEMBL5802346,28231103;28938149,CHEMBL5728234;CHEMBL5729572,8.68;8.68
COc1ccccc1CNC(=O)c1nc(-c2cc(C)nc(C)c2)c(-c2ccc(C)o2)nc1N,CHEMBL5781132,CHEMBL5781132,28231109;28938155,CHEMBL5728234;CHEMBL5729572,8.1;8.1
Cc1cc(-c2nc(C(=O)NCc3ccccc3OC(F)(F)F)c(N)nc2-c2ccc(F)cc2)cc(C)n1,CHEMBL6005886,CHEMBL6005886,28231115;28938161,CHEMBL5728234;CHEMBL5729572,7.89;7.89
Cn1cc(-c2nc(CNC(=O)c3c(F)cccc3F)c(N)nc2-c2ccc(F)cc2)ccc1=O,CHEMBL6058216,CHEMBL6058216,28231124;28938170,CHEMBL5728234;CHEMBL5729572,8.62;8.62
Cn1cc(-c2nc(C(=O)NC(CO)c3c(F)cccc3F)c(N)nc2-c2ncco2)ccc1=O,CHEMBL5769004,CHEMBL5769004,28231130;28938176,CHEMBL5728234;CHEMBL5729572,8.03;8.03
Nc1nc(-c2ncco2)c(-c2ccc3ncnn3c2)nc1C(=O)NCc1ncccc1F,CHEMBL5963684,CHEMBL5963684,28231136;28938182,CHEMBL5728234;CHEMBL5729572,8.08;8.08
Cc1cnc2ccc(-c3nc(C(=O)NCc4ncccc4F)c(N)nc3-c3ncco3)cn12,CHEMBL5878949,CHEMBL5878949,28231142;28938188,CHEMBL5728234;CHEMBL5729572,8.62;8.62
Nc1nc(-n2nccn2)c(-c2ccc3nccn3c2)nc1C(=O)NCc1ncccc1F,CHEMBL5796037,CHEMBL5796037,28231148;28938194,CHEMBL5728234;CHEMBL5729572,8.21;8.21
CNCCOc1cccnc1CNC(=O)c1nc(-c2ccc3ncn(C)c3c2)c(-c2ccc(F)cc2)nc1N,CHEMBL5772325,CHEMBL5772325,28231154;28938200,CHEMBL5728234;CHEMBL5729572,8.16;8.16
Cc1cnc2ccc(-c3nc(C(=O)NCC4CCCN4C)c(N)nc3-c3ncco3)cn12,CHEMBL5836132,CHEMBL5836132,28231160;28231166;28938206;28938212,CHEMBL5728234;CHEMBL5728234;CHEMBL5729572;CHEMBL5729572,8.43;8.54;8.43;8.54
Cc1cnc2ccc(-c3nc(C(=O)NC[C@H]4CCCO4)c(N)nc3-c3ncco3)cn12,CHEMBL5895809,CHEMBL5895809,28231172;28938218,CHEMBL5728234;CHEMBL5729572,8.85;8.85
Cc1cnc2ccc(-c3nc(C(=O)NC[C@@H]4CCCO4)c(N)nc3-c3ncco3)cn12,CHEMBL5818042,CHEMBL5818042,28231178;28938224,CHEMBL5728234;CHEMBL5729572,8.51;8.51
Cc1cnc2ccc(-c3nc(C(=O)NC(C)C)c(N)nc3-c3ncco3)cn12,CHEMBL6046888,CHEMBL6046888,28231184;28938230,CHEMBL5728234;CHEMBL5729572,8.57;8.57
Cc1cnc2ccc(-c3nc(C(=O)NCC4CCO4)c(N)nc3-c3ncco3)cn12,CHEMBL5957693,CHEMBL5957693,28231190;28231196;28938236;28938242,CHEMBL5728234;CHEMBL5728234;CHEMBL5729572;CHEMBL5729572,8.26;8.7;8.26;8.7
Cc1cnc2ccc(-c3nc(C(=O)NC[C@H]4CCOC4)c(N)nc3-c3ncco3)cn12,CHEMBL6042158,CHEMBL6042158,28231202;28938248,CHEMBL5728234;CHEMBL5729572,8.77;8.77
Cc1cnc2ccc(-c3nc(C(=O)NC[C@@H]4CCOC4)c(N)nc3-c3ncco3)cn12,CHEMBL6023556,CHEMBL6023556,28231208;28938254,CHEMBL5728234;CHEMBL5729572,8.41;8.41
Cc1cnc2ccc(-c3nc(C(=O)NC[C@H]4CCCN4C)c(N)nc3-c3ccc(F)cc3)cn12,CHEMBL5772644,CHEMBL5772644,28231214;28938260,CHEMBL5728234;CHEMBL5729572,8.66;8.66
Cc1cnc2ccc(-c3nc(C(=O)NC[C@@H]4CCCN4C)c(N)nc3-c3ccc(F)cc3)cn12,CHEMBL5903127,CHEMBL5903127,28231220;28938266,CHEMBL5728234;CHEMBL5729572,8.28;8.28
COCCNC(=O)c1nc(-c2ccc3ncc(C)n3c2)c(-c2ncco2)nc1N,CHEMBL5885393,CHEMBL5885393,28231226;28938272,CHEMBL5728234;CHEMBL5729572,8.25;8.25
COC[C@H](C)NC(=O)c1nc(-c2ccc3ncc(C)n3c2)c(-c2ncco2)nc1N,CHEMBL5959365,CHEMBL5959365,28231232;28938278,CHEMBL5728234;CHEMBL5729572,8.5;8.5
Cc1cnc2ccc(-c3nc(C(=O)NC4CCC4)c(N)nc3-c3ncco3)cn12,CHEMBL5800748,CHEMBL5800748,28231238;28938284,CHEMBL5728234;CHEMBL5729572,8.04;8.04
Nc1nnc(-c2cccc(C(F)(F)F)c2)c(-c2ccccc2)n1,CHEMBL6023938,CHEMBL6023938,28326116,CHEMBL5728426,7.7
Nc1nnc(-c2ccc(F)c(Cl)c2)c(-c2ccccc2)n1,CHEMBL5992104,CHEMBL5992104,28326128,CHEMBL5728426,7.11
Nc1nnc(-c2ccc3cc[nH]c3c2)c(-c2ccccc2)n1,CHEMBL5749831,CHEMBL5749831,28326134,CHEMBL5728426,6.75
COc1cc(OC)cc(-c2nnc(N)nc2-c2ccccc2)c1,CHEMBL6055126,CHEMBL6055126,28326140,CHEMBL5728426,6.97
Nc1nnc(-c2ccc3occc3c2)c(-c2ccccc2)n1,CHEMBL5747068,CHEMBL5747068,28326149,CHEMBL5728426,7.19
Nc1nnc(-c2ccnc(Cl)c2)c(-c2ccccc2)n1,CHEMBL5757899,CHEMBL5757899,28326167,CHEMBL5728426,7.74
Cc1cc(Cl)cc(-c2nnc(N)nc2-c2ccccc2)c1,CHEMBL5872977,CHEMBL5872977,28326173,CHEMBL5728426,8.66
Cc1cc(-c2nnc(N)nc2-c2ccccc2)cc(Cl)n1,CHEMBL5876807,CHEMBL5876807,28326179,CHEMBL5728426,8.22
Nc1nnc(-c2ccc3ccccc3c2)c(-c2ccccc2)n1,CHEMBL5863037,CHEMBL5863037,28326185,CHEMBL5728426,6.99
Nc1nnc(-c2ccnc(C3CC3)c2)c(-c2ccccc2)n1,CHEMBL6028641,CHEMBL6028641,28326197,CHEMBL5728426,7.45
CC1(C)C=C(c2nnc(N)nc2-c2ccccc2)CC(C)(C)O1,CHEMBL6032966,CHEMBL6032966,28326203,CHEMBL5728426,6.61
Cc1cc(-c2nnc(N)nc2-c2cccc(F)c2)cc(Cl)n1,CHEMBL5998181,CHEMBL5998181,28326209,CHEMBL5728426,8.07
Cc1cc(-c2nnc(N)nc2-c2ccc(OC(F)F)cc2)cc(C)c1C#N,CHEMBL6001450,CHEMBL6001450,28326227,CHEMBL5728426,6.31
Cc1cc(-c2nnc(N)nc2-c2ccc(Cl)cc2)cc(C)n1,CHEMBL5753430,CHEMBL5753430,28326245,CHEMBL5728426,7.81
Nc1nnc(-c2cc(Cl)nc(C(F)(F)F)c2)c(-c2ccc(F)cc2)n1,CHEMBL5751291,CHEMBL5751291,28326251,CHEMBL5728426,8.4
Cc1cc(-c2nnc(N)nc2-c2ccccc2F)cc(Cl)n1,CHEMBL5859757,CHEMBL5859757,28326263,CHEMBL5728426,8.03
Cc1cc(-c2nnc(N)nc2-c2ccccc2)cc(C(F)F)n1,CHEMBL5802809,CHEMBL5802809,28326269,CHEMBL5728426,8.62
Nc1nnc(-c2cc(Cl)nc(C(F)F)c2)c(-c2ccccc2)n1,CHEMBL5956914,CHEMBL5956914,28326275,CHEMBL5728426,8.9
Nc1nnc(-c2cc(Cl)nc(CF)c2)c(-c2ccccc2)n1,CHEMBL5947862,CHEMBL5947862,28326281,CHEMBL5728426,8.71
Cc1cc(-c2nnc(N)nc2-c2ccccc2F)cc(C(F)(F)F)n1,CHEMBL5860515,CHEMBL5860515,28326287,CHEMBL5728426,8.26
Nc1nnc(-c2cc(Cl)cc(Cl)c2)c(-c2ccccn2)n1,CHEMBL6062145,CHEMBL6062145,28326299,CHEMBL5728426,7.21
CN(C)c1cc(-c2nnc(N)nc2-c2ccccc2)ccn1,CHEMBL5840492,CHEMBL5840492,28326311,CHEMBL5728426,7.71
Cc1cc(-c2nnc(N)nc2-c2ccccc2)cc(Br)n1,CHEMBL5844679,CHEMBL5844679,28326317,CHEMBL5728426,8.66
Cc1cc(-c2nnc(N)nc2-c2ccccc2)cc(C)[n+]1[O-],CHEMBL6040157,CHEMBL6040157,28326323,CHEMBL5728426,7.51
Nc1nnc(-c2cc(Cl)cc(C(F)(F)F)c2)c(-c2ncccn2)n1,CHEMBL6062244,CHEMBL6062244,28326329,CHEMBL5728426,6.58
CC1CCCN(c2nnc(N)nc2-c2ccccc2)C1,CHEMBL5863927,CHEMBL5863927,28326335,CHEMBL5728426,7.31
Nc1nnc(Oc2ccccc2)c(-c2ccccc2)n1,CHEMBL6053595,CHEMBL6053595,28326365,CHEMBL5728426,7.17
Nc1nnc(-n2ccc(=O)cc2)c(-c2ccccc2)n1,CHEMBL5844887,CHEMBL5844887,28326374,CHEMBL5728426,7.41
Cc1ncccc1Oc1nnc(N)nc1-c1ccccc1,CHEMBL5807956,CHEMBL5807956,28326380,CHEMBL5728426,6.22
Cn1nc(C(F)(F)F)cc1Oc1nnc(N)nc1-c1ccccc1,CHEMBL5934455,CHEMBL5934455,28326386,CHEMBL5728426,7.39
Nc1nnc(-c2cc(Cl)cc(OS(=O)(=O)C(F)(F)F)c2)c(-c2ccccc2)n1,CHEMBL5942988,CHEMBL5942988,28326398,CHEMBL5728426,7.89
CC(=O)Nc1cc(-c2nnc(N)nc2-c2ccccc2)ccc1O,CHEMBL5826653,CHEMBL5826653,28326404,CHEMBL5728426,6.73
Cc1cn(-c2nnc(N)nc2-c2ccccc2)cc(C)c1=O,CHEMBL5992670,CHEMBL5992670,28326416,CHEMBL5728426,7.77
Cc1cc(-c2nnc(N)nc2-c2ccccc2)cc(N2CCC2)n1,CHEMBL5865636,CHEMBL5865636,28326422,CHEMBL5728426,8.52
Cc1cc(-c2nnc(N)nc2-c2ccc(F)cc2)cc(N2CCC2)n1,CHEMBL5801947,CHEMBL5801947,28326428,CHEMBL5728426,7.76
Nc1cnc(-c2ccc(O)c(Cl)c2)c(-c2ccccc2)n1,CHEMBL5749218,CHEMBL5749218,28370876,CHEMBL5728506,7.24
Cc1ccn(-c2nc(N)cnc2-c2cc(Cl)c3ncccc3c2)n1,CHEMBL6015286,CHEMBL6015286,28370879,CHEMBL5728506,8.68
Cc1ccn(-c2nc(N)c(C#N)nc2-c2cc(Cl)c3ncccc3c2)n1,CHEMBL5947305,CHEMBL5947305,28370882,CHEMBL5728506,8.62
Cc1ncc(-c2nc(N)cnc2-c2ccc3ncccc3c2)s1,CHEMBL5992682,CHEMBL5992682,28370885,CHEMBL5728506,7.26
Cc1ccn(-c2nc(N)c(C#N)nc2-c2ccc3ncccc3c2)n1,CHEMBL5852840,CHEMBL5852840,28370888,CHEMBL5728506,8.48
Cc1ccn(-c2nc(N)cnc2-c2cc(Cl)c3[nH]ncc3c2)n1,CHEMBL6050921,CHEMBL6050921,28370891,CHEMBL5728506,8.26
Cn1ccc(-c2nc(N)cnc2-c2cc(Cl)c3ncccc3c2)n1,CHEMBL6012618,CHEMBL6012618,28370894,CHEMBL5728506,7.77
Cn1ccc(-c2nc(N)cnc2-c2cc(Cl)c3[nH]ncc3c2)n1,CHEMBL6004547,CHEMBL6004547,28370897,CHEMBL5728506,8.05
Cn1ccc(-c2nc(N)c(C#N)nc2-c2cc(Cl)c3ncccc3c2)n1,CHEMBL6033264,CHEMBL6033264,28370903,CHEMBL5728506,8.8
Cn1ccc(-c2nc(N)cnc2-c2ccc3c(=O)[nH]ccc3c2)n1,CHEMBL5787173,CHEMBL5787173,28370906,CHEMBL5728506,7.0
Cc1ncc(-c2nc(N)cnc2-c2cc(Cl)c3ncccc3c2)s1,CHEMBL5939518,CHEMBL5939518,28370909,CHEMBL5728506,8.03
Nc1nc(-c2ccco2)c2c(n1)C(Cc1ccccc1F)OC2=O,CHEMBL5971795,CHEMBL5971795,28402097;28402100;28402211,CHEMBL5728553;CHEMBL5728553;CHEMBL5728553,7.1;7.83;6.97
Nc1nc(-c2ccco2)c2c(n1)C(Cc1ccc(Cl)cc1F)OC2=O,CHEMBL5863671,CHEMBL5863671,28402103,CHEMBL5728553,7.41
N#Cc1ccc(CC2OC(=O)c3c(-c4ccco4)nc(N)nc32)cc1F,CHEMBL5994753,CHEMBL5994753,28402106,CHEMBL5728553,6.8
N#Cc1ccc(CC2OC(=O)c3c(-c4ccco4)nc(N)nc32)cc1,CHEMBL6060468,CHEMBL6060468,28402109,CHEMBL5728553,6.6
Nc1nc(-c2ccco2)c2c(n1)C(Cc1ccccc1)OC2=O,CHEMBL6029910,CHEMBL6029910,28402112,CHEMBL5728553,7.4
Nc1nc(-c2ccco2)c2c(n1)[C@@H](Cc1ccccc1)OC2,CHEMBL5791874,CHEMBL5791874,28402115,CHEMBL5728553,6.8
Nc1nc(-c2ccco2)c2c(n1)C(Cc1ccc(F)cc1F)OC2=O,CHEMBL5783328,CHEMBL5783328,28402118,CHEMBL5728553,7.97
Nc1nc(-c2ccco2)c2c(n1)C(Cc1ccc(F)cc1Cl)OC2=O,CHEMBL5989571,CHEMBL5989571,28402121,CHEMBL5728553,6.94
Nc1nc(-c2ccco2)c2c(n1)C(Cc1ccccc1Cl)OC2=O,CHEMBL5964402,CHEMBL5964402,28402124,CHEMBL5728553,7.49
Nc1nc(-c2ccco2)c2c(n1)C(Cc1ccc(Cl)c(F)c1)OC2=O,CHEMBL5834807,CHEMBL5834807,28402127,CHEMBL5728553,7.0
CS(=O)(=O)c1ccc(CC2OC(=O)c3c(-c4ccco4)nc(N)nc32)cc1,CHEMBL6029063,CHEMBL6029063,28402130,CHEMBL5728553,6.82
NC(=O)c1ccc(CC2OC(=O)c3c(-c4ccco4)nc(N)nc32)cc1,CHEMBL5856967,CHEMBL5856967,28402133,CHEMBL5728553,6.66
Nc1nc(-c2ccco2)c2c(n1)C(Cc1ccc(C(F)(F)F)cc1)OC2=O,CHEMBL5769412,CHEMBL5769412,28402136,CHEMBL5728553,6.56
Nc1nc(-c2ccco2)c2c(n1)C(Cc1ccccc1C(F)(F)F)OC2=O,CHEMBL6062730,CHEMBL6062730,28402139,CHEMBL5728553,7.8
Nc1nc(-c2ccco2)c2c(n1)C(Cc1c(F)cccc1Cl)OC2=O,CHEMBL6034884,CHEMBL6034884,28402142,CHEMBL5728553,7.54
Nc1nc(-c2ccco2)c2c(n1)C(Cc1cccc(Cl)c1F)OC2=O,CHEMBL5979573,CHEMBL5979573,28402145,CHEMBL5728553,7.13
Cc1ccccc1CC1OC(=O)c2c(-c3ccco3)nc(N)nc21,CHEMBL5969464,CHEMBL5969464,28402148,CHEMBL5728553,7.51
Nc1nc(-c2ccco2)c2c(n1)C(Cc1cc(C(F)(F)F)cc(C(F)(F)F)c1)OC2=O,CHEMBL5986667,CHEMBL5986667,28402151,CHEMBL5728553,6.52
Nc1nc(-c2ccco2)c2c(n1)C(Cc1ccc(OC(F)(F)F)cc1)OC2=O,CHEMBL5863517,CHEMBL5863517,28402154,CHEMBL5728553,6.97
Nc1nc(-c2ccco2)c2c(n1)C(Cc1c(F)cccc1F)OC2=O,CHEMBL5917675,CHEMBL5917675,28402157,CHEMBL5728553,7.33
Nc1nc(-c2ccco2)c2c(n1)C(Cc1ccccc1OC(F)(F)F)OC2=O,CHEMBL5786920,CHEMBL5786920,28402160,CHEMBL5728553,8.41
Nc1nc(-c2ccccn2)c2c(n1)C(Cc1ccccc1)OC2=O,CHEMBL5848893,CHEMBL5848893,28402163,CHEMBL5728553,6.04
Nc1nc(-c2ccc(Br)o2)c2c(n1)C(Cc1ccc(F)cc1F)OC2=O,CHEMBL5858880,CHEMBL5858880,28402166,CHEMBL5728553,7.73
Cc1ccc(-c2nc(N)nc3c2C(=O)OC3Cc2ccc(F)cc2F)o1,CHEMBL5897885,CHEMBL5897885,28402169;28402217,CHEMBL5728553;CHEMBL5728553,7.49;7.06
Cc1ccc(-c2nc(N)nc3c2C(=O)OC3Cc2ccccc2F)o1,CHEMBL5974170,CHEMBL5974170,28402172,CHEMBL5728553,7.68
Cc1ccc(-c2nc(N)nc3c2C(=O)OC3Cc2ccccc2C(F)(F)F)o1,CHEMBL5901757,CHEMBL5901757,28402175,CHEMBL5728553,7.95
Cc1ccc(-c2nc(N)nc3c2C(=O)OC3Cc2cc(F)ccc2F)o1,CHEMBL5856435,CHEMBL5856435,28402178,CHEMBL5728553,6.6
Cc1ccc(-c2nc(N)nc3c2C(=O)OC3Cc2cc(Cl)ccc2F)o1,CHEMBL6004101,CHEMBL6004101,28402181,CHEMBL5728553,7.03
Cc1ccc(-c2nc(N)nc3c2C(=O)OC3Cc2c(F)cccc2Cl)o1,CHEMBL5744479,CHEMBL5744479,28402184,CHEMBL5728553,7.42
Cc1ccc(-c2nc(N)nc3c2C(=O)OC3Cc2ccc(F)cc2C(F)(F)F)o1,CHEMBL5889134,CHEMBL5889134,28402187,CHEMBL5728553,7.7
Nc1nc(-c2ccco2)c2c(n1)[C@H](Cc1ccccc1)OC2,CHEMBL5790846,CHEMBL5790846,28402190,CHEMBL5728553,6.56
Cn1c(=O)n(Cc2ccc(F)cc2F)c2nc(N)nc(-c3ccco3)c21,CHEMBL5979585,CHEMBL5979585,28402196,CHEMBL5728553,7.52
Cc1ccc(-c2nc(N)nc3c2n(C)c(=O)n3Cc2ccccc2OC(F)(F)F)o1,CHEMBL5760591,CHEMBL5760591,28402199,CHEMBL5728553,7.55
Nc1nc(-c2ccc(Br)o2)c2c(n1)C(Cc1ccccc1OC(F)(F)F)OC2=O,CHEMBL5916520,CHEMBL5916520,28402202,CHEMBL5728553,7.17
CN1C(=O)c2c(nc(N)nc2-c2ccco2)C1=Cc1ccccc1F,CHEMBL5770572,CHEMBL5770572,28402205,CHEMBL5728553,8.21
Cc1ccc(-c2nc(N)nc3c2C(=O)OC3Cc2ccccc2OC(F)F)o1,CHEMBL5902395,CHEMBL5902395,28402208,CHEMBL5728553,6.89
Cn1c(=O)n(Cc2ccccc2F)c2nc(N)nc(-c3ccco3)c21,CHEMBL6037711,CHEMBL6037711,28402214,CHEMBL5728553,7.36
Cc1ccc(-c2nc(N)nc3c2C(=O)OC3(C)Cc2ccccc2F)o1,CHEMBL5782685,CHEMBL5782685,28402220,CHEMBL5728553,6.0
CN1C(=O)c2c(-c3ccco3)nc(N)nc2C1Cc1ccccc1F,CHEMBL5940079,CHEMBL5940079,28402223,CHEMBL5728553,7.19
CN1C(=O)c2c(-c3ccco3)nc(N)nc2C1Cc1ccccc1OC(F)(F)F,CHEMBL6046222,CHEMBL6046222,28402226,CHEMBL5728553,7.94
CN1C(=O)c2c(nc(N)nc2-c2ccco2)C1=Cc1ccc(F)cc1F,CHEMBL5814124,CHEMBL5814124,28402229,CHEMBL5728553,8.06
CN1C(=O)c2c(-c3ccco3)nc(N)nc2C1Cc1ccc(F)cc1F,CHEMBL5857771,CHEMBL5857771,28402232,CHEMBL5728553,7.79
Cc1ccc(-c2nc(N)nc3c2C(=O)N(C)C3=Cc2ccc(F)cc2F)o1,CHEMBL5824224,CHEMBL5824224,28402235,CHEMBL5728553,7.88
Cc1ccc(-c2nc(N)nc3c2C(=O)N(C)C3Cc2ccc(F)cc2F)o1,CHEMBL5862916,CHEMBL5862916,28402238,CHEMBL5728553,7.49
Cc1ccc(-c2nc(N)nc3c2C(=O)N(C)C3=Cc2ccccc2F)o1,CHEMBL5903479,CHEMBL5903479,28402241,CHEMBL5728553,8.14
Cc1ccc(-c2nc(N)nc3c2C(=O)N(C)C3=Cc2ccccc2C(F)(F)F)o1,CHEMBL5998698,CHEMBL5998698,28402244,CHEMBL5728553,8.33
Cc1ccc(-c2nc(N)nc3c2C(=O)N(C)C3=Cc2ccccc2OC(F)(F)F)o1,CHEMBL5811414,CHEMBL5811414,28402247,CHEMBL5728553,8.44
Cc1ccc(-c2nc(N)nc3c2C(=O)N(C)C3Cc2ccccc2OC(F)(F)F)o1,CHEMBL6006877,CHEMBL6006877,28402250,CHEMBL5728553,7.25
Cc1ccc(-c2nc(N)nc3c2C(=O)N(C)C3Cc2ccccc2C(F)(F)F)o1,CHEMBL5920494,CHEMBL5920494,28402253,CHEMBL5728553,7.46
Cc1ccc(-c2nc(N)nc3c2C(=O)N(C)C3Cc2ccccc2F)o1,CHEMBL5908201,CHEMBL5908201,28402256,CHEMBL5728553,7.53
Cc1ccc(-c2nc(N)nc3c2C(=O)N(C)C3=Cc2ccc(F)cc2C(F)(F)F)o1,CHEMBL5965388,CHEMBL5965388,28402259,CHEMBL5728553,8.47
Cc1ccc(-c2nc(N)nc3c2C(=O)N(C)C3Cc2ccc(F)cc2C(F)(F)F)o1,CHEMBL6025396,CHEMBL6025396,28402262,CHEMBL5728553,6.82
Cc1ccc(-c2nc(N)nc3c2C(=O)N(C)C3Cc2cc[n+]([O-])cc2)o1,CHEMBL5914260,CHEMBL5914260,28402265,CHEMBL5728553,7.68
Cc1ccc(-c2nc(N)nc3c2C(=O)N(C)C3Cc2ccncc2)o1,CHEMBL5785491,CHEMBL5785491,28402268,CHEMBL5728553,6.75
Cc1ccc(-c2nc(N)nc3c2[nH]c(=O)n3Cc2ccccc2C(F)(F)F)o1,CHEMBL6031856,CHEMBL6031856,28402271,CHEMBL5728553,6.75
Cc1ccc(Cn2c(=O)[nH]c3c(-c4ccc(C)o4)nc(N)nc32)c(C(F)(F)F)c1,CHEMBL5836223,CHEMBL5836223,28402274,CHEMBL5728553,6.67
Nc1nc2c3c(ccc2c2ncnn12)OC(F)(F)O3,CHEMBL5833506,CHEMBL5833506,28423499,CHEMBL5728582,7.92
Cc1nc2c3ccc4c(c3nc(N)n2n1)OC(F)(F)O4,CHEMBL6019752,CHEMBL6019752,28423502,CHEMBL5728582,8.21
Nc1nc2c3c(ccc2c2nc(Cc4cccnc4Cl)nn12)OC(F)(F)O3,CHEMBL5751165,CHEMBL5751165,28423505,CHEMBL5728582,8.54
Nc1nc2c3c(ccc2c2nc(Cc4cccnc4N4CC[C@@H](c5ccc(F)cc5)C4)nn12)OC(F)(F)O3,CHEMBL5941719,CHEMBL5941719,28423508,CHEMBL5728582,8.08
Nc1nc2c3c(ccc2c2nc(Cc4cccnc4N4CC[C@@H](c5ccc(C(F)(F)F)cc5)C4)nn12)OC(F)(F)O3,CHEMBL6001821,CHEMBL6001821,28423511,CHEMBL5728582,7.82
Nc1nc2c3c(ccc2c2nc(CCN4Cc5cccnc5C4)nn12)OC(F)(F)O3,CHEMBL6005679,CHEMBL6005679,28423514,CHEMBL5728582,8.19
Nc1nc2c3c(ccc2c2nc(CCN4Cc5ccc(C(F)(F)F)cc5C4)nn12)OC(F)(F)O3,CHEMBL5848895,CHEMBL5848895,28423517,CHEMBL5728582,8.51
Nc1nc2c3c(ccc2c2nc(CCN4Cc5ccc(F)cc5C4)nn12)OC(F)(F)O3,CHEMBL6055738,CHEMBL6055738,28423520,CHEMBL5728582,8.68
Nc1nc2c3c(ccc2c2nc(CCN4Cc5cnc(C(F)(F)F)nc5C4)nn12)OC(F)(F)O3,CHEMBL5992992,CHEMBL5992992,28423523,CHEMBL5728582,8.42
CCc1nnc2n1CCN(CCc1nc3c4ccc5c(c4nc(N)n3n1)OC(F)(F)O5)C2,CHEMBL5833269,CHEMBL5833269,28423526,CHEMBL5728582,8.8
Nc1nc2c3c(ccc2c2nc(CCN4Cc5ccncc5C4)nn12)OC(F)(F)O3,CHEMBL5834112,CHEMBL5834112,28423529,CHEMBL5728582,8.68
Cc1nc2c(o1)CN(CCc1nc3c4ccc5c(c4nc(N)n3n1)OC(F)(F)O5)CC2,CHEMBL5959432,CHEMBL5959432,28423532,CHEMBL5728582,8.82
Cc1nc2c(s1)CCN(CCc1nc3c4ccc5c(c4nc(N)n3n1)OC(F)(F)O5)C2,CHEMBL5905858,CHEMBL5905858,28423535,CHEMBL5728582,8.74
Nc1nc2c3c(ccc2c2nc(CCN4CCc5nc(C6CC6)oc5C4)nn12)OC(F)(F)O3,CHEMBL5782277,CHEMBL5782277,28423538,CHEMBL5728582,9.05
Nc1nc2c3c(ccc2c2nc(CCN4CC(F)C4)nn12)OC(F)(F)O3,CHEMBL5821027,CHEMBL5821027,28423541,CHEMBL5728582,8.6
CC1(F)CN(CCc2nc3c4ccc5c(c4nc(N)n3n2)OC(F)(F)O5)C1,CHEMBL5751961,CHEMBL5751961,28423544,CHEMBL5728582,8.49
CCC1(F)CN(CCc2nc3c4ccc5c(c4nc(N)n3n2)OC(F)(F)O5)C1,CHEMBL5780380,CHEMBL5780380,28423547,CHEMBL5728582,8.46
Nc1nc2c3c(ccc2c2nc(CCN4CC(F)(C5CC5)C4)nn12)OC(F)(F)O3,CHEMBL5739672,CHEMBL5739672,28423550,CHEMBL5728582,8.8
Nc1nc2c3c(ccc2c2nc(CCN4CC(F)(F)C4)nn12)OC(F)(F)O3,CHEMBL5861429,CHEMBL5861429,28423553,CHEMBL5728582,8.52
Nc1nc2c3c(ccc2c2nc(CCN4CC(O)(C(F)(F)F)C4)nn12)OC(F)(F)O3,CHEMBL5916649,CHEMBL5916649,28423556,CHEMBL5728582,7.92
Nc1nc2c3c(ccc2c2nc(CCN4CC(F)(C(F)(F)F)C4)nn12)OC(F)(F)O3,CHEMBL5895541,CHEMBL5895541,28423559,CHEMBL5728582,8.47
C[C@@H]1C[C@H](F)CN1CCc1nc2c3ccc4c(c3nc(N)n2n1)OC(F)(F)O4,CHEMBL5888544,CHEMBL5888544,28423562,CHEMBL5728582,8.82
Nc1nc2c3c(ccc2c2nc(CCN4C[C@H](F)[C@@H](F)C4)nn12)OC(F)(F)O3,CHEMBL5820862,CHEMBL5820862,28423565,CHEMBL5728582,8.8
Nc1nc2c3c(ccc2c2nc(CCN4CCC(F)(F)C4)nn12)OC(F)(F)O3,CHEMBL5841084,CHEMBL5841084,28423568,CHEMBL5728582,8.85
C[C@@H]1CC(F)(F)CN1CCc1nc2c3ccc4c(c3nc(N)n2n1)OC(F)(F)O4,CHEMBL5831746,CHEMBL5831746,28423571,CHEMBL5728582,8.96
C[C@H]1CC(F)(F)CN1CCc1nc2c3ccc4c(c3nc(N)n2n1)OC(F)(F)O4,CHEMBL5846259,CHEMBL5846259,28423574,CHEMBL5728582,8.52
Nc1nc2c3c(ccc2c2nc(CCN4CCC(F)CC4)nn12)OC(F)(F)O3,CHEMBL5754370,CHEMBL5754370,28423577,CHEMBL5728582,8.11
CC1(F)CCN(CCc2nc3c4ccc5c(c4nc(N)n3n2)OC(F)(F)O5)CC1,CHEMBL5964242,CHEMBL5964242,28423580,CHEMBL5728582,7.96
Nc1nc2c3c(ccc2c2nc(CCN4CCCC(F)(F)C4)nn12)OC(F)(F)O3,CHEMBL5824496,CHEMBL5824496,28423583,CHEMBL5728582,8.8
Nc1nc2c3c(ccc2c2nc(CCN4CCC(F)(F)CC4)nn12)OC(F)(F)O3,CHEMBL5935519,CHEMBL5935519,28423586,CHEMBL5728582,8.59
C[C@@H]1CC(F)(F)CCN1CCc1nc2c3ccc4c(c3nc(N)n2n1)OC(F)(F)O4,CHEMBL6003499,CHEMBL6003499,28423589,CHEMBL5728582,8.66
Nc1nc2c3c(ccc2c2nc(CCN4CC5COCC(C4)C5(F)F)nn12)OC(F)(F)O3,CHEMBL5786890,CHEMBL5786890,28423592,CHEMBL5728582,7.4
CC1(C)CN(CCc2nc3c4ccc5c(c4nc(N)n3n2)OC(F)(F)O5)C1,CHEMBL5773748,CHEMBL5773748,28423595,CHEMBL5728582,7.54
C[C@@H]1CC[C@@H](C)N1CCc1nc2c3ccc4c(c3nc(N)n2n1)OC(F)(F)O4,CHEMBL6048795,CHEMBL6048795,28423598,CHEMBL5728582,7.96
Nc1nc2c3c(ccc2c2nc(CCN4CC5CC5C4)nn12)OC(F)(F)O3,CHEMBL5837155,CHEMBL5837155,28423601,CHEMBL5728582,8.52
Nc1nc2c3c(ccc2c2nc(CCN4CC[C@@H](c5ccccc5)C4)nn12)OC(F)(F)O3,CHEMBL5850509,CHEMBL5850509,28423604,CHEMBL5728582,7.41
Nc1nc2c3c(ccc2c2nc(CCN4CC[C@H](c5ccccc5)C4)nn12)OC(F)(F)O3,CHEMBL6023391,CHEMBL6023391,28423607,CHEMBL5728582,7.7
CC1CCN(CCc2nc3c4ccc5c(c4nc(N)n3n2)OC(F)(F)O5)CC1,CHEMBL5969669,CHEMBL5969669,28423610,CHEMBL5728582,7.57
CC1(C)CCCN(CCc2nc3c4ccc5c(c4nc(N)n3n2)OC(F)(F)O5)C1,CHEMBL5750159,CHEMBL5750159,28423613,CHEMBL5728582,7.17
CO[C@@H]1CCCN(CCc2nc3c4ccc5c(c4nc(N)n3n2)OC(F)(F)O5)C1,CHEMBL5945006,CHEMBL5945006,28423616,CHEMBL5728582,7.89
CC1=CCN(CCc2nc3c4ccc5c(c4nc(N)n3n2)OC(F)(F)O5)CC1,CHEMBL5988535,CHEMBL5988535,28423619,CHEMBL5728582,8.42
C[C@@H]1CN(CCc2nc3c4ccc5c(c4nc(N)n3n2)OC(F)(F)O5)CCO1,CHEMBL5832351,CHEMBL5832351,28423622,CHEMBL5728582,7.96
C[C@H]1COCCN1CCc1nc2c3ccc4c(c3nc(N)n2n1)OC(F)(F)O4,CHEMBL6046146,CHEMBL6046146,28423625,CHEMBL5728582,8.11
C[C@@H]1CN(CCc2nc3c4ccc5c(c4nc(N)n3n2)OC(F)(F)O5)C[C@H](C)O1,CHEMBL5779352,CHEMBL5779352,28423628,CHEMBL5728582,7.35
Cc1ncc(N2CCN(CCc3nc4c5ccc6c(c5nc(N)n4n3)OC(F)(F)O6)[C@H](C)C2)s1,CHEMBL5887039,CHEMBL5887039,28423631,CHEMBL5728582,8.82
C[C@@H]1CN(c2nsnc2Cl)CCN1CCc1nc2c3ccc4c(c3nc(N)n2n1)OC(F)(F)O4,CHEMBL5917069,CHEMBL5917069,28423634,CHEMBL5728582,8.74
CN1CCN(CCc2nc3c4ccc5c(c4nc(N)n3n2)OC(F)(F)O5)CC1=O,CHEMBL6036234,CHEMBL6036234,28423637,CHEMBL5728582,8.77
Nc1nc2c3c(ccc2c2nc(CCN4CCN(CC5CC5)C(=O)C4)nn12)OC(F)(F)O3,CHEMBL5835609,CHEMBL5835609,28423640,CHEMBL5728582,9.1
Nc1nc2c3c(ccc2c2nc(CCN4CCN(C5CCCC5)C(=O)C4)nn12)OC(F)(F)O3,CHEMBL6042094,CHEMBL6042094,28423643,CHEMBL5728582,8.8
Nc1nc2c3c(ccc2c2nc(CCN4CCN(c5cccc(F)c5)C(=O)C4)nn12)OC(F)(F)O3,CHEMBL5772554,CHEMBL5772554,28423646,CHEMBL5728582,8.96
Nc1nc2c3c(ccc2c2nc(CCN4C[C@H]5CCCN[C@H]5C4)nn12)OC(F)(F)O3,CHEMBL5836447,CHEMBL5836447,28423649,CHEMBL5728582,7.26
Nc1nc2c3c(ccc2c2nc(CCN4CC5CNC[C@H]5C4)nn12)OC(F)(F)O3,CHEMBL5836732,CHEMBL5836732,28423652,CHEMBL5728582,7.4
Nc1nc2c3c(ccc2c2nc(CCN4CCC5(CCNCC5)C4)nn12)OC(F)(F)O3,CHEMBL5854905,CHEMBL5854905,28423655,CHEMBL5728582,7.41
Nc1nc2c3c(ccc2c2nc(CCN4CCC5(CCNCC5)CC4)nn12)OC(F)(F)O3,CHEMBL5969594,CHEMBL5969594,28423658,CHEMBL5728582,6.5
Nc1nc2c3c(ccc2c2nc(CCN4CCCC45CCNCC5)nn12)OC(F)(F)O3,CHEMBL5908028,CHEMBL5908028,28423661,CHEMBL5728582,7.66
Nc1nc2c3c(ccc2c2nc(CCN4CCCC5(CCNCC5)C4)nn12)OC(F)(F)O3,CHEMBL5919731,CHEMBL5919731,28423664,CHEMBL5728582,7.57
Nc1nc2c3c(ccc2c2nc(CCNC4CC5(CNC5)C4)nn12)OC(F)(F)O3,CHEMBL6049846,CHEMBL6049846,28423667,CHEMBL5728582,7.05
Nc1nc2c3c(ccc2c2nc(CCNC4(C(F)(F)F)CCC4)nn12)OC(F)(F)O3,CHEMBL6043405,CHEMBL6043405,28423670,CHEMBL5728582,9.0
Nc1nc2c3c(ccc2c2nc(CCNCc4ccc(C(F)(F)F)cc4)nn12)OC(F)(F)O3,CHEMBL5825241,CHEMBL5825241,28423673,CHEMBL5728582,8.21
Cc1csc(CN(CCc2nc3c4ccc5c(c4nc(N)n3n2)OC(F)(F)O5)CC2CC2)n1,CHEMBL5867019,CHEMBL5867019,28423676,CHEMBL5728582,9.15
Cc1ncc(CN(CCc2nc3c4ccc5c(c4nc(N)n3n2)OC(F)(F)O5)CC2CC2)s1,CHEMBL5772810,CHEMBL5772810,28423679,CHEMBL5728582,8.82
Nc1nc2c3c(ccc2c2nc(CCN4CCCC(C(F)(F)F)C4)nn12)OC(F)(F)O3,CHEMBL5843421,CHEMBL5843421,28423682,CHEMBL5728582,8.44
C[C@@H]1CN(CCc2nc3c4ccc5c(c4nc(N)n3n2)OC(F)(F)O5)C[C@@H](C)O1,CHEMBL5939534,CHEMBL5939534,28423685,CHEMBL5728582,7.44
CC1(F)CCCN(CCc2nc3c4ccc5c(c4nc(N)n3n2)OC(F)(F)O5)C1,CHEMBL5818240,CHEMBL5818240,28423688;28423691,CHEMBL5728582;CHEMBL5728582,8.11;8.38
Nc1nc2c3c(ccc2c2nc(CCN4CC5CC4C(F)(F)C5)nn12)OC(F)(F)O3,CHEMBL6050610,CHEMBL6050610,28423694;28423697,CHEMBL5728582;CHEMBL5728582,8.52;8.46
C[C@H]1N(CCc2nc3c4ccc5c(c4nc(N)n3n2)OC(F)(F)O5)CCCC1(F)F,CHEMBL5971741,CHEMBL5971741,28423700,CHEMBL5728582,8.92
C[C@@H]1N(CCc2nc3c4ccc5c(c4nc(N)n3n2)OC(F)(F)O5)CCCC1(F)F,CHEMBL5973300,CHEMBL5973300,28423703,CHEMBL5728582,8.74
Nc1nc2c3c(ccc2c2nc(CCN4CCCC(O)(C(F)(F)F)C4)nn12)OC(F)(F)O3,CHEMBL6026845,CHEMBL6026845,28423706;28423709,CHEMBL5728582;CHEMBL5728582,8.28;8.41
Nc1nc2c3c(ccc2c2nc(CCN4CCCC(F)(C(F)(F)F)C4)nn12)OC(F)(F)O3,CHEMBL5904374,CHEMBL5904374,28423712;28423715,CHEMBL5728582;CHEMBL5728582,9.05;9.05
C[C@H](Cc1nc2c3ccc4c(c3nc(N)n2n1)OC(F)(F)O4)N1Cc2ccncc2C1,CHEMBL5866213,CHEMBL5866213,28423718,CHEMBL5728582,8.15
C[C@H](Cc1nc2c3ccc4c(c3nc(N)n2n1)OC(F)(F)O4)N1CCc2cccnc21,CHEMBL5814138,CHEMBL5814138,28423721,CHEMBL5728582,8.38
C[C@H](Cc1nc2c3ccc4c(c3nc(N)n2n1)OC(F)(F)O4)N1CCc2ccncc21,CHEMBL5816744,CHEMBL5816744,28423724,CHEMBL5728582,8.74
C[C@H](Cc1nc2c3ccc4c(c3nc(N)n2n1)OC(F)(F)O4)N1CCc2ccncc2C1,CHEMBL5785594,CHEMBL5785594,28423727,CHEMBL5728582,8.41
C[C@H](Cc1nc2c3ccc4c(c3nc(N)n2n1)OC(F)(F)O4)N1CCc2cccnc2C1,CHEMBL5883528,CHEMBL5883528,28423730,CHEMBL5728582,8.85
Cc1nc2c(o1)CN([C@H](C)Cc1nc3c4ccc5c(c4nc(N)n3n1)OC(F)(F)O5)CC2,CHEMBL6000515,CHEMBL6000515,28423733,CHEMBL5728582,8.89
Cc1nc2c(s1)CN([C@H](C)Cc1nc3c4ccc5c(c4nc(N)n3n1)OC(F)(F)O5)CC2,CHEMBL5951384,CHEMBL5951384,28423736,CHEMBL5728582,8.59
C[C@H](Cc1nc2c3ccc4c(c3nc(N)n2n1)OC(F)(F)O4)N1CCc2nc(C3CC3)oc2C1,CHEMBL5892943,CHEMBL5892943,28423739,CHEMBL5728582,8.62
Cc1nc2c(s1)CCN([C@H](C)Cc1nc3c4ccc5c(c4nc(N)n3n1)OC(F)(F)O5)C2,CHEMBL5886707,CHEMBL5886707,28423742,CHEMBL5728582,8.82
Cc1cc2n(n1)CCN([C@H](C)Cc1nc3c4ccc5c(c4nc(N)n3n1)OC(F)(F)O5)C2,CHEMBL6028839,CHEMBL6028839,28423745,CHEMBL5728582,8.42
C[C@H](Cc1nc2c3ccc4c(c3nc(N)n2n1)OC(F)(F)O4)N1CC(C)(F)C1,CHEMBL5824745,CHEMBL5824745,28423748,CHEMBL5728582,8.31
C[C@H](Cc1nc2c3ccc4c(c3nc(N)n2n1)OC(F)(F)O4)N1CCCC(C)(F)C1,CHEMBL6046114,CHEMBL6046114,28423751;28423754,CHEMBL5728582;CHEMBL5728582,7.92;7.8
C[C@@H](Cc1nc2c3ccc4c(c3nc(N)n2n1)OC(F)(F)O4)N1Cc2ccncc2C1,CHEMBL5960438,CHEMBL5960438,28423757,CHEMBL5728582,8.11
C[C@@H](Cc1nc2c3ccc4c(c3nc(N)n2n1)OC(F)(F)O4)N1CC(C)(F)C1,CHEMBL6035291,CHEMBL6035291,28423760,CHEMBL5728582,8.32
C[C@@H](Cc1nc2c3ccc4c(c3nc(N)n2n1)OC(F)(F)O4)N1CCCC(C)(F)C1,CHEMBL6061562,CHEMBL6061562,28423763;28423766,CHEMBL5728582;CHEMBL5728582,8.21;7.92
CC(Cc1nc2c3ccc4c(c3nc(N)n2n1)OC(F)(F)O4)N1Cc2cccnc2C1,CHEMBL5917399,CHEMBL5917399,28423769;28423772,CHEMBL5728582;CHEMBL5728582,8.92;8.4
CC(Cc1nc2c3ccc4c(c3nc(N)n2n1)OC(F)(F)O4)N1CC(F)(F)C1,CHEMBL5781973,CHEMBL5781973,28423775;28423778,CHEMBL5728582;CHEMBL5728582,8.32;8.39
C[C@H](Cc1nc2c3ccc4c(c3nc(N)n2n1)OC(F)(F)O4)N1CCCC(F)(F)C1,CHEMBL5867243,CHEMBL5867243,28423781,CHEMBL5728582,8.37
C[C@@H](Cc1nc2c3ccc4c(c3nc(N)n2n1)OC(F)(F)O4)N1CCCC(F)(F)C1,CHEMBL5810523,CHEMBL5810523,28423784,CHEMBL5728582,8.39
Nc1nc2c3c(ccc2c2nc(CC(C(F)F)N4Cc5cccnc5C4)nn12)OC(F)(F)O3,CHEMBL6056306,CHEMBL6056306,28423787;28423790,CHEMBL5728582;CHEMBL5728582,8.66;8.18
Nc1nc2c3c(ccc2c2nc(CCn4cccn4)nn12)OC(F)(F)O3,CHEMBL5840070,CHEMBL5840070,28423793,CHEMBL5728582,8.57
Nc1nc2c3c(ccc2c2nc(CCN4Cc5ncccc5C4=O)nn12)OC(F)(F)O3,CHEMBL5978384,CHEMBL5978384,28423796,CHEMBL5728582,8.19
CC(C)(Cc1nc2c3ccc4c(c3nc(N)n2n1)OC(F)(F)O4)N1CC(F)C1,CHEMBL5946866,CHEMBL5946866,28423799,CHEMBL5728582,7.51
Nc1nc2c3c(ccc2c2nc(CN4CCN(c5ccc(F)cc5)CC45CC5)nn12)OC(F)(F)O3,CHEMBL5866893,CHEMBL5866893,28423802,CHEMBL5728582,8.46
Nc1nc2c3c(ccc2c2nc(CN4CCN(c5ccc(F)cn5)CC45CC5)nn12)OC(F)(F)O3,CHEMBL6026137,CHEMBL6026137,28423805,CHEMBL5728582,8.47
Nc1nc2c3c(ccc2c2nc(CN4CCN(c5cccc(F)c5)CC45CC5)nn12)OC(F)(F)O3,CHEMBL6064222,CHEMBL6064222,28423808,CHEMBL5728582,8.06
COCCOc1ccc(N2CCN(Cc3nc4c5ccc6c(c5nc(N)n4n3)OC(F)(F)O6)C3(CC3)C2)cc1,CHEMBL5981235,CHEMBL5981235,28423811,CHEMBL5728582,8.43
C[C@@H]1CN(c2ccc(F)cc2)CCN1Cc1nc2c3ccc4c(c3nc(N)n2n1)OC(F)(F)O4,CHEMBL5961247,CHEMBL5961247,28423814,CHEMBL5728582,8.68
Cc1ncc(N2CCN(Cc3nc4c5ccc6c(c5nc(N)n4n3)OC(F)(F)O6)[C@H](C)C2)s1,CHEMBL6013060,CHEMBL6013060,28423817,CHEMBL5728582,8.4
C[C@@H]1CN(c2nsnc2Cl)CCN1Cc1nc2c3ccc4c(c3nc(N)n2n1)OC(F)(F)O4,CHEMBL5813526,CHEMBL5813526,28423820,CHEMBL5728582,8.12
Nc1nc2c3c(ccc2c2nc(CN4CC(F)(F)C4)nn12)OC(F)(F)O3,CHEMBL6037884,CHEMBL6037884,28423823,CHEMBL5728582,8.23
CC1(C)CN(Cc2nc3c4ccc5c(c4nc(N)n3n2)OC(F)(F)O5)C1,CHEMBL5820242,CHEMBL5820242,28423826,CHEMBL5728582,8.54
CC1(F)CN(Cc2nc3c4ccc5c(c4nc(N)n3n2)OC(F)(F)O5)C1,CHEMBL5944941,CHEMBL5944941,28423829,CHEMBL5728582,8.85
CCC1(F)CN(Cc2nc3c4ccc5c(c4nc(N)n3n2)OC(F)(F)O5)C1,CHEMBL5764637,CHEMBL5764637,28423832,CHEMBL5728582,8.7
Nc1nc2c3c(ccc2c2nc(CN4CC(O)(C(F)(F)F)C4)nn12)OC(F)(F)O3,CHEMBL6002145,CHEMBL6002145,28423835,CHEMBL5728582,8.55
Nc1nc2c3c(ccc2c2nc(CN4CC(F)(C(F)(F)F)C4)nn12)OC(F)(F)O3,CHEMBL6044319,CHEMBL6044319,28423838,CHEMBL5728582,8.85
Nc1nc2c3c(ccc2c2nc(CN4C[C@H](F)[C@@H](F)C4)nn12)OC(F)(F)O3,CHEMBL5836630,CHEMBL5836630,28423841,CHEMBL5728582,8.36
Nc1nc2c3c(ccc2c2nc(CN4CCC(F)(F)C4)nn12)OC(F)(F)O3,CHEMBL5933368,CHEMBL5933368,28423844,CHEMBL5728582,8.74
Nc1nc2c3c(ccc2c2nc(CN4CCC(Oc5ccc(F)cc5)CC4)nn12)OC(F)(F)O3,CHEMBL5895917,CHEMBL5895917,28423847,CHEMBL5728582,8.31
Nc1nc2c3c(ccc2c2nc(CN4CCCC(F)(F)C4)nn12)OC(F)(F)O3,CHEMBL5897980,CHEMBL5897980,28423850,CHEMBL5728582,8.38
Nc1nc2c3c(ccc2c2nc(CN4CCC(F)(F)CC4)nn12)OC(F)(F)O3,CHEMBL5758579,CHEMBL5758579,28423853,CHEMBL5728582,8.77
Nc1nc2c3c(ccc2c2nc(CN4Cc5ccc(F)cc5C4)nn12)OC(F)(F)O3,CHEMBL5941762,CHEMBL5941762,28423856,CHEMBL5728582,8.57
Nc1nc2c3c(ccc2c2nc(CN4Cc5cnc(C(F)(F)F)nc5C4)nn12)OC(F)(F)O3,CHEMBL5970222,CHEMBL5970222,28423859,CHEMBL5728582,7.8
CCc1nnc2n1CCN(Cc1nc3c4ccc5c(c4nc(N)n3n1)OC(F)(F)O5)C2,CHEMBL6049490,CHEMBL6049490,28423862,CHEMBL5728582,6.96
Nc1nc2c3c(ccc2c2nc(CN4Cc5ccc(C(F)(F)F)cc5C4)nn12)OC(F)(F)O3,CHEMBL5775710,CHEMBL5775710,28423865,CHEMBL5728582,8.31
Nc1nc2c3c(ccc2c2nc(CNCc4ccc(C(F)(F)F)cc4)nn12)OC(F)(F)O3,CHEMBL5806712,CHEMBL5806712,28423868,CHEMBL5728582,8.8
Nc1nc2c3c(ccc2c2nc(CNC4(C(F)(F)F)CCC4)nn12)OC(F)(F)O3,CHEMBL5781816,CHEMBL5781816,28423871,CHEMBL5728582,8.96
CN(C)Cc1nc2c3ccc4c(c3nc(N)n2n1)OC(F)(F)O4,CHEMBL5872958,CHEMBL5872958,28423874,CHEMBL5728582,7.54
Cc1csc(CN(Cc2nc3c4ccc5c(c4nc(N)n3n2)OC(F)(F)O5)CC2CC2)n1,CHEMBL5897082,CHEMBL5897082,28423877,CHEMBL5728582,8.85
Nc1nc2c3c(ccc2c2nc(Cn4cccn4)nn12)OC(F)(F)O3,CHEMBL5798388,CHEMBL5798388,28423880,CHEMBL5728582,8.6
Cc1cc(C)n(Cc2nc3c4ccc5c(c4nc(N)n3n2)OC(F)(F)O5)n1,CHEMBL5897776,CHEMBL5897776,28423883,CHEMBL5728582,9.0
Nc1nc2c3c(ccc2c2nc(Cn4nc(C(F)(F)F)cc4C(F)(F)F)nn12)OC(F)(F)O3,CHEMBL5837511,CHEMBL5837511,28423886,CHEMBL5728582,8.41
CC(c1nc2c3ccc4c(c3nc(N)n2n1)OC(F)(F)O4)N1CC(F)(F)C1,CHEMBL5762158,CHEMBL5762158,28423889;28423892,CHEMBL5728582;CHEMBL5728582,6.89;7.25
CC(c1nc2c3ccc4c(c3nc(N)n2n1)OC(F)(F)O4)N1C[C@H](F)[C@@H](F)C1,CHEMBL5888901,CHEMBL5888901,28423895;28423898,CHEMBL5728582;CHEMBL5728582,7.19;7.62
C[C@H](c1nc2c3ccc4c(c3nc(N)n2n1)OC(F)(F)O4)N1CCCC(F)(F)C1,CHEMBL6025959,CHEMBL6025959,28423901,CHEMBL5728582,7.05
C[C@@H](c1nc2c3ccc4c(c3nc(N)n2n1)OC(F)(F)O4)N1CCCC(F)(F)C1,CHEMBL6065208,CHEMBL6065208,28423904,CHEMBL5728582,7.6
Nc1nc2c3c(ccc2c2nc(CN4Cc5cccnc5C4)nn12)OC(F)(F)O3,CHEMBL5989992,CHEMBL5989992,28423907,CHEMBL5728582,8.72
Nc1nc2c3c(ccc2c2nc([C@@H]4CCCN(CC(F)(F)F)C4)nn12)OC(F)(F)O3,CHEMBL6046217,CHEMBL6046217,28423910,CHEMBL5728582,9.0
Nc1nc2c3c(ccc2c2nc([C@@H]4CCCN(CC(F)F)C4)nn12)OC(F)(F)O3,CHEMBL5892945,CHEMBL5892945,28423913,CHEMBL5728582,8.82
Nc1nc2c3c(ccc2c2nc(C4CCCN(CCC(F)(F)F)C4)nn12)OC(F)(F)O3,CHEMBL5815554,CHEMBL5815554,28423916;28423919,CHEMBL5728582;CHEMBL5728582,9.1;7.26
Nc1nc2c3c(ccc2c2nc(C4CCCN(c5cccc(F)c5)C4)nn12)OC(F)(F)O3,CHEMBL6004906,CHEMBL6004906,28423922;28423925,CHEMBL5728582;CHEMBL5728582,8.92;7.23
Nc1nc2c3c(ccc2c2nc(C4CCCN(c5cc(F)cc(F)c5)C4)nn12)OC(F)(F)O3,CHEMBL6051616,CHEMBL6051616,28423928;28423931,CHEMBL5728582;CHEMBL5728582,8.92;6.85
Nc1nc2c3c(ccc2c2nc([C@H]4CCCN(c5cncnc5)C4)nn12)OC(F)(F)O3,CHEMBL5827634,CHEMBL5827634,28423934,CHEMBL5728582,7.36
Nc1nc2c3c(ccc2c2nc([C@@H]4CCCN(c5cncnc5)C4)nn12)OC(F)(F)O3,CHEMBL5921159,CHEMBL5921159,28423937,CHEMBL5728582,8.54
COC(=O)C(Cc1nc2c3ccc4c(c3nc(N)n2n1)OC(F)(F)O4)C(=O)OC,CHEMBL6036826,CHEMBL6036826,28423940,CHEMBL5728582,8.7
Nc1nc2c3c(ccc2c2nc(CC(CO)CO)nn12)OC(F)(F)O3,CHEMBL6054882,CHEMBL6054882,28423943,CHEMBL5728582,8.57
Nc1nc2c3c(ccc2c2nc(CC(CCl)CCl)nn12)OC(F)(F)O3,CHEMBL5875198,CHEMBL5875198,28423946,CHEMBL5728582,8.64
Nc1nc2c3c(ccc2c2nc(CC4CN(C5CCC5)C4)nn12)OC(F)(F)O3,CHEMBL5960939,CHEMBL5960939,28423949,CHEMBL5728582,7.19
CC(F)(F)CN1CC(Cc2nc3c4ccc5c(c4nc(N)n3n2)OC(F)(F)O5)C1,CHEMBL5839171,CHEMBL5839171,28423952,CHEMBL5728582,8.26
Nc1nc2c3c(ccc2c2nc(CC4CN(c5ccccn5)C4)nn12)OC(F)(F)O3,CHEMBL5963625,CHEMBL5963625,28423955,CHEMBL5728582,6.77
Nc1nc2c3c(ccc2c2nc(CC4CCN(CCC(F)(F)F)C4)nn12)OC(F)(F)O3,CHEMBL5763195,CHEMBL5763195,28423958;28423961,CHEMBL5728582;CHEMBL5728582,7.7;8.14
Nc1nc2c3c(ccc2c2nc(CC4CCN(CC(F)F)C4)nn12)OC(F)(F)O3,CHEMBL5749161,CHEMBL5749161,28423964,CHEMBL5728582,8.28
COCCN1CCC(Cc2nc3c4ccc5c(c4nc(N)n3n2)OC(F)(F)O5)C1,CHEMBL5976790,CHEMBL5976790,28423967,CHEMBL5728582,7.12
Nc1nc2c3c(ccc2c2nc(C[C@H](N)C4CC4)nn12)OC(F)(F)O3,CHEMBL5745486,CHEMBL5745486,28423970,CHEMBL5728582,7.72
Nc1nc2c3c(ccc2c2nc(C[C@@H](N)C4CC4)nn12)OC(F)(F)O3,CHEMBL6063154,CHEMBL6063154,28423973,CHEMBL5728582,6.75
Nc1nc2c3c(ccc2c2nc([C@H]4CC[C@H](N5CCCC(F)(F)C5)C4)nn12)OC(F)(F)O3,CHEMBL5757287,CHEMBL5757287,28423976,CHEMBL5728582,7.8
Nc1nc2c3c(ccc2c2nc([C@H]4CC[C@@H](N5CCCC(F)(F)C5)C4)nn12)OC(F)(F)O3,CHEMBL5778946,CHEMBL5778946,28423979,CHEMBL5728582,7.5
CCNC(=O)c1cc2c(N)nc(-c3cccc(C#N)c3)c(C3(C(F)(F)F)CC3)n2n1,CHEMBL6022643,CHEMBL6022643,28522544,CHEMBL5728783,7.26
N#Cc1cccc(-c2nc(N)c3cc(CN4CCC4)nn3c2-c2ccncn2)c1,CHEMBL5745835,CHEMBL5745835,28522565,CHEMBL5728783,7.26
CCOC(=O)Nc1nc2c(N)nc(-c3cccc(C#N)c3)cn2n1,CHEMBL6026258,CHEMBL6026258,28522568,CHEMBL5728783,7.26
CCCCCn1c2cc[nH]c2c(=O)n2c(C)nnc12,CHEMBL5802030,CHEMBL5802030,28592180,CHEMBL5728927,6.26
CCCCCn1c2cc(-c3ccc(S(=O)(=O)Nc4ccc(C)cc4)cc3)[nH]c2c(=O)n2c(C)nnc12,CHEMBL5819235,CHEMBL5819235,28592210,CHEMBL5728927,7.26
CCCCCn1c2c(Br)c[nH]c2c(=O)n2c(C)nnc12,CHEMBL5850192,CHEMBL5850192,28592216,CHEMBL5728927,7.26
CCCCCn1c2c(C)c[nH]c2c(=O)n2c(C)nnc12,CHEMBL6005180,CHEMBL6005180,28592219,CHEMBL5728927,6.26
CCCCCn1c2c(-c3ccccc3)c[nH]c2c(=O)n2c(C)nnc12,CHEMBL5997002,CHEMBL5997002,28592222,CHEMBL5728927,6.26
CCCCCn1c2c(C#N)c[nH]c2c(=O)n2c(C)nnc12,CHEMBL5795281,CHEMBL5795281,28592225,CHEMBL5728927,6.26
CCCCCn1c2c(-c3cnn(Cc4ccccc4)c3)c[nH]c2c(=O)n2c(C)nnc12,CHEMBL5913263,CHEMBL5913263,28592228,CHEMBL5728927,6.26
CCCCCn1c2cc[nH]c2c(=O)n2c(C)cnc12,CHEMBL5990249,CHEMBL5990249,28592231,CHEMBL5728927,7.26
CC(C)n1cc(-c2cc3c(=O)cc[nH]c3nc2-c2ccccc2)ccc1=O,CHEMBL6012073,CHEMBL6012073,28628426,CHEMBL5728993,8.59
Cc1cc(-c2cc3c(=O)cc[nH]c3nc2-c2cccc(C#N)c2)cc(Cl)n1,CHEMBL5751505,CHEMBL5751505,28628432,CHEMBL5728993,6.95
CC(C)n1cc(-c2cc3c(=O)cc[nH]c3nc2-c2ccccc2)cc(Cl)c1=O,CHEMBL6022827,CHEMBL6022827,28628435,CHEMBL5728993,8.46
Cc1c(C#N)cccc1-c1nc2[nH]ccc(=O)c2cc1-c1ccc2ncccc2c1,CHEMBL5775450,CHEMBL5775450,28628438,CHEMBL5728993,6.75
N#Cc1cccc(-c2nc3[nH]ccc(=O)c3cc2-c2ccc3ncccc3c2)c1,CHEMBL6009863,CHEMBL6009863,28628441,CHEMBL5728993,8.27
N#Cc1cccc(-c2nc3[nH]ccc(=O)c3cc2-c2ccc3[nH]ncc3c2)c1,CHEMBL5840565,CHEMBL5840565,28628444,CHEMBL5728993,7.31
N#Cc1cccc(-c2nc3[nH]ccc(=O)c3cc2-c2ccc3ncsc3c2)c1,CHEMBL5980480,CHEMBL5980480,28628447,CHEMBL5728993,8.02
N#Cc1cccc(-c2nc3[nH]ccc(=O)c3cc2-c2ccc3[nH]cnc3c2)c1,CHEMBL5853034,CHEMBL5853034,28628450,CHEMBL5728993,7.77
C[C@H](NC(=O)c1nc(N[C@@H](C)c2cccnc2)nc2ccsc12)c1cccnc1,CHEMBL5854686,CHEMBL5854686,28628819,CHEMBL5728996,7.12
C[C@H](Nc1nc(C(=O)N2CCC2)c2sccc2n1)c1cccnc1,CHEMBL6056860,CHEMBL6056860,28628825,CHEMBL5728996,6.52
C[C@H](Nc1nc(C(=O)N2CCC(C)(C)C2)c2sccc2n1)c1cccnc1,CHEMBL5869198,CHEMBL5869198,28628837,CHEMBL5728996,6.52
C[C@H](Nc1nc(C(=O)N2CC[C@@H](F)C2)c2sccc2n1)c1cccnc1,CHEMBL5903320,CHEMBL5903320,28628867,CHEMBL5728996,6.52
C[C@H](Nc1nc(C(=O)N2CC[C@H](F)C2)c2sccc2n1)c1cccnc1,CHEMBL5779510,CHEMBL5779510,28628879,CHEMBL5728996,7.12
C[C@H](Nc1nc(C(=O)N2CCCC2)c2sccc2n1)c1ccccn1,CHEMBL5821559,CHEMBL5821559,28628885,CHEMBL5728996,7.12
COc1ccc(CNC(=O)c2nc(NCc3ccc(OC)nc3)nc3ccsc23)cn1,CHEMBL5927275,CHEMBL5927275,28628903,CHEMBL5728996,7.12
C[C@H](Nc1nc(C(=O)N2CCC(F)(F)C2)c2sccc2n1)c1cccnc1,CHEMBL5896564,CHEMBL5896564,28628909,CHEMBL5728996,6.52
C[C@H](Nc1nc(C(=O)N2CC3(COC3)C2)c2sccc2n1)c1cccnc1,CHEMBL5797749,CHEMBL5797749,28628921,CHEMBL5728996,6.52
COc1ccc(CNC(=O)c2nc(N[C@@H](C)c3ccccn3)nc3ccsc23)cn1,CHEMBL5967463,CHEMBL5967463,28628933,CHEMBL5728996,7.12
COc1ccc(CNc2nc(C(=O)N3CCCC3)c3sccc3n2)cn1,CHEMBL5962121,CHEMBL5962121,28628945,CHEMBL5728996,7.12
CO[C@H]1CCN(C(=O)c2nc(N[C@@H](C)c3cccnc3)nc3ccsc23)C1,CHEMBL5883635,CHEMBL5883635,28628951,CHEMBL5728996,7.12
CO[C@@H]1CCN(C(=O)c2nc(N[C@@H](C)c3cccnc3)nc3ccsc23)C1,CHEMBL5922943,CHEMBL5922943,28628963;28630979,CHEMBL5728996;CHEMBL5728996,7.52;7.12
C[C@H](Nc1nc(C(=O)NCc2cncc(F)c2)c2sccc2n1)c1cccnc1,CHEMBL5855380,CHEMBL5855380,28628975,CHEMBL5728996,6.52
O=C(c1nc(NCc2cncc(F)c2)nc2ccsc12)N1CCCC1,CHEMBL6010427,CHEMBL6010427,28628981,CHEMBL5728996,6.52
CCC(Nc1nc(C(=O)N2CCCC2)c2sccc2n1)c1cccnc1,CHEMBL5947725,CHEMBL5947725,28629011,CHEMBL5728996,6.52
CCC(Nc1nc(C(=O)N2CC[C@@H](OC)C2)c2sccc2n1)c1cccnc1,CHEMBL6011536,CHEMBL6011536,28629017,CHEMBL5728996,7.12
C[C@H](Nc1nc(C(=O)NCC2CCN(Cc3ccccc3)CC2)c2sccc2n1)c1cccnc1,CHEMBL6011129,CHEMBL6011129,28629023,CHEMBL5728996,6.52
C[C@H](Nc1nc(C(=O)N2CC(F)(F)C2)c2sccc2n1)c1cccnc1,CHEMBL6057131,CHEMBL6057131,28629065,CHEMBL5728996,6.52
C[C@@H]1CCN(C(=O)c2nc(N[C@@H](C)c3cccnc3)nc3ccsc23)C1,CHEMBL5981745,CHEMBL5981745,28629083,CHEMBL5728996,6.52
C[C@H](Nc1nc(C(=O)N2CCC[C@@H]2C)c2sccc2n1)c1cccnc1,CHEMBL5893012,CHEMBL5893012,28629101,CHEMBL5728996,6.52
O=C(c1nc(NCc2ccccc2)nc2ccsc12)N1CCCC1,CHEMBL5831488,CHEMBL5831488,28629119,CHEMBL5728996,6.52
C[C@H](Nc1nc(C(=O)NCc2ccccc2)c2sccc2n1)c1cccnc1,CHEMBL5870124,CHEMBL5870124,28629137,CHEMBL5728996,7.52
CC(Nc1nc(C(=O)N2CC[C@@H](F)C2)c2sccc2n1)c1cccnc1,CHEMBL5983865,CHEMBL5983865,28629179,CHEMBL5728996,6.52
COc1ccc(CNC(=O)c2nc(NC(C)c3ccccn3)nc3ccsc23)cn1,CHEMBL5977412,CHEMBL5977412,28629185,CHEMBL5728996,6.52
O=C(NCc1ccccc1)c1nc(NCc2ccccc2)nc2ccsc12,CHEMBL5858682,CHEMBL5858682,28629197,CHEMBL5728996,6.52
C[C@H](Nc1nc(C(=O)N2CC[C@@H](F)C2)c2sccc2n1)c1ccccn1,CHEMBL5976255,CHEMBL5976255,28629203,CHEMBL5728996,7.52
C[C@H](Nc1nc(C(=O)N2CC[C@H](F)C2)c2sccc2n1)c1ccccn1,CHEMBL6017463,CHEMBL6017463,28629215,CHEMBL5728996,7.12
C[C@H](NC(=O)c1nc(N[C@@H](C)c2ccccn2)nc2ccsc12)c1ccccn1,CHEMBL5911576,CHEMBL5911576,28629221,CHEMBL5728996,7.52
COc1ccc(CNC(=O)c2nc(NCc3cncc(C)c3)nc3ccsc23)cn1,CHEMBL5938890,CHEMBL5938890,28629251,CHEMBL5728996,6.52
C[C@H](Nc1nc(C(=O)N2CC[C@@H](O)C2)c2sccc2n1)c1ccccn1,CHEMBL5837744,CHEMBL5837744,28629269,CHEMBL5728996,6.52
O=C(c1nc(NCc2cncc(F)c2)nc2ccsc12)N1CC[C@@H](F)C1,CHEMBL6023160,CHEMBL6023160,28629281,CHEMBL5728996,6.52
O=C(c1nc(NCc2cncc(F)c2)nc2ccsc12)N1CCC1,CHEMBL5806330,CHEMBL5806330,28629293,CHEMBL5728996,6.52
C[C@H]1CCN(C(=O)c2nc(N[C@@H](C)c3cccnc3)nc3ccsc23)C1,CHEMBL6017684,CHEMBL6017684,28629317,CHEMBL5728996,6.52
C[C@H](Nc1nc(C(=O)NCc2ccc(C#N)nc2)c2sccc2n1)c1ccccn1,CHEMBL6054643,CHEMBL6054643,28629329,CHEMBL5728996,6.52
O=C(c1nc(NCc2cncc(F)c2)nc2ccsc12)N1CC[C@@H](O)C1,CHEMBL5916408,CHEMBL5916408,28629341,CHEMBL5728996,6.52
COc1ccc(CNC(=O)c2nc(NCc3cncc(F)c3)nc3ccsc23)cn1,CHEMBL5904126,CHEMBL5904126,28629347,CHEMBL5728996,6.52
O=C(NCC1CCN(Cc2ccccc2)CC1)c1nc(NCc2cncc(F)c2)nc2ccsc12,CHEMBL5986887,CHEMBL5986887,28629359,CHEMBL5728996,7.12
COc1cccc(CNC(=O)c2nc(N[C@@H](C)c3cccnc3)nc3ccsc23)n1,CHEMBL5994826,CHEMBL5994826,28629389,CHEMBL5728996,7.12
O=C(NCc1cccc(F)c1)c1nc(NCc2cccc(F)c2)nc2ccsc12,CHEMBL5966106,CHEMBL5966106,28629401,CHEMBL5728996,6.52
O=C(c1nc(NCc2ccc(C(F)(F)F)nc2)nc2ccsc12)N1CCCC1,CHEMBL6004061,CHEMBL6004061,28629413,CHEMBL5728996,6.52
CC(CNC(=O)c1nc(N[C@@H](C)c2ccccn2)nc2ccsc12)Oc1cccnc1,CHEMBL5800964,CHEMBL5800964,28629419,CHEMBL5728996,6.52
O=C(NCc1ccccn1)c1nc(NCc2ccccn2)nc2ccsc12,CHEMBL5813989,CHEMBL5813989,28629425,CHEMBL5728996,6.52
C[C@H](Nc1nc(C(=O)NCc2ccc(C(F)(F)F)nc2)c2sccc2n1)c1ccccn1,CHEMBL5847090,CHEMBL5847090,28629431,CHEMBL5728996,6.52
O=C(c1nc(NCc2cccc(F)c2)nc2ccsc12)N1CC[C@@H](O)C1,CHEMBL5850525,CHEMBL5850525,28629443,CHEMBL5728996,6.52
COc1ccc(CNC(=O)c2nc(NCc3cccc(F)c3)nc3ccsc23)cn1,CHEMBL5929156,CHEMBL5929156,28629449,CHEMBL5728996,7.12
CCC(Nc1nc(C(=O)NCc2ccc(OC)nc2)c2sccc2n1)c1cccnc1,CHEMBL5925995,CHEMBL5925995,28629455,CHEMBL5728996,6.52
C[C@@H]1CCN(C(=O)c2nc(N[C@@H](C)c3ccccn3)nc3ccsc23)C1,CHEMBL5931811,CHEMBL5931811,28629479,CHEMBL5728996,7.12
C[C@H]1CCN(C(=O)c2nc(N[C@@H](C)c3ccccn3)nc3ccsc23)C1,CHEMBL6016816,CHEMBL6016816,28629491,CHEMBL5728996,6.52
C[C@H](Nc1nc(C(=O)NCc2ccccn2)c2sccc2n1)c1cccnc1,CHEMBL6037258,CHEMBL6037258,28629509,CHEMBL5728996,7.52
C[C@H](Nc1nc(C(=O)N2CCC2)c2sccc2n1)c1ccccn1,CHEMBL5952551,CHEMBL5952551,28629521,CHEMBL5728996,7.12
Cc1ncccc1CNc1nc(C(=O)N2CCCC2)c2sccc2n1,CHEMBL6052161,CHEMBL6052161,28629533,CHEMBL5728996,6.52
C[C@H](Nc1nc(C(=O)N2CC(F)(F)C2)c2sccc2n1)c1ccccn1,CHEMBL6019365,CHEMBL6019365,28629539,CHEMBL5728996,6.52
COc1ccc(CNC(=O)c2nc(NCc3cccnc3C)nc3ccsc23)cn1,CHEMBL5743758,CHEMBL5743758,28629563,CHEMBL5728996,6.52
O=C(c1nc(NCc2ccccn2)nc2ccsc12)N1CCCC1,CHEMBL6007989,CHEMBL6007989,28629569,CHEMBL5728996,6.52
C[C@H](Nc1nc(C(=O)N2CCC(F)(F)C2)c2sccc2n1)c1ccccn1,CHEMBL5926325,CHEMBL5926325,28629581,CHEMBL5728996,6.52
C[C@H](Nc1nc(C(=O)N2CC(O)C2)c2sccc2n1)c1ccccn1,CHEMBL6004096,CHEMBL6004096,28629623,CHEMBL5728996,6.52
C[C@H](Nc1nc(C(=O)N2CC(C)(O)C2)c2sccc2n1)c1ccccn1,CHEMBL6043626,CHEMBL6043626,28629635,CHEMBL5728996,6.52
C[C@H](Nc1nc(C(=O)NCc2cncc(C#N)c2)c2sccc2n1)c1ccccn1,CHEMBL5800042,CHEMBL5800042,28629641,CHEMBL5728996,6.52
C[C@H](Nc1nc(C(=O)NCc2cncc(C#N)c2)c2sccc2n1)c1cccnc1,CHEMBL5740793,CHEMBL5740793,28629653,CHEMBL5728996,6.52
C[C@H](Nc1nc(C(=O)N2CCOC2)c2sccc2n1)c1ccccn1,CHEMBL5959003,CHEMBL5959003,28629659,CHEMBL5728996,6.52
C[C@H](Nc1nc(C(=O)NCCO)c2sccc2n1)c1ccccn1,CHEMBL5812420,CHEMBL5812420,28629671,CHEMBL5728996,6.52
C[C@H](Nc1nc(C(=O)NCc2ccc(OCC3CC3)nc2)c2sccc2n1)c1ccccn1,CHEMBL5939822,CHEMBL5939822,28629677,CHEMBL5728996,7.12
COC1CN(C(=O)c2nc(N[C@@H](C)c3ccccn3)nc3ccsc23)C1,CHEMBL5772774,CHEMBL5772774,28629689,CHEMBL5728996,6.52
COc1cncc(CNC(=O)c2nc(N[C@@H](C)c3ccccn3)nc3ccsc23)c1,CHEMBL5834647,CHEMBL5834647,28629713,CHEMBL5728996,6.52
CCNC(=O)c1nc(N[C@@H](C)c2ccccn2)nc2ccsc12,CHEMBL5956246,CHEMBL5956246,28629719,CHEMBL5728996,7.12
COC1CN(C(=O)c2nc(NCc3cncc(F)c3)nc3ccsc23)C1,CHEMBL5941526,CHEMBL5941526,28629749,CHEMBL5728996,6.52
O=C(c1nc(NCc2cccc(Cl)c2)nc2ccsc12)N1CCCC1,CHEMBL6050950,CHEMBL6050950,28629785,CHEMBL5728996,6.52
O=C(c1nc(NCc2cccc(Cl)c2)nc2ccsc12)N1CCC1,CHEMBL6021606,CHEMBL6021606,28629791,CHEMBL5728996,6.52
O=C(c1nc(NCc2cccc(Cl)c2)nc2ccsc12)N1CC(O)C1,CHEMBL5750149,CHEMBL5750149,28629797,CHEMBL5728996,6.52
C[C@H](Nc1nc(C(=O)N2CCCC2)c2sccc2n1)c1cccc(F)c1,CHEMBL5829433,CHEMBL5829433,28629821,CHEMBL5728996,6.52
COCC(Nc1nc(C(=O)N2CCCC2)c2sccc2n1)c1cccnc1,CHEMBL5906428,CHEMBL5906428,28629839,CHEMBL5728996,6.52
C[C@H](Nc1nc(C(=O)N2CCC2)c2sccc2n1)c1cccc(F)c1,CHEMBL5988525,CHEMBL5988525,28629845,CHEMBL5728996,7.12
C[C@H](Nc1nc(C(=O)N2CC[C@H](O)C2)c2sccc2n1)c1cccc(F)c1,CHEMBL5775471,CHEMBL5775471,28629857,CHEMBL5728996,6.52
C[C@H](Nc1nc(C(=O)N2CC[C@@H](O)C2)c2sccc2n1)c1cccc(F)c1,CHEMBL5888362,CHEMBL5888362,28629881,CHEMBL5728996,6.52
CC1CCN1C(=O)c1nc(N[C@@H](C)c2ccccn2)nc2ccsc12,CHEMBL5796773,CHEMBL5796773,28629893,CHEMBL5728996,7.52
C[C@H](Nc1nc(C(=O)N2CCCC2)c2sccc2n1)c1cncc(F)c1,CHEMBL5939109,CHEMBL5939109,28629899,CHEMBL5728996,6.52
COc1cc(F)cc(CNc2nc(C(=O)N3CC(O)C3)c3sccc3n2)c1,CHEMBL5898892,CHEMBL5898892,28629923,CHEMBL5728996,6.52
C[C@H](Nc1nc(C(=O)N2CC(O)C2)c2sccc2n1)c1cccnc1,CHEMBL5952310,CHEMBL5952310,28629935,CHEMBL5728996,6.52
COC1CN(C(=O)c2nc(N[C@@H](C)c3cccnc3)nc3ccsc23)C1,CHEMBL6063959,CHEMBL6063959,28629947,CHEMBL5728996,7.12
C[C@H](Nc1nc(C(=O)NC2CCN(C(=O)OC(C)(C)C)C2)c2sccc2n1)c1ccccn1,CHEMBL5997583,CHEMBL5997583,28629983;28631729,CHEMBL5728996;CHEMBL5728996,7.52;7.52
COCCNC(=O)c1nc(N[C@@H](C)c2ccccn2)nc2ccsc12,CHEMBL5782449,CHEMBL5782449,28629995,CHEMBL5728996,7.12
C[C@H](Nc1nc(C(=O)NCCO)c2sccc2n1)c1cccnc1,CHEMBL5947343,CHEMBL5947343,28630007,CHEMBL5728996,6.52
COCCNC(=O)c1nc(NCc2cncc(F)c2)nc2ccsc12,CHEMBL6033186,CHEMBL6033186,28630019,CHEMBL5728996,6.52
C[C@H](Nc1nc(C(=O)NC2CCC2)c2sccc2n1)c1ccccn1,CHEMBL6054676,CHEMBL6054676,28630025,CHEMBL5728996,7.52
C[C@H](Nc1nc(C(=O)NCC2CCN(Cc3ccccc3)CC2)c2sccc2n1)c1ccccn1,CHEMBL5845104,CHEMBL5845104,28630055,CHEMBL5728996,6.52
CNc1cc2nc(N[C@@H](C)c3cccnc3)nc(C(=O)N3CCCC3)c2s1,CHEMBL5999768,CHEMBL5999768,28630061,CHEMBL5728996,6.52
CNc1cc2nc(N[C@@H](C)c3cccnc3)nc(C(=O)N3CCC3)c2s1,CHEMBL5793406,CHEMBL5793406,28630073,CHEMBL5728996,6.52
O=C(NC1CCC1)c1nc(NCc2cnccn2)nc2ccsc12,CHEMBL6041527,CHEMBL6041527,28630085,CHEMBL5728996,6.52
C[C@H](Nc1nc(C(=O)NC2CC(O)C2)c2sccc2n1)c1ccccn1,CHEMBL5954665,CHEMBL5954665,28630109;28630121,CHEMBL5728996;CHEMBL5728996,7.52;6.52
CNc1cc2nc(N[C@@H](C)c3cccnc3)nc(C(=O)N3CC[C@@H](F)C3)c2s1,CHEMBL5993876,CHEMBL5993876,28630145,CHEMBL5728996,6.52
C[C@H](Nc1nc(C(=O)NC[C@@H](C)O)c2sccc2n1)c1ccccn1,CHEMBL5978641,CHEMBL5978641,28630157,CHEMBL5728996,6.52
C[C@H](O)CNC(=O)c1nc(N[C@@H](C)c2ccccn2)nc2ccsc12,CHEMBL5921531,CHEMBL5921531,28630169,CHEMBL5728996,6.52
C[C@H](Nc1nc(C(=O)N2CCC2)c2sccc2n1)c1cncc(F)c1,CHEMBL5984646,CHEMBL5984646,28630181,CHEMBL5728996,7.12
CC(C)(C)OC(=O)N[C@@H]1CCN(C(=O)c2nc(NCc3cc(F)cc(F)c3)nc3ccsc23)C1,CHEMBL6023992,CHEMBL6023992,28630217,CHEMBL5728996,6.52
O=C(c1nc(NCc2cc(F)cc(F)c2)nc2ccsc12)N1CCC1,CHEMBL6053191,CHEMBL6053191,28630229,CHEMBL5728996,6.52
O=C(NCCO)c1nc(NCc2cc(F)cc(F)c2)nc2ccsc12,CHEMBL6048084,CHEMBL6048084,28630235,CHEMBL5728996,6.52
CCOc1ccc(CNC(=O)c2nc(N[C@@H](C)c3ccccn3)nc3ccsc23)cn1,CHEMBL5831955,CHEMBL5831955,28630247,CHEMBL5728996,7.12
O=C(NC1CCC1)c1nc(NCc2cncc(F)c2)nc2ccsc12,CHEMBL5802095,CHEMBL5802095,28630259,CHEMBL5728996,7.12
CNc1cc2nc(N[C@@H](C)c3ccccn3)nc(C(=O)N3CCC3)c2s1,CHEMBL5759668,CHEMBL5759668,28630283,CHEMBL5728996,6.52
C[C@H](Nc1nc(C(=O)N2CC[C@@H](F)C2)c2sc(N)cc2n1)c1ccccn1,CHEMBL6001990,CHEMBL6001990,28630295,CHEMBL5728996,6.52
CNc1cc2nc(N[C@@H](C)c3ccccn3)nc(C(=O)N3CC[C@@H](F)C3)c2s1,CHEMBL5864167,CHEMBL5864167,28630301,CHEMBL5728996,6.52
O=C(NC1CCC1)c1nc(NCc2cc(F)cc(F)c2)nc2ccsc12,CHEMBL5968802,CHEMBL5968802,28630325,CHEMBL5728996,7.12
CC(C)(C)OC(=O)N1CC(NC(=O)c2nc(NCc3cncc(F)c3)nc3ccsc23)C1,CHEMBL6018147,CHEMBL6018147,28630337,CHEMBL5728996,6.52
C[C@H](Nc1nc(C(=O)NC2CN(C(=O)OC(C)(C)C)C2)c2sccc2n1)c1ccccn1,CHEMBL5781801,CHEMBL5781801,28630343,CHEMBL5728996,7.12
C[C@H](Nc1nc(C(=O)NC2CCCC2)c2sccc2n1)c1ccccn1,CHEMBL5795646,CHEMBL5795646,28630349,CHEMBL5728996,7.52
C[C@H](Nc1nc(C(=O)N[C@@H](C)CO)c2sccc2n1)c1ccccn1,CHEMBL5956636,CHEMBL5956636,28630361,CHEMBL5728996,6.52
C[C@H](CO)NC(=O)c1nc(N[C@@H](C)c2ccccn2)nc2ccsc12,CHEMBL5911819,CHEMBL5911819,28630367,CHEMBL5728996,6.52
O=C(NC1CC(O)C1)c1nc(NCc2cncc(F)c2)nc2ccsc12,CHEMBL5835660,CHEMBL5835660,28630373,CHEMBL5728996,6.52
COC1CN(C(=O)c2nc(N[C@@H](C)c3cncc(F)c3)nc3ccsc23)C1,CHEMBL5995121,CHEMBL5995121,28630397,CHEMBL5728996,6.52
CNc1cc2nc(N[C@@H](C)c3cccnc3)nc(C(=O)N3CC[C@H](F)C3)c2s1,CHEMBL5859340,CHEMBL5859340,28630415,CHEMBL5728996,6.52
C[C@H](Nc1nc(C(=O)N2CCC2)c2sc(N)cc2n1)c1ccccn1,CHEMBL5784828,CHEMBL5784828,28630439,CHEMBL5728996,6.52
C[C@H](Nc1nc(C(=O)NC[C@@H](C)O)c2sccc2n1)c1cncc(F)c1,CHEMBL5982241,CHEMBL5982241,28630451,CHEMBL5728996,7.12
C[C@H](O)CNC(=O)c1nc(N[C@@H](C)c2cncc(F)c2)nc2ccsc12,CHEMBL6054989,CHEMBL6054989,28630463,CHEMBL5728996,6.52
C[C@H](Nc1nc(C(=O)NC2CC2)c2sccc2n1)c1ccccn1,CHEMBL6062375,CHEMBL6062375,28630475,CHEMBL5728996,7.52
C[C@H](Nc1nc(C(=O)NCC2CCC2)c2sccc2n1)c1ccccn1,CHEMBL5870810,CHEMBL5870810,28630487,CHEMBL5728996,7.12
C[C@H](Nc1nc(C(=O)NC2COC2)c2sccc2n1)c1ccccn1,CHEMBL6012269,CHEMBL6012269,28630493,CHEMBL5728996,6.52
C[C@H](Nc1nc(C(=O)N2CC[C@@H](F)C2)c2sc(N)cc2n1)c1cccnc1,CHEMBL5979159,CHEMBL5979159,28630499,CHEMBL5728996,6.52
C[C@H](Nc1nc(C(=O)N2CC(O)C2)c2sccc2n1)c1cncc(F)c1,CHEMBL5996505,CHEMBL5996505,28630523,CHEMBL5728996,6.52
CC(C)NC(=O)c1nc(N[C@@H](C)c2ccccn2)nc2ccsc12,CHEMBL6005456,CHEMBL6005456,28630535,CHEMBL5728996,7.52
C[C@H](Nc1nc(C(=O)NCc2cncc(C(F)(F)F)c2)c2sccc2n1)c1ccccn1,CHEMBL5786330,CHEMBL5786330,28630547,CHEMBL5728996,6.52
C[C@H](Nc1nc(C(=O)NC(C)(C)C)c2sccc2n1)c1ccccn1,CHEMBL6024674,CHEMBL6024674,28630553,CHEMBL5728996,7.12
COCC(Nc1nc(C(=O)NC2CC2)c2sccc2n1)c1cccnc1,CHEMBL5933538,CHEMBL5933538,28630565,CHEMBL5728996,7.12
C[C@H](Nc1nc(C(=O)N2CCC2)c2sc(N)cc2n1)c1cccnc1,CHEMBL5991411,CHEMBL5991411,28630571,CHEMBL5728996,6.52
C[C@H](Nc1nc(C(=O)N2CC[C@H](F)C2)c2sc(N)cc2n1)c1cccnc1,CHEMBL5878466,CHEMBL5878466,28630577,CHEMBL5728996,6.52
C[C@H](Nc1nc(C(=O)N2CC(O)C2)c2sc(N)cc2n1)c1ccccn1,CHEMBL6006340,CHEMBL6006340,28630583,CHEMBL5728996,6.52
C[C@@H]1CCN(C(=O)c2nc(N[C@@H](C)c3ccccn3)nc3cc(N)sc23)C1,CHEMBL5816463,CHEMBL5816463,28630589,CHEMBL5728996,6.52
CNc1cc2nc(N[C@@H](C)c3ccccn3)nc(C(=O)N3CC[C@@H](C)C3)c2s1,CHEMBL5810042,CHEMBL5810042,28630595,CHEMBL5728996,6.52
CNc1cc2nc(N[C@@H](C)c3cncc(F)c3)nc(C(=O)N3CCCC3)c2s1,CHEMBL5980764,CHEMBL5980764,28630613,CHEMBL5728996,6.52
CNc1cc2nc(N[C@@H](C)c3cncc(F)c3)nc(C(=O)N3CCC3)c2s1,CHEMBL5740833,CHEMBL5740833,28630625,CHEMBL5728996,6.52
Cc1cc2nc(N[C@@H](C)c3cccnc3)nc(C(=O)N3CCCC3)c2s1,CHEMBL6053680,CHEMBL6053680,28630649,CHEMBL5728996,6.52
C[C@H](Nc1nc(C(=O)NCCS(C)(=O)=O)c2sccc2n1)c1ccccn1,CHEMBL5958542,CHEMBL5958542,28630667,CHEMBL5728996,6.52
COCC(Nc1nc(C(=O)NC2COC2)c2sccc2n1)c1cccnc1,CHEMBL5952202,CHEMBL5952202,28630673,CHEMBL5728996,6.52
COCC(Nc1nc(C(=O)N2CC(OC)C2)c2sccc2n1)c1cccnc1,CHEMBL6005128,CHEMBL6005128,28630679,CHEMBL5728996,7.12
COCC(Nc1nc(C(=O)NC2CC(O)C2)c2sccc2n1)c1cccnc1,CHEMBL5806644,CHEMBL5806644,28630685,CHEMBL5728996,6.52
C[C@H](Nc1nc(C(=O)NCC2CCOCC2)c2sccc2n1)c1cncc(F)c1,CHEMBL6032065,CHEMBL6032065,28630691;28631873,CHEMBL5728996;CHEMBL5728996,6.52;7.12
C[C@H](Nc1nc(C(=O)N2CCCC2)c2sc(N)cc2n1)c1cncc(F)c1,CHEMBL5750437,CHEMBL5750437,28630727,CHEMBL5728996,6.52
C[C@H](Nc1nc(C(=O)N2CC[C@H](F)C2)c2sccc2n1)c1cncc(F)c1,CHEMBL5956234,CHEMBL5956234,28630751,CHEMBL5728996,6.52
C[C@H](Nc1nc(C(=O)NCC(F)(F)F)c2sccc2n1)c1ccccn1,CHEMBL5955472,CHEMBL5955472,28630763,CHEMBL5728996,7.12
C[C@H](Nc1nc(C(=O)NCC2CCOCC2)c2sccc2n1)c1ccccn1,CHEMBL5986196,CHEMBL5986196,28630775,CHEMBL5728996,6.52
C[C@H](Nc1nc(C(=O)N2CCCC2)c2sccc2n1)c1cncc(Cl)c1,CHEMBL5911177,CHEMBL5911177,28630799,CHEMBL5728996,6.52
C[C@H](Nc1nc(C(=O)N2CCC2)c2sccc2n1)c1cncc(Cl)c1,CHEMBL6021412,CHEMBL6021412,28630811,CHEMBL5728996,6.52
COC1CN(C(=O)c2nc(N[C@@H](C)c3cncc(Cl)c3)nc3ccsc23)C1,CHEMBL5770293,CHEMBL5770293,28630823,CHEMBL5728996,6.52
C[C@H](Nc1nc(C(=O)N2CC[C@@H](F)C2)c2sccc2n1)c1cncc(F)c1,CHEMBL6009071,CHEMBL6009071,28630835,CHEMBL5728996,6.52
CN(C(=O)OC(C)(C)C)C1CN(C(=O)c2nc(NCc3cncc(F)c3)nc3ccsc23)C1,CHEMBL5965627,CHEMBL5965627,28630847,CHEMBL5728996,6.52
C[C@H](Nc1nc(C(=O)NCC(C)(C)O)c2sccc2n1)c1cncc(F)c1,CHEMBL5763346,CHEMBL5763346,28630877,CHEMBL5728996,6.52
CC(C)(C)OC(=O)N[C@@H]1CCN(C(=O)c2nc(NCc3cncc(F)c3)nc3ccsc23)C1,CHEMBL5886769,CHEMBL5886769,28630889,CHEMBL5728996,6.52
C[C@H](Nc1nc(C(=O)N2CCC2)c2sc(N)cc2n1)c1cncc(F)c1,CHEMBL5769029,CHEMBL5769029,28630913,CHEMBL5728996,7.12
C[C@H](Nc1nc(C(=O)N2CC[C@@H](O)C2)c2sc(N)cc2n1)c1cncc(F)c1,CHEMBL5852286,CHEMBL5852286,28630925,CHEMBL5728996,6.52
CNc1cc2nc(N[C@@H](C)c3cncc(F)c3)nc(C(=O)N3CC(OC)C3)c2s1,CHEMBL5900294,CHEMBL5900294,28630937,CHEMBL5728996,6.52
Cc1cc2nc(N[C@@H](C)c3ccccn3)nc(C(=O)N3CCCC3)c2s1,CHEMBL5981857,CHEMBL5981857,28630949,CHEMBL5728996,7.52
CC(C)(C)OC(=O)N[C@H]1CCN(C(=O)c2nc(NCc3cncc(F)c3)nc3ccsc23)C1,CHEMBL5890601,CHEMBL5890601,28630961,CHEMBL5728996,6.52
C[C@H](Nc1nc(C(=O)N2CC[C@@H](NC(=O)OC(C)(C)C)C2)c2sccc2n1)c1ccccn1,CHEMBL6028644,CHEMBL6028644,28630967,CHEMBL5728996,6.52
Cc1cc2nc(N[C@@H](C)c3cncc(F)c3)nc(C(=O)N3CC[C@H](O)C3)c2s1,CHEMBL5860494,CHEMBL5860494,28630997,CHEMBL5728996,6.52
Cc1cc2nc(N[C@@H](C)c3cncc(F)c3)nc(C(=O)N3CC[C@@H](O)C3)c2s1,CHEMBL5761615,CHEMBL5761615,28631009,CHEMBL5728996,6.52
CO[C@@H]1CCN(C(=O)c2nc(N[C@@H](C)c3cncc(F)c3)nc3ccsc23)C1,CHEMBL6007666,CHEMBL6007666,28631021,CHEMBL5728996,6.52
CO[C@H]1CCN(C(=O)c2nc(N[C@@H](C)c3cncc(F)c3)nc3ccsc23)C1,CHEMBL6047348,CHEMBL6047348,28631033,CHEMBL5728996,6.52
CO[C@@H]1CCN(C(=O)c2nc(N[C@@H](C)c3cncc(Cl)c3)nc3ccsc23)C1,CHEMBL5896522,CHEMBL5896522,28631045,CHEMBL5728996,6.52
CO[C@H]1CCN(C(=O)c2nc(N[C@@H](C)c3cncc(Cl)c3)nc3ccsc23)C1,CHEMBL5953187,CHEMBL5953187,28631057,CHEMBL5728996,6.52
CO[C@H]1CCN(C(=O)c2nc(N[C@@H](C)c3ccccn3)nc3ccsc23)C1,CHEMBL6034114,CHEMBL6034114,28631069,CHEMBL5728996,7.52
O=C(c1nc(NCCc2ccccc2)nc2ccsc12)N1CCCC1,CHEMBL6024050,CHEMBL6024050,28631093,CHEMBL5728996,6.52
C[C@H](Nc1nc(C(=O)N2CC[C@H](CO)C2)c2sccc2n1)c1cccnc1,CHEMBL5974533,CHEMBL5974533,28631099,CHEMBL5728996,6.52
C[C@H](Nc1nc(C(=O)N2CC[C@@H](CO)C2)c2sccc2n1)c1cccnc1,CHEMBL5815516,CHEMBL5815516,28631111,CHEMBL5728996,6.52
C[C@H](Nc1nc(C(=O)NCC(F)(F)F)c2sccc2n1)c1cncc(F)c1,CHEMBL5740009,CHEMBL5740009,28631135,CHEMBL5728996,6.52
Cc1cc2nc(N[C@@H](C)c3cncc(F)c3)nc(C(=O)N3CC(O)C3)c2s1,CHEMBL5980513,CHEMBL5980513,28631165,CHEMBL5728996,7.12
COC1CN(C(=O)c2nc(N[C@@H](C)c3cncc(F)c3)nc3cc(C)sc23)C1,CHEMBL5812135,CHEMBL5812135,28631177,CHEMBL5728996,7.12
C[C@H](Nc1nc(C(=O)NC(CO)c2cccnc2)c2sccc2n1)c1ccccn1,CHEMBL5792030,CHEMBL5792030,28631189,CHEMBL5728996,6.52
C[C@H](Nc1nc(C(=O)N2CCC[C@@H]2C)c2sccc2n1)c1cncc(F)c1,CHEMBL5860246,CHEMBL5860246,28631201,CHEMBL5728996,6.52
C[C@H](Nc1nc(C(=O)N2CCC[C@H]2C)c2sccc2n1)c1cncc(F)c1,CHEMBL6009004,CHEMBL6009004,28631213,CHEMBL5728996,6.52
C[C@H](Nc1nc(C(=O)N2CC[C@H](S(C)(=O)=O)C2)c2sccc2n1)c1ccccn1,CHEMBL5990564,CHEMBL5990564,28631231,CHEMBL5728996,6.52
C[C@H](Nc1nc(C(=O)NCCO)c2sccc2n1)c1cncc(F)c1,CHEMBL6033132,CHEMBL6033132,28631237,CHEMBL5728996,6.52
Cc1cc2nc(N[C@@H](C)c3cncc(F)c3)nc(C(=O)N3CCC3)c2s1,CHEMBL5931557,CHEMBL5931557,28631249,CHEMBL5728996,7.12
Cc1cc2nc(N[C@@H](C)c3cncc(F)c3)nc(C(=O)NC[C@H](C)O)c2s1,CHEMBL5894644,CHEMBL5894644,28631261,CHEMBL5728996,6.52
Cc1cc2nc(N[C@@H](C)c3cncc(F)c3)nc(C(=O)NC[C@@H](C)O)c2s1,CHEMBL5883640,CHEMBL5883640,28631273,CHEMBL5728996,7.12
Cc1cc2nc(N[C@@H](C)c3cncc(F)c3)nc(C(=O)N3CCCC3)c2s1,CHEMBL5943822,CHEMBL5943822,28631285,CHEMBL5728996,7.12
Cc1cc2nc(N[C@@H](C)c3cncc(F)c3)nc(C(=O)NCC(F)(F)F)c2s1,CHEMBL5910436,CHEMBL5910436,28631297,CHEMBL5728996,7.52
Cc1cc2nc(N[C@@H](C)c3cccnc3)nc(C(=O)N3CCC3)c2s1,CHEMBL5887812,CHEMBL5887812,28631333,CHEMBL5728996,6.52
Cc1cc2nc(N[C@@H](C)c3ccccn3)nc(C(=O)N3CCC3)c2s1,CHEMBL5899763,CHEMBL5899763,28631345,CHEMBL5728996,7.12
Cc1cc2nc(N[C@@H](C)c3ccccn3)nc(C(=O)N3CC(O)C3)c2s1,CHEMBL6021840,CHEMBL6021840,28631357,CHEMBL5728996,6.52
COC1CN(C(=O)c2nc(N[C@@H](C)c3cccnc3)nc3cc(C)sc23)C1,CHEMBL5837567,CHEMBL5837567,28631369,CHEMBL5728996,7.12
Cc1cc2nc(N[C@@H](C)c3ccccn3)nc(C(=O)NC[C@H](C)O)c2s1,CHEMBL5779720,CHEMBL5779720,28631381,CHEMBL5728996,6.52
Cc1cc2nc(N[C@@H](C)c3ccccn3)nc(C(=O)NC[C@@H](C)O)c2s1,CHEMBL6016179,CHEMBL6016179,28631393,CHEMBL5728996,6.52
C[C@H](Nc1nc(C(=O)NC[C@@H](C)O)c2sccc2n1)c1cncc(Cl)c1,CHEMBL5947174,CHEMBL5947174,28631441,CHEMBL5728996,6.52
C[C@H](Nc1nc(C(=O)N2CC[C@H](CO)C2)c2sccc2n1)c1cncc(F)c1,CHEMBL6060791,CHEMBL6060791,28631453,CHEMBL5728996,6.52
C[C@H](Nc1nc(C(=O)N2CC[C@@H](CO)C2)c2sccc2n1)c1cncc(F)c1,CHEMBL5903882,CHEMBL5903882,28631465,CHEMBL5728996,6.52
COC1CC(NC(=O)c2nc(N[C@@H](C)c3cccnc3)nc3ccsc23)C1,CHEMBL5939364,CHEMBL5939364,28631477,CHEMBL5728996,6.52
Cc1cc2nc(N[C@@H](C)c3ccccn3)nc(C(=O)N3CC[C@@H](O)C3)c2s1,CHEMBL5884132,CHEMBL5884132,28631495,CHEMBL5728996,6.52
Cc1cc2nc(N[C@@H](C)c3cccnc3)nc(C(=O)N3CC(O)C3)c2s1,CHEMBL5886658,CHEMBL5886658,28631507,CHEMBL5728996,6.52
COC1CN(C(=O)c2nc(N[C@@H](C)c3ccccn3)nc3cc(C)sc23)C1,CHEMBL5742168,CHEMBL5742168,28631519,CHEMBL5728996,7.52
CO[C@H]1CCN(C(=O)c2nc(N[C@@H](C)c3cncc(F)c3)nc3cc(C)sc23)C1,CHEMBL5877408,CHEMBL5877408,28631531,CHEMBL5728996,6.52
CO[C@@H]1CCN(C(=O)c2nc(N[C@@H](C)c3cncc(F)c3)nc3cc(C)sc23)C1,CHEMBL6009828,CHEMBL6009828,28631543,CHEMBL5728996,7.12
C[C@H](Nc1nc(C(=O)Nc2ccccc2)c2sccc2n1)c1ccccn1,CHEMBL5892694,CHEMBL5892694,28631555,CHEMBL5728996,6.52
C[C@H](Nc1nc(C(=O)NCc2ncc[nH]2)c2sccc2n1)c1ccccn1,CHEMBL5828759,CHEMBL5828759,28631561,CHEMBL5728996,6.52
C[C@H](Nc1nc(C(=O)NC2CC(O)C2)c2sccc2n1)c1cncc(Cl)c1,CHEMBL6013039,CHEMBL6013039,28631567,CHEMBL5728996,7.12
COc1cncc(NC(=O)c2nc(N[C@@H](C)c3ccccn3)nc3ccsc23)c1,CHEMBL5872406,CHEMBL5872406,28631585,CHEMBL5728996,6.52
Cc1cc2nc(N[C@@H](C)c3cncc(F)c3)nc(C(=O)NCC(C)(C)O)c2s1,CHEMBL5886429,CHEMBL5886429,28631591,CHEMBL5728996,7.12
Cc1cc2nc(N[C@@H](C)c3cncc(F)c3)nc(C(=O)N3CC[C@H](CO)C3)c2s1,CHEMBL5939717,CHEMBL5939717,28631603,CHEMBL5728996,7.12
Cc1cc2nc(N[C@@H](C)c3cncc(F)c3)nc(C(=O)N3CC[C@@H](CO)C3)c2s1,CHEMBL5923318,CHEMBL5923318,28631615,CHEMBL5728996,6.52
CO[C@H]1CCN(C(=O)c2nc(N[C@@H](C)c3ccccn3)nc3cc(C)sc23)C1,CHEMBL5790837,CHEMBL5790837,28631627,CHEMBL5728996,7.12
CO[C@@H]1CCN(C(=O)c2nc(N[C@@H](C)c3ccccn3)nc3cc(C)sc23)C1,CHEMBL5917788,CHEMBL5917788,28631639,CHEMBL5728996,7.52
C[C@H](Nc1nc(C(=O)N2CC[C@@H](NC(=O)OC(C)(C)C)C2)c2sccc2n1)c1cccnc1,CHEMBL6029669,CHEMBL6029669,28631651,CHEMBL5728996,6.52
C[C@H](Nc1nc(C(=O)N2CC[C@H](NC(=O)OC(C)(C)C)C2)c2sccc2n1)c1cccnc1,CHEMBL5756626,CHEMBL5756626,28631657,CHEMBL5728996,7.12
C[C@H](Nc1nc(C(=O)N2CC[C@H](NC(=O)OC(C)(C)C)C2)c2sccc2n1)c1ccccn1,CHEMBL5761672,CHEMBL5761672,28631663,CHEMBL5728996,7.12
COC[C@@H](Nc1nc(C(=O)NC[C@H](C)O)c2sccc2n1)c1cccnc1,CHEMBL5803131,CHEMBL5803131,28631693,CHEMBL5728996,6.52
COC[C@@H](Nc1nc(C(=O)NC[C@@H](C)O)c2sccc2n1)c1cccnc1,CHEMBL5760191,CHEMBL5760191,28631699,CHEMBL5728996,6.52
Cc1cc2nc(N[C@@H](C)c3cccnc3)nc(C(=O)NC[C@H](C)O)c2s1,CHEMBL5780250,CHEMBL5780250,28631753,CHEMBL5728996,6.52
C[C@H](Nc1nc(C(=O)NC2CC[C@@H](O)C2)c2sccc2n1)c1cncc(F)c1,CHEMBL5849430,CHEMBL5849430,28631765,CHEMBL5728996,7.52
CC(=O)N[C@H]1CCN(C(=O)c2nc(N[C@@H](C)c3cncc(F)c3)nc3ccsc23)C1,CHEMBL5882611,CHEMBL5882611,28631783,CHEMBL5728996,6.52
C[C@H](Nc1nc(C(=O)NC2CC[C@@H](O)C2)c2sccc2n1)c1ccccn1,CHEMBL5755471,CHEMBL5755471,28631795,CHEMBL5728996,6.52
Cc1cc2nc(N[C@@H](C)c3cccnc3)nc(C(=O)NC[C@@H](C)O)c2s1,CHEMBL5760152,CHEMBL5760152,28631819,CHEMBL5728996,6.52
C[C@H](Nc1nc(C(=O)NCCc2ccc(O)cc2)c2sccc2n1)c1cncc(F)c1,CHEMBL5760433,CHEMBL5760433,28631885,CHEMBL5728996,6.52
COC[C@@H](Nc1nc(C(=O)N2CCC2)c2sccc2n1)c1cccnc1,CHEMBL6005043,CHEMBL6005043,28631897,CHEMBL5728996,6.52
C[C@H](Nc1nc(C(=O)NCCC2CCN(C(=O)OC(C)(C)C)CC2)c2sccc2n1)c1ccccn1,CHEMBL5892388,CHEMBL5892388,28631909,CHEMBL5728996,6.52
C[C@H](Nc1nc(C(=O)NCCC2CCN(C(=O)OC(C)(C)C)CC2)c2sccc2n1)c1cncc(F)c1,CHEMBL5909090,CHEMBL5909090,28631915,CHEMBL5728996,6.52
C[C@H](Nc1nc(C(=O)N2CCCC2)c2sccc2n1)c1ccncc1,CHEMBL5805811,CHEMBL5805811,28631921,CHEMBL5728996,6.52
COc1ccc(CNC(=O)c2nc(N[C@@H](C)c3ccncc3)nc3ccsc23)cn1,CHEMBL5902694,CHEMBL5902694,28631927,CHEMBL5728996,6.52
CO[C@H]1CCN(C(=O)c2nc(N[C@@H](C)c3cccnc3)nc3cc(C)sc23)C1,CHEMBL5784235,CHEMBL5784235,28631975,CHEMBL5728996,6.52
CO[C@@H]1CCN(C(=O)c2nc(N[C@@H](C)c3cccnc3)nc3cc(C)sc23)C1,CHEMBL5968168,CHEMBL5968168,28631981,CHEMBL5728996,7.12
Cc1cc2nc(N[C@@H](C)c3ccccn3)nc(C(=O)NC3CCC3)c2s1,CHEMBL5763363,CHEMBL5763363,28631987,CHEMBL5728996,7.52
Cc1cc2nc(N[C@@H](C)c3ccccn3)nc(C(=O)NCCO)c2s1,CHEMBL5949836,CHEMBL5949836,28631999,CHEMBL5728996,6.52
C[C@H](Nc1nc(C(=O)N2CCC(C(=O)OC(C)(C)C)C2)c2sccc2n1)c1cncc(F)c1,CHEMBL5903387,CHEMBL5903387,28632011,CHEMBL5728996,6.52
O=C(c1nc(NCCc2ccc(O)cc2)nc2ccsc12)N1CCCC1,CHEMBL5945995,CHEMBL5945995,28632041,CHEMBL5728996,6.52
C[C@H](Nc1nc(C(=O)NCCC2CCN(C(=O)OC(C)(C)C)C2)c2sccc2n1)c1cncc(F)c1,CHEMBL5944809,CHEMBL5944809,28632077,CHEMBL5728996,7.12
Cc1cc2nc(N[C@@H](C)c3cccnc3)nc(C(=O)NCCO)c2s1,CHEMBL5904829,CHEMBL5904829,28632095,CHEMBL5728996,6.52
Cc1cc2nc(N[C@@H](C)c3cncc(F)c3)nc(C(=O)NCCc3ccc(O)cc3)c2s1,CHEMBL5999152,CHEMBL5999152,28632131,CHEMBL5728996,6.52
COc1cccc(CNC(=O)c2nc(N[C@@H](C)c3cncc(F)c3)nc3cc(C)sc23)n1,CHEMBL5768228,CHEMBL5768228,28632143,CHEMBL5728996,6.52
Cc1cc2nc(N[C@@H](C)c3cccnc3)nc(C(=O)NCC3CCOCC3)c2s1,CHEMBL6048981,CHEMBL6048981,28632155,CHEMBL5728996,6.52
Cc1cc2nc(N[C@@H](C)c3cncc(F)c3)nc(C(=O)NCC3CCOCC3)c2s1,CHEMBL5831847,CHEMBL5831847,28632161,CHEMBL5728996,6.52
C[C@H](Nc1nc(C(=O)NCCc2ccc(CO)cc2)c2sccc2n1)c1cncc(F)c1,CHEMBL5884317,CHEMBL5884317,28632227,CHEMBL5728996,6.52
Cc1cc2nc(N[C@@H](C)c3cncc(F)c3)nc(C(=O)NCC3CCOC3)c2s1,CHEMBL5872636,CHEMBL5872636,28632281,CHEMBL5728996,6.52
C[C@H](NC(=O)c1nc(N[C@@H](C)c2ccccc2)nc2ccsc12)c1ccccc1,CHEMBL5791172,CHEMBL5791172,28632329,CHEMBL5728996,6.52
C[C@H](Nc1nc(C(=O)N[C@@H]2CC[C@@H](O)C2)c2sccc2n1)c1cncc(F)c1,CHEMBL5771777,CHEMBL5771777,28632335,CHEMBL5728996,6.52
COc1ccc(Oc2cc(CNC(=O)c3nc(N[C@@H](C)c4cncc(F)c4)nc4ccsc34)ccn2)cc1,CHEMBL5994812,CHEMBL5994812,28632353,CHEMBL5728996,6.52
C[C@H](Nc1nc(C(=O)N[C@@H]2CC[C@H](O)C2)c2sccc2n1)c1cncc(F)c1,CHEMBL6064167,CHEMBL6064167,28632383,CHEMBL5728996,7.12
C[C@H](Nc1nc(C(=O)N2CC(CNC(=O)OC(C)(C)C)C2)c2sccc2n1)c1cncc(F)c1,CHEMBL5977243,CHEMBL5977243,28632407,CHEMBL5728996,7.52
C[C@H](Nc1nc(C(=O)NCCc2ccc(O)cc2)c2sccc2n1)c1ccnc(F)c1,CHEMBL5775158,CHEMBL5775158,28632419,CHEMBL5728996,6.52
C[C@H](Nc1nc(C(=O)N2CCCC2)c2sccc2n1)c1ccnc(F)c1,CHEMBL6062606,CHEMBL6062606,28632431,CHEMBL5728996,6.52
C[C@H](Nc1nc(C(=O)NCCc2cccc(O)c2)c2sccc2n1)c1cncc(F)c1,CHEMBL6029192,CHEMBL6029192,28632449,CHEMBL5728996,7.52
C[C@H](Nc1nc(C(=O)NCCc2ccc(O)cc2)c2sccc2n1)c1ccccn1,CHEMBL5999255,CHEMBL5999255,28632461,CHEMBL5728996,6.52
COc1cccc(CCNC(=O)c2nc(N[C@@H](C)c3cncc(F)c3)nc3ccsc23)n1,CHEMBL5833771,CHEMBL5833771,28632473,CHEMBL5728996,6.52
Cc1csc2c(C(=O)N3CCCC3)nc(N[C@@H](C)c3cncc(F)c3)nc12,CHEMBL5929296,CHEMBL5929296,28632509,CHEMBL5728996,7.52
Cc1csc2c(C(=O)N3CCC3)nc(N[C@@H](C)c3cncc(F)c3)nc12,CHEMBL6063175,CHEMBL6063175,28632521,CHEMBL5728996,7.52
Cc1csc2c(C(=O)N3CC[C@H](O)C3)nc(N[C@@H](C)c3cncc(F)c3)nc12,CHEMBL5943058,CHEMBL5943058,28632533,CHEMBL5728996,6.52
COc1ccc(CCNC(=O)c2nc(N[C@@H](C)c3cncc(F)c3)nc3ccsc23)cc1,CHEMBL6035129,CHEMBL6035129,28632575,CHEMBL5728996,6.52
COc1ccc(CCCNC(=O)c2nc(N[C@@H](C)c3cncc(F)c3)nc3ccsc23)cc1,CHEMBL5770370,CHEMBL5770370,28632593,CHEMBL5728996,6.52
C[C@H](Nc1nc(C(=O)NCCC2CCCC2)c2sccc2n1)c1ccccn1,CHEMBL5950652,CHEMBL5950652,28632611,CHEMBL5728996,7.12
C[C@H](Nc1nc(C(=O)NCCC2CCN(C(=O)OC(C)(C)C)C2)c2sccc2n1)c1ccccn1,CHEMBL5952173,CHEMBL5952173,28632617,CHEMBL5728996,7.12
C[C@H](Nc1nc(C(=O)NCCC2CC(C(=O)OC(C)(C)C)C2)c2sccc2n1)c1ccccn1,CHEMBL5973173,CHEMBL5973173,28632623,CHEMBL5728996,6.52
C[C@H](Nc1nc(C(=O)NCCc2cccc(O)c2)c2sccc2n1)c1cccnc1,CHEMBL5887205,CHEMBL5887205,28632629,CHEMBL5728996,6.52
C[C@H](Nc1nc(C(=O)NCCc2cccc(O)c2)c2sccc2n1)c1ccccn1,CHEMBL6031428,CHEMBL6031428,28632641,CHEMBL5728996,6.52
Cc1cc2nc(N[C@@H](C)c3cncc(F)c3)nc(C(=O)N3CC(NC(=O)OC(C)(C)C)C3)c2s1,CHEMBL5767757,CHEMBL5767757,28632653,CHEMBL5728996,7.52
COc1ccc([C@H](C)Nc2nc(C(=O)N3CCC3)c3sccc3n2)cc1,CHEMBL6047138,CHEMBL6047138,28632689,CHEMBL5728996,6.52
COc1ccc(CNc2nc(C(=O)NC3CCC3)c3sccc3n2)cn1,CHEMBL5948783,CHEMBL5948783,28632695,CHEMBL5728996,7.12
COc1ccc([C@H](C)Nc2nc(C(=O)NCc3cccnc3)c3sccc3n2)cc1,CHEMBL6001576,CHEMBL6001576,28632701,CHEMBL5728996,7.52
COc1ccc(CNc2nc(C(=O)NCc3cccnc3)c3sccc3n2)cn1,CHEMBL5991486,CHEMBL5991486,28632713,CHEMBL5728996,6.52
COc1cccc(CCNC(=O)c2nc(N[C@@H](C)c3ccccn3)nc3ccsc23)c1,CHEMBL5780438,CHEMBL5780438,28632719,CHEMBL5728996,6.52
CCO[C@@H]1CCN(C(=O)c2nc(N[C@@H](C)c3ccccn3)nc3ccsc23)C1,CHEMBL5773184,CHEMBL5773184,28632725,CHEMBL5728996,7.12
CCOc1ccc(CNc2nc(C(=O)NCCc3cccc(O)c3)c3sccc3n2)cn1,CHEMBL6042312,CHEMBL6042312,28632731,CHEMBL5728996,6.52
CO[C@H]1CCN(C(=O)c2nc(N[C@@H](C)c3ccccn3)nc3c(C)csc23)C1,CHEMBL5882436,CHEMBL5882436,28632737,CHEMBL5728996,6.52
CO[C@@H]1CCN(C(=O)c2nc(N[C@@H](C)c3ccccn3)nc3c(C)csc23)C1,CHEMBL5975633,CHEMBL5975633,28632743,CHEMBL5728996,7.52
CCO[C@H]1CCN(C(=O)c2nc(N[C@@H](C)c3ccccn3)nc3ccsc23)C1,CHEMBL5961763,CHEMBL5961763,28632749,CHEMBL5728996,6.52
Cc1csc2c(C(=O)NCc3ccccc3)nc(N[C@@H](C)c3ccccn3)nc12,CHEMBL5956556,CHEMBL5956556,28632755,CHEMBL5728996,7.52
COc1cccc(CCNC(=O)c2nc(N[C@@H](C)c3ccccn3)nc3c(C)csc23)c1,CHEMBL6013847,CHEMBL6013847,28632761,CHEMBL5728996,7.12
Cc1csc2c(C(=O)NCCc3cccc(O)c3)nc(N[C@@H](C)c3ccccn3)nc12,CHEMBL6064227,CHEMBL6064227,28632779,CHEMBL5728996,7.12
C[C@H](Nc1nc(C(=O)NCCc2ccccc2O)c2sccc2n1)c1cncc(F)c1,CHEMBL5974576,CHEMBL5974576,28632785,CHEMBL5728996,6.52
COc1cccc(CNC(=O)c2nc(N[C@@H](C)c3ccccn3)nc3c(C)csc23)n1,CHEMBL6064366,CHEMBL6064366,28632797,CHEMBL5728996,7.52
Cc1csc2c(C(=O)NCc3ccccn3)nc(N[C@@H](C)c3ccccn3)nc12,CHEMBL5745907,CHEMBL5745907,28632809,CHEMBL5728996,7.52
CCOc1ccc(CNc2nc(C(=O)N3CCC3)c3sccc3n2)cn1,CHEMBL5845759,CHEMBL5845759,28632827,CHEMBL5728996,6.52
Cc1csc2c(C(=O)NC3CCC3)nc(N[C@@H](C)c3ccccn3)nc12,CHEMBL5868500,CHEMBL5868500,28632845,CHEMBL5728996,7.52
Cc1cc2nc(N[C@@H](C)c3cccnc3)nc(C(=O)NCc3ccccn3)c2s1,CHEMBL5883591,CHEMBL5883591,28632857,CHEMBL5728996,6.52
Cc1csc2c(C(=O)NCc3cccnc3)nc(N[C@@H](C)c3ccccn3)nc12,CHEMBL5749409,CHEMBL5749409,28632863,CHEMBL5728996,7.52
Cc1csc2c(C(=O)N3CCCC3)nc(N[C@@H](C)c3ccccn3)nc12,CHEMBL5870922,CHEMBL5870922,28632875,CHEMBL5728996,7.52
CCNC(=O)c1nc(NCCc2ccc(O)cc2)nc2ccsc12,CHEMBL5997068,CHEMBL5997068,28632887,CHEMBL5728996,6.52
Cc1cc2nc(N[C@@H](C)c3ccccn3)nc(C(=O)NCc3ccccn3)c2s1,CHEMBL5797615,CHEMBL5797615,28632893,CHEMBL5728996,7.52
Cc1cc2nc(N[C@@H](C)c3ccccn3)nc(C(=O)NCc3cccnc3)c2s1,CHEMBL5912147,CHEMBL5912147,28632905,CHEMBL5728996,7.12
COc1cccc(CNC(=O)c2nc(N[C@@H](C)c3cccnc3)nc3cc(C)sc23)n1,CHEMBL5992066,CHEMBL5992066,28632929,CHEMBL5728996,6.52
COc1ccc([C@@H](C)Nc2nc(C(=O)NCc3ccc(OC)nc3)c3sccc3n2)cc1,CHEMBL6051293,CHEMBL6051293,28632941,CHEMBL5728996,7.52
COc1ccc([C@H](C)Nc2nc(C(=O)NCc3ccccn3)c3sccc3n2)cc1,CHEMBL6028914,CHEMBL6028914,28632953,CHEMBL5728996,7.52
COC[C@@H]1CCN(C(=O)c2nc(N[C@@H](C)c3ccccn3)nc3cc(C)sc23)C1,CHEMBL5836410,CHEMBL5836410,28632959,CHEMBL5728996,6.52
COC[C@H]1CCN(C(=O)c2nc(N[C@@H](C)c3ccccn3)nc3ccsc23)C1,CHEMBL5885449,CHEMBL5885449,28632995,CHEMBL5728996,6.52
COC[C@@H]1CCN(C(=O)c2nc(N[C@@H](C)c3ccccn3)nc3ccsc23)C1,CHEMBL5769983,CHEMBL5769983,28633001,CHEMBL5728996,6.52
COc1ccc(CNC(=O)c2nc(N[C@@H](C)c3ccccn3)nc3ccsc23)cc1,CHEMBL5933344,CHEMBL5933344,28633025,CHEMBL5728996,7.12
Cc1cc2nc(N[C@@H](C)c3cncc(F)c3)nc(C(=O)N3CC(CNC(=O)OC(C)(C)C)C3)c2s1,CHEMBL5908806,CHEMBL5908806,28633031,CHEMBL5728996,6.52
Cc1cc2nc(N[C@@H](C)c3ccccn3)nc(C(=O)N3CC(CNC(=O)OC(C)(C)C)C3)c2s1,CHEMBL5900097,CHEMBL5900097,28633043,CHEMBL5728996,6.52
COc1ccc(CNC(=O)c2nc(N[C@@H](C)c3ccccn3)nc3cc(C)sc23)cc1,CHEMBL5854847,CHEMBL5854847,28633055,CHEMBL5728996,6.52
COC1(C)CN(C(=O)c2nc(N[C@@H](C)c3ccccn3)nc3cc(C)sc23)C1,CHEMBL5913512,CHEMBL5913512,28633121,CHEMBL5728996,6.52
Cc1cc2nc(N[C@@H](C)c3cncc(F)c3)nc(C(=O)N3CC(N(C)C(=O)OC(C)(C)C)C3)c2s1,CHEMBL6015199,CHEMBL6015199,28633133,CHEMBL5728996,6.52
Cc1cc2nc(N[C@@H](C)c3cncc(F)c3)nc(C(=O)NCCC3CN(C(=O)OC(C)(C)C)C3)c2s1,CHEMBL6054459,CHEMBL6054459,28633139,CHEMBL5728996,6.52
Cc1cc2nc(N[C@@H](C)c3cncc(F)c3)nc(C(=O)N3CC(CNC(=O)C(C)(C)C)C3)c2s1,CHEMBL6056767,CHEMBL6056767,28633187,CHEMBL5728996,6.52
Cc1cc2nc(N[C@@H](C)c3ccccn3)nc(C(=O)NCc3nccs3)c2s1,CHEMBL6000356,CHEMBL6000356,28633211,CHEMBL5728996,6.52
Cc1cc2nc(N[C@@H](C)c3cncc(F)c3)nc(C(=O)N3CC(CO)C3)c2s1,CHEMBL5868733,CHEMBL5868733,28633229,CHEMBL5728996,6.52
CCNC(=O)CC1CN(C(=O)c2nc(N[C@@H](C)c3cncc(F)c3)nc3cc(C)sc23)C1,CHEMBL5994559,CHEMBL5994559,28633241,CHEMBL5728996,7.12
Cc1cc2nc(N[C@@H](C)c3cncc(F)c3)nc(C(=O)N3CC(CN(C)C)C3)c2s1,CHEMBL5946276,CHEMBL5946276,28633301;28633325,CHEMBL5728996;CHEMBL5728996,7.12;6.52
CCOC(=O)N(C)C1CN(C(=O)c2nc(N[C@@H](C)c3cncc(F)c3)nc3cc(C)sc23)C1,CHEMBL6040129,CHEMBL6040129,28633343,CHEMBL5728996,7.12
Cc1cc2nc(N[C@@H](C)c3cncc(F)c3)nc(C(=O)N3CC(N(C)C(=O)CC(C)(C)C)C3)c2s1,CHEMBL5779527,CHEMBL5779527,28633355,CHEMBL5728996,7.52
CC(C)OC(=O)NC1CN(C(=O)c2nc(N[C@@H](C)c3cncc(F)c3)nc3ccsc23)C1,CHEMBL5783496,CHEMBL5783496,28633379,CHEMBL5728996,7.52
Cc1cc2nc(N[C@@H](C)c3cncc(F)c3)nc(C(=O)N3CC(NC(=O)OC(C)C)C3)c2s1,CHEMBL5785313,CHEMBL5785313,28633391,CHEMBL5728996,7.52
COCC1CN(C(=O)c2nc(N[C@@H](C)c3ccccn3)nc3cc(C)sc23)C1,CHEMBL6004823,CHEMBL6004823,28633427,CHEMBL5728996,7.52
C[C@H](Nc1nc(C(=O)N2CC(NC(=O)C3CC3)C2)c2sccc2n1)c1cncc(F)c1,CHEMBL5929413,CHEMBL5929413,28633451,CHEMBL5728996,7.52
COCCC(=O)NC1CN(C(=O)c2nc(N[C@@H](C)c3cncc(F)c3)nc3cc(C)sc23)C1,CHEMBL5991560,CHEMBL5991560,28633463,CHEMBL5728996,7.52
C[C@H](Nc1nc(C(=O)N2CC(NC(=O)C3CCOC3)C2)c2sccc2n1)c1cncc(F)c1,CHEMBL5898399,CHEMBL5898399,28633475,CHEMBL5728996,7.52
CCNC(=O)C1CCN(C(=O)c2nc(N[C@@H](C)c3cncc(F)c3)nc3ccsc23)C1,CHEMBL5889473,CHEMBL5889473,28633487,CHEMBL5728996,6.52
Cc1cc2nc(N[C@@H](C)c3cncc(F)c3)nc(C(=O)N3CC(NC(=O)C4CC4)C3)c2s1,CHEMBL5785873,CHEMBL5785873,28633505,CHEMBL5728996,7.52
Cc1cc2nc(N[C@@H](C)c3cncc(F)c3)nc(C(=O)N3CC(NC(=O)C4CCOC4)C3)c2s1,CHEMBL5902859,CHEMBL5902859,28633517;28634225;28634237,CHEMBL5728996;CHEMBL5728996;CHEMBL5728996,7.52;7.52;7.52
CC1CCN1C(=O)c1nc(N[C@@H](C)c2cncc(F)c2)nc2ccsc12,CHEMBL5865633,CHEMBL5865633,28633529,CHEMBL5728996,7.12
C[C@H](Nc1nc(C(=O)N2CC(CN(C)C(=O)OC(C)(C)C)C2)c2sccc2n1)c1cncc(F)c1,CHEMBL6044052,CHEMBL6044052,28633541,CHEMBL5728996,6.52
CC(C)(C)C(=O)N[C@H]1CCN(C(=O)c2nc(NCc3cncc(F)c3)nc3ccsc23)C1,CHEMBL5897856,CHEMBL5897856,28633547,CHEMBL5728996,7.12
CC(=O)NCC1CN(C(=O)c2nc(N[C@@H](C)c3cncc(F)c3)nc3ccsc23)C1,CHEMBL6006454,CHEMBL6006454,28633565,CHEMBL5728996,6.52
C[C@H](Nc1nc(C(=O)N2CC(CNC(=O)C(C)(C)C)C2)c2sccc2n1)c1cncc(F)c1,CHEMBL6001537,CHEMBL6001537,28633577,CHEMBL5728996,6.52
CC(=O)NC1CN(C(=O)c2nc(N[C@@H](C)c3cncc(F)c3)nc3ccsc23)C1,CHEMBL5800543,CHEMBL5800543,28633589,CHEMBL5728996,6.52
C[C@H](Nc1nc(C(=O)N2CC(CNS(C)(=O)=O)C2)c2sccc2n1)c1cncc(F)c1,CHEMBL5970677,CHEMBL5970677,28633601,CHEMBL5728996,6.52
CC(=O)NC1CN(C(=O)c2nc(N[C@@H](C)c3ccccn3)nc3ccsc23)C1,CHEMBL5982360,CHEMBL5982360,28633625,CHEMBL5728996,6.52
C[C@H](Nc1nc(C(=O)NCCNC(=O)C(C)(C)C)c2sccc2n1)c1cncc(F)c1,CHEMBL6024904,CHEMBL6024904,28633655,CHEMBL5728996,6.52
CC(=O)N1CC(CCNC(=O)c2nc(N[C@@H](C)c3cncc(F)c3)nc3ccsc23)C1,CHEMBL5908312,CHEMBL5908312,28633667,CHEMBL5728996,6.52
Cc1cc2nc(N[C@@H](C)c3cncc(F)c3)nc(C(=O)N3CC(N4CCCC4)C3)c2s1,CHEMBL5921293,CHEMBL5921293,28633673,CHEMBL5728996,6.52
Cc1cc2nc(N[C@@H](C)c3cncc(F)c3)nc(C(=O)N3CC(NC(=O)C4CCCO4)C3)c2s1,CHEMBL6043817,CHEMBL6043817,28633685,CHEMBL5728996,7.52
Cc1cc2nc(N[C@@H](C)c3cncc(F)c3)nc(C(=O)N3CC(NC(=O)C4CCC4)C3)c2s1,CHEMBL6016382,CHEMBL6016382,28633697,CHEMBL5728996,7.52
CC(=O)NC1CN(C(=O)c2nc(N[C@@H](C)c3cncc(F)c3)nc3cc(C)sc23)C1,CHEMBL5992575,CHEMBL5992575,28633706,CHEMBL5728996,6.52
C[C@H](Nc1nc(C(=O)NC2CN(C(=O)C(C)(C)C)C2)c2sccc2n1)c1cncc(F)c1,CHEMBL5751744,CHEMBL5751744,28633721,CHEMBL5728996,6.52
Cc1cc2nc(N[C@@H](C)c3cncc(F)c3)nc(C(=O)N3CC(NC(=O)c4ccoc4)C3)c2s1,CHEMBL5970352,CHEMBL5970352,28633727,CHEMBL5728996,7.52
C[C@H](Nc1nc(C(=O)N2CCC(C(=O)NC(C)(C)C)C2)c2sccc2n1)c1cncc(F)c1,CHEMBL5772122,CHEMBL5772122,28633745,CHEMBL5728996,6.52
C[C@H](Nc1nc(C(=O)N2CC(CN(C)C(=O)CC(C)(C)C)C2)c2sccc2n1)c1cncc(F)c1,CHEMBL6007580,CHEMBL6007580,28633763,CHEMBL5728996,7.12
C[C@H](Nc1nc(C(=O)N2CC(CN(C)C(=O)C(C)(C)C)C2)c2sccc2n1)c1cncc(F)c1,CHEMBL6005680,CHEMBL6005680,28633769,CHEMBL5728996,7.52
Cc1cc2nc(N[C@@H](C)c3ccccn3)nc(C(=O)N3CC(C(=O)OC(C)(C)C)C3)c2s1,CHEMBL5918540,CHEMBL5918540,28633781,CHEMBL5728996,7.52
COCC1CN(C(=O)c2nc(N[C@@H](C)c3ccccn3)nc3c(C)csc23)C1,CHEMBL6006540,CHEMBL6006540,28633793,CHEMBL5728996,7.52
COc1ccc([C@H](C)Nc2nc(C(=O)N3CC(NC(=O)OC(C)C)C3)c3sc(C)cc3n2)cc1,CHEMBL5877105,CHEMBL5877105,28633817,CHEMBL5728996,7.12
COc1ccc([C@H](C)Nc2nc(C(=O)N3CC(NC(C)=O)C3)c3sc(C)cc3n2)cc1,CHEMBL5944347,CHEMBL5944347,28633823,CHEMBL5728996,7.12
C[C@H](Nc1nc(C(=O)N2CC(NC(=O)CC(C)(C)C)C2)c2sccc2n1)c1cncc(F)c1,CHEMBL5962913,CHEMBL5962913,28633829,CHEMBL5728996,7.52
CC(C)C(=O)NC1CN(C(=O)c2nc(N[C@@H](C)c3cncc(F)c3)nc3ccsc23)C1,CHEMBL5792732,CHEMBL5792732,28633841,CHEMBL5728996,7.52
C[C@H](Nc1nc(C(=O)N2CC(NC(=O)C(C)(C)C)C2)c2sccc2n1)c1ccccn1,CHEMBL6030476,CHEMBL6030476,28633853,CHEMBL5728996,7.52
C[C@H](Nc1nc(C(=O)N2CC(CC(=O)NC(C)(C)C)C2)c2sccc2n1)c1cncc(F)c1,CHEMBL5757472,CHEMBL5757472,28633949,CHEMBL5728996,7.52
C[C@H](Nc1nc(C(=O)N2CC(C(=O)OC(C)(C)C)C2)c2sccc2n1)c1cncc(F)c1,CHEMBL5755180,CHEMBL5755180,28633961,CHEMBL5728996,6.52
Cc1cc2nc(N[C@@H](C)c3cncc(F)c3)nc(C(=O)N3CC(C(=O)OC(C)(C)C)C3)c2s1,CHEMBL5997802,CHEMBL5997802,28633967,CHEMBL5728996,6.52
CNC(=O)NCC1CN(C(=O)c2nc(N[C@@H](C)c3cncc(F)c3)nc3ccsc23)C1,CHEMBL5866404,CHEMBL5866404,28633997,CHEMBL5728996,6.52
C[C@H](Nc1nc(C(=O)N2CC(CNC(=O)N(C)C)C2)c2sccc2n1)c1cncc(F)c1,CHEMBL5791042,CHEMBL5791042,28634009,CHEMBL5728996,7.12
CC(C)C(=O)NCC1CN(C(=O)c2nc(N[C@@H](C)c3cncc(F)c3)nc3ccsc23)C1,CHEMBL5856769,CHEMBL5856769,28634021,CHEMBL5728996,7.12
C[C@H](Nc1nc(C(=O)N2CC(C(=O)NOC(C)(C)C)C2)c2sccc2n1)c1cncc(F)c1,CHEMBL5837570,CHEMBL5837570,28634033,CHEMBL5728996,7.12
Cc1cc2nc(N[C@@H](C)c3cncc(F)c3)nc(C(=O)N3CC(CC(=O)OC(C)(C)C)C3)c2s1,CHEMBL5929573,CHEMBL5929573,28634045,CHEMBL5728996,7.52
C[C@H](Nc1nc(C(=O)N2CC(CNC(=O)OCC(C)(C)C)C2)c2sccc2n1)c1cncc(F)c1,CHEMBL5913910,CHEMBL5913910,28634057,CHEMBL5728996,7.52
C[C@H](Nc1nc(C(=O)N2CC(NC(=O)OC(C)(C)C)C2)c2sccc2n1)c1cncc(F)c1,CHEMBL6043044,CHEMBL6043044,28634069,CHEMBL5728996,7.52
CNC(=O)N1CCN(C(=O)c2nc(N[C@@H](C)c3cncc(F)c3)nc3ccsc23)C1,CHEMBL6061509,CHEMBL6061509,28634087,CHEMBL5728996,6.52
Cc1cc2nc(N[C@@H](C)c3cncc(F)c3)nc(C(=O)N3CC(CNC(=O)CC(C)(C)C)C3)c2s1,CHEMBL5904020,CHEMBL5904020,28634099,CHEMBL5728996,7.12
CC(C)NC(=O)N1CCN(C(=O)c2nc(N[C@@H](C)c3cncc(F)c3)nc3ccsc23)C1,CHEMBL5993414,CHEMBL5993414,28634111,CHEMBL5728996,6.52
C[C@H](Nc1nc(C(=O)N2CCN(C(=O)N(C)C)C2)c2sccc2n1)c1cncc(F)c1,CHEMBL5993831,CHEMBL5993831,28634135,CHEMBL5728996,6.52
Cc1cc2nc(N[C@@H](C)c3cncc(F)c3)nc(C(=O)N3CC(C(=O)NOC(C)(C)C)C3)c2s1,CHEMBL5747494,CHEMBL5747494,28634153,CHEMBL5728996,7.12
Cc1cc2nc(N[C@@H](C)c3cncc(F)c3)nc(C(=O)N3CCN(C(=O)NC(C)C)C3)c2s1,CHEMBL5878457,CHEMBL5878457,28634165,CHEMBL5728996,7.12
Cc1cc2nc(N[C@@H](C)c3cncc(F)c3)nc(C(=O)N3CC[C@H]3C)c2s1,CHEMBL5785339,CHEMBL5785339,28634189,CHEMBL5728996,7.52
Cc1cc2nc(N[C@@H](C)c3cncc(F)c3)nc(C(=O)N3CC[C@@H]3C)c2s1,CHEMBL6061450,CHEMBL6061450,28634201,CHEMBL5728996,7.52
C[C@H](Nc1nc(C(=O)N2CC(NC(=O)c3ccoc3)C2)c2sccc2n1)c1cncc(F)c1,CHEMBL5806060,CHEMBL5806060,28634249,CHEMBL5728996,7.52
C[C@H](Nc1nc(C(=O)N2CC(NC(=O)c3ccccc3)C2)c2sccc2n1)c1cncc(F)c1,CHEMBL6035472,CHEMBL6035472,28634261,CHEMBL5728996,7.52
C[C@H](Nc1nc(C(=O)N2CC(NC(=O)C3COC3)C2)c2sccc2n1)c1cncc(F)c1,CHEMBL5761085,CHEMBL5761085,28634333,CHEMBL5728996,7.12
C[C@H](Nc1nc(C(=O)N2CC(NC(=O)CCC3CCOCC3)C2)c2sccc2n1)c1cncc(F)c1,CHEMBL6059617,CHEMBL6059617,28634393,CHEMBL5728996,7.52
C[C@H](Nc1nc(C(=O)N2CC(NC(=O)c3ccc(F)c(F)c3)C2)c2sccc2n1)c1cncc(F)c1,CHEMBL6004183,CHEMBL6004183,28634441,CHEMBL5728996,7.52
C[C@H](Nc1nc(C(=O)N2CC(NC(=O)c3ccc(Cl)cc3)C2)c2sccc2n1)c1cncc(F)c1,CHEMBL5744221,CHEMBL5744221,28634453,CHEMBL5728996,7.52
C[C@H](Nc1nc(C(=O)N2CC(NC(=O)OC3CCCC3)C2)c2sccc2n1)c1cncc(F)c1,CHEMBL5769043,CHEMBL5769043,28634465,CHEMBL5728996,7.52
C[C@H](Nc1nc(C(=O)N2CC(NC(=O)c3ccncc3)C2)c2sccc2n1)c1cncc(F)c1,CHEMBL5808923,CHEMBL5808923,28634477,CHEMBL5728996,7.12
C[C@H](Nc1nc(C(=O)N2CC(NC(=O)c3cccnc3)C2)c2sccc2n1)c1cncc(F)c1,CHEMBL5880906,CHEMBL5880906,28634489,CHEMBL5728996,7.12
C[C@H](Nc1nc(C(=O)N2CC(C)(NC(=O)C3CC3)C2)c2sccc2n1)c1cncc(F)c1,CHEMBL6004901,CHEMBL6004901,28634501,CHEMBL5728996,7.12
C[C@H](Nc1nc(C(=O)N2CC(NC(=O)C3CCOCC3)C2)c2sccc2n1)c1cncc(F)c1,CHEMBL5885693,CHEMBL5885693,28634513,CHEMBL5728996,7.52
Cc1csc2c(C(=O)N3CC(NC(=O)c4cccc(Cl)c4)C3)nc(N[C@@H](C)c3cncc(F)c3)nc12,CHEMBL5764196,CHEMBL5764196,28634549,CHEMBL5728996,7.52
C[C@H](Nc1nc(C(=O)N2CC(NC(=O)c3ccc(C(F)(F)F)o3)C2)c2sccc2n1)c1cncc(F)c1,CHEMBL5932058,CHEMBL5932058,28634597,CHEMBL5728996,7.52
C[C@H](Nc1nc(C(=O)N2CC(NC(=O)c3cccc(C(F)(F)F)c3)C2)c2sccc2n1)c1cncc(F)c1,CHEMBL5805941,CHEMBL5805941,28634645,CHEMBL5728996,7.52
C[C@H](Nc1nc(C(=O)N2CC(NC(=O)Nc3ccccc3)C2)c2sccc2n1)c1cncc(F)c1,CHEMBL5744336,CHEMBL5744336,28634657,CHEMBL5728996,7.52
COc1cccc(C(=O)NC2CN(C(=O)c3nc(N[C@@H](C)c4cncc(F)c4)nc4ccsc34)C2)c1,CHEMBL6018926,CHEMBL6018926,28634669,CHEMBL5728996,7.52
C[C@H](Nc1nc(C(=O)N2CC(NC(=O)C3(C#N)CC3)C2)c2sccc2n1)c1cncc(F)c1,CHEMBL5926970,CHEMBL5926970,28634681,CHEMBL5728996,7.12
CC1CCC(C(=O)NC2CN(C(=O)c3nc(N[C@@H](C)c4cncc(F)c4)nc4ccsc34)C2)CC1,CHEMBL5810835,CHEMBL5810835,28634717,CHEMBL5728996,7.52
C[C@H](Nc1nc(C(=O)N2CC(NC(=O)C3CCC(F)(F)CC3)C2)c2sccc2n1)c1cncc(F)c1,CHEMBL5994845,CHEMBL5994845,28634729,CHEMBL5728996,7.52
C[C@H](Nc1nc(C(=O)N2CC(NC(=O)C3(C)CC3)C2)c2sccc2n1)c1cncc(Cl)c1,CHEMBL5763691,CHEMBL5763691,28634741,CHEMBL5728996,7.52
C[C@H](Nc1nc(C(=O)N2CC(NC(=O)c3ccc(-c4ccccc4)cc3)C2)c2sccc2n1)c1cncc(F)c1,CHEMBL5873384,CHEMBL5873384,28634789,CHEMBL5728996,7.52
Cc1cc(C)cc(C(=O)NC2CN(C(=O)c3nc(N[C@@H](C)c4cncc(F)c4)nc4ccsc34)C2)c1,CHEMBL5793226,CHEMBL5793226,28634801,CHEMBL5728996,7.52
Cc1cc(C(=O)NC2CN(C(=O)c3nc(N[C@@H](C)c4cncc(F)c4)nc4ccsc34)C2)c(C)o1,CHEMBL5755094,CHEMBL5755094,28634813,CHEMBL5728996,7.52
Nc1nc(-c2ccccc2)c(-c2ccc3ncccc3c2)nc1C(=O)NC(O)c1ccccn1,CHEMBL6032927,CHEMBL6032927,28674491,CHEMBL5729063,8.51
C[C@@H](NC(=O)c1nc(-c2ccc3cccnc3c2)c(-c2ccccc2)nc1N)c1ccccn1,CHEMBL5904905,CHEMBL5904905,28674494,CHEMBL5729063,8.6
C[C@H](NC(=O)c1nc(-c2ccc3cccnc3c2)c(-c2ccccc2)nc1N)c1ccccn1,CHEMBL5996043,CHEMBL5996043,28674497,CHEMBL5729063,8.47
Nc1nc(-c2ccccc2)c(-c2ccc3ncccc3c2)nc1C(=O)NCCC1CCOCC1,CHEMBL5989414,CHEMBL5989414,28674500,CHEMBL5729063,7.8
N#Cc1cccc(CNC(=O)c2nc(-c3ccc4ncccc4c3)c(-c3ccccc3)nc2N)n1,CHEMBL6060138,CHEMBL6060138,28674503,CHEMBL5729063,9.1
N#Cc1cccc(-c2nc(N)cnc2-c2cc(Cl)c3ncccc3c2)c1,CHEMBL5892967,CHEMBL5892967,28674506,CHEMBL5729063,8.43
N#Cc1cccc(-c2nc(N)cnc2-c2cc(Cl)c3ncccc3c2)c1F,CHEMBL5810365,CHEMBL5810365,28674509,CHEMBL5729063,8.51
CC(NC(=O)c1nc(-c2cc(Cl)c3ncccc3c2)c(-c2ccn(C)n2)nc1N)c1ccccn1,CHEMBL6014957,CHEMBL6014957,28674512,CHEMBL5729063,8.8
CC(NC(=O)c1nc(-c2cc(Cl)c3ncccc3c2)c(-c2ccc(F)cc2)nc1N)c1cccc(C#N)n1,CHEMBL5988572,CHEMBL5988572,28674515;28674521,CHEMBL5729063;CHEMBL5729063,8.72;8.92
CC(NC(=O)c1nc(-c2cc(Cl)c3[nH]ncc3c2)c(-c2ccc(F)cc2)nc1N)c1ccccn1,CHEMBL5967325,CHEMBL5967325,28674518,CHEMBL5729063,9.05
CC(C)(NC(=O)c1nc(-c2ccc3ncccc3c2)c(-c2ccccc2)nc1N)c1ccccn1,CHEMBL5833176,CHEMBL5833176,28674524,CHEMBL5729063,8.89
C[C@H](NC(=O)c1nc(-c2ccc3ncccc3c2)c(-c2cccc(C#N)c2)nc1N)c1ccccn1,CHEMBL5938716,CHEMBL5938716,28674527,CHEMBL5729063,8.42
C[C@H](NC(=O)c1nc(-c2ccc3ncccc3c2)c(-c2ccn(C)n2)nc1N)c1ccccn1,CHEMBL5975339,CHEMBL5975339,28674530,CHEMBL5729063,8.54
C[C@H](NC(=O)c1nc(-c2ccc3ncccc3c2)c(-c2ccccc2)nc1N)c1cccc(C#N)n1,CHEMBL6026851,CHEMBL6026851,28674533,CHEMBL5729063,8.41
C[C@H](NC(=O)c1nc(-c2cc(Cl)c3[nH]ncc3c2)c(-c2ccn(C)n2)nc1N)c1ccccn1,CHEMBL5986528,CHEMBL5986528,28674536,CHEMBL5729063,8.8
C[C@H](NC(=O)c1nc(-c2cc(Cl)c3ncccc3c2)c(-c2ccccc2)nc1N)c1ccccn1,CHEMBL5898087,CHEMBL5898087,28674539,CHEMBL5729063,8.33
CC(NC(=O)c1nc(-c2cc(Cl)c3ncccc3c2)c(-c2ccccc2)nc1N)c1cccc(C#N)n1,CHEMBL5750814,CHEMBL5750814,28674542,CHEMBL5729063,8.46
C[C@@H](NC(=O)c1nc(-c2cc(Cl)c3ncccc3c2)c(-c2ccccc2)nc1N)c1cccc(C#N)n1,CHEMBL5955717,CHEMBL5955717,28674545,CHEMBL5729063,7.19
C[C@H](NC(=O)c1nc(-c2cc(Cl)c3ncccc3c2)c(-c2ccccc2)nc1N)c1cccc(C#N)n1,CHEMBL5900907,CHEMBL5900907,28674548;28674563,CHEMBL5729063;CHEMBL5729063,8.27;8.96
C[C@H](NC(=O)c1nc(-c2ccc3ncccc3c2)c(-c2cccc(C#N)c2)nc1N)c1cccc(C#N)n1,CHEMBL6002455,CHEMBL6002455,28674551;28674554,CHEMBL5729063;CHEMBL5729063,6.57;7.8
C[C@H](NC(=O)c1nc(-c2ccc3[nH]ncc3c2)c(-c2ccn(C)n2)nc1N)c1cccc(C#N)n1,CHEMBL5767204,CHEMBL5767204,28674557,CHEMBL5729063,7.92
CC(NC(=O)c1nc(-c2ccc3ncccc3c2)c(-c2ccccc2)nc1N)c1ncccn1,CHEMBL6009085,CHEMBL6009085,28674560;28674587,CHEMBL5729063;CHEMBL5729063,8.17;8.41
CC(NC(=O)c1nc(-c2cc(Cl)c3ncccc3c2)c(-c2ccn(C)n2)nc1N)c1cccc(C#N)n1,CHEMBL5895828,CHEMBL5895828,28674569,CHEMBL5729063,8.96
CC(NC(=O)c1nc(-c2cc(Cl)c3[nH]ncc3c2)c(-c2ccn(C)n2)nc1N)c1cccc(C#N)n1,CHEMBL5897825,CHEMBL5897825,28674572,CHEMBL5729063,8.43
C[C@H](NC(=O)c1nc(-c2ccc3ncccc3c2)c(-c2ccccc2)nc1N)c1ncccn1,CHEMBL5765026,CHEMBL5765026,28674575;28674584,CHEMBL5729063;CHEMBL5729063,8.92;8.7
C[C@@H](NC(=O)c1nc(-c2ccc3ncccc3c2)c(-c2ccccc2)nc1N)c1ncccn1,CHEMBL6040738,CHEMBL6040738,28674578,CHEMBL5729063,8.74
CC(NC(=O)c1nc(-c2ccc3ncccc3c2)c(-c2ccn(C)n2)nc1N)c1cccc(C#N)n1,CHEMBL5834415,CHEMBL5834415,28674581,CHEMBL5729063,8.41
CC(NC(=O)c1nc(-c2ccc3ncccc3c2)c(-c2ccn(C)n2)nc1N)c1ccccn1,CHEMBL5908007,CHEMBL5908007,28674590,CHEMBL5729063,8.33
CC(NC(=O)c1nc(-c2ccc3ncccc3c2)c(-c2ccn(C)n2)nc1N)c1ncccn1,CHEMBL5871859,CHEMBL5871859,28674593,CHEMBL5729063,8.14
Cc1cc(-c2c(-c3ccccc3)nc(N)n3cnnc23)cc(C(F)(F)F)n1,CHEMBL5937050,CHEMBL5937050,28681067;28681349,CHEMBL5729079;CHEMBL5729079,9.64;9.64
Nc1nc(-c2ccccc2)c(-c2ccc3ncccc3c2)c2nncn12,CHEMBL5815348,CHEMBL5815348,28681070;28681205,CHEMBL5729079;CHEMBL5729079,10.15;10.15
Cc1cc(-c2c(-c3ccccc3)nc(N)n3cnnc23)cc(Cl)n1,CHEMBL5888877,CHEMBL5888877,28681073;28681214;28681355,CHEMBL5729079;CHEMBL5729079;CHEMBL5729079,10.1;10.1;10.1
Cc1cc(-c2c(-c3ccccc3)nc(N)n3cnnc23)cc2cccnc12,CHEMBL5759493,CHEMBL5759493,28681076;28681223,CHEMBL5729079;CHEMBL5729079,10.05;10.05
Nc1nc(-c2ccccc2)c(-c2cc(F)c3[nH]ncc3c2)c2nncn12,CHEMBL5909324,CHEMBL5909324,28681079,CHEMBL5729079,9.85
Nc1nc(-c2ccccc2)c(-c2cc(F)c3ncccc3c2)c2nncn12,CHEMBL5938328,CHEMBL5938328,28681082;28681232,CHEMBL5729079;CHEMBL5729079,9.8;9.8
Cc1cc(-c2c(-c3ccc(C)o3)nc(N)n3cnnc23)cc(C(F)(F)F)n1,CHEMBL5933059,CHEMBL5933059,28681085;28681361,CHEMBL5729079;CHEMBL5729079,9.74;9.74
Nc1nc(-c2ccccc2)c(-c2cc(C(F)(F)F)c3[nH]ncc3c2)c2nncn12,CHEMBL6041384,CHEMBL6041384,28681088,CHEMBL5729079,9.6
Nc1nc(-c2ccccc2)c(-c2ccc3[nH]ncc3c2)c2nncn12,CHEMBL5772344,CHEMBL5772344,28681091;28681367,CHEMBL5729079;CHEMBL5729079,9.59;9.59
Cc1cc(-c2c(-c3ccccc3)nc(N)n3cnnc23)cc(C)n1,CHEMBL5923815,CHEMBL5923815,28681094;28681241,CHEMBL5729079;CHEMBL5729079,9.82;9.82
Cc1cc(-c2c(-c3ccccc3)nc(N)n3cnnc23)ccn1,CHEMBL5998795,CHEMBL5998795,28681097,CHEMBL5729079,9.2
Cc1cc(-c2c(-c3ccc(Cl)cc3)nc(N)n3cnnc23)cc(C(F)(F)F)n1,CHEMBL6035364,CHEMBL6035364,28681100,CHEMBL5729079,8.81
Cc1cc(-c2c(-c3ccc(F)cc3)nc(N)n3cnnc23)cc(Cl)n1,CHEMBL5978359,CHEMBL5978359,28681103;28681373,CHEMBL5729079;CHEMBL5729079,9.77;9.77
Cc1cc(-c2c(-c3ccc(F)cc3)nc(N)n3cnnc23)cc(C(F)(F)F)n1,CHEMBL5781731,CHEMBL5781731,28681106;28681379,CHEMBL5729079;CHEMBL5729079,9.2;9.2
Cc1cc(-c2c(-c3ccccc3)nc(N)n3ccnc23)cc(C(F)(F)F)n1,CHEMBL5897519,CHEMBL5897519,28681109,CHEMBL5729079,9.12
Cc1cc(-c2c(-c3ccc(F)cc3F)nc(N)n3cnnc23)cc(C(F)(F)F)n1,CHEMBL6062291,CHEMBL6062291,28681112;28681250;28681385,CHEMBL5729079;CHEMBL5729079;CHEMBL5729079,8.4;9.12;9.12
Cc1cc(-c2c(-c3ccccc3F)nc(N)n3cnnc23)cc(C)n1,CHEMBL5934149,CHEMBL5934149,28681115;28681259;28681391,CHEMBL5729079;CHEMBL5729079;CHEMBL5729079,9.02;9.02;9.02
Cc1cc(-c2c(-c3ccc(F)cc3F)nc(N)n3cnnc23)cc(C(F)F)n1,CHEMBL5887665,CHEMBL5887665,28681118;28681268;28681397,CHEMBL5729079;CHEMBL5729079;CHEMBL5729079,8.63;8.63;8.63
Cc1cc(-c2c(-c3ccccc3)nc(N)n3cc(C)nc23)cc(C)n1,CHEMBL5835483,CHEMBL5835483,28681121,CHEMBL5729079,8.61
Nc1nc(-c2ccccc2)c(-c2cc(Cl)nc(C(F)(F)F)c2)c2nncn12,CHEMBL5970785,CHEMBL5970785,28681124,CHEMBL5729079,9.64
Cc1cc(-c2c(-c3ccccc3)nc(N)n3ccnc23)cc(Cl)n1,CHEMBL5874944,CHEMBL5874944,28681127,CHEMBL5729079,9.57
COc1cc(-c2c(-c3ccccc3)nc(N)n3cnnc23)cc(C)n1,CHEMBL5879566,CHEMBL5879566,28681130,CHEMBL5729079,9.49
CCc1cc(-c2c(-c3ccccc3)nc(N)n3cnnc23)cc(C)n1,CHEMBL5838281,CHEMBL5838281,28681133,CHEMBL5729079,9.38
Cc1cc(-c2c(-c3ccccc3F)nc(N)n3cnnc23)cc(Cl)n1,CHEMBL5748122,CHEMBL5748122,28681136;28681277,CHEMBL5729079;CHEMBL5729079,9.3;9.3
Cc1cc(-c2c(-c3ccc(F)cc3)nc(N)n3cnnc23)cc(C)n1,CHEMBL5945954,CHEMBL5945954,28681139;28681286,CHEMBL5729079;CHEMBL5729079,9.28;9.28
Cc1cc(-c2c(-c3cccc(F)c3)nc(N)n3cnnc23)cc(C(F)(F)F)n1,CHEMBL5980717,CHEMBL5980717,28681142;28681403,CHEMBL5729079;CHEMBL5729079,9.26;9.26
Cc1cc(-c2c(-c3ccccc3)nc(N)n3cnnc23)cc(C2CC2)n1,CHEMBL5950829,CHEMBL5950829,28681145;28681409,CHEMBL5729079;CHEMBL5729079,9.11;9.11
Cc1cc(-c2c(-c3ccccc3)nc(N)n3ccnc23)cc(C)n1,CHEMBL5960154,CHEMBL5960154,28681148,CHEMBL5729079,9.03
Cc1cc(-c2c(-c3ccc(F)cc3)nc(N)n3ccnc23)cc(C)n1,CHEMBL6056501,CHEMBL6056501,28681151,CHEMBL5729079,9.0
Cc1cc(-c2c(-c3ccccc3F)nc(N)n3cnnc23)cc(C(F)(F)F)n1,CHEMBL5859794,CHEMBL5859794,28681154;28681415,CHEMBL5729079;CHEMBL5729079,8.75;8.75
Cc1cc(-c2c(-c3ccc(F)cc3F)nc(N)n3cnnc23)cc(Cl)n1,CHEMBL5849413,CHEMBL5849413,28681157;28681421,CHEMBL5729079;CHEMBL5729079,8.69;8.69
Cc1ccc(-c2nc(N)n3cnnc3c2-c2cc(C)nc(Cl)c2)cc1,CHEMBL6063161,CHEMBL6063161,28681160,CHEMBL5729079,9.74
Cc1cc(-c2c(-c3ccc(Cl)cc3)nc(N)n3cnnc23)cc(Cl)n1,CHEMBL5743283,CHEMBL5743283,28681163,CHEMBL5729079,8.46
Nc1nc(-c2ccccc2)c(-c2ccncc2)c2nncn12,CHEMBL5900266,CHEMBL5900266,28681166,CHEMBL5729079,8.68
Nc1nc(-c2ccccc2)c(-c2ccnc(Cl)c2)c2nncn12,CHEMBL5982535,CHEMBL5982535,28681169,CHEMBL5729079,8.66
Cc1cc(-c2c(-c3ccc(F)cc3F)nc(N)n3cnnc23)cc(C)n1,CHEMBL5813061,CHEMBL5813061,28681172,CHEMBL5729079,8.76
CC(C)n1cc(-c2c(-c3ccccc3)nc(N)n3cnnc23)ccc1=O,CHEMBL5965998,CHEMBL5965998,28681175,CHEMBL5729079,9.7
Cc1cc(-c2c(-c3ccc(Cl)cc3F)nc(N)n3cnnc23)cc(Cl)n1,CHEMBL6012212,CHEMBL6012212,28681178;28681427,CHEMBL5729079;CHEMBL5729079,8.45;8.45
Cc1cc(-c2c(-c3ccc(F)cc3)nc(N)n3cnnc23)cc(C(F)F)n1,CHEMBL5745015,CHEMBL5745015,28681181;28681295,CHEMBL5729079;CHEMBL5729079,9.44;9.44
Cc1cc(-c2c(-c3ccc(Cl)cc3)nc(N)n3cnnc23)cc(C(F)F)n1,CHEMBL5805722,CHEMBL5805722,28681184;28681304,CHEMBL5729079;CHEMBL5729079,9.32;9.32
Cc1cc(-c2c(-c3ccc(Cl)cc3)nc(N)n3cnnc23)cc(CF)n1,CHEMBL5994139,CHEMBL5994139,28681187,CHEMBL5729079,9.46
Cc1cc(-c2c(-c3ccc(Cl)cc3)nc(N)n3cnnc23)cc(C)n1,CHEMBL5937437,CHEMBL5937437,28681190,CHEMBL5729079,9.32
Cc1cc(-c2c(-c3ccc(F)cc3)nc(N)n3cnnc23)cc(CF)n1,CHEMBL6009032,CHEMBL6009032,28681193;28681313;28681433,CHEMBL5729079;CHEMBL5729079;CHEMBL5729079,8.98;8.98;8.98
Cc1cc(-c2c(-c3ccccc3F)nc(N)n3cnnc23)cc(C(F)F)n1,CHEMBL5825507,CHEMBL5825507,28681196;28681322;28681439,CHEMBL5729079;CHEMBL5729079;CHEMBL5729079,8.78;8.78;8.78
Cc1cc(-c2c(-c3ccccc3F)nc(N)n3cnnc23)cc(CF)n1,CHEMBL5754606,CHEMBL5754606,28681199;28681331;28681445,CHEMBL5729079;CHEMBL5729079;CHEMBL5729079,8.59;8.59;8.59
Cc1cc(-c2c(-c3ccc(Cl)cc3F)nc(N)n3cnnc23)cc(C(F)F)n1,CHEMBL5879357,CHEMBL5879357,28681202;28681340;28681451,CHEMBL5729079;CHEMBL5729079;CHEMBL5729079,8.52;8.52;8.52
COc1cc2nc(N)n3nc([C@@H]4CCCN(c5ncn(CC(C)(C)O)n5)C4)nc3c2cc1F,CHEMBL5933787,CHEMBL5933787,28683647,CHEMBL5729085,8.12
COc1cc2nc(N)n3nc([C@@H]4CCCN(c5cnn(C)c5)C4)nc3c2cc1F,CHEMBL6044347,CHEMBL6044347,28683653;28683677,CHEMBL5729085;CHEMBL5729085,8.43;8.7
COc1cc2nc(N)n3nc([C@@H]4CCCN(c5cnn(C(C)(C)C)c5)C4)nc3c2cc1F,CHEMBL5783060,CHEMBL5783060,28683659,CHEMBL5729085,8.82
COc1cc2nc(N)n3nc([C@@H]4CCCN(c5cnn(C(C)C)c5)C4)nc3c2cc1F,CHEMBL5991056,CHEMBL5991056,28683665,CHEMBL5729085,8.34
COc1cc2nc(N)n3nc([C@@H]4CCCN(c5cnn(CC(F)(F)F)c5)C4)nc3c2cc1F,CHEMBL5821050,CHEMBL5821050,28683671,CHEMBL5729085,8.48
COc1cc2nc(N)n3nc([C@@H]4CCCN(c5cnn(CC(C)(C)O)c5)C4)nc3c2cc1F,CHEMBL5919036,CHEMBL5919036,28683683,CHEMBL5729085,8.43
COc1cc2nc(N)n3nc([C@@H]4CCCN(c5cnn(CC(C)(C)O)c5C)C4)nc3c2cc1F,CHEMBL5813421,CHEMBL5813421,28683689,CHEMBL5729085,8.35
COc1cc2nc(N)n3nc([C@@H]4CCCN(c5cn(CC(C)(C)O)nc5C)C4)nc3c2cc1F,CHEMBL6019683,CHEMBL6019683,28683695,CHEMBL5729085,9.3
COc1cc2nc(N)n3nc([C@@H]4CCCN(c5cnn(CC6(O)CCC6)c5)C4)nc3c2cc1F,CHEMBL5929331,CHEMBL5929331,28683701,CHEMBL5729085,8.46
COc1cc2nc(N)n3nc([C@@H]4CCCN(c5cn(C(C)(C)CO)nc5C)C4)nc3c2cc1F,CHEMBL5753944,CHEMBL5753944,28683707,CHEMBL5729085,9.3
COc1cc2nc(N)n3nc([C@@H]4CCCN(c5cnn(C(C)C(C)(C)O)c5)C4)nc3c2cc1F,CHEMBL6027306,CHEMBL6027306,28683713;28683719,CHEMBL5729085;CHEMBL5729085,8.77;9.15
COc1cc2nc(N)n3nc([C@@H]4CCCN(c5cnn([C@H]6C[C@@](C)(O)C6)c5)C4)nc3c2cc1F,CHEMBL5977444,CHEMBL5977444,28683725,CHEMBL5729085,8.52
COc1cc2nc(N)n3nc([C@@H]4CCCN(c5cnn(CC6(C)COC6)c5)C4)nc3c2cc1F,CHEMBL5850961,CHEMBL5850961,28683731,CHEMBL5729085,7.42
COc1cc2nc(N)n3nc([C@@H]4CCCN(c5cnn(C6CCOCC6)c5C)C4)nc3c2cc1F,CHEMBL6003017,CHEMBL6003017,28683737,CHEMBL5729085,9.1
COc1cc2nc(N)n3nc([C@@H]4CCCN(c5cn(C6CCOCC6)nc5C)C4)nc3c2cc1F,CHEMBL5882906,CHEMBL5882906,28683743,CHEMBL5729085,8.77
COc1cc2nc(N)n3nc([C@@H]4CCCN(c5cnn(C6CCOCC6)c5C(F)F)C4)nc3c2cc1F,CHEMBL5933436,CHEMBL5933436,28683749,CHEMBL5729085,9.15
COc1cc2nc(N)n3nc([C@@H]4CCCN(c5cn(C6CCOCC6)nc5C(F)F)C4)nc3c2cc1F,CHEMBL6047759,CHEMBL6047759,28683755,CHEMBL5729085,9.15
CCn1cc(N2CCC[C@@H](c3nc4c5cc(F)c(OC)cc5nc(N)n4n3)C2)c(CO)n1,CHEMBL5873032,CHEMBL5873032,28683761,CHEMBL5729085,8.24
COc1cc2nc(N)n3nc([C@@H]4CCCN(c5cn(CC(C)(C)O)nc5C5CC5)C4)nc3c2cc1F,CHEMBL5954196,CHEMBL5954196,28683767,CHEMBL5729085,9.52
COc1cc2nc(N)n3nc([C@@H]4CCCN(c5ccc(OC(F)F)nc5)C4)nc3c2cc1F,CHEMBL5917737,CHEMBL5917737,28683773,CHEMBL5729085,8.07
COc1cc2nc(N)n3nc([C@@H]4CCCN(c5ccc(OC(C)C)nc5)C4)nc3c2cc1F,CHEMBL5763489,CHEMBL5763489,28683779,CHEMBL5729085,8.7
COc1cc2nc(N)n3nc([C@@H]4CCCN(c5cnc(OC(F)F)c(C)c5)C4)nc3c2cc1F,CHEMBL5898366,CHEMBL5898366,28683785,CHEMBL5729085,7.86
COc1cc2nc(N)n3nc([C@@H]4CCCN(c5cc(C)c(=O)n(C(F)F)c5)C4)nc3c2cc1F,CHEMBL6033797,CHEMBL6033797,28683791,CHEMBL5729085,9.22
COc1ccc(N2CCC[C@@H](c3nc4c5cc(F)c(OC)cc5nc(N)n4n3)C2)cn1,CHEMBL6034255,CHEMBL6034255,28683797,CHEMBL5729085,8.41
COc1cc2nc(N)n3nc([C@@H]4CCCN(c5nc(C)n(CC(C)(C)O)n5)C4)nc3c2cc1F,CHEMBL5778870,CHEMBL5778870,28683803,CHEMBL5729085,8.74
COc1cc(F)cc2c1nc(N)n1nc([C@@H]3CCCN(c4cnn(CC(C)(C)O)c4)C3)nc21,CHEMBL5869244,CHEMBL5869244,28683809,CHEMBL5729085,8.55
COc1cc(F)cc2c1nc(N)n1nc([C@@H]3CCCN(c4cnn(CC(C)(C)O)c4C)C3)nc21,CHEMBL5854406,CHEMBL5854406,28683815,CHEMBL5729085,8.82
COc1cc(F)cc2c1nc(N)n1nc([C@@H]3CCCN(c4cn(CC(C)(C)O)nc4C)C3)nc21,CHEMBL5949467,CHEMBL5949467,28683821,CHEMBL5729085,9.4
COc1cc(F)cc2c1nc(N)n1nc([C@@H]3CCCN(c4cnn(CC5(O)CCC5)c4)C3)nc21,CHEMBL5828216,CHEMBL5828216,28683827,CHEMBL5729085,8.77
COc1cc(F)cc2c1nc(N)n1nc([C@@H]3CCCN(c4cnn(C(C)(C)CO)c4)C3)nc21,CHEMBL6032497,CHEMBL6032497,28683833,CHEMBL5729085,9.3
COc1cc(F)cc2c1nc(N)n1nc([C@@H]3CCCN(c4ccc(OC(F)F)nc4)C3)nc21,CHEMBL5805426,CHEMBL5805426,28683839,CHEMBL5729085,8.44
COc1ccc(N2CCC[C@@H](c3nc4c5cc(F)cc(OC)c5nc(N)n4n3)C2)cn1,CHEMBL5803616,CHEMBL5803616,28683845,CHEMBL5729085,8.85
COc1cc(F)cc2c1nc(N)n1nc([C@@H]3CCCN(c4ccc(OC(C)C)nc4)C3)nc21,CHEMBL5833144,CHEMBL5833144,28683851,CHEMBL5729085,9.22
COc1cc(F)cc2c1nc(N)n1nc([C@@H]3CCCN(c4ncn(CC(C)(C)O)n4)C3)nc21,CHEMBL5798334,CHEMBL5798334,28683857,CHEMBL5729085,8.8
COc1cc(F)cc2c1nc(N)n1nc([C@@H]3CCCN(c4nc(C)n(CC(C)(C)O)n4)C3)nc21,CHEMBL5862231,CHEMBL5862231,28683863,CHEMBL5729085,8.96
COc1cc2nc(N)n3nc([C@@H]4CCN(c5cnn(CC6(O)CCC6)c5)C4)nc3c2cc1F,CHEMBL5854163,CHEMBL5854163,28683869,CHEMBL5729085,7.77
COc1cc(F)cc2c1nc(N)n1nc(C3CCCCN(c4cnn(CC(C)(C)O)c4)C3)nc21,CHEMBL6017997,CHEMBL6017997,28683875,CHEMBL5729085,8.96
COc1cc2nc(N)n3nc(C4CCC(C)N(c5cnn(CC6(O)CCC6)c5)C4)nc3c2cc1F,CHEMBL6063006,CHEMBL6063006,28683881,CHEMBL5729085,8.92
COc1cc2nc(N)n3nc(C4CCC(C)N(c5cnn(CC(C)(C)O)c5C)C4)nc3c2cc1F,CHEMBL5763240,CHEMBL5763240,28683887;28683953,CHEMBL5729085;CHEMBL5729085,8.92;7.74
COc1cc2nc(N)n3nc(C4CCC(C)N(c5cn(CC(C)(C)O)nc5C)C4)nc3c2cc1F,CHEMBL5933018,CHEMBL5933018,28683893;28683959,CHEMBL5729085;CHEMBL5729085,8.37;7.36
COc1cc2nc(N)n3nc(C4CCC(C)N(c5cnn(C(C)(C)C(C)(C)O)c5)C4)nc3c2cc1F,CHEMBL6021795,CHEMBL6021795,28683899,CHEMBL5729085,9.15
COc1cc2nc(N)n3nc(C4CCC(C)N(c5cnn(C6CCOCC6)c5)C4)nc3c2cc1F,CHEMBL6048794,CHEMBL6048794,28683905,CHEMBL5729085,8.89
COc1cc2nc(N)n3nc(C4CCC(C)N(c5cnn(C6CCOCC6)c5C)C4)nc3c2cc1F,CHEMBL5801560,CHEMBL5801560,28683911,CHEMBL5729085,8.74
COc1cc2nc(N)n3nc(C4CCC(C)N(c5cn(C6CCOCC6)nc5C)C4)nc3c2cc1F,CHEMBL6036343,CHEMBL6036343,28683917,CHEMBL5729085,9.22
COc1cc2nc(N)n3nc(C4CCC(C)N(c5cnn(CC6(CF)COC6)c5)C4)nc3c2cc1F,CHEMBL5754988,CHEMBL5754988,28683923,CHEMBL5729085,8.09
COc1cc2nc(N)n3nc(C4CCC(C)N(c5cnn(C(C)C(C)(C)O)c5)C4)nc3c2cc1F,CHEMBL6044356,CHEMBL6044356,28683929,CHEMBL5729085,9.22
COc1cc2nc(N)n3nc([C@@H]4CC[C@H](C)N(c5cnn(C(C)C(C)(C)O)c5)C4)nc3c2cc1F,CHEMBL5854231,CHEMBL5854231,28683935,CHEMBL5729085,9.52
COc1cc2nc(N)n3nc([C@H]4CC[C@@H](C)N(c5cn(CC6(O)CCC6)nc5C)C4)nc3c2cc1F,CHEMBL5882864,CHEMBL5882864,28683941,CHEMBL5729085,7.74
COc1cc2nc(N)n3nc([C@@H]4CC[C@H](C)N(c5cn(CC6(O)CCC6)nc5C)C4)nc3c2cc1F,CHEMBL5871375,CHEMBL5871375,28683947,CHEMBL5729085,7.68
COc1cc2nc(N)n3nc(C4CC(F)CN(c5cnn(CC6(O)CCC6)c5)C4)nc3c2cc1F,CHEMBL6024507,CHEMBL6024507,28683965,CHEMBL5729085,8.48
COc1cc2nc(N)n3nc(C4CC(F)CN(c5cnn(CC(C)(C)O)c5)C4)nc3c2cc1F,CHEMBL5741142,CHEMBL5741142,28683971,CHEMBL5729085,7.97
COc1cc2nc(N)n3nc(C4CC(F)CN(c5cnn(C6CCOCC6)c5)C4)nc3c2cc1F,CHEMBL5928309,CHEMBL5928309,28683977;28683995,CHEMBL5729085;CHEMBL5729085,8.74;7.17
COc1cc2nc(N)n3nc(C45CC4CN(c4cnn(CC6(O)CCC6)c4)C5)nc3c2cc1F,CHEMBL5779820,CHEMBL5779820,28683983,CHEMBL5729085,7.32
COc1cc2nc(N)n3nc(C45CC4CN(c4cnn(CC(C)(C)O)c4)C5)nc3c2cc1F,CHEMBL5824961,CHEMBL5824961,28683989,CHEMBL5729085,7.87
COc1cc2nc(N)n3nc([C@H]4CCCCN(c5cnn(CC(C)(C)O)c5)C4)nc3c2cc1F,CHEMBL5975293,CHEMBL5975293,28684001,CHEMBL5729085,7.5
COc1cc2nc(N)n3nc([C@@H]4CCCCN(c5cnn(CC(C)(C)O)c5)C4)nc3c2cc1F,CHEMBL5811087,CHEMBL5811087,28684007,CHEMBL5729085,8.3
COc1cc2nc(N)n3nc(C4(F)CCN(c5cnn(CC(C)(C)O)c5)C4)nc3c2cc1F,CHEMBL5745879,CHEMBL5745879,28684013;28684019,CHEMBL5729085;CHEMBL5729085,6.84;6.62
COc1cc2nc(N)n3nc([C@@H]4CCCN(c5ncn(C(C)C(C)(C)O)n5)C4)nc3c2cc1F,CHEMBL5853405,CHEMBL5853405,28684025;28684031,CHEMBL5729085;CHEMBL5729085,9.0;8.92
COc1cc2nc(N)n3nc(C4CN(c5cnn(CC(C)(C)O)c5)CCC4C)nc3c2cc1F,CHEMBL5778485,CHEMBL5778485,28684037,CHEMBL5729085,9.22
COc1ccc(CNc2nc3c(OC)cc(F)cc3c3nc([C@H]4C[C@@H](F)CN(c5cnn(CC(C)(C)O)c5)C4)nn23)c(OC)c1,CHEMBL5778247,CHEMBL5778247,28684043,CHEMBL5729085,6.74
COc1ccc(CNc2nc3c(OC)cc(F)cc3c3nc([C@@H]4C[C@H](F)CN(c5cnn(CC(C)(C)O)c5)C4)nn23)c(OC)c1,CHEMBL5918530,CHEMBL5918530,28684046,CHEMBL5729085,8.59
COc1cc(F)cc2c1nc(N)n1nc(C3CC(F)CN(c4cn(CC(C)(C)O)nc4C)C3)nc21,CHEMBL5864321,CHEMBL5864321,28684052;28684058;28684082;28684085,CHEMBL5729085;CHEMBL5729085;CHEMBL5729085;CHEMBL5729085,9.22;7.45;6.59;9.4
COc1cc(F)cc2c1nc(N)n1nc(C3CC(F)CN(c4cnn(CC5(O)CCC5)c4)C3)nc21,CHEMBL6023131,CHEMBL6023131,28684061;28684067;28684091;28684097,CHEMBL5729085;CHEMBL5729085;CHEMBL5729085;CHEMBL5729085,8.7;6.36;9.05;7.8
COc1ccc(CNc2nc3c(OC)cc(F)cc3c3nc([C@@H]4C[C@@H](F)CN(c5cnn(CC(C)(C)O)c5)C4)nn23)c(OC)c1,CHEMBL5840139,CHEMBL5840139,28684073,CHEMBL5729085,9.05
COc1ccc(CNc2nc3c(OC)cc(F)cc3c3nc([C@H]4C[C@H](F)CN(c5cnn(CC(C)(C)O)c5)C4)nn23)c(OC)c1,CHEMBL5814557,CHEMBL5814557,28684079,CHEMBL5729085,7.25
COc1cc2nc(N)n3nc([C@@H]4C[C@@H](F)CN(c5cnn(CC(C)(C)O)c5)C4)nc3c2cc1F,CHEMBL5855188,CHEMBL5855188,28684103,CHEMBL5729085,7.94
COc1cc2nc(N)n3nc([C@H]4C[C@H](F)CN(c5cnn(CC(C)(C)O)c5)C4)nc3c2cc1F,CHEMBL6047655,CHEMBL6047655,28684109,CHEMBL5729085,6.92
COc1cc2nc(N)n3nc([C@@H]4CCCN(c5cnn(C6CCC[C@]6(C)O)c5)C4)nc3c2cc1F,CHEMBL5787558,CHEMBL5787558,28684115,CHEMBL5729085,8.31
COc1cc2nc(N)n3nc([C@@H]4CCCN(c5cnn(C6CCC[C@@]6(C)O)c5)C4)nc3c2cc1F,CHEMBL5951434,CHEMBL5951434,28684121,CHEMBL5729085,8.57
COc1cc2nc(N)n3nc([C@@H]4CCCN(c5cnn(C6CCCC6O)c5)C4)nc3c2cc1F,CHEMBL6058998,CHEMBL6058998,28684127;28684133,CHEMBL5729085;CHEMBL5729085,8.64;8.28
COc1cc(F)cc2c1nc(N)n1nc([C@@H]3CCCN(c4cn(C(C)C(C)(C)O)nc4C)C3)nc21,CHEMBL5984547,CHEMBL5984547,28684139;28684145,CHEMBL5729085;CHEMBL5729085,9.52;9.4
COc1cc2nc(N)n3nc([C@@H]4CC[C@H](C)N(c5cnn(C6CCCC6O)c5)C4)nc3c2cc1F,CHEMBL5826102,CHEMBL5826102,28684151,CHEMBL5729085,10.0
COc1cc2nc(N)n3nc([C@H]4CC[C@@H](C)N(c5cnn(C6CCCC6O)c5)C4)nc3c2cc1F,CHEMBL5834574,CHEMBL5834574,28684157,CHEMBL5729085,9.7
COc1cc2nc(N)n3nc([C@H]4C[C@@H](C)CN(C5=NC(CC(C)(C)O)N=C5)C4)nc3c2cc1F,CHEMBL5993358,CHEMBL5993358,28684163,CHEMBL5729085,8.92
COc1cc2nc(N)n3nc([C@@H]4C[C@H](C)CN(C5=NC(CC(C)(C)O)N=C5)C4)nc3c2cc1F,CHEMBL5775346,CHEMBL5775346,28684169,CHEMBL5729085,7.35
COc1cc2nc(N)n3nc([C@@H]4CCCN(c5cnn(CCCC(C)=O)c5)C4)nc3c2cc1F,CHEMBL5873278,CHEMBL5873278,28684181,CHEMBL5729085,8.24
COc1cc2nc(N)n3nc([C@@H]4CCCN(c5cnn(CCC[C@H](C)O)c5)C4)nc3c2cc1F,CHEMBL6053179,CHEMBL6053179,28684187,CHEMBL5729085,8.11
COc1cc2nc(N)n3nc([C@@H]4CCCN(c5cnn(CCC[C@@H](C)O)c5)C4)nc3c2cc1F,CHEMBL5834045,CHEMBL5834045,28684193,CHEMBL5729085,6.69
COc1cc2nc(N)n3nc([C@H]4CC[C@@H](C)N(c5cnn(C6CCC(C)(O)CC6)c5)C4)nc3c2cc1F,CHEMBL6024542,CHEMBL6024542,28684199,CHEMBL5729085,9.15
COc1cc2nc(N)n3nc([C@@H]4CC[C@H](C)N(c5cnn(C6CCC(C)(O)CC6)c5)C4)nc3c2cc1F,CHEMBL5774836,CHEMBL5774836,28684205,CHEMBL5729085,9.22
COc1cc2nc(N)n3nc([C@@H]4CCCN(c5cnn(C6CC[C@]6(C)O)c5)C4)nc3c2cc1F,CHEMBL5739943,CHEMBL5739943,28684211,CHEMBL5729085,9.05
COc1cc2nc(N)n3nc([C@@H]4CCCN(c5cnn(C6CC[C@@]6(C)O)c5)C4)nc3c2cc1F,CHEMBL5763609,CHEMBL5763609,28684217,CHEMBL5729085,8.36
COc1cc(F)cc2c(NNC(=O)C3CCCN(c4cnn(C)c4)C3)nc(N)nc12,CHEMBL5811772,CHEMBL5811772,28684223,CHEMBL5729085,8.85
Cn1cc(N2CCCC(c3nc4c5cc(F)c(F)cc5nc(N)n4n3)C2)cn1,CHEMBL5894292,CHEMBL5894292,28684229,CHEMBL5729085,7.49
Cn1cc(N2CCCC(c3nc4c5cc(F)ccc5nc(N)n4n3)C2)cn1,CHEMBL6033717,CHEMBL6033717,28684235,CHEMBL5729085,6.98
Cn1cc(N2CCCC(c3nc4c5cc(F)cc(F)c5nc(N)n4n3)C2)cn1,CHEMBL5989918,CHEMBL5989918,28684241,CHEMBL5729085,9.3
COc1cc(Cl)cc2c1nc(N)n1nc(C3CCCN(c4cnn(C)c4)C3)nc21,CHEMBL6008530,CHEMBL6008530,28684247,CHEMBL5729085,7.75
Cc1cc(Cl)cc2c1nc(N)n1nc(C3CCCN(c4cnn(C)c4)C3)nc21,CHEMBL5949377,CHEMBL5949377,28684253,CHEMBL5729085,6.48
Cn1cc(N2CCCC(c3nc4c5cc(Cl)ccc5nc(N)n4n3)C2)cn1,CHEMBL5877704,CHEMBL5877704,28684259,CHEMBL5729085,6.5
Cn1cc(N2CCCC(c3nc4c5c(F)c(F)ccc5nc(N)n4n3)C2)cn1,CHEMBL5805452,CHEMBL5805452,28684265,CHEMBL5729085,6.9
COc1cc2nc(N)n3nc([C@@H]4CC[C@H](C)N(c5cnn(CC(C)(C)O)c5)C4)nc3c2cc1F,CHEMBL5786961,CHEMBL5786961,28684274,CHEMBL5729085,9.15
C[C@H]1CC[C@@H](c2nc3c4cc(F)c(Cl)cc4nc(N)n3n2)CN1c1cnn(CC(C)(C)O)c1,CHEMBL5824610,CHEMBL5824610,28684280,CHEMBL5729085,9.7
C[C@H]1CC[C@@H](c2nc3c4cc(F)cc(F)c4nc(N)n3n2)CN1c1cnn(CC(C)(C)O)c1,CHEMBL5804550,CHEMBL5804550,28684286,CHEMBL5729085,9.15
Cc1cc2nc(N)n3nc([C@@H]4CC[C@H](C)N(c5cnn(CC(C)(C)O)c5)C4)nc3c2cc1F,CHEMBL5945120,CHEMBL5945120,28684292,CHEMBL5729085,9.4
Cn1cc(N2CCC[C@@H](c3nc4c5cc(Cl)cc(Cl)c5nc(N)n4n3)C2)cn1,CHEMBL6017263,CHEMBL6017263,28684298,CHEMBL5729085,7.24
COc1cc(F)cc2c1nc(N)n1nc(C3CCC(C)N(c4cn(CC(C)(C)O)nc4C)C3)nc21,CHEMBL6039445,CHEMBL6039445,28684304,CHEMBL5729085,7.3
COc1cc(F)cc2c1nc(N)n1nc([C@@H]3CC[C@@H](C)N(c4cn(CC(C)(C)O)nc4C)C3)nc21,CHEMBL5766365,CHEMBL5766365,28684310,CHEMBL5729085,8.54
COc1cc(F)cc2c1nc(N)n1nc([C@H]3CC[C@H](C)N(c4cn(CC(C)(C)O)nc4C)C3)nc21,CHEMBL5841235,CHEMBL5841235,28684316,CHEMBL5729085,6.68
COc1cc(F)cc2c1nc(N)n1nc([C@@H]3CC[C@H](C)N(c4cn(CC(C)(C)O)nc4C)C3)nc21,CHEMBL5951900,CHEMBL5951900,28684319,CHEMBL5729085,9.7
COc1cc(F)cc2c1nc(N)n1nc(C3CCC(C)N(c4cnn(CC(C)(C)O)c4)C3)nc21,CHEMBL5970150,CHEMBL5970150,28684325;28684331;28684337;28684343,CHEMBL5729085;CHEMBL5729085;CHEMBL5729085;CHEMBL5729085,8.72;7.29;9.22;7.26
COc1cc(F)cc2c1nc(N)n1nc(C3CCC(C)N(c4cnn(C(C)(C)CO)c4)C3)nc21,CHEMBL6049760,CHEMBL6049760,28684349;28684355;28684361;28684367,CHEMBL5729085;CHEMBL5729085;CHEMBL5729085;CHEMBL5729085,6.43;9.52;9.52;7.06
COc1cc2nc(N)n3nc(C4CCC(C)N(c5cnn(C(C)(C)CO)c5)C4)nc3c2cc1F,CHEMBL5942523,CHEMBL5942523,28684373;28684379;28684385,CHEMBL5729085;CHEMBL5729085;CHEMBL5729085,8.59;6.92;9.52
COc1cc2nc(N)n3nc([C@@H]4CCCN(c5cn(CS(C)(=O)=O)nc5C)C4)nc3c2cc1F,CHEMBL5877367,CHEMBL5877367,28684391,CHEMBL5729085,8.39
COc1cc2nc(N)n3nc([C@H]4CCCN(c5cn(CS(C)(=O)=O)nc5C)C4)nc3c2cc1F,CHEMBL5820274,CHEMBL5820274,28684397,CHEMBL5729085,8.92
COc1cc2nc(N)n3nc([C@@H]4CCCN(c5cnn(CS(C)(=O)=O)c5)C4)nc3c2cc1F,CHEMBL6014503,CHEMBL6014503,28684403,CHEMBL5729085,7.93
COc1cc2nc(N)n3nc([C@@H]4CCCN(c5cn(CS(C)(=O)=O)nc5C(F)F)C4)nc3c2cc1F,CHEMBL5887154,CHEMBL5887154,28684409,CHEMBL5729085,8.17
COc1cc(F)cc2c1nc(N)n1nc(C3(F)CCCN(c4cnn(CC(C)(C)O)c4)C3)nc21,CHEMBL5992187,CHEMBL5992187,28684415;28684421,CHEMBL5729085;CHEMBL5729085,8.37;6.91
CCC1CCC(c2nc3c4cc(F)c(OC)cc4nc(N)n3n2)CN1c1cnn(CC(C)(C)O)c1,CHEMBL5952508,CHEMBL5952508,28684427;28684433;28684439;28684445,CHEMBL5729085;CHEMBL5729085;CHEMBL5729085;CHEMBL5729085,7.85;9.0;7.1;7.88
COc1cc2nc(N)n3nc(C4CCCN(c5cnn(CC(C)(C)O)c5)C4=O)nc3c2cc1F,CHEMBL6060340,CHEMBL6060340,28684451,CHEMBL5729085,7.78
COc1cc2nc(N)n3nc([C@H]4CN(c5cn(CC(C)(C)O)nc5C)CCO4)nc3c2cc1F,CHEMBL5883137,CHEMBL5883137,28684457,CHEMBL5729085,9.1
COc1cc2nc(N)n3nc([C@@H]4CN(c5cn(CC(C)(C)O)nc5C)CCO4)nc3c2cc1F,CHEMBL5818900,CHEMBL5818900,28684463,CHEMBL5729085,7.62
COc1cc2nc(F)n3nc([C@H]4CN(c5cn(CC(C)(C)O)nc5C)CCS4(=O)=O)nc3c2cc1F,CHEMBL5759226,CHEMBL5759226,28684472,CHEMBL5729085,6.01
CCn1cc([C@@]2(O)CCCC(c3nc4c5cc(F)c(OC)cc5nc(N)n4n3)C2)cn1,CHEMBL5941809,CHEMBL5941809,28684484;28684496,CHEMBL5729085;CHEMBL5729085,8.68;6.42
CCn1cc([C@]2(O)CCCC(c3nc4c5cc(F)c(OC)cc5nc(N)n4n3)C2)cn1,CHEMBL5832105,CHEMBL5832105,28684490;28684502,CHEMBL5729085;CHEMBL5729085,6.06;8.74
COc1cccc2c1nc(N)n1nc(C3CCCC(O)(c4cnn(CC(C)(C)O)c4)C3)nc21,CHEMBL6020874,CHEMBL6020874,28684508,CHEMBL5729085,8.85
COc1cc2nc(N)n3nc([C@@H]4CCCN(c5cnn(C(C)(C)CO)c5)C4)nc3c2cc1F,CHEMBL5889979,CHEMBL5889979,28684514,CHEMBL5729085,8.42
COc1cc2nc(N)n3nc([C@@H]4CCCN(c5cnn(CCC(C)(C)O)c5)C4)nc3c2cc1F,CHEMBL5860289,CHEMBL5860289,28684520,CHEMBL5729085,8.23
CC(C)(O)Cn1cc(N2CCC[C@@H](c3nc4c5cc(F)c(OC(F)F)cc5nc(N)n4n3)C2)cn1,CHEMBL5912890,CHEMBL5912890,28684526,CHEMBL5729085,8.13
Cc1nn(CC(C)(C)O)cc1N1CCC[C@@H](c2nc3c4cc(F)c(OC(F)F)cc4nc(N)n3n2)C1,CHEMBL5766675,CHEMBL5766675,28684532,CHEMBL5729085,8.92
COc1cc2nc(N)n3nc(C4CC(C)CN(c5cn(C(C)(C)CO)nc5C)C4)nc3c2cc1F,CHEMBL5990688,CHEMBL5990688,28684538;28684622;28684628,CHEMBL5729085;CHEMBL5729085;CHEMBL5729085,7.62;7.01;9.1
COc1cc2nc(N)n3nc(C4CC(C)CN(c5cnn(C(C)(C)CO)c5)C4)nc3c2cc1F,CHEMBL5863958,CHEMBL5863958,28684544;28684634;28684640,CHEMBL5729085;CHEMBL5729085;CHEMBL5729085,8.02;8.92;7.22
COc1cc2nc(N)n3nc([C@H]4C[C@@H](C)CN(c5cn(CC(C)(C)O)nc5C)C4)nc3c2cc1F,CHEMBL6052555,CHEMBL6052555,28684550,CHEMBL5729085,7.48
COc1cc2nc(N)n3nc([C@@H]4C[C@H](C)CN(c5cn(CC(C)(C)O)nc5C)C4)nc3c2cc1F,CHEMBL5898803,CHEMBL5898803,28684556,CHEMBL5729085,8.96
COc1cc(F)cc2c1nc(N)n1nc(C3CC(C)CN(c4cnn(CC(C)(C)O)c4)C3)nc21,CHEMBL5885319,CHEMBL5885319,28684562;28684568,CHEMBL5729085;CHEMBL5729085,9.0;8.06
COc1cc2nc(N)n3nc(C4CC(C)CN(c5cn(CC(C)(C)O)nc5C)C4)nc3c2cc1F,CHEMBL5768822,CHEMBL5768822,28684574;28684580,CHEMBL5729085;CHEMBL5729085,7.41;9.15
CC1CC(c2nc3c4cc(F)cc(F)c4nc(N)n3n2)CN(c2cnn(CC(C)(C)O)c2)C1,CHEMBL5804114,CHEMBL5804114,28684586;28684592;28684691;28684697,CHEMBL5729085;CHEMBL5729085;CHEMBL5729085;CHEMBL5729085,7.44;8.72;7.8;6.44
COc1cc(F)cc2c1nc(N)n1nc(C3CC(C)CN(c4cnn(C(C)(C)CO)c4)C3)nc21,CHEMBL5760899,CHEMBL5760899,28684598;28684604,CHEMBL5729085;CHEMBL5729085,9.1;7.7
Cc1nn(CC(C)(C)O)cc1N1CC(C)CC(c2nc3c4cc(F)cc(F)c4nc(N)n3n2)C1,CHEMBL5801929,CHEMBL5801929,28684610;28684616,CHEMBL5729085;CHEMBL5729085,9.22;7.62
COc1cc(F)cc2c1nc(N)n1nc(C3CC(C)CN(c4cnn(CC(C)(C)O)c4C)C3)nc21,CHEMBL6018554,CHEMBL6018554,28684643;28684649,CHEMBL5729085;CHEMBL5729085,7.68;9.22
COc1cc(F)cc2c1nc(N)n1nc(C3CC(C)CN(c4cn(C(C)(C)CO)nc4C)C3)nc21,CHEMBL5755731,CHEMBL5755731,28684655;28684661,CHEMBL5729085;CHEMBL5729085,7.52;9.05
Cc1nn(C(C)(C)CO)cc1N1CC(C)CC(c2nc3c4cc(F)cc(F)c4nc(N)n3n2)C1,CHEMBL5754574,CHEMBL5754574,28684667;28684673,CHEMBL5729085;CHEMBL5729085,6.81;9.22
CC1CC(c2nc3c4cc(F)cc(F)c4nc(N)n3n2)CN(c2cnn(C(C)(C)CO)c2)C1,CHEMBL5783854,CHEMBL5783854,28684679;28684685,CHEMBL5729085;CHEMBL5729085,8.4;7.27
CCC(C)(O)Cn1cc(N2CCC[C@@H](c3nc4c5cc(F)c(OC)cc5nc(N)n4n3)C2)cn1,CHEMBL5858319,CHEMBL5858319,28684703;28684709,CHEMBL5729085;CHEMBL5729085,8.7;8.31
COc1cc(F)cc2c1nc(N)n1nc([C@@H]3CCCN(c4cnn(C(C)C(C)O)c4)C3)nc21,CHEMBL6041135,CHEMBL6041135,28684715;28684721;28684811;28684817,CHEMBL5729085;CHEMBL5729085;CHEMBL5729085;CHEMBL5729085,8.96;9.0;8.72;8.85
COc1cc2nc(N)n3nc([C@@H]4CCCN(c5cnn(C(C)C(C)O)c5)C4)nc3c2cc1F,CHEMBL5810060,CHEMBL5810060,28684727;28684733;28684799;28684805,CHEMBL5729085;CHEMBL5729085;CHEMBL5729085;CHEMBL5729085,8.59;8.82;8.6;8.6
COc1cc(F)cc2c1nc(N)n1nc([C@@H]3CCCN(c4cn(C(C)C(C)O)nc4C)C3)nc21,CHEMBL5844673,CHEMBL5844673,28684739;28684745,CHEMBL5729085;CHEMBL5729085,9.3;9.1
Cc1nn(C(C)C(C)O)cc1N1CCC[C@@H](c2nc3c4cc(F)cc(F)c4nc(N)n3n2)C1,CHEMBL6013704,CHEMBL6013704,28684751;28684757,CHEMBL5729085;CHEMBL5729085,9.05;9.1
COc1cc(F)cc2c1nc(N)n1nc([C@@H]3CCCN(c4cnn(C(C)C(C)O)c4C)C3)nc21,CHEMBL6062402,CHEMBL6062402,28684763;28684769,CHEMBL5729085;CHEMBL5729085,8.89;8.77
COc1cc2nc(N)n3nc([C@@H]4CCCN(c5cnn(C(C)C(C)O)c5C)C4)nc3c2cc1F,CHEMBL6000695,CHEMBL6000695,28684775;28684781,CHEMBL5729085;CHEMBL5729085,8.47;8.43
CC(O)C(C)n1cc(N2CCC[C@@H](c3nc4c5cc(F)cc(F)c5nc(N)n4n3)C2)cn1,CHEMBL6019112,CHEMBL6019112,28684787;28684793;28684823;28684829,CHEMBL5729085;CHEMBL5729085;CHEMBL5729085;CHEMBL5729085,8.19;8.37;8.11;8.11
COc1cc(F)cc2c1nc(N)n1nc(C3CC(C)CN(c4cn(C(C)(C)C(C)O)nc4C)C3)nc21,CHEMBL5921153,CHEMBL5921153,28684835;28684841;28684847,CHEMBL5729085;CHEMBL5729085;CHEMBL5729085,8.15;7.89;9.05
COc1cc2nc(N)n3nc(C4CC(C)CN(c5cnn(C(C)C(C)O)c5)C4)nc3c2cc1F,CHEMBL5871682,CHEMBL5871682,28684853;28684859;28684865;28684868,CHEMBL5729085;CHEMBL5729085;CHEMBL5729085;CHEMBL5729085,9.15;9.15;7.79;7.05
Cc1nn(C(C)C(C)O)cc1N1CC(C)CC(c2nc3c4cc(F)cc(F)c4nc(N)n3n2)C1,CHEMBL5801469,CHEMBL5801469,28684874;28684877;28684883;28684889,CHEMBL5729085;CHEMBL5729085;CHEMBL5729085;CHEMBL5729085,6.91;6.48;9.3;9.4
Cc1c(N2CC(C)CC(c3nc4c5cc(F)cc(F)c5nc(N)n4n3)C2)cnn1C(C)C(C)O,CHEMBL5981664,CHEMBL5981664,28684895;28684901;28684907;28684913,CHEMBL5729085;CHEMBL5729085;CHEMBL5729085;CHEMBL5729085,9.0;8.96;6.63;6.61
COc1cc(F)cc2c1nc(N)n1nc(C3CC(C)CN(c4cnn(C(C)C(C)O)c4C)C3)nc21,CHEMBL5849758,CHEMBL5849758,28684916;28684919;28684925;28684931,CHEMBL5729085;CHEMBL5729085;CHEMBL5729085;CHEMBL5729085,7.69;9.3;7.46;9.15
COc1cc(F)cc2c1nc(N)n1nc(C3CC(C)CN(c4cn(C(C)C(C)O)nc4C)C3)nc21,CHEMBL5998391,CHEMBL5998391,28684937;28684943;28684949;28684955,CHEMBL5729085;CHEMBL5729085;CHEMBL5729085;CHEMBL5729085,9.4;9.4;7.75;7.4
COc1cc2nc(N)n3nc([C@H]4CC[C@@H](C)N(c5cnn(C(C)C(C)O)c5)C4)nc3c2cc1F,CHEMBL5876547,CHEMBL5876547,28684961,CHEMBL5729085,9.1
COc1cc2nc(N)n3nc([C@@H]4CC[C@@H](C)N(c5cnn(C(C)C(C)O)c5)C4)nc3c2cc1F,CHEMBL5961440,CHEMBL5961440,28684967,CHEMBL5729085,9.0
COc1cc2nc(N)n3nc([C@H]4CC[C@H](C)N(c5cnn(C(C)C(C)O)c5)C4)nc3c2cc1F,CHEMBL5897128,CHEMBL5897128,28684973,CHEMBL5729085,7.48
COc1cc2nc(N)n3nc([C@@H]4CC[C@H](C)N(c5cnn(C(C)C(C)O)c5)C4)nc3c2cc1F,CHEMBL5876589,CHEMBL5876589,28684979,CHEMBL5729085,6.91
CC(O)C(C)n1cc(N2CC(c3nc4c5cc(F)cc(F)c5nc(N)n4n3)CCC2C)cn1,CHEMBL5889416,CHEMBL5889416,28684985;28684991;28684997;28685003,CHEMBL5729085;CHEMBL5729085;CHEMBL5729085;CHEMBL5729085,8.89;9.15;7.33;6.36
COc1cc2nc(N)n3nc(C4CCC(C)N(c5cnn(C(C)C(C)O)c5)C4)nc3c2cc1F,CHEMBL5928083,CHEMBL5928083,28685009;28685015;28685021;28685027,CHEMBL5729085;CHEMBL5729085;CHEMBL5729085;CHEMBL5729085,9.0;9.1;7.66;7.12
COc1cc2nc(N)n3nc(C4CCC(C)N(c5cnn(CC(C)O)c5)C4)nc3c2cc1F,CHEMBL5872253,CHEMBL5872253,28685030;28685036,CHEMBL5729085;CHEMBL5729085,8.92;8.89
COc1cc2nc(N)n3nc([C@@H]4CCCN(c5cnn(C(C)(C)C(C)O)c5)C4)nc3c2cc1F,CHEMBL5918437,CHEMBL5918437,28685042,CHEMBL5729085,8.7
COc1cc2nc(N)n3nc([C@H]4CCCN(c5cnn(C(C)(C)C(C)O)c5)C4)nc3c2cc1F,CHEMBL5765291,CHEMBL5765291,28685048,CHEMBL5729085,8.59
COc1cc(F)cc2c1nc(N)n1nc([C@@H]3CCCN(c4cnn(C(C)(C)C(C)O)c4)C3)nc21,CHEMBL5970157,CHEMBL5970157,28685054;28685060,CHEMBL5729085;CHEMBL5729085,9.05;8.7
CC(O)C(C)(C)n1cc(N2CCC[C@@H](c3nc4c5cc(F)cc(F)c5nc(N)n4n3)C2)cn1,CHEMBL5906623,CHEMBL5906623,28685066;28685072,CHEMBL5729085;CHEMBL5729085,8.49;8.35
C[C@@H]1CC[C@H](c2nc3c4cc(F)cc(F)c4nc(N)n3n2)CN1c1cnn(C(C)(CO)CO)c1,CHEMBL6024738,CHEMBL6024738,28685078,CHEMBL5729085,8.85
C[C@H]1CC[C@@H](c2nc3c4cc(F)cc(F)c4nc(N)n3n2)CN1c1cnn(C(C)(CO)CO)c1,CHEMBL5769217,CHEMBL5769217,28685084,CHEMBL5729085,7.57
COc1cc2nc(N)n3nc(C4CCC(C)N(c5cnn(C(C)(CO)CO)c5)C4)nc3c2cc1F,CHEMBL5759573,CHEMBL5759573,28685090;28685096,CHEMBL5729085;CHEMBL5729085,9.15;7.4
COc1cc2nc(N)n3nc(C4CCC(C)N(c5cnn(CC(C)(O)CO)c5)C4)nc3c2cc1F,CHEMBL5804535,CHEMBL5804535,28685102;28685108;28685114;28685120,CHEMBL5729085;CHEMBL5729085;CHEMBL5729085;CHEMBL5729085,7.02;6.91;8.82;8.59
CC1CCC(c2nc3c4cc(F)cc(F)c4nc(N)n3n2)CN1c1cnn(CC(C)(O)CO)c1,CHEMBL5767064,CHEMBL5767064,28685126;28685132;28685135;28685141,CHEMBL5729085;CHEMBL5729085;CHEMBL5729085;CHEMBL5729085,6.62;6.27;8.64;8.64
CC1CCC(c2nc3c4cc(F)cc(F)c4nc(N)n3n2)CN1c1cnn(CC(C)(CO)CO)c1,CHEMBL5780762,CHEMBL5780762,28685147;28685153,CHEMBL5729085;CHEMBL5729085,8.77;7.06
COc1cc2nc(N)n3nc(C4CCC(C)N(c5cnn(CC(C)(C)N)c5)C4)nc3c2cc1F,CHEMBL5762874,CHEMBL5762874,28685159;28685165,CHEMBL5729085;CHEMBL5729085,8.66;7.58
COc1cc2nc(N)n3nc(C4CCC(C)N(c5cnn(C(C)(C)C(C)O)c5)C4)nc3c2cc1F,CHEMBL5958175,CHEMBL5958175,28685171;28685177;28685183;28685189,CHEMBL5729085;CHEMBL5729085;CHEMBL5729085;CHEMBL5729085,8.52;8.89;7.19;6.76
COc1cc(F)cc2c1nc(N)n1nc(C3CCC(C)N(c4cnn(C(C)(C)C(C)O)c4)C3)nc21,CHEMBL5913219,CHEMBL5913219,28685195;28685201;28685207;28685213,CHEMBL5729085;CHEMBL5729085;CHEMBL5729085;CHEMBL5729085,9.15;8.92;8.28;7.67
COc1cc2nc(N)n3nc(C4CCC(C)N(c5cnn(CC6(O)CC6)c5)C4)nc3c2cc1F,CHEMBL5744505,CHEMBL5744505,28685219;28685225,CHEMBL5729085;CHEMBL5729085,7.36;8.92
COc1cc2nc(N)n3nc(C4CC(C)CN(c5cnn(CC(C)(C)O)c5C)C4)nc3c2cc1F,CHEMBL5822752,CHEMBL5822752,28685231;28685237,CHEMBL5729085;CHEMBL5729085,9.15;7.81
C[C@](C(=O)NCC1(O)COC1)(c1ccccc1)n1ncc2c1nc(N)n1nc(-c3ccco3)nc21,CHEMBL6029118,CHEMBL6029118,28831301,CHEMBL5729388,8.92
C[C@](C(=O)N[C@@H]1CCC[C@@H]1O)(c1ccccc1)n1ncc2c1nc(N)n1nc(-c3ccco3)nc21,CHEMBL5997347,CHEMBL5997347,28831307,CHEMBL5729388,8.66
Nc1nc2c(cnn2[C@H](C(=O)NCC2(O)COC2)c2ccccc2)c2nc(-c3ccco3)nn12,CHEMBL5851497,CHEMBL5851497,28831313,CHEMBL5729388,8.77
CC1(O)CCC(NC(=O)[C@@](C)(c2ccccc2)n2ncc3c2nc(N)n2nc(-c4ccco4)nc32)CC1,CHEMBL5793140,CHEMBL5793140,28831319,CHEMBL5729388,8.8
C[C@](C(=O)NC1CCC(O)CC1)(c1ccccc1)n1ncc2c1nc(N)n1nc(-c3ccco3)nc21,CHEMBL5787523,CHEMBL5787523,28831325,CHEMBL5729388,8.8
CC(NC(=O)c1nc(-c2ccc(=O)n(C)n2)c(-c2ncco2)nc1N)c1c(F)cccc1F,CHEMBL5790434,CHEMBL5790434,28938119,CHEMBL5729572,8.28
Cc1cc(-c2c(-c3cnc4c(c3)CCN4)nc(N)n3ccnc23)cc(C)n1,CHEMBL6017871,CHEMBL6017871,29024942,CHEMBL5729759,6.26
Cc1cc(-c2c(-c3ccccc3)nc(N)n3c(CN4CCOCC4)cnc23)cc(C)n1,CHEMBL6052186,CHEMBL6052186,29024945,CHEMBL5729759,7.26
Nc1nc(-c2ccncc2)c(-c2ccncc2)c2nccn12,CHEMBL5788169,CHEMBL5788169,29024951,CHEMBL5729759,7.26
Cc1occc1-c1nc(N)n2ccnc2c1-c1ccncc1,CHEMBL5963630,CHEMBL5963630,29024954,CHEMBL5729759,7.26
Nc1nc(-c2ccccc2F)c(-c2ccncc2)c2nccn12,CHEMBL5880402,CHEMBL5880402,29024957,CHEMBL5729759,7.26
Nc1nc(-c2cc3ccccc3o2)c(-c2ccncc2)c2nccn12,CHEMBL5884856,CHEMBL5884856,29024960,CHEMBL5729759,6.26
Cc1cc(-c2c(-c3cnn(C)c3)nc(N)n3ccnc23)ccn1,CHEMBL5909594,CHEMBL5909594,29024963,CHEMBL5729759,7.26
CCOC(=O)c1cn2c(N)nc(-c3ccccc3)c(-c3ccnc(C)c3)c2n1,CHEMBL5936744,CHEMBL5936744,29024969,CHEMBL5729759,7.26
COC(=O)c1cc(-c2cn3c(N)nc(-c4ccccc4)c(-c4ccncc4)c3n2)on1,CHEMBL5817837,CHEMBL5817837,29024972,CHEMBL5729759,7.26
CCOc1ccc(-c2cnc3c(-c4ccnc(C)c4)c(-c4ccccc4)nc(N)n23)cc1,CHEMBL5877047,CHEMBL5877047,29024975,CHEMBL5729759,7.26
CCNC(=O)c1nc2c(-c3ccnc(OC)c3)c(-c3cccc(C#N)c3)nc(N)n2c1C,CHEMBL5918346,CHEMBL5918346,29024990,CHEMBL5729759,7.26
CCNC(=O)c1cn2c(NCC)nc(-c3ccccc3)c(-c3cc(C)nc(C)c3)c2n1,CHEMBL6047499,CHEMBL6047499,29025002,CHEMBL5729759,7.26
CCNC(=O)c1cn2c(N)nc(-c3cccc(C#N)c3)c(C3CC3)c2n1,CHEMBL5769678,CHEMBL5769678,29025056,CHEMBL5729759,7.26
CCCCC#Cc1nc(N)c2ncn([C@@H]3C=C[C@@H](O)[C@H]3O)c2n1,CHEMBL6172046,CHEMBL6172046,29137728,CHEMBL6096635,6.88
CCCCC#Cc1nc(N)c2ncn([C@@H]3CC[C@@H](O)[C@H]3O)c2n1,CHEMBL6152417,CHEMBL6152417,29137729,CHEMBL6096635,6.4
CCCCC#Cc1nc(N)c2nc(Br)n([C@H]3[C@H](O)[C@H](O)[C@@H]4C[C@@H]43)c2n1,CHEMBL6161626,CHEMBL6161626,29137730,CHEMBL6096635,7.33
CCCCC#Cc1nc(N)c2nc(-c3ccco3)n([C@H]3[C@H](O)[C@H](O)[C@@H]4C[C@@H]43)c2n1,CHEMBL6146782,CHEMBL6146782,29137731,CHEMBL6096635,8.36
CCCCC#Cc1nc(N)c2nc(-c3cccs3)n([C@H]3[C@H](O)[C@H](O)[C@@H]4C[C@@H]43)c2n1,CHEMBL6159665,CHEMBL6159665,29137732,CHEMBL6096635,7.87
CCCCC#Cc1nc(N)c2nc(-c3ccccc3)n([C@H]3[C@H](O)[C@H](O)[C@@H]4C[C@@H]43)c2n1,CHEMBL6169053,CHEMBL6169053,29137733,CHEMBL6096635,7.27
CCCCC#Cc1ccc(-c2nc3c(N)nc(C#CCCCC)nc3n2[C@H]2[C@H](O)[C@H](O)[C@@H]3C[C@@H]32)cc1,CHEMBL6168441,CHEMBL6168441,29137734,CHEMBL6096635,7.07
Nc1nc(NCCN2CCN(c3ccccc3)CC2)nc2sc(-c3ccco3)nc12,CHEMBL6173772,CHEMBL6173772,29190581;29190582,CHEMBL6114958;CHEMBL6114958,8.06;8.13
Cc1nc(N)c(C#N)c(-c2ccccc2)c1C,CHEMBL1367239,CHEMBL1367239,29281077,CHEMBL6153092,6.26
N#Cc1c(N)nc(N2CCCC2)c(C#N)c1-c1ccccc1,CHEMBL1215029,CHEMBL1215029,29281080;29281266,CHEMBL6153092;CHEMBL6153092,6.38;6.86
N#Cc1c(N)nc(N2CCCCC2)c(C#N)c1-c1ccccc1,CHEMBL1215030,CHEMBL1215030,29281081,CHEMBL6153092,6.66
Cc1c(C#N)c(N)nc(N2CCCCC2)c1C#N,CHEMBL6176225,CHEMBL6176225,29281085,CHEMBL6153092,6.57
Cc1ccccc1-c1c(C#N)c(N)nc(N2CCCCC2)c1C#N,CHEMBL6171849,CHEMBL6171849,29281087,CHEMBL6153092,6.22
Cc1cccc(-c2c(C#N)c(N)nc(N3CCCCC3)c2C#N)c1,CHEMBL6162222,CHEMBL6162222,29281088,CHEMBL6153092,6.6
Cc1ccc(-c2c(C#N)c(N)nc(N3CCCCC3)c2C#N)cc1,CHEMBL6173485,CHEMBL6173485,29281089,CHEMBL6153092,6.02
N#Cc1c(N)nc(N2CCCCC2)c(C#N)c1-c1ccccc1Cl,CHEMBL6165602,CHEMBL6165602,29281090,CHEMBL6153092,6.31
N#Cc1c(N)nc(N2CCCCC2)c(C#N)c1-c1cccc(Cl)c1,CHEMBL6177686,CHEMBL6177686,29281091,CHEMBL6153092,6.16
COc1ccccc1-c1c(C#N)c(N)nc(N2CCCCC2)c1C#N,CHEMBL6176146,CHEMBL6176146,29281093,CHEMBL6153092,6.19
COc1cccc(-c2c(C#N)c(N)nc(N3CCCCC3)c2C#N)c1,CHEMBL6175849,CHEMBL6175849,29281094,CHEMBL6153092,6.82
N#Cc1c(N)nc(N2CCCCC2)c(C#N)c1-c1cccc(O)c1,CHEMBL6169636,CHEMBL6169636,29281096,CHEMBL6153092,6.01
N#Cc1c(N)nc(N2CCCCC2)c(C#N)c1-c1cccc(Oc2ccccc2)c1,CHEMBL6174031,CHEMBL6174031,29281097,CHEMBL6153092,6.51
N#Cc1c(N)nc(N2CCCCC2)c(C#N)c1-c1cccc(OCc2ccccc2)c1,CHEMBL6175780,CHEMBL6175780,29281098,CHEMBL6153092,6.09
COC(=O)c1cccc(-c2c(C#N)c(N)nc(N3CCCCC3)c2C#N)c1,CHEMBL6176699,CHEMBL6176699,29281099,CHEMBL6153092,6.92
N#Cc1c(N)nc(N2CCCCC2)c(C#N)c1-c1cccc(-c2ccccc2)c1,CHEMBL6170146,CHEMBL6170146,29281102,CHEMBL6153092,7.05
N#Cc1c(N)nc(N2CCCCC2)c(C#N)c1-c1cccc([N+](=O)[O-])c1,CHEMBL6176904,CHEMBL6176904,29281103,CHEMBL6153092,6.37
C#Cc1cccc(-c2c(C#N)c(N)nc(N3CCCCC3)c2C#N)c1,CHEMBL6176599,CHEMBL6176599,29281105,CHEMBL6153092,8.0
N#Cc1c(N)nc(N2CCCCC2)c(C#N)c1-c1cccc(Cl)c1F,CHEMBL6162286,CHEMBL6162286,29281108,CHEMBL6153092,6.46
N#Cc1c(N)nc(N2CCCCC2)c(C#N)c1-c1ccc(F)c(Cl)c1,CHEMBL6175527,CHEMBL6175527,29281109,CHEMBL6153092,6.22
N#Cc1c(N)nc(N2CCCCC2)c(C#N)c1-c1cc(F)cc(Cl)c1,CHEMBL6175686,CHEMBL6175686,29281110,CHEMBL6153092,6.42
N#Cc1c(N)nc(N2CCCCC2)c(C#N)c1-c1cc(Cl)ccc1F,CHEMBL6171447,CHEMBL6171447,29281111,CHEMBL6153092,6.68
N#Cc1c(N)nc(N2CCCCC2)c(C#N)c1-c1cccc(-c2ccccc2F)c1,CHEMBL6174526,CHEMBL6174526,29281112,CHEMBL6153092,6.8
N#Cc1c(N)nc(N2CCCCC2)c(C#N)c1-c1cccc(-c2cccc(F)c2)c1,CHEMBL6162835,CHEMBL6162835,29281113,CHEMBL6153092,6.72
Cc1ccccc1-c1cccc(-c2c(C#N)c(N)nc(N3CCCCC3)c2C#N)c1,CHEMBL6173126,CHEMBL6173126,29281115,CHEMBL6153092,6.54
Cc1cccc(-c2cccc(-c3c(C#N)c(N)nc(N4CCCCC4)c3C#N)c2)c1,CHEMBL6174991,CHEMBL6174991,29281116,CHEMBL6153092,6.68
N#Cc1c(N)nc(N2CCCCC2)c(C#N)c1-c1cccc(-c2ccccn2)c1,CHEMBL6176669,CHEMBL6176669,29281118,CHEMBL6153092,7.82
N#Cc1c(N)nc(N2CCCCC2)c(C#N)c1-c1cccc(-c2cccnc2)c1,CHEMBL6177390,CHEMBL6177390,29281119,CHEMBL6153092,8.05
N#Cc1c(N)nc(N2CCCCC2)c(C#N)c1-c1cccc(-c2ccncc2)c1,CHEMBL6171242,CHEMBL6171242,29281120,CHEMBL6153092,6.58
N#Cc1c(N)nc(N2CCCCC2)c(C#N)c1-c1cccc(-c2cccs2)c1,CHEMBL6176792,CHEMBL6176792,29281121,CHEMBL6153092,7.26
N#Cc1c(N)nc(N2CCCCC2)c(C#N)c1-c1cccc(-c2ccsc2)c1,CHEMBL6177442,CHEMBL6177442,29281122,CHEMBL6153092,6.82
N#Cc1c(N)nc(N2CCCCC2)c(C#N)c1-c1cccc(-c2cc[nH]n2)c1,CHEMBL6176136,CHEMBL6176136,29281123,CHEMBL6153092,6.55
N#Cc1c(N)nc(N2CCCCC2)c(C#N)c1-c1cccc(-c2nnco2)c1,CHEMBL6175146,CHEMBL6175146,29281124,CHEMBL6153092,6.55
