canonical_smiles,parent_molecule_chembl_id,parent_pref_name,approved_chembl_ids,approved_pref_names,first_approvals,withdrawn_flags
COc1cc2nc(N3CCN(C(=O)c4ccco4)CC3)nc(N)c2cc1OC,CHEMBL2,PRAZOSIN,CHEMBL2;CHEMBL1558,PRAZOSIN;PRAZOSIN HYDROCHLORIDE,1976,False
CN1CCC[C@H]1c1cccnc1,CHEMBL3,NICOTINE,CHEMBL3,NICOTINE,1984,False
CC1COc2c(N3CCN(C)CC3)c(F)cc3c(=O)c(C(=O)O)cn1c23,CHEMBL4,OFLOXACIN,CHEMBL4,OFLOXACIN,1990,False
CCn1cc(C(=O)O)c(=O)c2ccc(C)nc21,CHEMBL5,NALIDIXIC ACID,CHEMBL5,NALIDIXIC ACID,1964,False
COc1ccc2c(c1)c(CC(=O)O)c(C)n2C(=O)c1ccc(Cl)cc1,CHEMBL6,INDOMETHACIN,CHEMBL6;CHEMBL3989410,INDOMETHACIN;INDOMETHACIN SODIUM,1965;1985,False
CC1(C)[C@H](C(=O)O)N2C(=O)C[C@H]2S1(=O)=O,CHEMBL403,SULBACTAM,CHEMBL403;CHEMBL1200944,SULBACTAM;SULBACTAM SODIUM,1986,False
C[C@]1(Cn2ccnn2)[C@H](C(=O)O)N2C(=O)C[C@H]2S1(=O)=O,CHEMBL404,TAZOBACTAM,CHEMBL404;CHEMBL1439,TAZOBACTAM;TAZOBACTAM SODIUM,1993,False
O=C(O)c1cn(C2CC2)c2cc(N3CCNCC3)c(F)cc2c1=O,CHEMBL8,CIPROFLOXACIN,CHEMBL8;CHEMBL1202,CIPROFLOXACIN;CIPROFLOXACIN HYDROCHLORIDE,1987,False
CCn1cc(C(=O)O)c(=O)c2cc(F)c(N3CCNCC3)cc21,CHEMBL9,NORFLOXACIN,CHEMBL9,NORFLOXACIN,1986,False
CC(N)Cc1ccccc1,CHEMBL405,AMPHETAMINE,CHEMBL405;CHEMBL501;CHEMBL1200377;CHEMBL1200387,AMPHETAMINE;AMPHETAMINE SULFATE;AMPHETAMINE ASPARTATE;AMPHETAMINE ADIPATE,1955;1960;1996;1975,False
O=[N+]([O-])O[C@H]1CO[C@H]2[C@@H]1OC[C@H]2O[N+](=O)[O-],CHEMBL6622,ISOSORBIDE DINITRATE,CHEMBL6622,ISOSORBIDE DINITRATE,1986,False
CN1CCN2c3ccccc3Cc3ccccc3C2C1,CHEMBL6437,MIANSERIN,CHEMBL6437,MIANSERIN,,True
CN(C)CCCN1c2ccccc2CCc2ccccc21,CHEMBL11,IMIPRAMINE,CHEMBL11;CHEMBL1692;CHEMBL3989845,IMIPRAMINE;IMIPRAMINE HYDROCHLORIDE;IMIPRAMINE PAMOATE,1959;1973,False
CC1Cc2ccccc2N1NC(=O)c1ccc(Cl)c(S(N)(=O)=O)c1,CHEMBL406,INDAPAMIDE,CHEMBL406,INDAPAMIDE,1983,False
CCOC(=O)c1ncn2c1CN(C)C(=O)c1cc(F)ccc1-2,CHEMBL407,FLUMAZENIL,CHEMBL407,FLUMAZENIL,1991,False
Cc1c(C)c2c(c(C)c1O)CCC(C)(COc1ccc(CC3SC(=O)NC3=O)cc1)O2,CHEMBL408,TROGLITAZONE,CHEMBL408,TROGLITAZONE,1997,True
CC(O)(CS(=O)(=O)c1ccc(F)cc1)C(=O)Nc1ccc(C#N)c(C(F)(F)F)c1,CHEMBL409,BICALUTAMIDE,CHEMBL409,BICALUTAMIDE,1995,False
CN1C(=O)CN=C(c2ccccc2)c2cc(Cl)ccc21,CHEMBL12,DIAZEPAM,CHEMBL12,DIAZEPAM,1963,False
COCCc1ccc(OCC(O)CNC(C)C)cc1,CHEMBL13,METOPROLOL,CHEMBL13;CHEMBL2062335;CHEMBL2356097;CHEMBL3989566,METOPROLOL;METOPROLOL TARTRATE;METOPROLOL SUCCINATE;METOPROLOL FUMARATE,1978;1992;1989,False
CC/C(=C(/CC)c1ccc(O)cc1)c1ccc(O)cc1,CHEMBL411,DIETHYLSTILBESTROL,CHEMBL411,DIETHYLSTILBESTROL,1973,False
CNC1(C)C2CCC(C2)C1(C)C,CHEMBL267936,MECAMYLAMINE,CHEMBL267936;CHEMBL1237082,MECAMYLAMINE;MECAMYLAMINE HYDROCHLORIDE,1956,False
C[N+](C)(C)CCOC(N)=O,CHEMBL965,CARBAMOYLCHOLINE,CHEMBL14;CHEMBL965,CARBACHOL;CARBAMOYLCHOLINE,1972,False
O=C1NC(=O)C(c2ccccc2)(c2ccccc2)N1,CHEMBL16,PHENYTOIN,CHEMBL16;CHEMBL1611,PHENYTOIN;PHENYTOIN SODIUM,1953;1956,False
CO[C@H]1C[C@@H]2CC[C@@H](C)[C@@](O)(O2)C(=O)C(=O)N2CCCC[C@H]2C(=O)O[C@H]([C@H](C)C[C@@H]2CC[C@@H](O)[C@H](OC)C2)CC(=O)[C@H](C)/C=C(\C)[C@@H](O)[C@@H](OC)C(=O)[C@H](C)C[C@H](C)/C=C/C=C/C=C/1C,CHEMBL413,SIROLIMUS,CHEMBL413,SIROLIMUS,1999,False
C=CC[C@@H]1/C=C(\C)C[C@H](C)C[C@H](OC)[C@H]2O[C@@](O)(C(=O)C(=O)N3CCCC[C@H]3C(=O)O[C@H](/C(C)=C/[C@@H]3CC[C@@H](O)[C@H](OC)C3)[C@H](C)[C@@H](O)CC1=O)[C@H](C)C[C@@H]2OC,CHEMBL269732,TACROLIMUS ANHYDROUS,CHEMBL269732;CHEMBL3989887,TACROLIMUS ANHYDROUS;TACROLIMUS,1994,False
CN(C)CCCN1c2ccccc2CCc2ccc(Cl)cc21,CHEMBL415,CLOMIPRAMINE,CHEMBL415;CHEMBL1200710,CLOMIPRAMINE;CLOMIPRAMINE HYDROCHLORIDE,1989,False
COc1c2occc2cc2ccc(=O)oc12,CHEMBL416,METHOXSALEN,CHEMBL416,METHOXSALEN,1954,False
NS(=O)(=O)c1cc(Cl)c(Cl)c(S(N)(=O)=O)c1,CHEMBL17,DICHLORPHENAMIDE,CHEMBL17,DICHLORPHENAMIDE,1958,False
CCOc1ccc2nc(S(N)(=O)=O)sc2c1,CHEMBL18,ETHOXZOLAMIDE,CHEMBL18,ETHOXZOLAMIDE,1982,False
COc1cccc2c1C(=O)c1c(O)c3c(c(O)c1C2=O)C[C@@](O)(C(=O)CO)C[C@@H]3O[C@H]1C[C@H](N)[C@@H](O)[C@H](C)O1,CHEMBL417,EPIRUBICIN,CHEMBL417;CHEMBL1200981,EPIRUBICIN;EPIRUBICIN HYDROCHLORIDE,1999,False
CC(=O)/N=c1/sc(S(N)(=O)=O)nn1C,CHEMBL19,METHAZOLAMIDE,CHEMBL19,METHAZOLAMIDE,1959,False
CC(=O)Nc1nnc(S(N)(=O)=O)s1,CHEMBL20,ACETAZOLAMIDE,CHEMBL20;CHEMBL1200814,ACETAZOLAMIDE;ACETAZOLAMIDE SODIUM,1953;1982,False
NCc1ccc(S(N)(=O)=O)cc1,CHEMBL419,MAFENIDE,CHEMBL419;CHEMBL1201161,MAFENIDE;MAFENIDE ACETATE,1969,False
Nc1ccc(S(N)(=O)=O)cc1,CHEMBL21,SULFANILAMIDE,CHEMBL21,SULFANILAMIDE,1985,False
N=C(N)N/N=C/c1c(Cl)cccc1Cl,CHEMBL420,GUANABENZ,CHEMBL420;CHEMBL1200560,GUANABENZ;GUANABENZ ACETATE,1982,False
COc1cc(Cc2cnc(N)nc2N)cc(OC)c1OC,CHEMBL22,TRIMETHOPRIM,CHEMBL22;CHEMBL1201080;CHEMBL2110367,TRIMETHOPRIM;TRIMETHOPRIM HYDROCHLORIDE;TRIMETHOPRIM SULFATE,1973;1995;1988,False
COc1ccc(CCN(C)CCCC(C#N)(c2ccc(OC)c(OC)c2)C(C)C)cc1OC,CHEMBL6966,VERAPAMIL,CHEMBL6966;CHEMBL1280,VERAPAMIL;VERAPAMIL HYDROCHLORIDE,1981,False
O=C(O)c1cc(/N=N/c2ccc(S(=O)(=O)Nc3ccccn3)cc2)ccc1O,CHEMBL421,SULFASALAZINE,CHEMBL421,SULFASALAZINE,1950,False
O=c1ccc2ccccc2o1,CHEMBL6466,COUMARIN,CHEMBL6466,COUMARIN,,True
COc1ccc([C@@H]2Sc3ccccc3N(CCN(C)C)C(=O)[C@@H]2OC(C)=O)cc1,CHEMBL23,DILTIAZEM,CHEMBL23;CHEMBL1697;CHEMBL1200805,DILTIAZEM;DILTIAZEM HYDROCHLORIDE;DILTIAZEM MALATE,1982;1996,False
CC(C)NCC(O)COc1ccc(CC(N)=O)cc1,CHEMBL24,ATENOLOL,CHEMBL24,ATENOLOL,1981,False
CC(=O)Oc1ccccc1C(=O)O,CHEMBL25,ASPIRIN,CHEMBL25,ASPIRIN,1950,False
CN1CCN(CCCN2c3ccccc3Sc3ccc(C(F)(F)F)cc32)CC1,CHEMBL422,TRIFLUOPERAZINE,CHEMBL422;CHEMBL1257040,TRIFLUOPERAZINE;TRIFLUOPERAZINE HYDROCHLORIDE,1959,False
CCN1CCCC1CNC(=O)c1cc(S(N)(=O)=O)ccc1OC,CHEMBL26,SULPIRIDE,CHEMBL26,SULPIRIDE,,False
CC(C)NCC(O)COc1ccc(CCOCC2CC2)cc1,CHEMBL423,BETAXOLOL,CHEMBL423;CHEMBL1691,BETAXOLOL;BETAXOLOL HYDROCHLORIDE,1985,False
O=C(O)c1ccccc1O,CHEMBL424,SALICYLIC ACID,CHEMBL424,SALICYLIC ACID,,False
O=C(O)c1cc(/N=N/c2ccc(O)c(C(=O)O)c2)ccc1O,CHEMBL425,OLSALAZINE,CHEMBL425;CHEMBL1201013,OLSALAZINE;OLSALAZINE SODIUM,1990,False
CC(C)NCC(O)COc1cccc2ccccc12,CHEMBL27,PROPRANOLOL,CHEMBL27;CHEMBL1671,PROPRANOLOL;PROPRANOLOL HYDROCHLORIDE,1967,False
CC(=O)Nc1ccc(OCC(O)CNC(C)C)cc1,CHEMBL6995,PRACTOLOL,CHEMBL6995,PRACTOLOL,,True
CN(CCCl)CCCl,CHEMBL427,MECHLORETHAMINE,CHEMBL427;CHEMBL1201001,MECHLORETHAMINE;MECHLORETHAMINE HYDROCHLORIDE,1949,False
CC1(C)S[C@@H]2[C@H](NC(=O)Cc3ccccc3)C(=O)N2[C@H]1C(=O)O,CHEMBL29,PENICILLIN G,CHEMBL29;CHEMBL1126;CHEMBL1223;CHEMBL3989515,PENICILLIN G;PENICILLIN G SODIUM;PENICILLIN G POTASSIUM;PENICILLIN G BENZATHINE,1947;1982;1952,False
N[C@@H]1[C@H]2CN(c3nc4c(cc3F)c(=O)c(C(=O)O)cn4-c3ccc(F)cc3F)C[C@@H]12,CHEMBL428,TROVAFLOXACIN,CHEMBL428;CHEMBL1200779,TROVAFLOXACIN;TROVAFLOXACIN MESYLATE,1997,True
CN/C(=N\CCSCc1nc[nH]c1C)NC#N,CHEMBL30,CIMETIDINE,CHEMBL30;CHEMBL1201051,CIMETIDINE;CIMETIDINE HYDROCHLORIDE,1977,False
COc1c(N2CCNC(C)C2)c(F)cc2c(=O)c(C(=O)O)cn(C3CC3)c12,CHEMBL31,GATIFLOXACIN,CHEMBL31,GATIFLOXACIN,1999,True
CC(CCc1ccccc1)NCC(O)c1ccc(O)c(C(N)=O)c1,CHEMBL429,LABETALOL,CHEMBL429;CHEMBL1200323,LABETALOL;LABETALOL HYDROCHLORIDE,1984,False
COc1c(N2C[C@@H]3CCCN[C@@H]3C2)c(F)cc2c(=O)c(C(=O)O)cn(C3CC3)c12,CHEMBL32,MOXIFLOXACIN,CHEMBL32;CHEMBL1200735,MOXIFLOXACIN;MOXIFLOXACIN HYDROCHLORIDE,1999,False
C[C@H]1COc2c(N3CCN(C)CC3)c(F)cc3c(=O)c(C(=O)O)cn1c23,CHEMBL33,LEVOFLOXACIN ANHYDROUS,CHEMBL33;CHEMBL5315124,LEVOFLOXACIN ANHYDROUS;LEVOFLOXACIN,1996,False
CO/N=C1\CN(c2nc3c(cc2F)c(=O)c(C(=O)O)cn3C2CC2)CC1CN,CHEMBL430,GEMIFLOXACIN,CHEMBL430;CHEMBL1200621,GEMIFLOXACIN;GEMIFLOXACIN MESYLATE,2003,False
CCOC(=O)[C@H](CCc1ccccc1)N[C@@H](C)C(=O)N1CC2(C[C@H]1C(=O)O)SCCS2,CHEMBL431,SPIRAPRIL,CHEMBL431;CHEMBL1200831,SPIRAPRIL;SPIRAPRIL HYDROCHLORIDE,1994,False
CCCC(CCC)C(=O)O,CHEMBL109,VALPROIC ACID,CHEMBL433;CHEMBL109;CHEMBL2105613,VALPROATE SODIUM;VALPROIC ACID;DIVALPROEX SODIUM,1996;1978;1983,False
CC(C)NCC(O)c1ccc(O)c(O)c1,CHEMBL434,ISOPROTERENOL,CHEMBL434;CHEMBL1711;CHEMBL3989521,ISOPROTERENOL;ISOPROTERENOL HYDROCHLORIDE;ISOPROTERENOL SULFATE,1956,False
NS(=O)(=O)c1cc2c(cc1Cl)NCNS2(=O)=O,CHEMBL435,HYDROCHLOROTHIAZIDE,CHEMBL435,HYDROCHLOROTHIAZIDE,1959,False
NS(=O)(=O)c1cc(C(=O)O)c(NCc2ccco2)cc1Cl,CHEMBL35,FUROSEMIDE,CHEMBL35,FUROSEMIDE,1966,False
CCc1nc(N)nc(N)c1-c1ccc(Cl)cc1,CHEMBL36,PYRIMETHAMINE,CHEMBL36,PYRIMETHAMINE,1953,False
COc1ccc2c(C(=S)N(C)CC(=O)O)cccc2c1C(F)(F)F,CHEMBL436,TOLRESTAT,CHEMBL436,TOLRESTAT,1989,True
Nc1ccc(S(=O)(=O)Nc2nccs2)cc1,CHEMBL437,SULFATHIAZOLE,CHEMBL437,SULFATHIAZOLE,1945,True
Cc1ccnc(NS(=O)(=O)c2ccc(N)cc2)n1,CHEMBL438,SULFAMERAZINE,CHEMBL438;CHEMBL2107260,SULFAMERAZINE;SULFAMERAZINE SODIUM,1982,True
Nc1ccc(S(=O)(=O)Nc2ncccn2)cc1,CHEMBL439,SULFADIAZINE,CHEMBL439;CHEMBL1200351;CHEMBL1382627,"SULFADIAZINE;SULFADIAZINE SODIUM;SULFADIAZINE, SILVER",1941;1973,False
C=CCC1(C(C)CCC)C(=O)NC(=S)NC1=O,CHEMBL440,THIAMYLAL,CHEMBL440;CHEMBL1201065,THIAMYLAL;THIAMYLAL SODIUM,1982,False
CCCC(C)C1(CC)C(=O)NC(=S)NC1=O,CHEMBL441,THIOPENTAL,CHEMBL441;CHEMBL738,THIOPENTAL;THIOPENTAL SODIUM,1982,False
CCC1(C2=CCCCC2)C(=O)NC(=O)NC1=O,CHEMBL268164,CYCLOBARBITAL,CHEMBL268164;CHEMBL2106556,CYCLOBARBITAL;CYCLOBARBITAL CALCIUM,,True
CN1C[C@H](C(=O)N[C@]2(C)O[C@@]3(O)[C@@H]4CCCN4C(=O)[C@H](Cc4ccccc4)N3C2=O)C=C2c3cccc4[nH]cc(c34)C[C@H]21,CHEMBL442,ERGOTAMINE,CHEMBL442;CHEMBL2448612,ERGOTAMINE;ERGOTAMINE TARTRATE,1948,True
CC1=C(/C=C/C(C)=C/C=C/C(C)=C/C(=O)O)C(C)(C)CCC1,CHEMBL38,TRETINOIN,CHEMBL38,TRETINOIN,1971,False
C=CCC1(C(C)C#CCC)C(=O)NC(=O)N(C)C1=O,CHEMBL7413,METHOHEXITAL,CHEMBL7413;CHEMBL30219,METHOHEXITAL;METHOHEXITAL SODIUM,1960,False
CCC1(c2ccccc2)C(=O)NC(=O)NC1=O,CHEMBL40,PHENOBARBITAL,CHEMBL40;CHEMBL149972,PHENOBARBITAL;PHENOBARBITAL SODIUM,2022,True;False
CNCCC(Oc1ccc(C(F)(F)F)cc1)c1ccccc1,CHEMBL41,FLUOXETINE,CHEMBL41;CHEMBL1201082,FLUOXETINE;FLUOXETINE HYDROCHLORIDE,1987,False
Cc1cc(NS(=O)(=O)c2ccc(N)cc2)no1,CHEMBL443,SULFAMETHOXAZOLE,CHEMBL443,SULFAMETHOXAZOLE,1973,False
CCC1(CC)C(=O)NC(=O)NC1=O,CHEMBL444,BARBITAL,CHEMBL444;CHEMBL2105904,BARBITAL;BARBITAL SODIUM,,False
CN1CCN(C2=Nc3cc(Cl)ccc3Nc3ccccc32)CC1,CHEMBL42,CLOZAPINE,CHEMBL42,CLOZAPINE,1989,False
CNCCC=C1c2ccccc2CCc2ccccc21,CHEMBL445,NORTRIPTYLINE,CHEMBL445;CHEMBL1201156,NORTRIPTYLINE;NORTRIPTYLINE HYDROCHLORIDE,1964,False
Cc1cc(C)nc(NS(=O)(=O)c2ccc(N)cc2)n1,CHEMBL446,SULFAMETHAZINE,CHEMBL446,SULFAMETHAZINE,1949,True
C=CCC1(C(C)CCC)C(=O)NC(=O)NC1=O,CHEMBL447,SECOBARBITAL,CHEMBL447;CHEMBL1200903,SECOBARBITAL;SECOBARBITAL SODIUM,1950,True
CCCC(C)C1(CC)C(=O)NC(=O)NC1=O,CHEMBL448,PENTOBARBITAL,CHEMBL448;CHEMBL971,PENTOBARBITAL;PENTOBARBITAL SODIUM,1973,True
CCN(CC)CCCC(C)Nc1c2ccc(Cl)cc2nc2ccc(OC)cc12,CHEMBL7568,QUINACRINE,CHEMBL7568,QUINACRINE,,True
CCC1(CCC(C)C)C(=O)NC(=O)NC1=O,CHEMBL267894,AMOBARBITAL,CHEMBL267894;CHEMBL2105941,AMOBARBITAL;AMOBARBITAL SODIUM,,True
CN1C(=O)NC(=O)C(C)(C2=CCCCC2)C1=O,CHEMBL7728,HEXOBARBITAL,CHEMBL7728,HEXOBARBITAL,,True
CCC(C)C1(CC)C(=O)NC(=O)NC1=O,CHEMBL449,BUTABARBITAL,CHEMBL449;CHEMBL1200982,BUTABARBITAL;BUTABARBITAL SODIUM,1939,False
C=CCC1(C(C)C)C(=O)NC(=O)NC1=O,CHEMBL7863,APROBARBITAL,CHEMBL7863,APROBARBITAL,,True
CCC1(CC)C(=O)NC(=O)N(C)C1=O,CHEMBL450,METHARBITAL,CHEMBL450,METHARBITAL,1982,False
CNC1=Nc2ccc(Cl)cc2C(c2ccccc2)=[N+]([O-])C1,CHEMBL451,CHLORDIAZEPOXIDE,CHEMBL451;CHEMBL1200703,CHLORDIAZEPOXIDE;CHLORDIAZEPOXIDE HYDROCHLORIDE,1960,False
N=C(N)c1ccc(CNC(=O)[C@@H]2CCN2C(=O)[C@H](NCC(=O)O)C2CCCCC2)cc1,CHEMBL266349,MELAGATRAN,CHEMBL266349,MELAGATRAN,2004,False
O=C1CN=C(c2ccccc2Cl)c2cc([N+](=O)[O-])ccc2N1,CHEMBL452,CLONAZEPAM,CHEMBL452,CLONAZEPAM,1975,False
Cc1noc(NS(=O)(=O)c2ccc(N)cc2)c1C,CHEMBL453,SULFISOXAZOLE,CHEMBL453;CHEMBL1200321,SULFISOXAZOLE;SULFISOXAZOLE DIOLAMINE,1971;1982,False
COc1ccc(NS(=O)(=O)c2ccc(N)cc2)nn1,CHEMBL268869,SULFAMETHOXYPYRIDAZINE,CHEMBL268869,SULFAMETHOXYPYRIDAZINE,,True
C=CCC1(CC(C)C)C(=O)NC(=O)NC1=O,CHEMBL454,BUTALBITAL,CHEMBL454,BUTALBITAL,1983,False
CC(=O)NS(=O)(=O)c1ccc(N)cc1,CHEMBL455,SULFACETAMIDE,CHEMBL455;CHEMBL1723241,SULFACETAMIDE;SULFACETAMIDE SODIUM,1945;1961,False
COc1cc(NS(C)(=O)=O)ccc1Nc1c2ccccc2nc2ccccc12,CHEMBL43,AMSACRINE,CHEMBL43,AMSACRINE,1987,False
C=C(CC)C(=O)c1ccc(OCC(=O)O)c(Cl)c1Cl,CHEMBL456,ETHACRYNIC ACID,CHEMBL456;CHEMBL1200487,ETHACRYNIC ACID;ETHACRYNATE SODIUM,1967,False
O=C(O)COc1ccc(C(=O)c2cccs2)c(Cl)c1Cl,CHEMBL267744,TICRYNAFEN,CHEMBL267744,TICRYNAFEN,1979,True
Cc1ccc(C)c(OCCCC(C)(C)C(=O)O)c1,CHEMBL457,GEMFIBROZIL,CHEMBL457,GEMFIBROZIL,1981,False
COc1ccc2[nH]cc(CCNC(C)=O)c2c1,CHEMBL45,MELATONIN,CHEMBL45,MELATONIN,2007,False
Cc1nccn1CC1CCc2c(c3ccccc3n2C)C1=O,CHEMBL46,ONDANSETRON,CHEMBL46;CHEMBL3186492,ONDANSETRON;ONDANSETRON HYDROCHLORIDE,1991,False
O=C1CC2(CCCC2)CC(=O)N1CCCCN1CCN(c2ncccn2)CC1,CHEMBL49,BUSPIRONE,CHEMBL49;CHEMBL1200399,BUSPIRONE;BUSPIRONE HYDROCHLORIDE,1986,False
O=C(c1ccc(F)cc1)C1CCN(CCn2c(=O)[nH]c3ccccc3c2=O)CC1,CHEMBL51,KETANSERIN,CHEMBL51,KETANSERIN,,False
C[C@](N)(Cc1ccc(O)c(O)c1)C(=O)O,CHEMBL459,METHYLDOPA,CHEMBL459,METHYLDOPA,1962,False
CCc1c(C)[nH]c2c1C(=O)C(CN1CCOCC1)CC2,CHEMBL460,MOLINDONE,CHEMBL460;CHEMBL1200419,MOLINDONE;MOLINDONE HYDROCHLORIDE,1974,False
CN1CCc2cccc3c2[C@H]1Cc1ccc(O)c(O)c1-3,CHEMBL53,APOMORPHINE,CHEMBL53;CHEMBL3187985,APOMORPHINE;APOMORPHINE HYDROCHLORIDE,2001,False
O=C(CCCN1CCC(O)(c2ccc(Cl)cc2)CC1)c1ccc(F)cc1,CHEMBL54,HALOPERIDOL,CHEMBL54;CHEMBL4297147,HALOPERIDOL;HALOPERIDOL LACTATE,1967,False
N=C(N)c1ccc(OCCCCCOc2ccc(C(=N)N)cc2)cc1,CHEMBL55,PENTAMIDINE,CHEMBL55;CHEMBL361506,PENTAMIDINE;PENTAMIDINE ISETHIONATE,1984,False
Nc1ccc(C(=O)NCC(=O)O)cc1,CHEMBL463,AMINOHIPPURIC ACID,CHEMBL463;CHEMBL1200365,AMINOHIPPURIC ACID;AMINOHIPPURATE SODIUM,1982,False
CCOC(=O)/C=C(C)/C=C/C=C(C)/C=C/c1c(C)cc(OC)c(C)c1C,CHEMBL464,ETRETINATE,CHEMBL464,ETRETINATE,1986,True
Cc1ccnc2c1NC(=O)c1cccnc1N2C1CC1,CHEMBL57,NEVIRAPINE,CHEMBL57,NEVIRAPINE,1996,False
CCCCCc1cc(O)c2c(c1)OC(C)(C)[C@@H]1CCC(C)=C[C@@H]21,CHEMBL465,DRONABINOL,CHEMBL465,DRONABINOL,1985,False
O=C1c2c(O)ccc(O)c2C(=O)c2c(NCCNCCO)ccc(NCCNCCO)c21,CHEMBL58,MITOXANTRONE,CHEMBL58;CHEMBL1417019,MITOXANTRONE;MITOXANTRONE HYDROCHLORIDE,1987,False
NCCc1ccc(O)c(O)c1,CHEMBL59,DOPAMINE,CHEMBL59;CHEMBL1557,DOPAMINE;DOPAMINE HYDROCHLORIDE,1974,False
NC(=O)NO,CHEMBL467,HYDROXYUREA,CHEMBL467,HYDROXYUREA,1967,False
COc1cc([C@@H]2c3cc4c(cc3[C@H](O)[C@H]3COC(=O)[C@H]23)OCO4)cc(OC)c1OC,CHEMBL61,PODOFILOX,CHEMBL61,PODOFILOX,1990,False
NNC(=O)c1ccncc1,CHEMBL64,ISONIAZID,CHEMBL64,ISONIAZID,1952,False
O=C1CCC(N2C(=O)c3ccccc3C2=O)C(=O)N1,CHEMBL468,THALIDOMIDE,CHEMBL468,THALIDOMIDE,1956,True
O=C(c1ccccc1)c1ccc2n1CCC2C(=O)O,CHEMBL469,KETOROLAC,CHEMBL469;CHEMBL1201124,KETOROLAC;KETOROLAC TROMETHAMINE,1989,True;False
CC(C)NCC(O)c1ccc(NS(C)(=O)=O)cc1,CHEMBL471,SOTALOL,CHEMBL471;CHEMBL1700,SOTALOL;SOTALOL HYDROCHLORIDE,1992,False
COc1ccc(Cl)cc1C(=O)NCCc1ccc(S(=O)(=O)NC(=O)NC2CCCCC2)cc1,CHEMBL472,GLYBURIDE,CHEMBL472,GLYBURIDE,1984,False
CC[C@H](c1ccc(O)cc1)[C@@H](CC)c1ccc(O)cc1,CHEMBL9225,HEXESTROL,CHEMBL9225,HEXESTROL,,True
CN(CCOc1ccc(NS(C)(=O)=O)cc1)CCc1ccc(NS(C)(=O)=O)cc1,CHEMBL473,DOFETILIDE,CHEMBL473,DOFETILIDE,1999,False
CN(C)/N=N/c1[nH]cnc1C(N)=O,CHEMBL476,DACARBAZINE,CHEMBL476,DACARBAZINE,1975,False
Nc1ncnc2c1ncn2[C@@H]1O[C@H](CO)[C@@H](O)[C@H]1O,CHEMBL477,ADENOSINE,CHEMBL477,ADENOSINE,1989,False
CSc1ccc2c(c1)N(CCC1CCCCN1C)c1ccccc1S2,CHEMBL479,THIORIDAZINE,CHEMBL479;CHEMBL1200916,THIORIDAZINE;THIORIDAZINE HYDROCHLORIDE,1962,True
Cc1c(OCC(F)(F)F)ccnc1C[S+]([O-])c1nc2ccccc2[nH]1,CHEMBL480,LANSOPRAZOLE,CHEMBL480,LANSOPRAZOLE,1995,False
CCc1c2c(nc3ccc(OC(=O)N4CCC(N5CCCCC5)CC4)cc13)-c1cc3c(c(=O)n1C2)COC(=O)[C@]3(O)CC,CHEMBL481,IRINOTECAN,CHEMBL481;CHEMBL3989514,IRINOTECAN;IRINOTECAN HYDROCHLORIDE,1996,False
CN1CC[C@]23c4c5ccc(O)c4O[C@H]2[C@@H](O)C=C[C@H]3[C@H]1C5,CHEMBL70,MORPHINE,CHEMBL70;CHEMBL2103744,MORPHINE;MORPHINE SULFATE,1984,False
COc1ccc2c3c1O[C@H]1[C@@H](O)C=C[C@H]4[C@@H](C2)N(C)CC[C@@]341,CHEMBL485,CODEINE,CHEMBL485;CHEMBL1201463;CHEMBL4297091;CHEMBL6067642,CODEINE;CODEINE POLISTIREX;CODEINE SULFATE;CODEINE PHOSPHATE,1952;1985;2009,True;False
CN(C)CCCN1c2ccccc2Sc2ccc(Cl)cc21,CHEMBL71,CHLORPROMAZINE,CHEMBL71;CHEMBL1713,CHLORPROMAZINE;CHLORPROMAZINE HYDROCHLORIDE,1957,False
CNCCCN1c2ccccc2CCc2ccccc21,CHEMBL72,DESIPRAMINE,CHEMBL72;CHEMBL1696,DESIPRAMINE;DESIPRAMINE HYDROCHLORIDE,1964,False
CCC1(c2ccc(N)cc2)CCC(=O)NC1=O,CHEMBL488,AMINOGLUTETHIMIDE,CHEMBL488,AMINOGLUTETHIMIDE,1980,False
O=C(O)c1cc(=O)c2c(OCC(O)COc3cccc4oc(C(=O)O)cc(=O)c34)cccc2o1,CHEMBL428880,CROMOLYN,CHEMBL74;CHEMBL428880,CROMOLYN SODIUM;CROMOLYN,1982,False
CCN(CC)CCCC(C)Nc1ccnc2cc(Cl)ccc12,CHEMBL76,CHLOROQUINE,CHEMBL76;CHEMBL58510;CHEMBL4297165,CHLOROQUINE;CHLOROQUINE PHOSPHATE;CHLOROQUINE HYDROCHLORIDE,1949,False
Fc1ccc([C@@H]2CCNC[C@H]2COc2ccc3c(c2)OCO3)cc1,CHEMBL490,PAROXETINE,CHEMBL490;CHEMBL1200609;CHEMBL6067650,PAROXETINE;PAROXETINE MESYLATE;PAROXETINE HYDROCHLORIDE,1992;2003,False
Cc1ccc(-c2ncc(Cl)cc2-c2ccc(S(C)(=O)=O)cc2)cn1,CHEMBL416146,ETORICOXIB,CHEMBL416146,ETORICOXIB,,False
CCN(CC)CC(=O)Nc1c(C)cccc1C,CHEMBL79,LIDOCAINE,CHEMBL79;CHEMBL1200409,LIDOCAINE;LIDOCAINE HYDROCHLORIDE,1948,False
CN1CCN(CC(=O)N2c3ccccc3C(=O)Nc3cccnc32)CC1,CHEMBL9967,PIRENZEPINE,CHEMBL9967;CHEMBL1531864,PIRENZEPINE;PIRENZEPINE HYDROCHLORIDE,,False
CCCN(CC)C(CC)C(=O)Nc1c(C)cccc1C,CHEMBL492,ETIDOCAINE,CHEMBL492;CHEMBL1200597,ETIDOCAINE;ETIDOCAINE HYDROCHLORIDE,1976,False
C=CCN1CC[C@]23c4c5ccc(O)c4O[C@H]2C(=O)CC[C@@]3(O)[C@H]1C5,CHEMBL80,NALOXONE,CHEMBL80;CHEMBL1718;CHEMBL5315056,NALOXONE;NALOXONE HYDROCHLORIDE;NALOXONE HYDROCHLORIDE DIHYDRATE,1971;2017,False
O=C(c1ccc(OCCN2CCCCC2)cc1)c1c(-c2ccc(O)cc2)sc2cc(O)ccc12,CHEMBL81,RALOXIFENE,CHEMBL81;CHEMBL1116,RALOXIFENE;RALOXIFENE HYDROCHLORIDE,1997,False
CC/C(=C(\c1ccccc1)c1ccc(OCCN(C)C)cc1)c1ccccc1,CHEMBL83,TAMOXIFEN,CHEMBL83;CHEMBL786,TAMOXIFEN;TAMOXIFEN CITRATE,1977,False
CC(C)C[C@H]1C(=O)N2CCC[C@H]2[C@]2(O)O[C@](NC(=O)[C@@H]3C=C4c5cccc6[nH]c(Br)c(c56)C[C@H]4N(C)C3)(C(C)C)C(=O)N12,CHEMBL493,BROMOCRIPTINE,CHEMBL493;CHEMBL1200503,BROMOCRIPTINE;BROMOCRIPTINE MESYLATE,1978,False
CC#CCC(C)[C@H](O)/C=C/[C@@H]1[C@H]2C/C(=C/CCCC(=O)O)C[C@H]2C[C@H]1O,CHEMBL494,ILOPROST,CHEMBL494;CHEMBL5315118,ILOPROST;ILOPROST TROMETHAMINE,2003,False
CC[C@@]1(O)C(=O)OCc2c1cc1n(c2=O)Cc2cc3c(CN(C)C)c(O)ccc3nc2-1,CHEMBL84,TOPOTECAN,CHEMBL84;CHEMBL1607,TOPOTECAN;TOPOTECAN HYDROCHLORIDE,1996,False
Cc1nc2n(c(=O)c1CCN1CCC(c3noc4cc(F)ccc34)CC1)CCCC2,CHEMBL85,RISPERIDONE,CHEMBL85,RISPERIDONE,1993,False
CCN(CC)CCNC(=O)c1cc(Cl)c(N)cc1OC,CHEMBL86,METOCLOPRAMIDE,CHEMBL86;CHEMBL1200940,METOCLOPRAMIDE;METOCLOPRAMIDE HYDROCHLORIDE,1979,False
CC(=O)O[C@H]1C(=O)[C@@]2(C)[C@H]([C@H](OC(=O)c3ccccc3)[C@]3(O)C[C@H](OC(=O)[C@H](O)[C@@H](NC(=O)c4ccccc4)c4ccccc4)C(C)=C1C3(C)C)[C@]1(OC(C)=O)CO[C@@H]1C[C@@H]2O,CHEMBL428647,PACLITAXEL,CHEMBL428647,PACLITAXEL,1992,False
CCCCC[C@H](O)/C=C/[C@H]1[C@H](O)CC(=O)[C@@H]1CCCCCCC(=O)O,CHEMBL495,ALPROSTADIL,CHEMBL495,ALPROSTADIL,1981,False
Oc1c(Cl)cc(Cl)c(Cl)c1Cc1c(O)c(Cl)cc(Cl)c1Cl,CHEMBL496,HEXACHLOROPHENE,CHEMBL496,HEXACHLOROPHENE,1949,True
Oc1c(I)cc(Cl)c2cccnc12,CHEMBL497,CLIOQUINOL,CHEMBL497,CLIOQUINOL,1934,True
COc1ccc2cccc(CCNC(C)=O)c2c1,CHEMBL10878,AGOMELATINE,CHEMBL10878,AGOMELATINE,2009,False
O=P1(N(CCCl)CCCl)NCCCO1,CHEMBL88,CYCLOPHOSPHAMIDE ANHYDROUS,CHEMBL88;CHEMBL1200796,CYCLOPHOSPHAMIDE ANHYDROUS;CYCLOPHOSPHAMIDE,1959,False
CCCNC(=O)NS(=O)(=O)c1ccc(Cl)cc1,CHEMBL498,CHLORPROPAMIDE,CHEMBL498,CHLORPROPAMIDE,1958,False
CC(C)(C)NC[C@H](O)COc1nsnc1N1CCOCC1,CHEMBL499,TIMOLOL,CHEMBL499;CHEMBL1200870,TIMOLOL;TIMOLOL MALEATE,1978,False
CC(C)NCC(O)COc1cccc2[nH]ccc12,CHEMBL500,PINDOLOL,CHEMBL500,PINDOLOL,1982,False
NNc1nncc2ccccc12,CHEMBL276832,HYDRALAZINE,CHEMBL276832;CHEMBL542541,HYDRALAZINE;HYDRALAZINE HYDROCHLORIDE,1953,False
C[C@@H]1[C@H](O)[C@@H](C)/C=C/C=C/C=C/C=C/C=C/C=C/C=C/[C@H](O[C@@H]2O[C@H](C)[C@@H](O)[C@H](N)[C@@H]2O)C[C@@H]2O[C@](O)(C[C@@H](O)C[C@@H](O)[C@H](O)CC[C@@H](O)C[C@@H](O)CC(=O)O[C@H]1C)C[C@H](O)[C@H]2C(=O)O,CHEMBL267345,AMPHOTERICIN B,CHEMBL267345,AMPHOTERICIN B,1964,False
NCCc1c[nH]cn1,CHEMBL90,HISTAMINE,CHEMBL90;CHEMBL1533310;CHEMBL3989520,HISTAMINE;HISTAMINE DIHYDROCHLORIDE;HISTAMINE PHOSPHATE,1939;2008,False
Clc1ccc(COC(Cn2ccnc2)c2ccc(Cl)cc2Cl)c(Cl)c1,CHEMBL91,MICONAZOLE,CHEMBL91;CHEMBL1559,MICONAZOLE;MICONAZOLE NITRATE,1974,False
CC(=O)O[C@@]12CO[C@@H]1C[C@H](O)[C@@]1(C)C(=O)[C@H](O)C3=C(C)[C@@H](OC(=O)[C@H](O)[C@@H](NC(=O)OC(C)(C)C)c4ccccc4)C[C@@](O)([C@@H](OC(=O)c4ccccc4)[C@H]21)C3(C)C,CHEMBL92,DOCETAXEL ANHYDROUS,CHEMBL92;CHEMBL3545252,DOCETAXEL ANHYDROUS;DOCETAXEL,1995,False
CC(c1cc2ccccc2s1)N(O)C(N)=O,CHEMBL93,ZILEUTON,CHEMBL93,ZILEUTON,1996,False
CNC(=O)Oc1ccc2c(c1)[C@]1(C)CCN(C)[C@@H]1N2C,CHEMBL94,PHYSOSTIGMINE,CHEMBL94;CHEMBL338975,PHYSOSTIGMINE;PHYSOSTIGMINE SALICYLATE,,False
Nc1c2c(nc3ccccc13)CCCC2,CHEMBL95,TACRINE,CHEMBL95;CHEMBL1677,TACRINE;TACRINE HYDROCHLORIDE,1993,False
COc1cc2c(cc1OC)C(=O)C(CC1CCN(Cc3ccccc3)CC1)C2,CHEMBL502,DONEPEZIL,CHEMBL502;CHEMBL1678,DONEPEZIL;DONEPEZIL HYDROCHLORIDE,1996,False
CC[C@H](C)C(=O)O[C@H]1C[C@@H](C)C=C2C=C[C@H](C)[C@H](CC[C@@H]3C[C@@H](O)CC(=O)O3)[C@H]21,CHEMBL503,LOVASTATIN,CHEMBL503,LOVASTATIN,1987,False
O=C(O)/C=C/c1ccc(Cn2ccnc2)cc1,CHEMBL11662,OZAGREL,CHEMBL11662,OZAGREL,1988,False
CN(C)CCCOc1nn(Cc2ccccc2)c2ccccc12,CHEMBL12610,BENZYDAMINE,CHEMBL12610;CHEMBL1528134,BENZYDAMINE;BENZYDAMINE HYDROCHLORIDE,,False
CC(=O)Nc1ccccc1,CHEMBL269644,ACETANILIDE,CHEMBL269644,ACETANILIDE,,True
C[S+](C)[O-],CHEMBL504,DIMETHYL SULFOXIDE,CHEMBL504,DIMETHYL SULFOXIDE,1978,False
CN(C)CCC(c1ccc(Cl)cc1)c1ccccn1,CHEMBL505,CHLORPHENIRAMINE,CHEMBL505;CHEMBL1659;CHEMBL1201659,CHLORPHENIRAMINE;CHLORPHENIRAMINE MALEATE;CHLORPHENIRAMINE POLISTIREX,1950;1984,False
COc1cc(NC(C)CCCN)c2ncccc2c1,CHEMBL506,PRIMAQUINE,CHEMBL506;CHEMBL43128,PRIMAQUINE;PRIMAQUINE PHOSPHATE,1952,False
Cc1ccc(Cl)c(Nc2ccccc2C(=O)O)c1Cl,CHEMBL509,MECLOFENAMIC ACID,CHEMBL509;CHEMBL1562610,MECLOFENAMIC ACID;MECLOFENAMATE SODIUM,1980,False
COc1ccc(CN(CCN(C)C)c2ccccn2)cc1,CHEMBL511,PYRILAMINE,CHEMBL511;CHEMBL1201006,PYRILAMINE;PYRILAMINE MALEATE,1973,False
O=C1NCCN1CCN1CCC(c2cn(-c3ccc(F)cc3)c3ccc(Cl)cc23)CC1,CHEMBL12713,SERTINDOLE,CHEMBL12713,SERTINDOLE,1996,True
O=NN(CCCl)C(=O)NCCCl,CHEMBL513,CARMUSTINE,CHEMBL513,CARMUSTINE,1977,False
O=NN(CCCl)C(=O)NC1CCCCC1,CHEMBL514,LOMUSTINE,CHEMBL514,LOMUSTINE,1976,False
O=C(O)CCCc1ccc(N(CCCl)CCCl)cc1,CHEMBL515,CHLORAMBUCIL,CHEMBL515,CHLORAMBUCIL,1957,False
CN1CCC(=C2c3ccccc3C=Cc3ccccc32)CC1,CHEMBL516,CYPROHEPTADINE,CHEMBL516;CHEMBL1716,CYPROHEPTADINE;CYPROHEPTADINE HYDROCHLORIDE,1961,False
Nc1cc(-c2ccncc2)c[nH]c1=O,CHEMBL12856,INAMRINONE,CHEMBL12856;CHEMBL2096642,INAMRINONE;INAMRINONE LACTATE,1984,False
CC(C)N(CCC(C(N)=O)(c1ccccc1)c1ccccn1)C(C)C,CHEMBL517,DISOPYRAMIDE,CHEMBL517;CHEMBL1201020,DISOPYRAMIDE;DISOPYRAMIDE PHOSPHATE,1977,False
O=C(CCCCCCC(=O)Nc1ccccc1)NO,CHEMBL98,VORINOSTAT,CHEMBL98,VORINOSTAT,2006,False
CC(C)Cc1ccc(C(C)C(=O)O)cc1,CHEMBL521,IBUPROFEN,CHEMBL521;CHEMBL1201141;CHEMBL3989408,IBUPROFEN;IBUPROFEN LYSINE;IBUPROFEN SODIUM,1974;2006;2012,False
COc1ccc2c(C(=O)c3ccc(Cl)cc3)c(C)n(CC(=O)O)c2c1,CHEMBL13376,CLOMETACIN,CHEMBL13376,CLOMETACIN,,True
CN1C(=O)CN=C(c2ccccc2F)c2cc([N+](=O)[O-])ccc21,CHEMBL13280,FLUNITRAZEPAM,CHEMBL13280,FLUNITRAZEPAM,,True
O=C1CN=C(c2ccccc2)c2cc([N+](=O)[O-])ccc2N1,CHEMBL13209,NITRAZEPAM,CHEMBL13209,NITRAZEPAM,,False
COc1ccc(OC)c(C(O)C(C)N)c1,CHEMBL524,METHOXAMINE,CHEMBL524;CHEMBL1201103,METHOXAMINE;METHOXAMINE HYDROCHLORIDE,1982,False
CC(C)c1cccc(C(C)C)c1O,CHEMBL526,PROPOFOL,CHEMBL526,PROPOFOL,1989,False
CN1C(C(=O)Nc2ccccn2)=C(O)c2ccccc2S1(=O)=O,CHEMBL527,PIROXICAM,CHEMBL527,PIROXICAM,1982,False
CO/N=C(\C(=O)N[C@@H]1C(=O)N2C(C(=O)O)=CCS[C@H]12)c1csc(N)n1,CHEMBL528,CEFTIZOXIME,CHEMBL528;CHEMBL1201019,CEFTIZOXIME;CEFTIZOXIME SODIUM,1983,False
CCCCC1C(=O)N(c2ccccc2)N(c2ccccc2)C1=O,CHEMBL101,PHENYLBUTAZONE,CHEMBL101,PHENYLBUTAZONE,1980,True
CC[C@H]1OC(=O)[C@H](C)[C@@H](O[C@H]2C[C@@](C)(OC)[C@@H](O)[C@H](C)O2)[C@H](C)[C@@H](O[C@@H]2O[C@H](C)C[C@H](N(C)C)[C@H]2O)[C@](C)(O)C[C@@H](C)CN(C)[C@H](C)[C@@H](O)[C@]1(C)O,CHEMBL529,AZITHROMYCIN,CHEMBL529,AZITHROMYCIN,1991,False
CC1(C)S[C@@H]2[C@H](/N=C/N3CCCCCC3)C(=O)N2[C@H]1C(=O)O,CHEMBL530,AMDINOCILLIN,CHEMBL530,AMDINOCILLIN,1984,False
CCCN1C[C@H](CSC)C[C@@H]2c3cccc4[nH]cc(c34)C[C@H]21,CHEMBL531,PERGOLIDE,CHEMBL531;CHEMBL1275,PERGOLIDE;PERGOLIDE MESYLATE,1988,True
CC[C@H]1OC(=O)[C@H](C)[C@@H](O[C@H]2C[C@@](C)(OC)[C@@H](O)[C@H](C)O2)[C@H](C)[C@@H](O[C@@H]2O[C@H](C)C[C@H](N(C)C)[C@H]2O)[C@](C)(O)C[C@@H](C)C(=O)[C@H](C)[C@@H](O)[C@]1(C)O,CHEMBL532,ERYTHROMYCIN,CHEMBL532;CHEMBL1200506;CHEMBL1200510;CHEMBL3545060,ERYTHROMYCIN;ERYTHROMYCIN LACTOBIONATE;ERYTHROMYCIN STEARATE;ERYTHROMYCIN GLUCEPTATE,1964;1982,False
CCCCCCCN(CC)CCCC(O)c1ccc(NS(C)(=O)=O)cc1,CHEMBL533,IBUTILIDE,CHEMBL533;CHEMBL2355456,IBUTILIDE;IBUTILIDE FUMARATE,1995,False
CC(=O)[C@H]1CC[C@H]2[C@@H]3CCC4=CC(=O)CC[C@]4(C)[C@H]3CC[C@]12C,CHEMBL103,PROGESTERONE,CHEMBL103,PROGESTERONE,1976,False
CN1CCC(=C2c3ccccc3CC(=O)c3sccc32)CC1,CHEMBL534,KETOTIFEN,CHEMBL534;CHEMBL1633,KETOTIFEN;KETOTIFEN FUMARATE,1999,False
CCN(CC)CCNC(=O)c1c(C)[nH]c(/C=C2\C(=O)Nc3ccc(F)cc32)c1C,CHEMBL535,SUNITINIB,CHEMBL535;CHEMBL1567,SUNITINIB;SUNITINIB MALATE,2006,False
Oc1ccc(O)cc1,CHEMBL537,HYDROQUINONE,CHEMBL537,HYDROQUINONE,2002,False
CC(=O)O,CHEMBL539,ACETIC ACID,CHEMBL539,ACETIC ACID,1982,False
Oc1ccccc1,CHEMBL14060,PHENOL,CHEMBL14060,PHENOL,,True
COc1ccc(O)cc1,CHEMBL544,MEQUINOL,CHEMBL544,MEQUINOL,1999,False
Clc1ccccc1C(c1ccccc1)(c1ccccc1)n1ccnc1,CHEMBL104,CLOTRIMAZOLE,CHEMBL104,CLOTRIMAZOLE,1975,False
CO[C@@]12[C@H](COC(N)=O)C3=C(C(=O)C(C)=C(N)C3=O)N1C[C@@H]1N[C@@H]12,CHEMBL105,MITOMYCIN,CHEMBL105,MITOMYCIN,1981,False
CCO,CHEMBL545,ALCOHOL,CHEMBL545,ALCOHOL,1982,False
C=CCOc1ccccc1OCC(O)CNC(C)C,CHEMBL546,OXPRENOLOL,CHEMBL546;CHEMBL1200745,OXPRENOLOL;OXPRENOLOL HYDROCHLORIDE,1983,False
OC(Cn1cncn1)(Cn1cncn1)c1ccc(F)cc1F,CHEMBL106,FLUCONAZOLE,CHEMBL106,FLUCONAZOLE,1990,False
CC1=C(/C=C/C(C)=C/C=C/C(C)=C\C(=O)O)C(C)(C)CCC1,CHEMBL547,ISOTRETINOIN,CHEMBL547,ISOTRETINOIN,1982,False
COc1cc(C(C)=O)ccc1OCCCN1CCC(c2noc3cc(F)ccc23)CC1,CHEMBL14376,ILOPERIDONE,CHEMBL14376,ILOPERIDONE,2009,False
CCCCC[C@H](O)/C=C/[C@H]1[C@H](O)CC(=O)[C@@H]1C/C=C\CCCC(=O)O,CHEMBL548,DINOPROSTONE,CHEMBL548,DINOPROSTONE,1977,False
CN(C)C(=O)Oc1cccc([N+](C)(C)C)c1,CHEMBL278020,NEOSTIGMINE,CHEMBL278020;CHEMBL211471,NEOSTIGMINE;NEOSTIGMINE METHYLSULFATE,2013,False
CCOc1ccccc1OC(c1ccccc1)C1CNCCO1,CHEMBL14370,REBOXETINE,CHEMBL14370,REBOXETINE,1997,False
CN(C)CCCC1(c2ccc(F)cc2)OCc2cc(C#N)ccc21,CHEMBL549,CITALOPRAM,CHEMBL549;CHEMBL1200781,CITALOPRAM;CITALOPRAM HYDROBROMIDE,1998,False
CC[C@@H]1C(=O)OC[C@@H]1Cc1cncn1C,CHEMBL550,PILOCARPINE,CHEMBL550;CHEMBL1200330,PILOCARPINE;PILOCARPINE HYDROCHLORIDE,1974;1984,False
COc1cc2c(c(OC)c1OC)-c1ccc(OC)c(=O)cc1[C@@H](NC(C)=O)CC2,CHEMBL107,COLCHICINE,CHEMBL107,COLCHICINE,1961,False
C#Cc1cccc(Nc2ncnc3cc(OCCOC)c(OCCOC)cc23)c1,CHEMBL553,ERLOTINIB,CHEMBL553;CHEMBL1079742,ERLOTINIB;ERLOTINIB HYDROCHLORIDE,2004,False
CS(=O)(=O)CCNCc1ccc(-c2ccc3ncnc(Nc4ccc(OCc5cccc(F)c5)c(Cl)c4)c3c2)o1,CHEMBL554,LAPATINIB,CHEMBL554;CHEMBL1201179,LAPATINIB;LAPATINIB DITOSYLATE,2007,False
O=C(CCCN1CCC(O)(c2cccc(C(F)(F)F)c2)CC1)c1ccc(F)cc1,CHEMBL15023,TRIFLUPERIDOL,CHEMBL15023,TRIFLUPERIDOL,,False
NC(=O)N1c2ccccc2C=Cc2ccccc21,CHEMBL108,CARBAMAZEPINE,CHEMBL108,CARBAMAZEPINE,1968,False
CC1CN(c2cc3c(cc2F)c(=O)c(C(=O)O)cn3-c2ccc(F)cc2F)CCN1,CHEMBL277100,TEMAFLOXACIN,CHEMBL277100;CHEMBL2107495,TEMAFLOXACIN;TEMAFLOXACIN HYDROCHLORIDE,1992,True
O=C(Cn1ccnc1[N+](=O)[O-])NCc1ccccc1,CHEMBL110,BENZNIDAZOLE,CHEMBL110,BENZNIDAZOLE,2017,False
CC(=O)N(O)CCCCCNC(=O)CCC(=O)N(O)CCCCCNC(=O)CCC(=O)N(O)CCCCCN,CHEMBL556,DEFEROXAMINE,CHEMBL556;CHEMBL1234,DEFEROXAMINE;DEFEROXAMINE MESYLATE,1968,False
Cc1cccc(C)c1OCC(C)N,CHEMBL558,MEXILETINE,CHEMBL558;CHEMBL1200606,MEXILETINE;MEXILETINE HYDROCHLORIDE,1985,False
N[C@H](Cc1cc(I)c(Oc2cc(I)c(O)c(I)c2)c(I)c1)C(=O)O,CHEMBL559,DEXTROTHYROXINE,CHEMBL559;CHEMBL3545058,DEXTROTHYROXINE;DEXTROTHYROXINE SODIUM,1967,False
Cc1c(C(=O)NN2CCCCC2)nn(-c2ccc(Cl)cc2Cl)c1-c1ccc(Cl)cc1,CHEMBL111,RIMONABANT,CHEMBL111,RIMONABANT,2006,True
CN1Cc2c(N)cccc2C(c2ccccc2)C1,CHEMBL273575,NOMIFENSINE,CHEMBL273575;CHEMBL1256842,NOMIFENSINE;NOMIFENSINE MALEATE,1984,True
CCn1cc(C(=O)O)c(=O)c2cc(F)c(N3CCNC(C)C3)c(F)c21,CHEMBL561,LOMEFLOXACIN,CHEMBL561;CHEMBL1728,LOMEFLOXACIN;LOMEFLOXACIN HYDROCHLORIDE,1992,False
COC1=CC(=O)C[C@@H](C)[C@]12Oc1c(Cl)c(OC)cc(OC)c1C2=O,CHEMBL562,GRISEOFULVIN,CHEMBL562,GRISEOFULVIN,1962,False
CC(C(=O)O)c1ccc(-c2ccccc2)c(F)c1,CHEMBL563,FLURBIPROFEN,CHEMBL563;CHEMBL3989754,FLURBIPROFEN;FLURBIPROFEN SODIUM,1986,False
CN(C)CCCN1c2ccccc2Sc2ccccc21,CHEMBL564,PROMAZINE,CHEMBL564;CHEMBL1200469,PROMAZINE;PROMAZINE HYDROCHLORIDE,1956,False
CCOC(=O)C(C)(C)Oc1ccc(Cl)cc1,CHEMBL565,CLOFIBRATE,CHEMBL565,CLOFIBRATE,1967,True
CC(=O)Nc1ccc(O)cc1,CHEMBL112,ACETAMINOPHEN,CHEMBL112,ACETAMINOPHEN,1968,False
Cn1c(=O)c2c(ncn2C)n(C)c1=O,CHEMBL113,CAFFEINE,CHEMBL113;CHEMBL1200569,CAFFEINE;CAFFEINE CITRATE,1948;1999,False
CCOc1ccc(NC(C)=O)cc1,CHEMBL16073,PHENACETIN,CHEMBL16073,PHENACETIN,,True
OCCN1CCN(CCCN2c3ccccc3Sc3ccc(Cl)cc32)CC1,CHEMBL567,PERPHENAZINE,CHEMBL567,PERPHENAZINE,1957,False
O=C1Nc2ccc(Cl)cc2C(c2ccccc2)=NC1O,CHEMBL568,OXAZEPAM,CHEMBL568,OXAZEPAM,1965,False
CC1=C(CC(=O)O)c2cc(F)ccc2/C1=C\c1ccc([S+](C)[O-])cc1,CHEMBL15770,SULINDAC,CHEMBL15770,SULINDAC,1978,False
O=C(O)Cc1ccccc1Oc1ccc(Cl)cc1Cl,CHEMBL15677,FENCLOFENAC,CHEMBL15677,FENCLOFENAC,1978,True
c1ccc2c(CCC3CCNCC3)c[nH]c2c1,CHEMBL276520,INDALPINE,CHEMBL276520,INDALPINE,,True
CCN(CC)CCOC(=O)c1ccc(N)cc1,CHEMBL569,PROCAINE,CHEMBL569;CHEMBL1200841,PROCAINE;PROCAINE HYDROCHLORIDE,1954,False
CN(C)CCCN1c2ccccc2Sc2ccc(C(F)(F)F)cc21,CHEMBL570,TRIFLUPROMAZINE,CHEMBL570;CHEMBL1201102,TRIFLUPROMAZINE;TRIFLUPROMAZINE HYDROCHLORIDE,1957,False
CC(C(=O)O)c1cccc(C(=O)c2ccccc2)c1,CHEMBL571,KETOPROFEN,CHEMBL571,KETOPROFEN,1986,False
O=C1CN(/N=C/c2ccc([N+](=O)[O-])o2)C(=O)N1,CHEMBL572,NITROFURANTOIN,CHEMBL572;CHEMBL1201000,NITROFURANTOIN;NITROFURANTOIN SODIUM,1953;1960,False
CC(C(=O)O)c1ccc(N2Cc3ccccc3C2=O)cc1,CHEMBL15870,INDOPROFEN,CHEMBL15870,INDOPROFEN,1979,True
Cl[C@H]1[C@H](Cl)[C@@H](Cl)[C@@H](Cl)[C@H](Cl)[C@H]1Cl,CHEMBL15891,LINDANE,CHEMBL15891,LINDANE,1974,True
O=C(O)c1cccnc1,CHEMBL573,NIACIN,CHEMBL573,NIACIN,1982,False
COc1cccc(OC)c1C(=O)N[C@@H]1C(=O)N2[C@@H]1SC(C)(C)[C@@H]2C(=O)O,CHEMBL575,METHICILLIN,CHEMBL575;CHEMBL3181832,METHICILLIN;METHICILLIN SODIUM,1982,False
CC(Cl)(Cl)Cl,CHEMBL16080,TRICHLOROETHANE,CHEMBL16080,TRICHLOROETHANE,,True
C[C@H](N[C@@H](CCc1ccccc1)C(=O)O)C(=O)N1CCC[C@H]1C(=O)O,CHEMBL577,ENALAPRILAT ANHYDROUS,CHEMBL577;CHEMBL3989406,ENALAPRILAT ANHYDROUS;ENALAPRILAT,1988,False
CCOC(=O)[C@H](CCc1ccccc1)N[C@@H](C)C(=O)N1CCC[C@H]1C(=O)O,CHEMBL578,ENALAPRIL,CHEMBL578;CHEMBL1200659,ENALAPRIL;ENALAPRIL MALEATE,1985,False
O=C1Nc2ccc(Cl)cc2C(c2ccccc2Cl)=NC1O,CHEMBL580,LORAZEPAM,CHEMBL580,LORAZEPAM,1977,False
O=C1CN=C(c2ccccn2)c2cc(Br)ccc2N1,CHEMBL277062,BROMAZEPAM,CHEMBL277062,BROMAZEPAM,,False
c1ccc(-c2ccc(C(c3ccccc3)n3ccnc3)cc2)cc1,CHEMBL277535,BIFONAZOLE,CHEMBL277535,BIFONAZOLE,,False
CC(C)O,CHEMBL582,ISOPROPYL ALCOHOL,CHEMBL582,ISOPROPYL ALCOHOL,2000,False
Cc1c(F)c(N2CCNC(C)C2)cc2c1c(=O)c(C(=O)O)cn2C1CC1,CHEMBL583,GREPAFLOXACIN,CHEMBL583;CHEMBL1200393,GREPAFLOXACIN;GREPAFLOXACIN HYDROCHLORIDE,1997,True
CC(C)(C)NC(=O)[C@@H]1C[C@@H]2CCCC[C@@H]2CN1C[C@@H](O)[C@H](Cc1ccccc1)NC(=O)[C@H](CC(N)=O)NC(=O)c1ccc2ccccc2n1,CHEMBL114,SAQUINAVIR,CHEMBL114;CHEMBL282042,SAQUINAVIR;SAQUINAVIR MESYLATE,1995,False
CC(C)(C)NC(=O)[C@@H]1CN(Cc2cccnc2)CCN1C[C@@H](O)C[C@@H](Cc1ccccc1)C(=O)N[C@H]1c2ccccc2C[C@H]1O,CHEMBL115,INDINAVIR ANHYDROUS,CHEMBL115;CHEMBL1735,INDINAVIR ANHYDROUS;INDINAVIR SULFATE,1996,False
Cc1c(O)cccc1C(=O)N[C@@H](CSc1ccccc1)[C@H](O)CN1C[C@H]2CCCC[C@H]2C[C@H]1C(=O)NC(C)(C)C,CHEMBL584,NELFINAVIR,CHEMBL584;CHEMBL1205,NELFINAVIR;NELFINAVIR MESYLATE,1997,False
CC(C)CN(C[C@@H](O)[C@H](Cc1ccccc1)NC(=O)O[C@H]1CCOC1)S(=O)(=O)c1ccc(N)cc1,CHEMBL116,AMPRENAVIR,CHEMBL116,AMPRENAVIR,1999,False
Nc1nc(N)c2nc(-c3ccccc3)c(N)nc2n1,CHEMBL585,TRIAMTERENE,CHEMBL585,TRIAMTERENE,1964,False
CC(C)NCC(O)c1ccc2ccccc2c1,CHEMBL16476,PRONETALOL,CHEMBL16476,PRONETALOL,,True
Cc1ccc(-c2cc(C(F)(F)F)nn2-c2ccc(S(N)(=O)=O)cc2)cc1,CHEMBL118,CELECOXIB,CHEMBL118,CELECOXIB,1998,False
COc1cc(NCc2ccc3nc(N)nc(N)c3c2C)cc(OC)c1OC,CHEMBL119,TRIMETREXATE,CHEMBL119;CHEMBL2218878,TRIMETREXATE;TRIMETREXATE GLUCURONATE,1993,False
Oc1ccc(C2CNCCc3c2cc(O)c(O)c3Cl)cc1,CHEMBL588,FENOLDOPAM,CHEMBL588;CHEMBL1026,FENOLDOPAM;FENOLDOPAM MESYLATE,1997,False
CCCN(CCC)CCc1cccc2c1CC(=O)N2,CHEMBL589,ROPINIROLE,CHEMBL589;CHEMBL1200411,ROPINIROLE;ROPINIROLE HYDROCHLORIDE,1997,False
CC1=CC(=O)c2ccccc2C1=O,CHEMBL590,MENADIONE,CHEMBL590,MENADIONE,1982,False
C#CC(O)(/C=C/Cl)CC,CHEMBL591,ETHCHLORVYNOL,CHEMBL591,ETHCHLORVYNOL,1961,False
CC(C)(C)c1ccc(C(O)CCCN2CCC(C(O)(c3ccccc3)c3ccccc3)CC2)cc1,CHEMBL17157,TERFENADINE,CHEMBL17157,TERFENADINE,1985,True
CN1CC[C@]23CCCC[C@H]2[C@H]1Cc1ccc(O)cc13,CHEMBL592,LEVORPHANOL,CHEMBL592;CHEMBL3989768,LEVORPHANOL;LEVORPHANOL TARTRATE,1991,False
CC(C)Nc1cccnc1N1CCN(C(=O)c2cc3cc(NS(C)(=O)=O)ccc3[nH]2)CC1,CHEMBL593,DELAVIRDINE,CHEMBL593;CHEMBL929,DELAVIRDINE;DELAVIRDINE MESYLATE,1997,False
CCOCCn1c(N2CCCN(C)CC2)nc2ccccc21,CHEMBL594,EMEDASTINE,CHEMBL594;CHEMBL2103739,EMEDASTINE;EMEDASTINE DIFUMARATE,1997,False
CCc1ccc(CCOc2ccc(CC3SC(=O)NC3=O)cc2)nc1,CHEMBL595,PIOGLITAZONE,CHEMBL595;CHEMBL1715,PIOGLITAZONE;PIOGLITAZONE HYDROCHLORIDE,1999,False
CCC(=O)N(c1ccccc1)C1CCN(CCc2ccccc2)CC1,CHEMBL596,FENTANYL,CHEMBL596;CHEMBL688;CHEMBL1201159,FENTANYL;FENTANYL CITRATE;FENTANYL HYDROCHLORIDE,1968;2006,False
CN(CCOc1ccc(CC2SC(=O)NC2=O)cc1)c1ccccn1,CHEMBL121,ROSIGLITAZONE,CHEMBL121;CHEMBL843,ROSIGLITAZONE;ROSIGLITAZONE MALEATE,1999,True
CCCCC1(CCCC)CS(=O)(=O)c2ccc(N(C)C)cc2[C@@H](c2ccc(OCc3ccc(C[N+]45CCN(CC4)CC5)cc3)cc2)[C@H]1O,CHEMBL363392,MARALIXIBAT,CHEMBL17879;CHEMBL363392,MARALIXIBAT CHLORIDE;MARALIXIBAT,2021,False
CC(Oc1c(Cl)cccc1Cl)C1=NCCN1,CHEMBL17860,LOFEXIDINE,CHEMBL17860;CHEMBL1788132,LOFEXIDINE;LOFEXIDINE HYDROCHLORIDE,2018,False
Cc1ccc(N(CC2=NCCN2)c2cccc(O)c2)cc1,CHEMBL597,PHENTOLAMINE,CHEMBL597;CHEMBL1200873,PHENTOLAMINE;PHENTOLAMINE MESYLATE,1952,False
c1cc(CN2CCCNCCNCCCNCC2)ccc1CN1CCCNCCNCCCNCC1,CHEMBL18442,PLERIXAFOR,CHEMBL18442,PLERIXAFOR,2008,False
Cc1cccc(N2CC(CO)OC2=O)c1,CHEMBL18116,TOLOXATONE,CHEMBL18116,TOLOXATONE,1984,False
Cc1cnc(NC(=O)C2=C(O)c3ccccc3S(=O)(=O)N2C)s1,CHEMBL599,MELOXICAM,CHEMBL599,MELOXICAM,2000,False
CC(=O)N[C@@H](CS)C(=O)O,CHEMBL600,ACETYLCYSTEINE,CHEMBL600;CHEMBL6068327,ACETYLCYSTEINE;ACETYLCYSTEINE LYSINE,1963;2024,False
NCC(=O)CCC(=O)O,CHEMBL601,AMINOLEVULINIC ACID,CHEMBL601;CHEMBL1200582,AMINOLEVULINIC ACID;AMINOLEVULINIC ACID HYDROCHLORIDE,1999,False
NCCS,CHEMBL602,CYSTEAMINE,CHEMBL602;CHEMBL1200577;CHEMBL1256137,CYSTEAMINE;CYSTEAMINE BITARTRATE;CYSTEAMINE HYDROCHLORIDE,1994;2012,False
O=C1CC[C@@]2(O)[C@H]3Cc4ccc(O)c5c4[C@@]2(CCN3CC2CC2)[C@H]1O5,CHEMBL19019,NALTREXONE,CHEMBL19019;CHEMBL1201149,NALTREXONE;NALTREXONE HYDROCHLORIDE,1984,False
COc1cc(C(=O)NS(=O)(=O)c2ccccc2C)ccc1Cc1cn(C)c2ccc(NC(=O)OC3CCCC3)cc12,CHEMBL603,ZAFIRLUKAST,CHEMBL603,ZAFIRLUKAST,1996,False
C/C=C/C1=C(C(=O)O)N2C(=O)[C@@H](NC(=O)[C@H](N)c3ccc(O)cc3)[C@H]2SC1,CHEMBL276568,"CEFPROZIL ANHYDROUS, (E)-",CHEMBL276568;CHEMBL5314373,"CEFPROZIL ANHYDROUS, (E)-;CEFPROZIL, (E)-",1991,False
CS(=O)(=O)c1ccc(C2=C(c3ccccc3)C(=O)OC2)cc1,CHEMBL122,ROFECOXIB,CHEMBL122,ROFECOXIB,1999,True
COc1nc(C)nc(Cl)c1NC1=NCCN1,CHEMBL19236,MOXONIDINE,CHEMBL19236,MOXONIDINE,1991,False
CCN(CC)CCNC(=O)c1ccc(N)cc1,CHEMBL640,PROCAINAMIDE,CHEMBL605;CHEMBL640,PROCAINAMIDE HYDROCHLORIDE;PROCAINAMIDE,1950,False
CCCCC(C)(O)C/C=C/[C@H]1[C@H](O)CC(=O)[C@@H]1CCCCCCC(=O)OC,CHEMBL606,MISOPROSTOL,CHEMBL606,MISOPROSTOL,1988,False
CC(C)(N)C(=O)N[C@H](Cc1c[nH]c2ccccc12)C(=O)N[C@H](Cc1c[nH]c2ccccc12)NC=O,CHEMBL278623,MACIMORELIN,CHEMBL278623;CHEMBL2364617,MACIMORELIN;MACIMORELIN ACETATE,2017,False
CCOC(=O)C1(c2ccccc2)CCN(C)CC1,CHEMBL607,MEPERIDINE,CHEMBL607;CHEMBL1701,MEPERIDINE;MEPERIDINE HYDROCHLORIDE,1942,False
Cc1ccccc1-n1c(C)nc2ccccc2c1=O,CHEMBL282052,METHAQUALONE,CHEMBL282052;CHEMBL2106829,METHAQUALONE;METHAQUALONE HYDROCHLORIDE,,True
CC(C)(Sc1cc(C(C)(C)C)c(O)c(C(C)(C)C)c1)Sc1cc(C(C)(C)C)c(O)c(C(C)(C)C)c1,CHEMBL608,PROBUCOL,CHEMBL608,PROBUCOL,1977,True
CC(C(=O)O)c1ccc(CC2CCCC2=O)cc1,CHEMBL19299,LOXOPROFEN,CHEMBL19299,LOXOPROFEN,,False
NCCNCCNCCN,CHEMBL609,TRIENTINE,CHEMBL609;CHEMBL3989777;CHEMBL5095420,TRIENTINE;TRIENTINE HYDROCHLORIDE;TRIENTINE TETRAHYDROCHLORIDE,1985;2017,False
Cc1cc(CC(=O)O)n(C)c1C(=O)c1ccc(Cl)cc1,CHEMBL19490,ZOMEPIRAC,CHEMBL19490;CHEMBL3989403,ZOMEPIRAC;ZOMEPIRAC SODIUM,1980,True
COc1cc2nc(N3CCN(C(=O)C4CCCO4)CC3)nc(N)c2cc1OC,CHEMBL611,TERAZOSIN,CHEMBL611;CHEMBL3989562,TERAZOSIN;TERAZOSIN HYDROCHLORIDE,1987,False
C[C@@H](N)Cc1ccccc1,CHEMBL19393,LEVAMFETAMINE,CHEMBL19393,LEVAMFETAMINE,,True
C[C@H](N)Cc1ccccc1,CHEMBL612,DEXTROAMPHETAMINE,CHEMBL612;CHEMBL1200782;CHEMBL3544971;CHEMBL3989844,DEXTROAMPHETAMINE;DEXTROAMPHETAMINE ADIPATE;DEXTROAMPHETAMINE SULFATE;DEXTROAMPHETAMINE SACCHARATE,1955;1975;1960;1996,False
Cc1cc2c(cc1CC(=O)c1sccc1S(=O)(=O)Nc1onc(C)c1Cl)OCO2,CHEMBL282724,SITAXENTAN,CHEMBL282724;CHEMBL2105740,SITAXENTAN;SITAXENTAN SODIUM,2006,True
NC(=O)c1cnccn1,CHEMBL614,PYRAZINAMIDE,CHEMBL614,PYRAZINAMIDE,1971,False
CC(C)C(=O)c1c(C(C)C)nn2ccccc12,CHEMBL19449,IBUDILAST,CHEMBL19449,IBUDILAST,1989,False
O=c1[nH]c(=O)n(C2CCCO2)cc1F,CHEMBL20883,TEGAFUR,CHEMBL20883,TEGAFUR,,False
CC1(C)S[C@@H]2[C@H](NC(=O)COc3ccccc3)C(=O)N2[C@H]1C(=O)O,CHEMBL615,PENICILLIN V,CHEMBL615;CHEMBL1200852,PENICILLIN V;PENICILLIN V POTASSIUM,1958,False
CC(=O)OCC1=C(C(=O)O)N2C(=O)[C@@H](NC(=O)Cc3cccs3)[C@H]2SC1,CHEMBL617,CEPHALOTHIN,CHEMBL617;CHEMBL1632,CEPHALOTHIN;CEPHALOTHIN SODIUM,1974,False
CCCCCCCCCCCCCCCCOP(=O)([O-])OCC[N+](C)(C)C,CHEMBL125,MILTEFOSINE,CHEMBL125,MILTEFOSINE,2014,False
CC(=O)NC[C@H]1CN(c2ccc(N3CCOCC3)c(F)c2)C(=O)O1,CHEMBL126,LINEZOLID,CHEMBL126,LINEZOLID,2000,False
C[N+]12CCC(CC1)C(OC(=O)C(O)(c1ccccc1)c1ccccc1)C2,CHEMBL620,CLIDINIUM,CHEMBL620;CHEMBL1200950,CLIDINIUM;CLIDINIUM BROMIDE,1982,False
C[C@@H](O)[C@H]1C(=O)N2C(C(=O)O)=C(S[C@@H]3CN[C@H](C(=O)N(C)C)C3)[C@H](C)[C@H]12,CHEMBL127,MEROPENEM,CHEMBL127,MEROPENEM,1996,False
O=c1n(CCCN2CCN(c3cccc(Cl)c3)CC2)nc2ccccn12,CHEMBL621,TRAZODONE,CHEMBL621;CHEMBL1200798,TRAZODONE;TRAZODONE HYDROCHLORIDE,1981,False
CCc1cccc2c3c([nH]c12)C(CC)(CC(=O)O)OCC3,CHEMBL622,ETODOLAC,CHEMBL622,ETODOLAC,1991,False
O=C(Nc1cccc2c(=O)cc(-c3nnn[nH]3)oc12)c1ccc(OCCCCc2ccccc2)cc1,CHEMBL21333,PRANLUKAST,CHEMBL21333,PRANLUKAST,1995,False
CCc1nn(CCCN2CCN(c3cccc(Cl)c3)CC2)c(=O)n1CCOc1ccccc1,CHEMBL623,NEFAZODONE,CHEMBL623;CHEMBL1200492,NEFAZODONE;NEFAZODONE HYDROCHLORIDE,1994,True
c1ccc2[nH]c(-c3cscn3)nc2c1,CHEMBL625,THIABENDAZOLE,CHEMBL625,THIABENDAZOLE,1967,False
CCCCCCOc1nsnc1C1=CCCN(C)C1,CHEMBL21536,XANOMELINE,CHEMBL21536;CHEMBL2336050,XANOMELINE;XANOMELINE TARTRATE,2024,False
CN(C/C=C/c1ccccc1)Cc1cccc2ccccc12,CHEMBL626,NAFTIFINE,CHEMBL626;CHEMBL1200493,NAFTIFINE;NAFTIFINE HYDROCHLORIDE,1988,False
CN1C(=O)C(O)N=C(c2ccccc2Cl)c2cc(Cl)ccc21,CHEMBL22097,LORMETAZEPAM,CHEMBL22097,LORMETAZEPAM,,False
CC(=O)CCCCn1c(=O)c2c(ncn2C)n(C)c1=O,CHEMBL628,PENTOXIFYLLINE,CHEMBL628,PENTOXIFYLLINE,1984,False
CN(C)CCC=C1c2ccccc2CCc2ccccc21,CHEMBL629,AMITRIPTYLINE,CHEMBL629;CHEMBL1200964,AMITRIPTYLINE;AMITRIPTYLINE HYDROCHLORIDE,1961,False
O=C(Nc1ccc(Br)cc1)c1cc(Br)ccc1O,CHEMBL21869,DIBROMSALAN,CHEMBL21869,DIBROMSALAN,,True
O=C(Nc1ccc(Br)cc1)c1cc(Br)cc(Br)c1O,CHEMBL24944,TRIBROMSALAN,CHEMBL24944,TRIBROMSALAN,,True
CNS(=O)(=O)Cc1ccc2[nH]cc(CCN(C)C)c2c1,CHEMBL128,SUMATRIPTAN,CHEMBL128;CHEMBL1201150,SUMATRIPTAN;SUMATRIPTAN SUCCINATE,1992,False
CCCNCC(O)COc1ccccc1C(=O)CCc1ccccc1,CHEMBL631,PROPAFENONE,CHEMBL631;CHEMBL1201063,PROPAFENONE;PROPAFENONE HYDROCHLORIDE,1989,False
C[C@H]1C[C@H]2[C@@H]3CCC4=CC(=O)C=C[C@]4(C)[C@@]3(F)[C@@H](O)C[C@]2(C)[C@@]1(O)C(=O)CO,CHEMBL632,BETAMETHASONE,CHEMBL632,BETAMETHASONE,1961,False
CCCCc1oc2ccccc2c1C(=O)c1cc(I)c(OCCN(CC)CC)c(I)c1,CHEMBL633,AMIODARONE,CHEMBL633;CHEMBL1083993,AMIODARONE;AMIODARONE HYDROCHLORIDE,1985,False
CCC(=O)N(c1ccccc1)C1(COC)CCN(CCn2nnn(CC)c2=O)CC1,CHEMBL634,ALFENTANIL,CHEMBL634;CHEMBL1200531,ALFENTANIL;ALFENTANIL HYDROCHLORIDE,1986,False
C[C@]12C=CC(=O)C=C1CC[C@@H]1[C@@H]2C(=O)C[C@@]2(C)[C@H]1CC[C@]2(O)C(=O)CO,CHEMBL635,PREDNISONE,CHEMBL635,PREDNISONE,1955,False
CCN(C)C(=O)Oc1cccc([C@H](C)N(C)C)c1,CHEMBL636,RIVASTIGMINE,CHEMBL636;CHEMBL1201092,RIVASTIGMINE;RIVASTIGMINE TARTRATE,1998,False
COc1ccc(C(CN(C)C)C2(O)CCCCC2)cc1,CHEMBL637,VENLAFAXINE,CHEMBL637;CHEMBL1201066;CHEMBL5095051,VENLAFAXINE;VENLAFAXINE HYDROCHLORIDE;VENLAFAXINE BESYLATE,1993;2022,False
Cc1cn([C@H]2C[C@H](N=[N+]=[N-])[C@@H](CO)O2)c(=O)[nH]c1=O,CHEMBL129,ZIDOVUDINE,CHEMBL129,ZIDOVUDINE,1987,False
C[C@@H](c1ncncc1F)[C@](O)(Cn1cncn1)c1ccc(F)cc1F,CHEMBL638,VORICONAZOLE,CHEMBL638,VORICONAZOLE,2002,False
CN1CCCC(n2nc(Cc3ccc(Cl)cc3)c3ccccc3c2=O)CC1,CHEMBL639,AZELASTINE,CHEMBL639;CHEMBL1200809,AZELASTINE;AZELASTINE HYDROCHLORIDE,1996,False
O=C(N[C@H](CO)[C@H](O)c1ccc([N+](=O)[O-])cc1)C(Cl)Cl,CHEMBL130,CHLORAMPHENICOL,CHEMBL130,CHLORAMPHENICOL,1950,True
CNCC[C@@H](Oc1ccccc1C)c1ccccc1,CHEMBL641,ATOMOXETINE,CHEMBL641;CHEMBL1702,ATOMOXETINE;ATOMOXETINE HYDROCHLORIDE,2002,False
CCCC(=O)Nc1ccc(OCC(O)CNC(C)C)c(C(C)=O)c1,CHEMBL642,ACEBUTOLOL,CHEMBL642;CHEMBL1200813,ACEBUTOLOL;ACEBUTOLOL HYDROCHLORIDE,1984,False
CC(CN1c2ccccc2Sc2ccccc21)N(C)C,CHEMBL643,PROMETHAZINE,CHEMBL643;CHEMBL1200750,PROMETHAZINE;PROMETHAZINE HYDROCHLORIDE,1951,False
C[C@]12C=CC(=O)C=C1CC[C@@H]1[C@@H]2[C@@H](O)C[C@@]2(C)[C@H]1CC[C@]2(O)C(=O)CO,CHEMBL131,PREDNISOLONE,CHEMBL131,PREDNISOLONE,1955,False
CC(CN(C)C)CN1c2ccccc2CCc2ccccc21,CHEMBL644,TRIMIPRAMINE,CHEMBL644;CHEMBL1200948,TRIMIPRAMINE;TRIMIPRAMINE MALEATE,1979,False
CC(C)NCC(O)COc1ccc(COCCOC(C)C)cc1,CHEMBL645,BISOPROLOL,CHEMBL645;CHEMBL1472989,BISOPROLOL;BISOPROLOL FUMARATE,1992,False
Cc1nnc2n1-c1ccc(Cl)cc1C(c1ccccc1Cl)=NC2,CHEMBL646,TRIAZOLAM,CHEMBL646,TRIAZOLAM,1978,True
Nc1cc(Cl)c(N=C2NCCN2)c(Cl)c1,CHEMBL647,APRACLONIDINE,CHEMBL647;CHEMBL1200379,APRACLONIDINE;APRACLONIDINE HYDROCHLORIDE,1987,False
CN1CCN(C(c2ccccc2)c2ccccc2)CC1,CHEMBL648,CYCLIZINE,CHEMBL648;CHEMBL1200497,CYCLIZINE;CYCLIZINE LACTATE,1982,False
OC(CNCC(O)C1CCc2cc(F)ccc2O1)C1CCc2cc(F)ccc2O1,CHEMBL434394,NEBIVOLOL,CHEMBL434394;CHEMBL1201731,NEBIVOLOL;NEBIVOLOL HYDROCHLORIDE,2007,False
C[C@H]1C[C@@H]2[C@H]([C@@H](O)C[C@@]3(C)[C@H]2CC[C@]3(O)C(=O)CO)[C@@]2(C)C=CC(=O)C=C12,CHEMBL650,METHYLPREDNISOLONE,CHEMBL650,METHYLPREDNISOLONE,1957,False
CCC(=O)C(CC(C)N(C)C)(c1ccccc1)c1ccccc1,CHEMBL651,METHADONE,CHEMBL651;CHEMBL1200825,METHADONE;METHADONE HYDROCHLORIDE,1947,False
O=C(NCC1CCCCN1)c1cc(OCC(F)(F)F)ccc1OCC(F)(F)F,CHEMBL652,FLECAINIDE,CHEMBL652;CHEMBL1200822,FLECAINIDE;FLECAINIDE ACETATE,1985,False
Clc1cccc(Cl)c1NC1=NCCN1,CHEMBL134,CLONIDINE,CHEMBL134;CHEMBL1705,CLONIDINE;CLONIDINE HYDROCHLORIDE,1974,False
CN1CCN2c3ncccc3Cc3ccccc3C2C1,CHEMBL654,MIRTAZAPINE,CHEMBL654,MIRTAZAPINE,1996,False
Cc1ncc2n1-c1ccc(Cl)cc1C(c1ccccc1F)=NC2,CHEMBL655,MIDAZOLAM,CHEMBL655;CHEMBL1200420,MIDAZOLAM;MIDAZOLAM HYDROCHLORIDE,1985,False
CCN1CCC[C@H]1CNC(=O)c1c(OC)ccc(Br)c1OC,CHEMBL22242,REMOXIPRIDE,CHEMBL22242;CHEMBL3989556,REMOXIPRIDE;REMOXIPRIDE HYDROCHLORIDE,1990,True
COc1ccc2c3c1O[C@H]1C(=O)CC[C@@]4(O)[C@@H](C2)N(C)CC[C@]314,CHEMBL656,OXYCODONE,CHEMBL656;CHEMBL1200890;CHEMBL3989826,OXYCODONE;OXYCODONE HYDROCHLORIDE;OXYCODONE TEREPHTHALATE,1950,True;False
C[C@]12CC[C@@H]3c4ccc(O)cc4CC[C@H]3[C@@H]1CC[C@@H]2O,CHEMBL135,ESTRADIOL,CHEMBL135,ESTRADIOL,1975,False
CN(C)CCOC(c1ccccc1)c1ccccc1,CHEMBL657,DIPHENHYDRAMINE,CHEMBL657;CHEMBL1620;CHEMBL1201089,DIPHENHYDRAMINE;DIPHENHYDRAMINE HYDROCHLORIDE;DIPHENHYDRAMINE CITRATE,1946;2005,False
CCC(=O)N(c1ccccc1)C1(COC)CCN(CCc2cccs2)CC1,CHEMBL658,SUFENTANIL,CHEMBL658;CHEMBL1201163,SUFENTANIL;SUFENTANIL CITRATE,1984,False
COc1ccc2c3c1O[C@H]1C[C@@H](O)C=C[C@@]31CCN(C)C2,CHEMBL659,GALANTAMINE,CHEMBL659;CHEMBL1555,GALANTAMINE;GALANTAMINE HYDROBROMIDE,2001,False
NC12CC3CC(CC(C3)C1)C2,CHEMBL660,AMANTADINE,CHEMBL660;CHEMBL1569,AMANTADINE;AMANTADINE HYDROCHLORIDE,1968,False
Cc1nnc2n1-c1ccc(Cl)cc1C(c1ccccc1)=NC2,CHEMBL661,ALPRAZOLAM,CHEMBL661,ALPRAZOLAM,1981,False
CNCCCC12CCC(c3ccccc31)c1ccccc12,CHEMBL21731,MAPROTILINE,CHEMBL21731;CHEMBL1237135,MAPROTILINE;MAPROTILINE HYDROCHLORIDE,1980,False
O=C(O)P(=O)(O)O,CHEMBL666,FOSCARNET,CHEMBL666;CHEMBL754,FOSCARNET;FOSCARNET SODIUM,1991,False
CC(=O)OCC[N+](C)(C)C,CHEMBL667,ACETYLCHOLINE,CHEMBL667;CHEMBL1184,ACETYLCHOLINE;ACETYLCHOLINE CHLORIDE,1973,False
Cc1ncc([N+](=O)[O-])n1CCO,CHEMBL137,METRONIDAZOLE,CHEMBL137;CHEMBL1200869,METRONIDAZOLE;METRONIDAZOLE HYDROCHLORIDE,1963;1980,False
CNCCCC1c2ccccc2C=Cc2ccccc21,CHEMBL668,PROTRIPTYLINE,CHEMBL668;CHEMBL1200332,PROTRIPTYLINE;PROTRIPTYLINE HYDROCHLORIDE,1967,False
CN(C)CCC=C1c2ccccc2C=Cc2ccccc21,CHEMBL669,CYCLOBENZAPRINE,CHEMBL669;CHEMBL1200636,CYCLOBENZAPRINE;CYCLOBENZAPRINE HYDROCHLORIDE,1977,False
S=P(N1CC1)(N1CC1)N1CC1,CHEMBL671,THIOTEPA,CHEMBL671,THIOTEPA,1959,False
CC(C)OC(=O)C(C)(C)Oc1ccc(C(=O)c2ccc(Cl)cc2)cc1,CHEMBL672,FENOFIBRATE,CHEMBL672,FENOFIBRATE,1993,False
C#CCN(C)Cc1ccccc1,CHEMBL673,PARGYLINE,CHEMBL673;CHEMBL1200425,PARGYLINE;PARGYLINE HYDROCHLORIDE,1982,False
N=C(N)c1ccc(OCCCCCCOc2ccc(C(=N)N)cc2)cc1,CHEMBL25105,HEXAMIDINE,CHEMBL25105,HEXAMIDINE,,False
NCCCC(O)(P(=O)(O)O)P(=O)(O)O,CHEMBL870,ALENDRONIC ACID,CHEMBL675;CHEMBL870,ALENDRONATE SODIUM;ALENDRONIC ACID,1995,False
C[C@H](N)[C@H](O)c1ccc(O)c(O)c1,CHEMBL677,LEVONORDEFRIN,CHEMBL677,LEVONORDEFRIN,1960,False
CNC[C@H](O)c1ccc(O)c(O)c1,CHEMBL679,EPINEPHRINE,CHEMBL679;CHEMBL1256958,EPINEPHRINE;EPINEPHRINE BITARTRATE,1965,False
N[C@@H](C(=O)N[C@@H]1C(=O)N2C(C(=O)O)=C(Cl)CS[C@H]12)c1ccccc1,CHEMBL680,CEFACLOR ANHYDROUS,CHEMBL680;CHEMBL1201018,CEFACLOR ANHYDROUS;CEFACLOR,1979,False
CCOC(=O)c1cncn1[C@H](C)c1ccccc1,CHEMBL681,ETOMIDATE,CHEMBL681,ETOMIDATE,1982,False
CCN(CC)Cc1cc(Nc2ccnc3cc(Cl)ccc23)ccc1O,CHEMBL682,AMODIAQUINE,CHEMBL682;CHEMBL1357648,AMODIAQUINE;AMODIAQUINE HYDROCHLORIDE,1982,False
CCN(CC)C(=O)N1CCN(C)CC1,CHEMBL684,DIETHYLCARBAMAZINE,CHEMBL684;CHEMBL937,DIETHYLCARBAMAZINE;DIETHYLCARBAMAZINE CITRATE,1950,False
COC(=O)Nc1nc2cc(C(=O)c3ccccc3)ccc2[nH]1,CHEMBL685,MEBENDAZOLE,CHEMBL685,MEBENDAZOLE,1974,False
O=C(O)Cc1ccccc1Nc1c(Cl)cccc1Cl,CHEMBL139,DICLOFENAC,CHEMBL139;CHEMBL1034;CHEMBL1200804;CHEMBL1201180,DICLOFENAC;DICLOFENAC SODIUM;DICLOFENAC POTASSIUM;DICLOFENAC EPOLAMINE,1988;1993;2007,False
Cc1cccc(Nc2ccccc2C(=O)O)c1C,CHEMBL686,MEFENAMIC ACID,CHEMBL686,MEFENAMIC ACID,1967,False
OC[C@@H](O)[C@@H](O)[C@H](O)[C@H](O)CO,CHEMBL689,MANNITOL,CHEMBL689,MANNITOL,1982,False
CC[C@H](C)C(=O)O[C@H]1C[C@H](O)C=C2C=C[C@H](C)[C@H](CC[C@@H](O)C[C@@H](O)CC(=O)O)[C@H]21,CHEMBL1144,PRAVASTATIN,CHEMBL690;CHEMBL1144,PRAVASTATIN SODIUM;PRAVASTATIN,1991,False
CC(Cc1ccccc1)NCCC(c1ccccc1)c1ccccc1,CHEMBL24072,PRENYLAMINE,CHEMBL24072,PRENYLAMINE,,True
C#C[C@]1(O)CC[C@H]2[C@@H]3CCc4cc(O)ccc4[C@H]3CC[C@@]21C,CHEMBL691,ETHINYL ESTRADIOL,CHEMBL691,ETHINYL ESTRADIOL,1982,False
Nc1ccncc1,CHEMBL284348,DALFAMPRIDINE,CHEMBL284348,DALFAMPRIDINE,2010,False
OCC(O)CO,CHEMBL692,GLYCERIN,CHEMBL692,GLYCERIN,1982,False
CN1C(=O)OC(C)(C)C1=O,CHEMBL695,TRIMETHADIONE,CHEMBL695,TRIMETHADIONE,1946,False
CCC1(C)CC(=O)NC1=O,CHEMBL696,ETHOSUXIMIDE,CHEMBL696,ETHOSUXIMIDE,1960,False
CN1C(=O)CC(C)(c2ccccc2)C1=O,CHEMBL697,METHSUXIMIDE,CHEMBL697,METHSUXIMIDE,1957,False
CCCCNc1ccc(C(=O)OCCN(C)C)cc1,CHEMBL698,TETRACAINE,CHEMBL698;CHEMBL1255654,TETRACAINE;TETRACAINE HYDROCHLORIDE,2005;2016,False
CNCCc1ccccn1,CHEMBL24441,BETAHISTINE,CHEMBL24441;CHEMBL1446813,BETAHISTINE;BETAHISTINE HYDROCHLORIDE,,False
Nc1ccc(S(=O)(=O)Nc2ccccn2)cc1,CHEMBL700,SULFAPYRIDINE,CHEMBL700,SULFAPYRIDINE,1939,False
NCC(CC(=O)O)c1ccc(Cl)cc1,CHEMBL701,BACLOFEN,CHEMBL701,BACLOFEN,1977,False
CCN1CCN(C(=O)N[C@@H](C(=O)N[C@@H]2C(=O)N3[C@@H]2SC(C)(C)[C@@H]3C(=O)O)c2ccccc2)C(=O)C1=O,CHEMBL702,PIPERACILLIN,CHEMBL702;CHEMBL1200820,PIPERACILLIN;PIPERACILLIN SODIUM,1981,False
C[N+](C)(C)CCOC(=O)CCC(=O)OCC[N+](C)(C)C,CHEMBL703,SUXAMETHONIUM,CHEMBL703;CHEMBL983,SUXAMETHONIUM;SUCCINYLCHOLINE CHLORIDE,1952,False
Nc1ccc(O)c(C(=O)O)c1,CHEMBL704,MESALAMINE,CHEMBL704,MESALAMINE,1987,False
CC1=C(/C=C/C(C)=C\C=C\C(C)=C\C(=O)O)C(C)(C)CCC1,CHEMBL705,ALITRETINOIN,CHEMBL705,ALITRETINOIN,1999,False
CCCCCCCCCCCCCCCCO,CHEMBL706,CETYL ALCOHOL,CHEMBL706,CETYL ALCOHOL,1990,False
C[C@H](Cc1cc2c(c(C(N)=O)c1)N(CCCO)CC2)NCCOc1ccccc1OCC(F)(F)F,CHEMBL24778,SILODOSIN,CHEMBL24778,SILODOSIN,2008,False
COc1cc2nc(N3CCN(C(=O)C4COc5ccccc5O4)CC3)nc(N)c2cc1OC,CHEMBL707,DOXAZOSIN,CHEMBL707;CHEMBL1200561,DOXAZOSIN;DOXAZOSIN MESYLATE,1990,False
O=C(NC1CCN(CCc2c[nH]c3ccccc23)CC1)c1ccccc1,CHEMBL279516,INDORAMIN,CHEMBL279516;CHEMBL2104941,INDORAMIN;INDORAMIN HYDROCHLORIDE,,False
COc1cc2/c(=N/c3ccc(Br)cc3F)nc[nH]c2cc1OCC1CCN(C)CC1,CHEMBL24828,VANDETANIB,CHEMBL24828,VANDETANIB,2011,False
Cc1cc(-c2ccccc2)nnc1NCCN1CCOCC1,CHEMBL278819,MINAPRINE,CHEMBL278819;CHEMBL1364551,MINAPRINE;MINAPRINE HYDROCHLORIDE,,True
CC1(C)CCC(C)(C)c2cc(NC(=O)c3ccc(C(=O)O)cc3)ccc21,CHEMBL25202,TAMIBAROTENE,CHEMBL25202,TAMIBAROTENE,,False
O=C1Cc2cc(CCN3CCN(c4nsc5ccccc45)CC3)c(Cl)cc2N1,CHEMBL708,ZIPRASIDONE,CHEMBL708;CHEMBL1375743;CHEMBL3989833,ZIPRASIDONE;ZIPRASIDONE HYDROCHLORIDE;ZIPRASIDONE MESYLATE,2001;2002,False
COc1cc2nc(N(C)CCCNC(=O)C3CCCO3)nc(N)c2cc1OC,CHEMBL709,ALFUZOSIN,CHEMBL709;CHEMBL1723,ALFUZOSIN;ALFUZOSIN HYDROCHLORIDE,2003,False
CC(C)(C)NC(=O)[C@H]1CC[C@H]2[C@@H]3CC[C@H]4NC(=O)C=C[C@]4(C)[C@H]3CC[C@]12C,CHEMBL710,FINASTERIDE,CHEMBL710,FINASTERIDE,1992,False
O=C1c2ccccc2C(=O)C1c1ccccc1,CHEMBL711,PHENINDIONE,CHEMBL711,PHENINDIONE,1982,False
COc1ccc(C2C(=O)c3ccccc3C2=O)cc1,CHEMBL712,ANISINDIONE,CHEMBL712,ANISINDIONE,1957,False
O=C1c2ccccc2C(=O)C1c1ccc(F)cc1,CHEMBL24924,FLUINDIONE,CHEMBL24924,FLUINDIONE,,False
C=C1[C@H](CO)[C@@H](O)C[C@@H]1n1cnc2c(=O)[nH]c(N)nc21,CHEMBL713,ENTECAVIR ANHYDROUS,CHEMBL713;CHEMBL5314362,ENTECAVIR ANHYDROUS;ENTECAVIR,2005,False
Nc1ccn([C@@H]2CS[C@H](CO)O2)c(=O)n1,CHEMBL141,LAMIVUDINE,CHEMBL141,LAMIVUDINE,1995,False
CC(C)(C)NCC(O)c1ccc(O)c(CO)c1,CHEMBL714,ALBUTEROL,CHEMBL714;CHEMBL1441059,ALBUTEROL;ALBUTEROL SULFATE,1981;1982,False
Cc1cc2c(s1)Nc1ccccc1N=C2N1CCN(C)CC1,CHEMBL715,OLANZAPINE,CHEMBL715;CHEMBL3989694,OLANZAPINE;OLANZAPINE PAMOATE,1996;2008,False
OCCOCCN1CCN(C2=Nc3ccccc3Sc3ccccc32)CC1,CHEMBL716,QUETIAPINE,CHEMBL716;CHEMBL3188993,QUETIAPINE;QUETIAPINE FUMARATE,1997,False
CN1CCN=C(c2ccccc2)c2cc(Cl)ccc21,CHEMBL28333,MEDAZEPAM,CHEMBL28333,MEDAZEPAM,,False
CC(=O)O[C@]1(C(C)=O)CC[C@H]2[C@@H]3C[C@H](C)C4=CC(=O)CC[C@]4(C)[C@H]3CC[C@@]21C,CHEMBL717,MEDROXYPROGESTERONE ACETATE,CHEMBL717,MEDROXYPROGESTERONE ACETATE,1959,False
O=C(CCCN1CCC(O)(c2ccc(Br)cc2)CC1)c1ccc(F)cc1,CHEMBL28218,BROMPERIDOL,CHEMBL28218,BROMPERIDOL,,False
C/C(=C\C(=O)OCCCCCCCCC(=O)O)C[C@@H]1OC[C@H](C[C@@H]2O[C@H]2[C@@H](C)[C@H](C)O)[C@@H](O)[C@H]1O,CHEMBL719,MUPIROCIN,CHEMBL719;CHEMBL3989715,MUPIROCIN;MUPIROCIN CALCIUM,1987;1995,False
OCc1ccccc1,CHEMBL720,BENZYL ALCOHOL,CHEMBL720,BENZYL ALCOHOL,2009,False
Cc1c(C(C)C)c(=O)n(-c2ccccc2)n1C,CHEMBL28318,PROPYPHENAZONE,CHEMBL28318,PROPYPHENAZONE,,True
CCN(CC)C(=O)Nc1ccc(OCC(O)CNC(C)(C)C)c(C(C)=O)c1,CHEMBL27810,CELIPROLOL,CHEMBL27810;CHEMBL1742424,CELIPROLOL;CELIPROLOL HYDROCHLORIDE,,False
CC(C)(C)NCC(O)COc1cccc2c1SCCC2,CHEMBL434200,TERTATOLOL,CHEMBL434200,TERTATOLOL,,False
COc1ccccc1OCCNCC(O)COc1cccc2[nH]c3ccccc3c12,CHEMBL723,CARVEDILOL,CHEMBL723;CHEMBL1201167,CARVEDILOL;CARVEDILOL PHOSPHATE,1995;2006,False
OCCN1CCN(CCCN2c3ccccc3Sc3ccc(C(F)(F)F)cc32)CC1,CHEMBL726,FLUPHENAZINE,CHEMBL726;CHEMBL1448187,FLUPHENAZINE;FLUPHENAZINE HYDROCHLORIDE,1959,False
Nc1nc2[nH]cnc2c(=S)[nH]1,CHEMBL727,THIOGUANINE,CHEMBL727,THIOGUANINE,1966,False
C[C@H](CCc1ccccc1)NC[C@H](O)c1ccc(O)c(C(N)=O)c1,CHEMBL27193,DILEVALOL,CHEMBL27193;CHEMBL1204165,DILEVALOL;DILEVALOL HYDROCHLORIDE,1990,True
CN1CCN(CCCN2c3ccccc3Sc3ccc(Cl)cc32)CC1,CHEMBL728,PROCHLORPERAZINE,CHEMBL728;CHEMBL1201154;CHEMBL1314751,PROCHLORPERAZINE;PROCHLORPERAZINE EDISYLATE;PROCHLORPERAZINE MALEATE,1956;1957,False
Cc1cccc(C)c1OCC(=O)N[C@@H](Cc1ccccc1)[C@@H](O)C[C@H](Cc1ccccc1)NC(=O)[C@H](C(C)C)N1CCCNC1=O,CHEMBL729,LOPINAVIR,CHEMBL729,LOPINAVIR,2000,False
O=[N+]([O-])OCC(CO[N+](=O)[O-])O[N+](=O)[O-],CHEMBL730,NITROGLYCERIN,CHEMBL730,NITROGLYCERIN,1981,False
CC(=O)NO,CHEMBL734,ACETOHYDROXAMIC ACID,CHEMBL734,ACETOHYDROXAMIC ACID,1983,False
O=C(NCCO[N+](=O)[O-])c1cccnc1,CHEMBL284906,NICORANDIL,CHEMBL284906,NICORANDIL,,False
CCN(CCCCOC(=O)c1ccc(OC)c(OC)c1)C(C)Cc1ccc(OC)cc1,CHEMBL282121,MEBEVERINE,CHEMBL282121;CHEMBL1446650,MEBEVERINE;MEBEVERINE HYDROCHLORIDE,,False
Nc1nnc(-c2cccc(Cl)c2Cl)c(N)n1,CHEMBL741,LAMOTRIGINE,CHEMBL741,LAMOTRIGINE,1994,False
CNC1(c2ccccc2Cl)CCCCC1=O,CHEMBL742,KETAMINE,CHEMBL742;CHEMBL1714,KETAMINE;KETAMINE HYDROCHLORIDE,1970,False
Nc1nc2ccc(OC(F)(F)F)cc2s1,CHEMBL744,RILUZOLE,CHEMBL744,RILUZOLE,1995,False
CCCc1c2oc(C(=O)O)cc(=O)c2cc2c(=O)cc(C(=O)O)n(CC)c12,CHEMBL746,NEDOCROMIL,CHEMBL746;CHEMBL915,NEDOCROMIL;NEDOCROMIL SODIUM,1992,False
C[n+]1ccccc1C=NO,CHEMBL1420,PRALIDOXIME,CHEMBL748;CHEMBL1420,PRALIDOXIME CHLORIDE;PRALIDOXIME,1964,False
NS(=O)(=O)Cc1noc2ccccc12,CHEMBL750,ZONISAMIDE,CHEMBL750,ZONISAMIDE,2000,False
Nc1ncnc2c1ncn2[C@@H]1O[C@H](COP(=O)(O)O)[C@@H](O)[C@H]1O,CHEMBL752,ADENOSINE PHOSPHATE,CHEMBL752,ADENOSINE PHOSPHATE,,True
CC(COc1ccccc1)N(CCCl)Cc1ccccc1,CHEMBL753,PHENOXYBENZAMINE,CHEMBL753;CHEMBL1200787,PHENOXYBENZAMINE;PHENOXYBENZAMINE HYDROCHLORIDE,1953,False
O=C1CN2Cc3c(ccc(Cl)c3Cl)N=C2N1,CHEMBL760,ANAGRELIDE,CHEMBL760;CHEMBL1200759,ANAGRELIDE;ANAGRELIDE HYDROCHLORIDE,1997,False
c1ccc2c(CC3=NCCN3)cccc2c1,CHEMBL761,NAPHAZOLINE,CHEMBL761;CHEMBL1706,NAPHAZOLINE;NAPHAZOLINE HYDROCHLORIDE,1971,False
Cc1cc(C(C)(C)C)c(O)c(C)c1CC1=NCCN1,CHEMBL762,OXYMETAZOLINE,CHEMBL762;CHEMBL1200791,OXYMETAZOLINE;OXYMETAZOLINE HYDROCHLORIDE,1986,False
N=C(N)NCCN1CCCCCCC1,CHEMBL765,GUANETHIDINE,CHEMBL765;CHEMBL1345,GUANETHIDINE;GUANETHIDINE MONOSULFATE,1960,False
CC1(C)C[C@@H]1C(=O)N/C(=C\CCCCSC[C@H](N)C(=O)O)C(=O)O,CHEMBL766,CILASTATIN,CHEMBL766;CHEMBL1201057,CILASTATIN;CILASTATIN SODIUM,1985,False
COC(=O)CCc1ccc(OCC(O)CNC(C)C)cc1,CHEMBL768,ESMOLOL,CHEMBL768;CHEMBL1201115,ESMOLOL;ESMOLOL HYDROCHLORIDE,1986,True
c1ccc(CC2=NCCN2)cc1,CHEMBL770,TOLAZOLINE,CHEMBL770;CHEMBL1689,TOLAZOLINE;TOLAZOLINE HYDROCHLORIDE,1985,False
N[C@@H]1CONC1=O,CHEMBL771,CYCLOSERINE,CHEMBL771,CYCLOSERINE,1964,False
C[C@@H](O)[C@H]1C(=O)N2C(C(=O)O)=C(SCCNC=N)C[C@H]12,CHEMBL148,IMIPENEM ANHYDROUS,CHEMBL148;CHEMBL43708,IMIPENEM ANHYDROUS;IMIPENEM,1985,False
COC(=O)[C@H]1[C@H]2C[C@@H]3c4[nH]c5cc(OC)ccc5c4CCN3C[C@H]2C[C@@H](OC(=O)c2cc(OC)c(OC)c(OC)c2)[C@@H]1OC,CHEMBL772,RESERPINE,CHEMBL772,RESERPINE,1960,True
NCC(=O)O,CHEMBL773,GLYCINE,CHEMBL773,GLYCINE,1982,False
CC(C)NCC(O)c1cc(O)cc(O)c1,CHEMBL776,METAPROTERENOL,CHEMBL776;CHEMBL1568057,METAPROTERENOL;METAPROTERENOL SULFATE,1973,True
O=C(O)[C@H]1/C(=C/CO)O[C@@H]2CC(=O)N21,CHEMBL777,CLAVULANIC ACID,CHEMBL777;CHEMBL1003,CLAVULANIC ACID;CLAVULANATE POTASSIUM,1984,False
Cc1cccc([C@H](C)c2c[nH]cn2)c1C,CHEMBL778,DEXMEDETOMIDINE,CHEMBL778;CHEMBL2106195,DEXMEDETOMIDINE;DEXMEDETOMIDINE HYDROCHLORIDE,1999,False
CN1CC(=O)N2[C@H](c3ccc4c(c3)OCO4)c3[nH]c4ccccc4c3C[C@@H]2C1=O,CHEMBL779,TADALAFIL,CHEMBL779,TADALAFIL,2002,False
Oc1ccc2c(c1)[C@@]13CCCC[C@@]1(O)[C@@H](C2)N(CC1CCC1)CC3,CHEMBL33986,BUTORPHANOL,CHEMBL33986;CHEMBL299400,BUTORPHANOL;BUTORPHANOL TARTRATE,1978,False
O=C(O)CN(CCN(CC(=O)O)CC(=O)O)CCN(CC(=O)O)CC(=O)O,CHEMBL780,PENTETIC ACID,CHEMBL780;CHEMBL1200424;CHEMBL1200945,PENTETIC ACID;PENTETATE ZINC TRISODIUM;PENTETATE CALCIUM TRISODIUM,2004,False
OC1(c2ccc(Cl)cc2)c2ccccc2C2=NCCN21,CHEMBL781,MAZINDOL,CHEMBL781,MAZINDOL,1973,False
Oc1c(Cl)cc(Cl)cc1Sc1cc(Cl)cc(Cl)c1O,CHEMBL290106,BITHIONOL,CHEMBL290106;CHEMBL1447476,BITHIONOL;BITHIONOLATE SODIUM,,True
CCCCNC(=O)NS(=O)(=O)c1ccc(C)cc1,CHEMBL782,TOLBUTAMIDE,CHEMBL782;CHEMBL1200874,TOLBUTAMIDE;TOLBUTAMIDE SODIUM,1961,False
CC(C)[C@H]1CC[C@H](C(=O)N[C@H](Cc2ccccc2)C(=O)O)CC1,CHEMBL783,NATEGLINIDE,CHEMBL783,NATEGLINIDE,2000,False
Cc1nnc2n1-c1sc(Br)cc1C(c1ccccc1Cl)=NC2,CHEMBL32479,BROTIZOLAM,CHEMBL32479,BROTIZOLAM,1984,False
CC(C)(O)c1ccccc1CC[C@@H](SCC1(CC(=O)O)CC1)c1cccc(/C=C/c2ccc3ccc(Cl)cc3n2)c1,CHEMBL787,MONTELUKAST,CHEMBL787;CHEMBL1200681,MONTELUKAST;MONTELUKAST SODIUM,1998,False
O=c1[nH]c(=O)n([C@H]2C[C@H](O)[C@@H](CO)O2)cc1I,CHEMBL788,IDOXURIDINE,CHEMBL788,IDOXURIDINE,1963,False
CO[C@@H]1[C@@H](OC(N)=O)[C@@H](O)[C@H](Oc2ccc3c(O)c(NC(=O)c4ccc(O)c(CC=C(C)C)c4)c(=O)oc3c2C)OC1(C)C,CHEMBL36506,NOVOBIOCIN,CHEMBL36506;CHEMBL3183453,NOVOBIOCIN;NOVOBIOCIN SODIUM,1964,True
Nc1ccn(C[C@@H](CO)OCP(=O)(O)O)c(=O)n1,CHEMBL152,CIDOFOVIR ANHYDROUS,CHEMBL152;CHEMBL5314375,CIDOFOVIR ANHYDROUS;CIDOFOVIR,1996,False
N=C(NCCCCCCNC(=N)NC(=N)Nc1ccc(Cl)cc1)NC(=N)Nc1ccc(Cl)cc1,CHEMBL790,CHLORHEXIDINE,CHEMBL790;CHEMBL4297088,CHLORHEXIDINE;CHLORHEXIDINE GLUCONATE,1976,True
CC(Cc1ccc(O)cc1)NCC(O)c1cc(O)cc(O)c1,CHEMBL32800,FENOTEROL,CHEMBL32800,FENOTEROL,,True
COC(=O)C(c1ccccc1)C1CCCCN1,CHEMBL796,METHYLPHENIDATE,CHEMBL796;CHEMBL1722,METHYLPHENIDATE;METHYLPHENIDATE HYDROCHLORIDE,1955,False
Clc1ccc2c(c1)C(c1ccccc1)=NCc1nncn1-2,CHEMBL285674,ESTAZOLAM,CHEMBL285674,ESTAZOLAM,1990,False
CN1C(=O)CC(c2ccccc2)C1=O,CHEMBL797,PHENSUXIMIDE,CHEMBL797,PHENSUXIMIDE,1982,False
CN(Cc1cnc2nc(N)nc(N)c2n1)c1ccc(C(=O)N[C@@H](CCC(=O)O)C(=O)O)cc1,CHEMBL34259,METHOTREXATE,CHEMBL34259;CHEMBL3244648,METHOTREXATE;METHOTREXATE SODIUM,1953,False
CC1(C)CC(=O)N(CCCCN2CCN(c3ncccn3)CC2)C(=O)C1,CHEMBL284092,GEPIRONE,CHEMBL284092;CHEMBL1204187,GEPIRONE;GEPIRONE HYDROCHLORIDE,2023,False
O=C1CCc2cc(OCCCCc3nnnn3C3CCCCC3)ccc2N1,CHEMBL799,CILOSTAZOL,CHEMBL799,CILOSTAZOL,1999,False
Nc1cc(N2CCCCC2)nc(N)[n+]1[O-],CHEMBL802,MINOXIDIL,CHEMBL802,MINOXIDIL,1979,False
COc1ccc2cc([C@H](C)C(=O)O)ccc2c1,CHEMBL154,NAPROXEN,CHEMBL154;CHEMBL1200806,NAPROXEN;NAPROXEN SODIUM,1976;1980,False
OC(c1cc(C(F)(F)F)nc2c(C(F)(F)F)cccc12)C1CCCCN1,CHEMBL416956,MEFLOQUINE,CHEMBL416956;CHEMBL535650,MEFLOQUINE;MEFLOQUINE HYDROCHLORIDE,1989,False
Nc1ccn([C@@H]2O[C@H](CO)[C@@H](O)[C@@H]2O)c(=O)n1,CHEMBL803,CYTARABINE,CHEMBL803,CYTARABINE,1969,False
CC(C)C(=O)Nc1ccc([N+](=O)[O-])c(C(F)(F)F)c1,CHEMBL806,FLUTAMIDE,CHEMBL806,FLUTAMIDE,1989,False
CC12CC3CC(C)(C1)CC(N)(C3)C2,CHEMBL807,MEMANTINE,CHEMBL807;CHEMBL1699,MEMANTINE;MEMANTINE HYDROCHLORIDE,2002,False
Clc1ccc(COC(Cn2ccnc2)c2ccc(Cl)cc2Cl)cc1,CHEMBL808,ECONAZOLE,CHEMBL808;CHEMBL1201049,ECONAZOLE;ECONAZOLE NITRATE,1982,False
CN[C@H]1CC[C@@H](c2ccc(Cl)c(Cl)c2)c2ccccc21,CHEMBL809,SERTRALINE,CHEMBL809;CHEMBL1709,SERTRALINE;SERTRALINE HYDROCHLORIDE,1991,False
NC(=O)CN1CCCC1=O,CHEMBL36715,PIRACETAM,CHEMBL36715,PIRACETAM,,False
Cn1nnc2c(C(N)=O)ncn2c1=O,CHEMBL810,TEMOZOLOMIDE,CHEMBL810,TEMOZOLOMIDE,1999,False
CN(C)CCC(c1ccc(Br)cc1)c1ccccn1,CHEMBL811,BROMPHENIRAMINE,CHEMBL811;CHEMBL1200961,BROMPHENIRAMINE;BROMPHENIRAMINE MALEATE,1957,False
CN(C)C/C=C(/c1ccc(Br)cc1)c1cccnc1,CHEMBL37744,ZIMELDINE,CHEMBL37744;CHEMBL2355333,ZIMELDINE;ZIMELDINE HYDROCHLORIDE,,True
CN(C)C(=O)Oc1ccc[n+](C)c1,CHEMBL1115,PYRIDOSTIGMINE,CHEMBL812;CHEMBL1115,PYRIDOSTIGMINE BROMIDE;PYRIDOSTIGMINE,1955,False
CCCCc1ncc(/C=C(\Cc2cccs2)C(=O)O)n1Cc1ccc(C(=O)O)cc1,CHEMBL813,EPROSARTAN,CHEMBL813;CHEMBL1200987,EPROSARTAN;EPROSARTAN MESYLATE,1997,False
CN1C2CCCC1CC(NC(=O)c1nn(C)c3ccccc13)C2,CHEMBL289469,GRANISETRON,CHEMBL289469;CHEMBL1237080,GRANISETRON;GRANISETRON HYDROCHLORIDE,1993,False
COCCCC/C(=N\OCCN)c1ccc(C(F)(F)F)cc1,CHEMBL814,FLUVOXAMINE,CHEMBL814;CHEMBL1409,FLUVOXAMINE;FLUVOXAMINE MALEATE,1994,False
CCCCC[C@H](O)/C=C/[C@@H]1[C@@H](C/C=C\CCCC(=O)O)[C@@H](O)C[C@H]1O,CHEMBL815,DINOPROST,CHEMBL815;CHEMBL1200896,DINOPROST;DINOPROST TROMETHAMINE,1982,False
CCCCNC(=N)NC(=N)N,CHEMBL39736,BUFORMIN,CHEMBL39736,BUFORMIN,,True
CCCCN(CCCC)CC(O)c1cc(Cl)cc2c1-c1ccc(Cl)cc1/C2=C/c1ccc(Cl)cc1,CHEMBL38827,LUMEFANTRINE,CHEMBL38827,LUMEFANTRINE,2009,False
Cc1ccc(S(=O)(=O)NC(=O)NN2CCCCCC2)cc1,CHEMBL817,TOLAZAMIDE,CHEMBL817,TOLAZAMIDE,1966,False
N=C(N)NCc1cccc(I)c1,CHEMBL818,IOBENGUANE,CHEMBL818;CHEMBL1615779;CHEMBL3989511;CHEMBL3989523,IOBENGUANE;IOBENGUANE I 131;IOBENGUANE SULFATE I 131;IOBENGUANE SULFATE I 123,1994;2018;2008,False
Cc1onc(-c2ccccc2)c1C(=O)N[C@@H]1C(=O)N2[C@@H]1SC(C)(C)[C@@H]2C(=O)O,CHEMBL819,OXACILLIN,CHEMBL819;CHEMBL3989567,OXACILLIN;OXACILLIN SODIUM,1971,False
CC1CS(=O)(=O)CCN1/N=C/c1ccc([N+](=O)[O-])o1,CHEMBL290960,NIFURTIMOX,CHEMBL290960,NIFURTIMOX,2020,False
CS(=O)(=O)OCCCCOS(C)(=O)=O,CHEMBL820,BUSULFAN,CHEMBL820,BUSULFAN,1954,False
N=C(N)N,CHEMBL821,GUANIDINE,CHEMBL821;CHEMBL1200728,GUANIDINE;GUANIDINE HYDROCHLORIDE,1939,False
CN(C/C=C/C#CC(C)(C)C)Cc1cccc2ccccc12,CHEMBL822,TERBINAFINE,CHEMBL822;CHEMBL1200832,TERBINAFINE;TERBINAFINE HYDROCHLORIDE,1992,False
CCn1cc(C(=O)O)c(=O)c2cc(F)c(N3CCNCC3)nc21,CHEMBL826,ENOXACIN,CHEMBL826,ENOXACIN,1991,False
COC(=O)[C@H](c1ccccc1)[C@H]1CCCCN1,CHEMBL827,DEXMETHYLPHENIDATE,CHEMBL827;CHEMBL904,DEXMETHYLPHENIDATE;DEXMETHYLPHENIDATE HYDROCHLORIDE,2001,False
CC(CN(C)C)CN1c2ccccc2Sc2ccccc21,CHEMBL829,METHYLPROMAZINE,CHEMBL829;CHEMBL3989885,METHYLPROMAZINE;TRIMEPRAZINE TARTRATE,1982,False
NCCCC(N)(C(=O)O)C(F)F,CHEMBL830,EFLORNITHINE,CHEMBL830;CHEMBL1201037,EFLORNITHINE;EFLORNITHINE HYDROCHLORIDE,1990,False
CN1CCN(C2=Nc3ccccc3Oc3ccc(Cl)cc32)CC1,CHEMBL831,LOXAPINE,CHEMBL831;CHEMBL1201060;CHEMBL1201155,LOXAPINE;LOXAPINE HYDROCHLORIDE;LOXAPINE SUCCINATE,1975;1976,False
O=C1C(CC[S+]([O-])c2ccccc2)C(=O)N(c2ccccc2)N1c1ccccc1,CHEMBL832,SULFINPYRAZONE,CHEMBL832,SULFINPYRAZONE,1959,False
Cc1c(N(C)C)c(=O)n(-c2ccccc2)n1C,CHEMBL288470,AMINOPYRINE,CHEMBL288470,AMINOPYRINE,,True
Clc1ccccc1CN1CCc2sccc2C1,CHEMBL833,TICLOPIDINE,CHEMBL833;CHEMBL1717,TICLOPIDINE;TICLOPIDINE HYDROCHLORIDE,1991,False
CC1=NN(c2ccccc2)C(=O)C1,CHEMBL290916,EDARAVONE,CHEMBL290916,EDARAVONE,2017,False
NCCC(O)(P(=O)(O)O)P(=O)(O)O,CHEMBL834,PAMIDRONIC ACID,CHEMBL834;CHEMBL3989401,PAMIDRONIC ACID;PAMIDRONATE DISODIUM,1991,False
C1COC(NC(C2CC2)C2CC2)=N1,CHEMBL289480,RILMENIDINE,CHEMBL289480,RILMENIDINE,1987,False
CCOc1ccccc1OCCN[C@H](C)Cc1ccc(OC)c(S(N)(=O)=O)c1,CHEMBL836,TAMSULOSIN,CHEMBL836;CHEMBL1200914,TAMSULOSIN;TAMSULOSIN HYDROCHLORIDE,1997,False
C[C@H]1[C@H](NC(=O)/C(=N\OC(C)(C)C(=O)O)c2csc(N)n2)C(=O)N1S(=O)(=O)O,CHEMBL158,AZTREONAM,CHEMBL158;CHEMBL3833340,AZTREONAM;AZTREONAM LYSINE,1986;2009,False
CC(C)(O/N=C(\C(=O)N[C@@H]1C(=O)N2C(C(=O)[O-])=C(C[n+]3ccccc3)CS[C@H]12)c1csc(N)n1)C(=O)O,CHEMBL44354,CEFTAZIDIME,CHEMBL44354;CHEMBL1200768,CEFTAZIDIME;CEFTAZIDIME SODIUM,1985;1989,False
CCOC(=O)[C@H](CCc1ccccc1)N[C@H]1CCc2ccccc2N(CC(=O)O)C1=O,CHEMBL838,BENAZEPRIL,CHEMBL838;CHEMBL1694,BENAZEPRIL;BENAZEPRIL HYDROCHLORIDE,1991,False
CCOC(=O)Nc1ccc(NCc2ccc(F)cc2)cc1N,CHEMBL41355,EZOGABINE,CHEMBL41355,EZOGABINE,2011,False
COc1cc(Nc2c(C#N)cnc3cc(OCCCN4CCN(C)CC4)c(OC)cc23)c(Cl)cc1Cl,CHEMBL288441,BOSUTINIB,CHEMBL288441;CHEMBL2095206,BOSUTINIB;BOSUTINIB MONOHYDRATE,2012,False
CC(C)(C)NCC(O)COc1cccc2c1CCC(=O)N2,CHEMBL839,CARTEOLOL,CHEMBL839;CHEMBL1201002,CARTEOLOL;CARTEOLOL HYDROCHLORIDE,1988,False
CN(C)C(=O)C(CCN1CCC(O)(c2ccc(Cl)cc2)CC1)(c1ccccc1)c1ccccc1,CHEMBL841,LOPERAMIDE,CHEMBL841;CHEMBL1707,LOPERAMIDE;LOPERAMIDE HYDROCHLORIDE,1976,False
NS(=O)(=O)c1cc2c(cc1Cl)N=CNS2(=O)=O,CHEMBL842,CHLOROTHIAZIDE,CHEMBL842;CHEMBL1200616,CHLOROTHIAZIDE;CHLOROTHIAZIDE SODIUM,1958,False
Brc1c(NC2=NCCN2)ccc2nccnc12,CHEMBL844,BRIMONIDINE,CHEMBL844;CHEMBL1200389,BRIMONIDINE;BRIMONIDINE TARTRATE,1996,False
Nc1cccc2c1C(=O)N(C1CCC(=O)NC1=O)C2=O,CHEMBL43452,POMALIDOMIDE,CHEMBL43452,POMALIDOMIDE,2013,False
C=C1/C(=C\C=C2/CCC[C@]3(C)[C@@H]([C@H](C)CCCC(C)(C)O)CC[C@@H]23)C[C@@H](O)C[C@@H]1O,CHEMBL846,CALCITRIOL,CHEMBL846,CALCITRIOL,1978,False
CC(C)NCC1CCc2cc(CO)c([N+](=O)[O-])cc2N1,CHEMBL847,OXAMNIQUINE,CHEMBL847,OXAMNIQUINE,1980,False
Nc1cccc2c1CN(C1CCC(=O)NC1=O)C2=O,CHEMBL848,LENALIDOMIDE,CHEMBL848;CHEMBL6068337,LENALIDOMIDE;LENALIDOMIDE HYDROCHLORIDE MONOHYDRATE,2005;2021,False
Oc1cc(Cl)ccc1Oc1ccc(Cl)cc1Cl,CHEMBL849,TRICLOSAN,CHEMBL849,TRICLOSAN,1997,False
C[C@@H]1CN(c2c(F)c(N)c3c(=O)c(C(=O)O)cn(C4CC4)c3c2F)C[C@H](C)N1,CHEMBL850,SPARFLOXACIN,CHEMBL850,SPARFLOXACIN,1996,False
N[C@@H](Cc1ccc(N(CCCl)CCCl)cc1)C(=O)O,CHEMBL852,MELPHALAN,CHEMBL852;CHEMBL1200863,MELPHALAN;MELPHALAN HYDROCHLORIDE,1964;1992,False
O=C(CCCN1CCC(n2c(=O)[nH]c3ccccc32)CC1)c1ccc(F)cc1,CHEMBL297302,BENPERIDOL,CHEMBL297302,BENPERIDOL,,False
Nc1ccn([C@H]2CC[C@@H](CO)O2)c(=O)n1,CHEMBL853,ZALCITABINE,CHEMBL853,ZALCITABINE,1992,False
Cc1ccc(/C(=C\CN2CCCC2)c2ccccn2)cc1,CHEMBL855,TRIPROLIDINE,CHEMBL855;CHEMBL3188034,TRIPROLIDINE;TRIPROLIDINE HYDROCHLORIDE,1982,False
CCC1(c2ccccc2)C(=O)NC(=O)N(C)C1=O,CHEMBL45029,MEPHOBARBITAL,CHEMBL45029,MEPHOBARBITAL,,False
COc1ccc(CCN2CCC(Nc3nc4ccccc4n3Cc3ccc(F)cc3)CC2)cc1,CHEMBL296419,ASTEMIZOLE,CHEMBL296419,ASTEMIZOLE,1988,True
Cc1c(-c2ccc(O)cc2)n(Cc2ccc(OCCN3CCCCCC3)cc2)c2ccc(O)cc12,CHEMBL46740,BAZEDOXIFENE,CHEMBL46740;CHEMBL2106615,BAZEDOXIFENE;BAZEDOXIFENE ACETATE,2009,False
CCC1(c2ccccc2)C(=O)NCNC1=O,CHEMBL856,PRIMIDONE,CHEMBL856,PRIMIDONE,1954,False
O=C(O)CCCC[C@@H]1SC[C@@H]2NC(=O)N[C@@H]21,CHEMBL857,BIOTIN,CHEMBL857,BIOTIN,1985,False
CCC1(c2ccccc2)NC(=O)N(C)C1=O,CHEMBL861,MEPHENYTOIN,CHEMBL861,MEPHENYTOIN,1946,False
CNC(=O)Oc1cccc2ccccc12,CHEMBL46917,CARBARIL,CHEMBL46917,CARBARIL,,True
N=C(N)NC(=O)Cc1c(Cl)cccc1Cl,CHEMBL862,GUANFACINE,CHEMBL862;CHEMBL1200494,GUANFACINE;GUANFACINE HYDROCHLORIDE,1986,False
N[C@@H](CS)C(=O)O,CHEMBL863,CYSTEINE,CHEMBL863;CHEMBL1200630,CYSTEINE;CYSTEINE HYDROCHLORIDE,1986,False
O=C1NCN(c2ccccc2)C12CCN(CCCC(c1ccc(F)cc1)c1ccc(F)cc1)CC2,CHEMBL46516,FLUSPIRILENE,CHEMBL46516,FLUSPIRILENE,,False
CN(C)CCOC(c1ccc(Cl)cc1)c1ccccn1,CHEMBL864,CARBINOXAMINE,CHEMBL864;CHEMBL1200974,CARBINOXAMINE;CARBINOXAMINE MALEATE,1982,True;False
C(=C\c1ccccc1)/CN1CCN(C(c2ccccc2)c2ccccc2)CC1,CHEMBL43064,CINNARIZINE,CHEMBL43064,CINNARIZINE,,False
COc1ccc2cc3[n+](cc2c1OC)CCc1cc2c(cc1-3)OCO2,CHEMBL295124,BERBERINE,CHEMBL295124,BERBERINE,,True
Cc1onc(-c2ccccc2)c1-c1ccc(S(N)(=O)=O)cc1,CHEMBL865,VALDECOXIB,CHEMBL865,VALDECOXIB,2001,True
CCC(=O)NS(=O)(=O)c1ccc(-c2c(-c3ccccc3)noc2C)cc1,CHEMBL1206690,PARECOXIB,CHEMBL296913;CHEMBL1206690,PARECOXIB SODIUM;PARECOXIB,2002,False
CC[C@@H](CO)NCCN[C@@H](CC)CO,CHEMBL44884,ETHAMBUTOL,CHEMBL44884;CHEMBL3140361,ETHAMBUTOL;ETHAMBUTOL HYDROCHLORIDE,1967,False
CCCl,CHEMBL46058,ETHYL CHLORIDE,CHEMBL46058,ETHYL CHLORIDE,,False
ClC(Cl)Cl,CHEMBL44618,CHLOROFORM,CHEMBL44618,CHLOROFORM,,True
COc1c(C)c2c(c(O)c1C/C=C(\C)CCC(=O)O)C(=O)OC2,CHEMBL866,MYCOPHENOLIC ACID,CHEMBL866;CHEMBL2106643,MYCOPHENOLIC ACID;MYCOPHENOLATE SODIUM,2004,False
COc1cc([C@@H]2c3cc4c(cc3[C@@H](O[C@@H]3O[C@@H]5CO[C@@H](C)O[C@H]5[C@H](O)[C@H]3O)[C@H]3COC(=O)[C@H]23)OCO4)cc(OC)c1O,CHEMBL44657,ETOPOSIDE,CHEMBL44657,ETOPOSIDE,1983,False
CCC(Cc1c(I)cc(I)c(N)c1I)C(=O)O,CHEMBL867,IOPANOIC ACID,CHEMBL867,IOPANOIC ACID,1951,False
COC(=O)C[C@](O)(CCCC(C)(C)O)C(=O)O[C@@H]1C(OC)=C[C@]23CCCN2CCc2cc4c(cc2[C@H]13)OCO4,CHEMBL46286,OMACETAXINE MEPESUCCINATE,CHEMBL46286,OMACETAXINE MEPESUCCINATE,2009,False
C[C@@]12C(=O)OC(=O)[C@]1(C)[C@H]1CC[C@@H]2O1,CHEMBL48449,CANTHARIDIN,CHEMBL48449,CANTHARIDIN,2023,False
CN[C@H](CC(C)C)C(=O)N[C@H]1C(=O)N[C@@H](CC(N)=O)C(=O)N[C@H]2C(=O)N[C@H]3C(=O)N[C@H](C(=O)N[C@H](C(=O)O)c4cc(O)cc(O)c4-c4cc3ccc4O)[C@H](O)c3ccc(c(Cl)c3)Oc3cc2cc(c3O[C@@H]2O[C@H](CO)[C@@H](O)[C@H](O)[C@H]2O[C@H]2C[C@](C)(N)[C@H](O)[C@H](C)O2)Oc2ccc(cc2Cl)[C@H]1O,CHEMBL262777,VANCOMYCIN,CHEMBL262777;CHEMBL1200628,VANCOMYCIN;VANCOMYCIN HYDROCHLORIDE,1964,False
NC(=O)N/N=C/c1ccc([N+](=O)[O-])o1,CHEMBL869,NITROFURAZONE,CHEMBL869,NITROFURAZONE,1945,True
CC(O)(P(=O)(O)O)P(=O)(O)O,CHEMBL871,ETIDRONIC ACID,CHEMBL871;CHEMBL1201042,ETIDRONIC ACID;ETIDRONATE DISODIUM,1977,False
CC[C@]1(O)C[C@@H]2CN(CCc3c([nH]c4ccccc34)[C@@](C(=O)OC)(c3cc4c(cc3OC)N(C)[C@H]3[C@@](O)(C(=O)OC)[C@H](OC(C)=O)[C@]5(CC)C=CCN6CC[C@]43[C@@H]65)C2)C1,CHEMBL159,VINBLASTINE,CHEMBL159;CHEMBL378544,VINBLASTINE;VINBLASTINE SULFATE,1965,False
COCC(=O)O[C@]1(CCN(C)CCCc2nc3ccccc3[nH]2)CCc2cc(F)ccc2[C@@H]1C(C)C,CHEMBL45816,MIBEFRADIL,CHEMBL45816;CHEMBL1534525,MIBEFRADIL;MIBEFRADIL DIHYDROCHLORIDE,1997,True
CC(=O)N1CCN(c2ccc(OC[C@@H]3CO[C@@](Cn4ccnc4)(c4ccc(Cl)cc4Cl)O3)cc2)CC1,CHEMBL295698,LEVOKETOCONAZOLE,CHEMBL295698,LEVOKETOCONAZOLE,2021,False
COc1cc(C)c2c(Oc3cccc(C(F)(F)F)c3)c(OC)cc(NC(C)CCCN)c2n1,CHEMBL298470,TAFENOQUINE,CHEMBL298470;CHEMBL2364635,TAFENOQUINE;TAFENOQUINE SUCCINATE,2018,False
NC[C@H]1CC[C@H](C(=O)O)CC1,CHEMBL877,TRANEXAMIC ACID,CHEMBL877,TRANEXAMIC ACID,1986,False
Cc1ccccc1N1C(=O)c2cc(S(N)(=O)=O)c(Cl)cc2NC1C,CHEMBL878,METOLAZONE,CHEMBL878,METOLAZONE,1973,False
CC(=O)OCC(CCn1cnc2cnc(N)nc21)COC(C)=O,CHEMBL880,FAMCICLOVIR,CHEMBL880,FAMCICLOVIR,1994,False
Nc1nc(=O)n([C@@H]2CS[C@H](CO)O2)cc1F,CHEMBL885,EMTRICITABINE,CHEMBL885,EMTRICITABINE,2003,False
C#CCN[C@@H]1CCc2ccccc21,CHEMBL887,RASAGILINE,CHEMBL887;CHEMBL1201142;CHEMBL6067988,RASAGILINE;RASAGILINE MESYLATE;RASAGILINE TARTRATE,2005;2016,False
Nc1ccn([C@@H]2O[C@H](CO)[C@@H](O)C2(F)F)c(=O)n1,CHEMBL888,GEMCITABINE,CHEMBL888;CHEMBL1637,GEMCITABINE;GEMCITABINE HYDROCHLORIDE,1996,False
OC[C@H]1O[C@@H](O[C@@H]2[C@@H](CO)O[C@](O)(CO)[C@H]2O)[C@H](O)[C@@H](O)[C@H]1O,CHEMBL296306,LACTULOSE,CHEMBL296306,LACTULOSE,1976,False
C[C@H](NCc1ccc(OCc2cccc(F)c2)cc1)C(N)=O,CHEMBL396778,SAFINAMIDE,CHEMBL48582;CHEMBL396778,SAFINAMIDE MESYLATE;SAFINAMIDE,2015,False
Cc1onc(-c2ccccc2Cl)c1C(=O)N[C@@H]1C(=O)N2[C@@H]1SC(C)(C)[C@@H]2C(=O)O,CHEMBL891,CLOXACILLIN,CHEMBL891;CHEMBL1200388,CLOXACILLIN;CLOXACILLIN SODIUM,1974,False
Cc1onc(-c2c(Cl)cccc2Cl)c1C(=O)N[C@@H]1C(=O)N2[C@@H]1SC(C)(C)[C@@H]2C(=O)O,CHEMBL893,DICLOXACILLIN,CHEMBL893;CHEMBL1200701,DICLOXACILLIN;DICLOXACILLIN SODIUM,1968,False
CC(NC(C)(C)C)C(=O)c1cccc(Cl)c1,CHEMBL894,BUPROPION,CHEMBL894;CHEMBL1698;CHEMBL1201735,BUPROPION;BUPROPION HYDROCHLORIDE;BUPROPION HYDROBROMIDE,1985;2008,False
CC[C@H]1CN2CCc3cc(OC)c(OC)cc3[C@@H]2C[C@@H]1C[C@H]1NCCc2cc(OC)c(OC)cc21,CHEMBL50588,EMETINE,CHEMBL50588,EMETINE,,True
Oc1ccc2c3c1O[C@H]1[C@@H](O)CC[C@@]4(O)[C@@H](C2)N(CC2CCC2)CC[C@]314,CHEMBL895,NALBUPHINE,CHEMBL895;CHEMBL1201132,NALBUPHINE;NALBUPHINE HYDROCHLORIDE,1979,False
COc1ccc2c(c1)[C@]13CCCC[C@@H]1[C@H](C2)N(C)CC3,CHEMBL52440,DEXTROMETHORPHAN,CHEMBL52440;CHEMBL1201461;CHEMBL1256818,DEXTROMETHORPHAN;DEXTROMETHORPHAN POLISTIREX;DEXTROMETHORPHAN HYDROBROMIDE,1982;1984,False
OCCOCCN1CCN(C(c2ccccc2)c2ccc(Cl)cc2)CC1,CHEMBL896,HYDROXYZINE,CHEMBL896;CHEMBL1200467;CHEMBL3186993,HYDROXYZINE;HYDROXYZINE PAMOATE;HYDROXYZINE HYDROCHLORIDE,1956;1959,False
CCCN(CCC)S(=O)(=O)c1ccc(C(=O)O)cc1,CHEMBL897,PROBENECID,CHEMBL897,PROBENECID,1951,False
O=C(O)c1cc(-c2ccc(F)cc2F)ccc1O,CHEMBL898,DIFLUNISAL,CHEMBL898,DIFLUNISAL,1982,False
Cc1ccccc1C(OCCN(C)C)c1ccccc1,CHEMBL900,ORPHENADRINE,CHEMBL900;CHEMBL1200395;CHEMBL1201023,ORPHENADRINE;ORPHENADRINE CITRATE;ORPHENADRINE HYDROCHLORIDE,1957;1959,False
NC(N)=Nc1nc(CSCC/C(N)=N/S(N)(=O)=O)cs1,CHEMBL902,FAMOTIDINE,CHEMBL902,FAMOTIDINE,1986,False
Cc1cc(NC(=O)C2=C(O)c3ccccc3S(=O)(=O)N2C)no1,CHEMBL53292,ISOXICAM,CHEMBL53292,ISOXICAM,,True
COc1cccc2c1C(=O)c1c(O)c3c(c(O)c1C2=O)C[C@@](O)(C(=O)CO)C[C@@H]3O[C@H]1C[C@H](N)[C@H](O)[C@H](C)O1,CHEMBL53463,DOXORUBICIN,CHEMBL53463;CHEMBL359744,DOXORUBICIN;DOXORUBICIN HYDROCHLORIDE,1974,False
CN(C)CCc1c[nH]c2ccc(Cn3cncn3)cc12,CHEMBL905,RIZATRIPTAN,CHEMBL905;CHEMBL1201032,RIZATRIPTAN;RIZATRIPTAN BENZOATE,1998,False
CN(C)CC/C=C1/c2ccccc2Sc2ccc(Cl)cc21,CHEMBL908,CHLORPROTHIXENE,CHEMBL908,CHLORPROTHIXENE,1967,False
Cc1ccc(-c2nc3ccc(C)cn3c2CC(=O)N(C)C)cc1,CHEMBL911,ZOLPIDEM,CHEMBL911;CHEMBL3989820,ZOLPIDEM;ZOLPIDEM TARTRATE,1992,False
CC(C)(C(=O)O)c1ccc(C(O)CCCN2CCC(C(O)(c3ccccc3)c3ccccc3)CC2)cc1,CHEMBL914,FEXOFENADINE,CHEMBL914;CHEMBL1200618,FEXOFENADINE;FEXOFENADINE HYDROCHLORIDE,1996,False
CCCCS(=O)(=O)N[C@@H](Cc1ccc(OCCCCC2CCNCC2)cc1)C(=O)O,CHEMBL916,TIROFIBAN,CHEMBL916;CHEMBL3189072,TIROFIBAN;TIROFIBAN HYDROCHLORIDE,1998,False
O=C1c2cccc(O)c2C(=O)c2c(O)cccc21,CHEMBL53418,DANTHRON,CHEMBL53418,DANTHRON,,True
O=c1[nH]c(=O)n([C@H]2C[C@H](O)[C@@H](CO)O2)cc1F,CHEMBL917,FLOXURIDINE,CHEMBL917,FLOXURIDINE,1970,False
NC(=O)NC(=O)Cc1ccccc1,CHEMBL918,PHENACEMIDE,CHEMBL918,PHENACEMIDE,1951,False
O=C1NC(c2ccccc2)(c2ccccc2)C(=O)N1COP(=O)(O)O,CHEMBL1201336,FOSPHENYTOIN,CHEMBL919;CHEMBL1201336,FOSPHENYTOIN SODIUM;FOSPHENYTOIN,1996,False
C[N+](C)(C)CCO,CHEMBL920,CHOLINE,CHEMBL920;CHEMBL2095207,CHOLINE;CHOLINE C-11,2012,False
CCCN(CCC)C(=O)Cc1c(-c2ccc(Cl)cc2)nc2ccc(Cl)cn12,CHEMBL54349,ALPIDEM,CHEMBL54349,ALPIDEM,,True
CC(C)(C)C(=O)OCOP(=O)(COCCn1cnc2c(N)ncnc21)OCOC(=O)C(C)(C)C,CHEMBL922,ADEFOVIR DIPIVOXIL,CHEMBL922,ADEFOVIR DIPIVOXIL,2002,False
CO/N=C(\C(=O)N[C@@H]1C(=O)N2C(C(=O)O)=C(CSc3nc(=O)c(O)nn3C)CS[C@H]12)c1csc(N)n1,CHEMBL161,CEFTRIAXONE,CHEMBL161;CHEMBL6067656,CEFTRIAXONE;CEFTRIAXONE SODIUM,1984,False
O=P(O)(O)C(O)(Cc1cccnc1)P(=O)(O)O,CHEMBL923,RISEDRONIC ACID,CHEMBL923;CHEMBL1654,RISEDRONIC ACID;RISEDRONATE SODIUM,1998,False
O=P(O)(O)C(O)(Cn1ccnc1)P(=O)(O)O,CHEMBL924,ZOLEDRONIC ACID ANHYDROUS,CHEMBL924;CHEMBL4303669,ZOLEDRONIC ACID ANHYDROUS;ZOLEDRONIC ACID,2001,False
CCCCCOc1ccc(-c2ccc(-c3ccc(C(=O)N[C@H]4C[C@@H](O)[C@@H](O)NC(=O)[C@@H]5[C@@H](O)[C@@H](C)CN5C(=O)[C@H]([C@@H](C)O)NC(=O)[C@H]([C@H](O)[C@@H](O)c5ccc(O)cc5)NC(=O)[C@@H]5C[C@@H](O)CN5C(=O)[C@H]([C@@H](C)O)NC4=O)cc3)cc2)cc1,CHEMBL264241,ANIDULAFUNGIN,CHEMBL264241,ANIDULAFUNGIN,2006,False
N[C@@H](Cc1ccc(O)cc1)C(=O)O,CHEMBL925,TYROSINE,CHEMBL925,TYROSINE,1982,False
CC(CCc1ccc(O)cc1)NCCc1ccc(O)c(O)c1,CHEMBL926,DOBUTAMINE,CHEMBL926;CHEMBL1200418,DOBUTAMINE;DOBUTAMINE HYDROCHLORIDE,1978,False
CC(=O)N[C@@H](CC(C)C)C(=O)O,CHEMBL56021,LEVACETYLLEUCINE,CHEMBL56021,LEVACETYLLEUCINE,2024,False
C=CC1=C(C(=O)O)N2C(=O)[C@@H](NC(=O)/C(=N\O)c3csc(N)n3)[C@H]2SC1,CHEMBL927,CEFDINIR,CHEMBL927,CEFDINIR,1997,False
N[C@@H](Cc1c[nH]c2ccccc12)C(=O)O,CHEMBL54976,TRYPTOPHAN,CHEMBL54976,TRYPTOPHAN,,True
O=C1CN(/N=C/c2ccc(-c3ccc([N+](=O)[O-])cc3)o2)C(=O)N1,CHEMBL1201288,DANTROLENE,CHEMBL928;CHEMBL1201288,DANTROLENE SODIUM;DANTROLENE,1974,False
NC(=O)N1CCC(CC(=O)N2CCC([C@H]3c4ncc(Br)cc4CCc4cc(Cl)cc(Br)c43)CC2)CC1,CHEMBL298734,LONAFARNIB,CHEMBL298734,LONAFARNIB,2020,False
NC(=O)CC[C@H](N)C(=O)O,CHEMBL930,GLUTAMINE,CHEMBL930,GLUTAMINE,2004,False
CS(=O)(=O)Nc1ccc([N+](=O)[O-])cc1Oc1ccccc1,CHEMBL56367,NIMESULIDE,CHEMBL56367,NIMESULIDE,,True
FC(F)(F)C(Cl)Br,CHEMBL931,HALOTHANE,CHEMBL931,HALOTHANE,1958,False
OCCN(CCO)c1nc(N2CCCCC2)c2nc(N(CCO)CCO)nc(N3CCCCC3)c2n1,CHEMBL932,DIPYRIDAMOLE,CHEMBL932,DIPYRIDAMOLE,1961,False
CC(C)(C(=O)c1cccnc1)c1cccnc1,CHEMBL934,METYRAPONE,CHEMBL934,METYRAPONE,1961,False
OC(CCCN1CCCCC1)(c1ccccc1)c1ccccc1,CHEMBL936,DIPHENIDOL,CHEMBL936;CHEMBL1529,DIPHENIDOL;DIPHENIDOL HYDROCHLORIDE,1967,False
CC(C)c1nc(CN(C)C(=O)N[C@H](C(=O)N[C@@H](Cc2ccccc2)C[C@H](O)[C@H](Cc2ccccc2)NC(=O)OCc2cncs2)C(C)C)cs1,CHEMBL163,RITONAVIR,CHEMBL163,RITONAVIR,1996,False
COc1cc2ncnc(Nc3ccc(F)c(Cl)c3)c2cc1OCCCN1CCOCC1,CHEMBL939,GEFITINIB,CHEMBL939,GEFITINIB,2003,False
NCC1(CC(=O)O)CCCCC1,CHEMBL940,GABAPENTIN,CHEMBL940,GABAPENTIN,1993,False
O=C(Nc1ccc(Cl)c(Cl)c1)c1cc(Cl)cc(Cl)c1O,CHEMBL291338,"3,3',4',5-TETRACHLOROSALICYLANILIDE",CHEMBL291338,"3,3',4',5-TETRACHLOROSALICYLANILIDE",,True
COC[C@@H](NC(C)=O)C(=O)NCc1ccccc1,CHEMBL58323,LACOSAMIDE,CHEMBL58323,LACOSAMIDE,2008,False
Cc1ccc(NC(=O)c2ccc(CN3CCN(C)CC3)cc2)cc1Nc1nccc(-c2cccnc2)n1,CHEMBL941,IMATINIB,CHEMBL941;CHEMBL1642,IMATINIB;IMATINIB MESYLATE,2001,False
CN1[C@@H]2CC[C@H]1C[C@@H](OC(=O)c1c[nH]c3ccccc13)C2,CHEMBL56564,TROPISETRON,CHEMBL56564,TROPISETRON,,False
CCCN[C@H]1CCc2nc(N)sc2C1,CHEMBL301265,PRAMIPEXOLE,CHEMBL301265;CHEMBL3182733,PRAMIPEXOLE;PRAMIPEXOLE DIHYDROCHLORIDE,1997,False
CC(=O)Oc1ccc(C(c2ccc(OC(C)=O)cc2)c2ccccn2)cc1,CHEMBL942,BISACODYL,CHEMBL942,BISACODYL,2004,False
CC(/C=C1\SC(=S)N(CC(=O)O)C1=O)=C\c1ccccc1,CHEMBL56337,EPALRESTAT,CHEMBL56337,EPALRESTAT,1992,False
CCN(CC)CCOC(=O)c1ccc(N)cc1Cl,CHEMBL1179047,CHLOROPROCAINE,CHEMBL944;CHEMBL1179047,CHLOROPROCAINE HYDROCHLORIDE;CHLOROPROCAINE,1955,False
N=C(N)NC(=O)c1nc(Cl)c(N)nc1N,CHEMBL945,AMILORIDE,CHEMBL945;CHEMBL1398126,AMILORIDE;AMILORIDE HYDROCHLORIDE,1981,False
CN1CCC(=C2c3ccccc3CCc3cccnc32)CC1,CHEMBL946,AZATADINE,CHEMBL946;CHEMBL3544908,AZATADINE;AZATADINE MALEATE,1977,False
CCOC(=O)CCCCCCCCC(C)c1ccc(I)cc1,CHEMBL951,IOPHENDYLATE,CHEMBL951,IOPHENDYLATE,1982,False
COc1cc(CNC(=O)CCCC/C=C/C(C)C)ccc1O,CHEMBL294199,CAPSAICIN,CHEMBL294199,CAPSAICIN,2009,False
CCN(CC)C(=O)/C(C#N)=C/c1cc(O)c(O)c([N+](=O)[O-])c1,CHEMBL953,ENTACAPONE,CHEMBL953,ENTACAPONE,1998,False
NS(=O)(=O)c1cc2c(cc1Cl)NC(C1CC3C=CC1C3)NS2(=O)=O,CHEMBL61593,CYCLOTHIAZIDE,CHEMBL61593,CYCLOTHIAZIDE,1982,False
CC(C(=O)O)c1ccc(C(=O)c2cccs2)cc1,CHEMBL956,SUPROFEN,CHEMBL956,SUPROFEN,1985,True
COc1ccccc1Oc1c(NS(=O)(=O)c2ccc(C(C)(C)C)cc2)nc(-c2ncccn2)nc1OCCO,CHEMBL957,BOSENTAN,CHEMBL957,BOSENTAN,2001,False
CC(N)C12CC3CC(CC(C3)C1)C2,CHEMBL959,RIMANTADINE,CHEMBL959;CHEMBL535396,RIMANTADINE;RIMANTADINE HYDROCHLORIDE,1993,False
Cc1oncc1C(=O)Nc1ccc(C(F)(F)F)cc1,CHEMBL960,LEFLUNOMIDE,CHEMBL960,LEFLUNOMIDE,1998,False
COc1cc(NS(=O)(=O)c2ccc(N)cc2)nc(OC)n1,CHEMBL62193,SULFADIMETHOXINE,CHEMBL62193;CHEMBL2107253,SULFADIMETHOXINE;SULFADIMETHOXINE SODIUM,,True
CC(N)C(O)c1ccccc1,CHEMBL61006,PHENYLPROPANOLAMINE,CHEMBL61006;CHEMBL1200695;CHEMBL1201535,PHENYLPROPANOLAMINE;PHENYLPROPANOLAMINE HYDROCHLORIDE;PHENYLPROPANOLAMINE POLISTIREX,1958;1984,True
CCCCC[C@H](O)/C=C/[C@@H]1[C@H]2C/C(=C/CCCC(=O)O)O[C@H]2C[C@H]1O,CHEMBL1139,EPOPROSTENOL,CHEMBL962;CHEMBL1139,EPOPROSTENOL SODIUM;EPOPROSTENOL,1995,False
CN1CC[C@]23c4c5ccc(O)c4O[C@H]2C(=O)CC[C@@]3(O)[C@H]1C5,CHEMBL963,OXYMORPHONE,CHEMBL963;CHEMBL1200794,OXYMORPHONE;OXYMORPHONE HYDROCHLORIDE,1959,False
CCN(CC)C(=S)SSC(=S)N(CC)CC,CHEMBL964,DISULFIRAM,CHEMBL964,DISULFIRAM,1951,False
CN1C(=O)C(O)N=C(c2ccccc2)c2cc(Cl)ccc21,CHEMBL967,TEMAZEPAM,CHEMBL967,TEMAZEPAM,1981,False
CCN(CC)CCN1C(=O)CN=C(c2ccccc2F)c2cc(Cl)ccc21,CHEMBL968,FLURAZEPAM,CHEMBL968;CHEMBL3989724,FLURAZEPAM;FLURAZEPAM HYDROCHLORIDE,1970,False
O=C1CN=C(c2ccccc2)c2cc(Cl)ccc2N1CC1CC1,CHEMBL969,PRAZEPAM,CHEMBL969,PRAZEPAM,1982,False
O=C1CN=C(c2ccccc2)c2cc(Cl)ccc2N1CC(F)(F)F,CHEMBL970,HALAZEPAM,CHEMBL970,HALAZEPAM,1981,False
C#CCN(C)[C@H](C)Cc1ccccc1,CHEMBL972,SELEGILINE,CHEMBL972;CHEMBL1200904,SELEGILINE;SELEGILINE HYDROCHLORIDE,1989,False
C/C(O)=C(\C#N)C(=O)Nc1ccc(C(F)(F)F)cc1,CHEMBL973,TERIFLUNOMIDE,CHEMBL973,TERIFLUNOMIDE,2012,False
O=S(=O)(O)CCS,CHEMBL1098319,2-MERCAPTOETHANESULFONIC ACID,CHEMBL975;CHEMBL1098319,MESNA;2-MERCAPTOETHANESULFONIC ACID,1988,False
CCC(C)n1ncn(-c2ccc(N3CCN(c4ccc(OCC5COC(Cn6cncn6)(c6ccc(Cl)cc6Cl)O5)cc4)CC3)cc2)c1=O,CHEMBL64391,ITRACONAZOLE,CHEMBL64391,ITRACONAZOLE,1992,False
CN(C)c1ccc(C(=C2C=CC(=[N+](C)C)C=C2)c2ccc(N(C)C)cc2)cc1,CHEMBL459265,HEXAMETHYL PARAROSANILINE,CHEMBL64894;CHEMBL459265,GENTIAN VIOLET;HEXAMETHYL PARAROSANILINE,1982,True
O=C(C1CCCCC1)N1CC(=O)N2CCc3ccccc3C2C1,CHEMBL976,PRAZIQUANTEL,CHEMBL976,PRAZIQUANTEL,1982,False
C[C@]12CCC(=O)C=C1CC[C@@H]1[C@@H]2[C@@H](O)C[C@@]2(C)[C@H]1CC[C@]2(O)C(=O)COC(=O)CCC(=O)O,CHEMBL977,HYDROCORTISONE HEMISUCCINATE ANHYDROUS,CHEMBL977;CHEMBL1200495,HYDROCORTISONE HEMISUCCINATE ANHYDROUS;HYDROCORTISONE SODIUM SUCCINATE,1955,False
CC(=O)OC(C)C[N+](C)(C)C,CHEMBL978,METHACHOLINE,CHEMBL978;CHEMBL1200764,METHACHOLINE;METHACHOLINE CHLORIDE,1986,False
CCCC(C)(COC(N)=O)COC(N)=O,CHEMBL979,MEPROBAMATE,CHEMBL979,MEPROBAMATE,1955,True
COc1ccccc1OCC(O)CO,CHEMBL980,GUAIFENESIN,CHEMBL980,GUAIFENESIN,2002,False
CC(C)(Oc1ccc(C(=O)c2ccc(Cl)cc2)cc1)C(=O)O,CHEMBL981,FENOFIBRIC ACID,CHEMBL981;CHEMBL1201745,FENOFIBRIC ACID;CHOLINE FENOFIBRATE,2008,False
C=C1CC[C@@]2(O)[C@H]3Cc4ccc(O)c5c4[C@@]2(CCN3CC2CC2)[C@H]1O5,CHEMBL982,NALMEFENE,CHEMBL982;CHEMBL1201152;CHEMBL5315055,NALMEFENE;NALMEFENE HYDROCHLORIDE;NALMEFENE HYDROCHLORIDE DIHYDRATE,1995;2013,False
COc1cc2c(cc1OC)[C@@H](Cc1cc(OC)c(OC)c(OC)c1)[N+](C)(CCCOC(=O)CC/C=C/CCC(=O)OCCC[N+]1(C)CCc3cc(OC)c(OC)cc3[C@H]1Cc1cc(OC)c(OC)c(OC)c1)CC2,CHEMBL1182833,MIVACURIUM,CHEMBL984;CHEMBL1182833,MIVACURIUM CHLORIDE;MIVACURIUM,1992,False
NC(N)=O,CHEMBL985,UREA,CHEMBL985;CHEMBL2096635;CHEMBL2096648,UREA;UREA C 14;UREA C 13,1982;1997;1996,False
N=C1CCCN1Cc1[nH]c(=O)[nH]c(=O)c1Cl,CHEMBL235668,TIPIRACIL,CHEMBL65375;CHEMBL235668,TIPIRACIL HYDROCHLORIDE;TIPIRACIL,2015,False
C#CCN(c1nc(-c2cc(C)c(OC)cc2Cl)c(C)s1)[C@@H](CC1CC1)c1ccc(C)c(F)c1,CHEMBL291657,CRINECERFONT,CHEMBL291657,CRINECERFONT,2024,False
O=C1OC(c2ccc(O)cc2)(c2ccc(O)cc2)c2ccccc21,CHEMBL63857,PHENOLPHTHALEIN,CHEMBL63857,PHENOLPHTHALEIN,,True
CC1=C(/C=C/C(C)=C/C=C/C(C)=C/CO)C(C)(C)CCC1,CHEMBL986,RETINOL,CHEMBL986,RETINOL,1982,False
CO/N=C(\C(=O)N[C@@H]1C(=O)N2C(C(=O)[O-])=C(C[n+]3cccc4c3CCC4)CS[C@H]12)c1csc(N)n1,CHEMBL65794,CEFPIROME,CHEMBL65794;CHEMBL2106076,CEFPIROME;CEFPIROME SULFATE,,False
CC1(C)O[C@@H]2C[C@H]3[C@@H]4C[C@H](F)C5=CC(=O)C=C[C@]5(C)[C@@]4(F)[C@@H](O)C[C@]3(C)[C@]2(C(=O)CO)O1,CHEMBL989,FLUOCINOLONE ACETONIDE,CHEMBL989,FLUOCINOLONE ACETONIDE,1963,False
CN(Cc1ccc(C(C)(C)C)cc1)Cc1cccc2ccccc12,CHEMBL990,BUTENAFINE,CHEMBL990;CHEMBL1200397,BUTENAFINE;BUTENAFINE HYDROCHLORIDE,1996,False
Cn1c(=O)c2c(ncn2CC(=O)O)n(C)c1=O,CHEMBL70246,ACEFYLLINE,CHEMBL70246;CHEMBL2106660,ACEFYLLINE;ACEFYLLINE PIPERAZINE,,False
Cc1cn([C@H]2C=C[C@@H](CO)O2)c(=O)[nH]c1=O,CHEMBL991,STAVUDINE,CHEMBL991,STAVUDINE,1994,False
CCCCc1nc(Cl)c(CO)n1Cc1ccc(-c2ccccc2-c2nnn[nH]2)cc1,CHEMBL191,LOSARTAN,CHEMBL995;CHEMBL191,LOSARTAN POTASSIUM;LOSARTAN,1995,False
CO[C@@]1(NC(=O)Cc2cccs2)C(=O)N2C(C(=O)O)=C(COC(N)=O)CS[C@@H]21,CHEMBL996,CEFOXITIN,CHEMBL996;CHEMBL1200530,CEFOXITIN;CEFOXITIN SODIUM,1978,False
O=c1[nH]c(=O)n([C@@H]2O[C@H](CO)[C@@H](O)[C@@H]2O)cc1/C=C/Br,CHEMBL70046,SORIVUDINE,CHEMBL70046,SORIVUDINE,,True
CCCCCN(C)CCC(O)(P(=O)(O)O)P(=O)(O)O,CHEMBL997,IBANDRONIC ACID,CHEMBL997;CHEMBL3989569,IBANDRONIC ACID;IBANDRONATE SODIUM,1996,False
CCOC(=O)N1CCC(=C2c3ccc(Cl)cc3CCc3cccnc32)CC1,CHEMBL998,LORATADINE,CHEMBL998,LORATADINE,1993,False
CCOC(=O)C1=C[C@]2(CC)CCCN3CCc4c(n1c1ccccc41)[C@@H]32,CHEMBL71752,VINPOCETINE,CHEMBL71752,VINPOCETINE,,False
CC(C)(C)c1ccc(C(=O)CCCN2CCC(OC(c3ccccc3)c3ccccc3)CC2)cc1,CHEMBL305660,EBASTINE,CHEMBL305660,EBASTINE,1990,False
O=C(O)COCCN1CCN(C(c2ccccc2)c2ccc(Cl)cc2)CC1,CHEMBL1000,CETIRIZINE,CHEMBL1000;CHEMBL1607273,CETIRIZINE;CETIRIZINE HYDROCHLORIDE,1995,False
CN1C(=O)CC(=O)N(c2ccccc2)c2cc(Cl)ccc21,CHEMBL70418,CLOBAZAM,CHEMBL70418,CLOBAZAM,2005,False
CC(C)(C)NC[C@H](O)c1ccc(O)c(CO)c1,CHEMBL1002,LEVOSALBUTAMOL,CHEMBL1002;CHEMBL1201061;CHEMBL3989693,LEVOSALBUTAMOL;LEVALBUTEROL HYDROCHLORIDE;LEVALBUTEROL TARTRATE,1999;2005,False
CN(C)CCOC(C)(c1ccccc1)c1ccccn1,CHEMBL1004,DOXYLAMINE,CHEMBL1004;CHEMBL1200392,DOXYLAMINE;DOXYLAMINE SUCCINATE,1948,False
CC1=C(C)C(=O)C(C(CCCCCC(=O)O)c2ccccc2)=C(C)C1=O,CHEMBL70972,SERATRODAST,CHEMBL70972,SERATRODAST,1995,False
CCC(=O)N(c1ccccc1)C1(C(=O)OC)CCN(CCC(=O)OC)CC1,CHEMBL1005,REMIFENTANIL,CHEMBL1005;CHEMBL1201120,REMIFENTANIL;REMIFENTANIL HYDROCHLORIDE,1996,False
Cc1c(O)c(=O)ccn1C,CHEMBL70927,DEFERIPRONE,CHEMBL70927,DEFERIPRONE,1999,False
NCCCNCCSP(=O)(O)O,CHEMBL1006,AMIFOSTINE,CHEMBL1006,AMIFOSTINE,1995,False
CC(C)COCC(CN(Cc1ccccc1)c1ccccc1)N1CCCC1,CHEMBL1008,BEPRIDIL,CHEMBL1008;CHEMBL1200382,BEPRIDIL;BEPRIDIL HYDROCHLORIDE,1990,False
N[C@@H](Cc1ccc(O)c(O)c1)C(=O)O,CHEMBL1009,LEVODOPA,CHEMBL1009,LEVODOPA,1970,False
CO/N=C(\C(=O)N[C@@H]1C(=O)N2C(C(=O)O)=C(COC(C)=O)CS[C@H]12)c1csc(N)n1,CHEMBL1730,CEFOTAXIME,CHEMBL1010;CHEMBL1730,CEFOTAXIME SODIUM;CEFOTAXIME,1981,False
Cc1cc(C#N)cc(C)c1Oc1nc(Nc2ccc(C#N)cc2)nc(N)c1Br,CHEMBL308954,ETRAVIRINE,CHEMBL308954,ETRAVIRINE,2008,False
CCOc1ccccc1OCC1CNCCO1,CHEMBL306700,VILOXAZINE,CHEMBL306700;CHEMBL2106483,VILOXAZINE;VILOXAZINE HYDROCHLORIDE,2021,False
N[C@@H](C(=O)N[C@@H]1C(=O)N2C(C(=O)O)=C(Cl)CC[C@H]12)c1ccccc1,CHEMBL1013,LORACARBEF ANHYDROUS,CHEMBL1013;CHEMBL1200610,LORACARBEF ANHYDROUS;LORACARBEF,1991,False
CO[C@@]1(NC(=O)C(C(=O)O)c2ccc(O)cc2)C(=O)N2C(C(=O)O)=C(CSc3nnnn3C)CO[C@@H]21,CHEMBL74632,MOXALACTAM,CHEMBL74632;CHEMBL1200357,MOXALACTAM;MOXALACTAM DISODIUM,1982,False
Cc1cc(C(C)(C)C)cc(C)c1CC1=NCCN1,CHEMBL312448,XYLOMETAZOLINE,CHEMBL312448;CHEMBL1256400,XYLOMETAZOLINE;XYLOMETAZOLINE HYDROCHLORIDE,,False
CCOc1nc2cccc(C(=O)OC(C)OC(=O)OC3CCCCC3)c2n1Cc1ccc(-c2ccccc2-c2nn[nH]n2)cc1,CHEMBL1014,CANDESARTAN CILEXETIL,CHEMBL1014,CANDESARTAN CILEXETIL,1998,False
Cc1cc(-c2ccc(/N=N/c3ccc4c(S(=O)(=O)O)cc(S(=O)(=O)O)c(N)c4c3O)c(C)c2)ccc1/N=N/c1ccc2c(S(=O)(=O)O)cc(S(=O)(=O)O)c(N)c2c1O,CHEMBL1015,EVANS BLUE FREE ACID,CHEMBL1015;CHEMBL1200712,EVANS BLUE FREE ACID;EVANS BLUE,1982,False
CCCc1nc2c(C)cc(-c3nc4ccccc4n3C)cc2n1Cc1ccc(-c2ccccc2C(=O)O)cc1,CHEMBL1017,TELMISARTAN,CHEMBL1017,TELMISARTAN,1998,False
C/C=C(/C(=C/C)c1ccc(O)cc1)c1ccc(O)cc1,CHEMBL1018,DIENESTROL,CHEMBL1018,DIENESTROL,1947,True
C[C@H](C(=O)O)c1cccc(C(=O)c2ccccc2)c1,CHEMBL75435,DEXKETOPROFEN,CHEMBL75435,DEXKETOPROFEN,1994,False
CCN(CC)CCOCCOC(=O)C1(c2ccccc2)CCCC1,CHEMBL73234,CARBETAPENTANE,CHEMBL73234;CHEMBL1256696,CARBETAPENTANE;CARBETAPENTANE CITRATE,,True
Cc1ccc(C(=O)c2ccc(CC(=O)O)n2C)cc1,CHEMBL1020,TOLMETIN,CHEMBL1020;CHEMBL1200613,TOLMETIN;TOLMETIN SODIUM,1976,False
NC(=O)Cc1cccc(C(=O)c2ccccc2)c1N,CHEMBL1021,NEPAFENAC,CHEMBL1021,NEPAFENAC,2005,False
C1CCC(C(CC2CCCCN2)C2CCCCC2)CC1,CHEMBL75880,PERHEXILINE,CHEMBL75880;CHEMBL1334033,PERHEXILINE;PERHEXILINE MALEATE,1974,True
C=C(c1ccc(C(=O)O)cc1)c1cc2c(cc1C)C(C)(C)CCC2(C)C,CHEMBL1023,BEXAROTENE,CHEMBL1023,BEXAROTENE,1999,False
O=P1(NCCCl)OCCCN1CCCl,CHEMBL1024,IFOSFAMIDE,CHEMBL1024,IFOSFAMIDE,1988,False
CC(C)OP(=O)(F)OC(C)C,CHEMBL1025,ISOFLUROPHATE,CHEMBL1025,ISOFLUROPHATE,1957,False
C[C@H]1[C@@H](O)O[C@@H]2O[C@@]3(C)CC[C@H]4[C@H](C)CC[C@@H]1[C@@]24OO3,CHEMBL307261,ARTENIMOL,CHEMBL307261,ARTENIMOL,,False
Cc1ccsc1C(=CCCN1CCC[C@@H](C(=O)O)C1)c1sccc1C,CHEMBL1027,TIAGABINE,CHEMBL1027;CHEMBL1695,TIAGABINE;TIAGABINE HYDROCHLORIDE,1997,False
CCCCCNC(=N)N/N=C/c1c[nH]c2ccc(OC)cc12,CHEMBL76370,TEGASEROD,CHEMBL76370;CHEMBL1516474,TEGASEROD;TEGASEROD MALEATE,2002,True
CCn1c(=O)c2c(nc(/C=C/c3ccc(OC)c(OC)c3)n2C)n(CC)c1=O,CHEMBL431770,ISTRADEFYLLINE,CHEMBL431770,ISTRADEFYLLINE,,False
CCCCN1C[C@H](O)[C@@H](O)[C@H](O)[C@H]1CO,CHEMBL1029,MIGLUSTAT,CHEMBL1029,MIGLUSTAT,2002,False
N=C(N)NCC1COC2(CCCCC2)O1,CHEMBL1037,GUANADREL,CHEMBL1037;CHEMBL3184143,GUANADREL;GUANADREL SULFATE,1982,False
C=C1CC[C@H](O)C/C1=C/C=C1\CCC[C@]2(C)[C@@H]([C@H](C)CCCC(C)(C)O)CC[C@@H]12,CHEMBL1040,CALCIFEDIOL ANHYDROUS,CHEMBL1040;CHEMBL3544909,CALCIFEDIOL ANHYDROUS;CALCIFEDIOL,1980,False
C=C1CC[C@H](O)C/C1=C/C=C1\CCC[C@]2(C)[C@@H]([C@H](C)CCCC(C)C)CC[C@@H]12,CHEMBL1042,CHOLECALCIFEROL,CHEMBL1042,CHOLECALCIFEROL,1999,False
Nc1ccc(S(=O)(=O)c2ccc(N)cc2)cc1,CHEMBL1043,DAPSONE,CHEMBL1043,DAPSONE,1979,False
NCCCCCC(=O)O,CHEMBL1046,AMINOCAPROIC ACID,CHEMBL1046,AMINOCAPROIC ACID,1964,False
CCN1C(=CC=CC=Cc2sc3ccccc3[n+]2CC)Sc2ccccc21,CHEMBL1185568,DITHIAZANINE,CHEMBL421701;CHEMBL1185568,DITHIAZANINE IODIDE;DITHIAZANINE,,True
Oc1cc(O)c2c(c1)O[C@H](c1ccc(O)c(O)c1)[C@@H](O)C2,CHEMBL311498,CIANIDANOL,CHEMBL311498,CIANIDANOL,1977,True
Cc1ccccc1C(=O)Nc1ccc(C(=O)N2CCCC(N(C)C)c3ccccc32)cc1,CHEMBL420762,MOZAVAPTAN,CHEMBL420762,MOZAVAPTAN,2006,False
CC(C)OC(=O)CCC/C=C\C[C@@H]1[C@@H](CC[C@@H](O)CCc2ccccc2)[C@H](O)C[C@@H]1O,CHEMBL1051,LATANOPROST,CHEMBL1051,LATANOPROST,1996,False
NS(=O)(=O)c1cc2c(cc1Cl)NC(C(Cl)Cl)NS2(=O)=O,CHEMBL1054,TRICHLORMETHIAZIDE,CHEMBL1054,TRICHLORMETHIAZIDE,1960,False
NS(=O)(=O)c1cc(C2(O)NC(=O)c3ccccc32)ccc1Cl,CHEMBL1055,CHLORTHALIDONE,CHEMBL1055,CHLORTHALIDONE,1960,False
O=C(Cc1cccs1)N[C@@H]1C(=O)N2C(C(=O)[O-])=C(C[n+]3ccccc3)CS[C@H]12,CHEMBL316157,CEPHALORIDINE,CHEMBL316157,CEPHALORIDINE,,True
O=C1OC2(c3ccc(O)cc3Oc3cc(O)ccc32)c2ccccc21,CHEMBL1057,FLUORESCEIN,CHEMBL1057;CHEMBL1628233,FLUORESCEIN;FLUORESCEIN SODIUM,1976,False
CC(C)C[C@H](CN)CC(=O)O,CHEMBL1059,PREGABALIN,CHEMBL1059,PREGABALIN,2004,False
O=P([O-])([O-])O.[Na+].[Na+],CHEMBL1060,"SODIUM PHOSPHATE, DIBASIC, ANHYDROUS",CHEMBL1060;CHEMBL2107525;CHEMBL2107560,"SODIUM PHOSPHATE, DIBASIC, ANHYDROUS;SODIUM PHOSPHATE P 32;SODIUM PHOSPHATE, DIBASIC",1957;1983,False
CCC(C)(C)C(=O)O[C@H]1C[C@@H](C)C=C2C=C[C@H](C)[C@H](CC[C@@H]3C[C@@H](O)CC(=O)O3)[C@H]21,CHEMBL1064,SIMVASTATIN,CHEMBL1064,SIMVASTATIN,1991,False
CC(NCCc1ccc(O)cc1)C(O)c1ccc(O)cc1,CHEMBL83063,RITODRINE,CHEMBL83063;CHEMBL1367605,RITODRINE;RITODRINE HYDROCHLORIDE,1982,False
CC[C@@H](CO)NC(=O)[C@@H]1C=C2c3cccc4c3c(cn4C)C[C@H]2N(C)C1,CHEMBL1065,METHYSERGIDE,CHEMBL1065;CHEMBL1200938,METHYSERGIDE;METHYSERGIDE MALEATE,1962,False
NC(=O)N1c2ccccc2CC(=O)c2ccccc21,CHEMBL1068,OXCARBAZEPINE,CHEMBL1068,OXCARBAZEPINE,2000,False
CCCCC(=O)N(Cc1ccc(-c2ccccc2-c2nnn[nH]2)cc1)[C@H](C(=O)O)C(C)C,CHEMBL1069,VALSARTAN,CHEMBL1069,VALSARTAN,1996,False
COc1ccc(C(=O)Nc2ccccc2CCC2CCCCN2C)cc1,CHEMBL315838,ENCAINIDE,CHEMBL315838;CHEMBL2106155,ENCAINIDE;ENCAINIDE HYDROCHLORIDE,1986,True
O=C(NCCN1CCOCC1)c1ccc(Cl)cc1,CHEMBL86304,MOCLOBEMIDE,CHEMBL86304,MOCLOBEMIDE,1990,False
CN(C)CC(Oc1ccccc1)Oc1ccccc1,CHEMBL85231,MEDIFOXAMINE,CHEMBL85231,MEDIFOXAMINE,,True
COc1ccc2cc(CCC(C)=O)ccc2c1,CHEMBL1070,NABUMETONE,CHEMBL1070,NABUMETONE,1991,False
O=C(O)CCc1nc(-c2ccccc2)c(-c2ccccc2)o1,CHEMBL1071,OXAPROZIN,CHEMBL1071;CHEMBL1200463,OXAPROZIN;OXAPROZIN POTASSIUM,1992;2002,False
CCC1(c2cccc(O)c2)CCCCN(C)C1,CHEMBL314437,MEPTAZINOL,CHEMBL314437;CHEMBL1477274,MEPTAZINOL;MEPTAZINOL HYDROCHLORIDE,,False
OC(CCN1CCCC1)(c1ccccc1)C1CCCCC1,CHEMBL86715,PROCYCLIDINE,CHEMBL86715;CHEMBL1761,PROCYCLIDINE;PROCYCLIDINE HYDROCHLORIDE,1955,False
CCCCNc1cc(C(=O)O)cc(S(N)(=O)=O)c1Oc1ccccc1,CHEMBL1072,BUMETANIDE,CHEMBL1072,BUMETANIDE,1983,False
Cc1cnc(C(=O)NCCc2ccc(S(=O)(=O)NC(=O)NC3CCCCC3)cc2)cn1,CHEMBL1073,GLIPIZIDE,CHEMBL1073,GLIPIZIDE,1984,False
CN(CCCN1c2ccccc2CCc2ccccc21)CC(=O)c1ccc(Cl)cc1,CHEMBL87708,LOFEPRAMINE,CHEMBL87708;CHEMBL2106638,LOFEPRAMINE;LOFEPRAMINE HYDROCHLORIDE,,False
CCNC(C)Cc1cccc(C(F)(F)F)c1,CHEMBL87493,FENFLURAMINE,CHEMBL87493;CHEMBL2106217,FENFLURAMINE;FENFLURAMINE HYDROCHLORIDE,1963,True
Cc1ncsc1CCCl,CHEMBL315795,CLOMETHIAZOLE,CHEMBL315795,CLOMETHIAZOLE,,False
NC(=O)N1c2ccccc2C[C@H](O)c2ccccc21,CHEMBL315985,ESLICARBAZEPINE,CHEMBL315985,ESLICARBAZEPINE,,False
CCOC(=O)Nc1ccc2c(c1)N(C(=O)CCN1CCOCC1)c1ccccc1S2,CHEMBL1075,MORICIZINE,CHEMBL1075;CHEMBL1200334,MORICIZINE;MORICIZINE HYDROCHLORIDE,1990,False
CC(=O)O[C@H]1Cc2ccccc2N(C(N)=O)c2ccccc21,CHEMBL87992,ESLICARBAZEPINE ACETATE,CHEMBL87992,ESLICARBAZEPINE ACETATE,2009,False
Nc1c(CC(=O)O)cccc1C(=O)c1ccc(Br)cc1,CHEMBL1077,BROMFENAC,CHEMBL1077;CHEMBL3181947,BROMFENAC;BROMFENAC SODIUM,1997,True
Clc1ccc2nsnc2c1NC1=NCCN1,CHEMBL1079,TIZANIDINE,CHEMBL1079;CHEMBL1200329,TIZANIDINE;TIZANIDINE HYDROCHLORIDE,1996,False
C=CC(N)CCC(=O)O,CHEMBL89598,VIGABATRIN,CHEMBL89598,VIGABATRIN,2009,False
CC[C@]1(O)C[C@H]2CN(CCc3c([nH]c4ccccc34)[C@@](C(=O)OC)(c3cc4c(cc3OC)N(C=O)[C@H]3[C@@](O)(C(=O)OC)[C@H](OC(C)=O)[C@]5(CC)C=CCN6CC[C@]43[C@@H]65)C2)C1,CHEMBL90555,VINCRISTINE,CHEMBL90555;CHEMBL501867,VINCRISTINE;VINCRISTINE SULFATE,1963,False
CC1(C)S[C@@H]2[C@H](NC(=O)[C@H](N)c3ccc(O)cc3)C(=O)N2[C@H]1C(=O)O,CHEMBL1082,AMOXICILLIN,CHEMBL1082,AMOXICILLIN,1974,False
C[C@H](Cc1ccc(O)c(O)c1)[C@@H](C)Cc1ccc(O)c(O)c1,CHEMBL313972,MASOPROCOL,CHEMBL313972,MASOPROCOL,1992,False
CCCCCCCCc1ccc(CCC(N)(CO)CO)cc1,CHEMBL314854,FINGOLIMOD,CHEMBL314854;CHEMBL544665;CHEMBL5095050,FINGOLIMOD;FINGOLIMOD HYDROCHLORIDE;FINGOLIMOD LAURYL SULFATE,2010;2021,False
Cc1cncc(CN2CCC(=C3c4ccc(Cl)cc4CCc4cccnc43)CC2)c1,CHEMBL91397,RUPATADINE,CHEMBL91397,RUPATADINE,,False
CC(=O)c1ccc2c(c1)N(CCCN1CCN(CCO)CC1)c1ccccc1S2,CHEMBL1085,ACETOPHENAZINE,CHEMBL1085;CHEMBL2360079,ACETOPHENAZINE;ACETOPHENAZINE MALEATE,1961,False
CCCCOc1cc(C(=O)NCCN(CC)CC)c2ccccc2n1,CHEMBL1086,DIBUCAINE,CHEMBL1086;CHEMBL1200612,DIBUCAINE;DIBUCAINE HYDROCHLORIDE,1982,False
Cc1cccc(C)c1NC(=O)C1CCCCN1C,CHEMBL1087,MEPIVACAINE,CHEMBL1087;CHEMBL1200440,MEPIVACAINE;MEPIVACAINE HYDROCHLORIDE,1960,False
CN1CCCCC1CCN1c2ccccc2Sc2ccc([S+](C)[O-])cc21,CHEMBL1088,MESORIDAZINE,CHEMBL1088;CHEMBL1201052,MESORIDAZINE;MESORIDAZINE BESYLATE,1970,False
NNCCc1ccccc1,CHEMBL1089,PHENELZINE,CHEMBL1089;CHEMBL1200895,PHENELZINE;PHENELZINE SULFATE,1961,False
Nc1ncnc2c1ncn2[C@@H]1O[C@H](CO)[C@@H](O)[C@@H]1O,CHEMBL1090,VIDARABINE,CHEMBL1090,VIDARABINE,1976,False
C[C@]12CC[C@H](O)CC1=CC[C@@H]1[C@@H]2CC[C@]2(C)C(=O)CC[C@@H]12,CHEMBL90593,PRASTERONE,CHEMBL90593,PRASTERONE,,True
CC(=O)OCC(=O)[C@@]1(O)CC[C@H]2[C@@H]3CCC4=CC(=O)CC[C@]4(C)[C@H]3[C@@H](O)C[C@@]21C,CHEMBL1091,HYDROCORTISONE ACETATE,CHEMBL1091,HYDROCORTISONE ACETATE,1951,False
OC(CCN1CCCCC1)(c1ccccc1)C1CCCCC1,CHEMBL1490,TRIHEXYPHENIDYL,CHEMBL1092;CHEMBL1490,TRIHEXYPHENIDYL HYDROCHLORIDE;TRIHEXYPHENIDYL,1949,False
CCCNC(C)C(=O)Nc1c(C)csc1C(=O)OC,CHEMBL1093,ARTICAINE,CHEMBL1093;CHEMBL1200819,ARTICAINE;ARTICAINE HYDROCHLORIDE,2000,False
NC(=O)OCC(COC(N)=O)c1ccccc1,CHEMBL1094,FELBAMATE,CHEMBL1094,FELBAMATE,1993,False
CCN1C(=O)NC(c2ccccc2)C1=O,CHEMBL1095,ETHOTOIN,CHEMBL1095,ETHOTOIN,1957,False
CC(C)c1ccc2oc3nc(N)c(C(=O)O)cc3c(=O)c2c1,CHEMBL1096,AMLEXANOX,CHEMBL1096,AMLEXANOX,1996,False
C=CCOc1ccc(CC(=O)O)cc1Cl,CHEMBL94081,ALCLOFENAC,CHEMBL94081,ALCLOFENAC,,True
CC(C)NNC(=O)c1ccncc1,CHEMBL92401,IPRONIAZID,CHEMBL92401,IPRONIAZID,,False
CCCCN1CCCCC1C(=O)Nc1c(C)cccc1C,CHEMBL1098,BUPIVACAINE,CHEMBL1098;CHEMBL1200396,BUPIVACAINE;BUPIVACAINE HYDROCHLORIDE,1972,False
O=NO,CHEMBL1161681,NITROUS ACID,CHEMBL93268;CHEMBL1161681,SODIUM NITRITE;NITROUS ACID,2011,False
CCC1(C)OC(=O)N(C)C1=O,CHEMBL1100,PARAMETHADIONE,CHEMBL1100,PARAMETHADIONE,1949,False
OC(CCN1CCCCC1)(c1ccccc1)C1CC2C=CC1C2,CHEMBL1101,BIPERIDEN,CHEMBL1101;CHEMBL1201035;CHEMBL1201067,BIPERIDEN;BIPERIDEN HYDROCHLORIDE;BIPERIDEN LACTATE,1959;1961,False
NS(=O)(=O)c1ccc(N2CCCCS2(=O)=O)cc1,CHEMBL328560,SULTHIAME,CHEMBL328560,SULTHIAME,,False
CCC1(c2ccccc2)CCC(=O)NC1=O,CHEMBL1102,GLUTETHIMIDE,CHEMBL1102,GLUTETHIMIDE,1976,False
O=C1OCCN1/N=C/c1ccc([N+](=O)[O-])o1,CHEMBL1103,FURAZOLIDONE,CHEMBL1103,FURAZOLIDONE,1958,False
CC[N+](C)(C)c1cccc(O)c1,CHEMBL1104,EDROPHONIUM,CHEMBL1104;CHEMBL1128,EDROPHONIUM;EDROPHONIUM CHLORIDE,1951,False
O=C(O)Cc1ccc(-c2ccccc2)cc1,CHEMBL413965,FELBINAC,CHEMBL413965,FELBINAC,,False
NC1=NCC2c3ccccc3Cc3ccccc3N12,CHEMBL1106,EPINASTINE,CHEMBL1106;CHEMBL1200491,EPINASTINE;EPINASTINE HYDROCHLORIDE,2003,False
CCCCN(CCCC)CCC(O)c1cc2c(Cl)cc(Cl)cc2c2cc(C(F)(F)F)ccc12,CHEMBL1107,HALOFANTRINE,CHEMBL1107;CHEMBL1200901,HALOFANTRINE;HALOFANTRINE HYDROCHLORIDE,1992,False
O=C(CCCN1CC=C(n2c(=O)[nH]c3ccccc32)CC1)c1ccc(F)cc1,CHEMBL1108,DROPERIDOL,CHEMBL1108,DROPERIDOL,1970,True
CN(c1nccc(=O)[nH]1)C1CCN(c2nc3ccccc3n2Cc2ccc(F)cc2)CC1,CHEMBL94454,MIZOLASTINE,CHEMBL94454,MIZOLASTINE,1998,False
Nc1ccc(S(=O)(=O)Nc2ccnn2-c2ccccc2)cc1,CHEMBL1109,SULFAPHENAZOLE,CHEMBL1109,SULFAPHENAZOLE,1982,False
Cc1[nH]cnc1CN1CCc2c(c3ccccc3n2C)C1=O,CHEMBL1110,ALOSETRON,CHEMBL1110;CHEMBL1200885,ALOSETRON;ALOSETRON HYDROCHLORIDE,2000,False
CCCCOc1ccc(CC(=O)NO)cc1,CHEMBL94394,BUFEXAMAC,CHEMBL94394,BUFEXAMAC,,True
CCCN(CCC)C(=O)C(CCC(=O)O)NC(=O)c1ccccc1,CHEMBL316561,PROGLUMIDE,CHEMBL316561,PROGLUMIDE,,True
COC(c1ccccc1)(c1ccccc1)[C@H](Oc1nc(C)cc(C)n1)C(=O)O,CHEMBL1111,AMBRISENTAN,CHEMBL1111,AMBRISENTAN,2007,False
O=C1CCc2ccc(OCCCCN3CCN(c4cccc(Cl)c4Cl)CC3)cc2N1,CHEMBL1112,ARIPIPRAZOLE,CHEMBL1112,ARIPIPRAZOLE,2002,False
Clc1ccc2c(c1)C(N1CCNCC1)=Nc1ccccc1O2,CHEMBL1113,AMOXAPINE,CHEMBL1113,AMOXAPINE,1980,False
CC(=O)[C@]1(O)Cc2c(O)c3c(c(O)c2[C@@H](O[C@H]2C[C@H](N)[C@H](O)[C@H](C)O2)C1)C(=O)c1ccccc1C3=O,CHEMBL1117,IDARUBICIN,CHEMBL1117;CHEMBL1200976,IDARUBICIN;IDARUBICIN HYDROCHLORIDE,1990,False
C[N+](C)(C)CC(=O)O,CHEMBL95889,BETAINE,CHEMBL95889,BETAINE,1996,False
CN(C)CC(c1ccc(O)cc1)C1(O)CCCCC1,CHEMBL1118,DESVENLAFAXINE,CHEMBL1118;CHEMBL1201728;CHEMBL3989861,DESVENLAFAXINE;DESVENLAFAXINE SUCCINATE;DESVENLAFAXINE FUMARATE,2008;2013,False
O=P(O)(O)C(O)(Cc1cnc2ccccn12)P(=O)(O)O,CHEMBL319144,MINODRONIC ACID,CHEMBL319144,MINODRONIC ACID,,False
Oc1ccc2c(c1)CC[C@H](c1ccccc1)[C@@H]2c1ccc(OCCN2CCCC2)cc1,CHEMBL328190,LASOFOXIFENE,CHEMBL328190;CHEMBL6067998,LASOFOXIFENE;LASOFOXIFENE TARTRATE,2009,False
CNC(=O)c1cnn(-c2nc(N)c3ncn([C@@H]4O[C@H](CO)[C@@H](O)[C@H]4O)c3n2)c1,CHEMBL317052,REGADENOSON ANHYDROUS,CHEMBL317052;CHEMBL3989695,REGADENOSON ANHYDROUS;REGADENOSON,2008,False
O=C(c1cc(O)c(O)c(O)c1)c1ccc(O)c(O)c1O,CHEMBL329522,EXIFONE,CHEMBL329522,EXIFONE,,True
CCN(CC)C(=O)[C@@]1(c2ccccc2)C[C@H]1CN,CHEMBL99946,LEVOMILNACIPRAN,CHEMBL99946;CHEMBL2105732,LEVOMILNACIPRAN;LEVOMILNACIPRAN HYDROCHLORIDE,2013,False
CCOC(=O)[C@H](CCc1ccccc1)N[C@@H](C)C(=O)N1C(=O)N(C)C[C@H]1C(=O)O,CHEMBL317094,IMIDAPRIL,CHEMBL317094,IMIDAPRIL,1993,False
CC(C)=CCN1CCC2(C)c3cc(O)ccc3CC1C2C,CHEMBL100116,PENTAZOCINE,CHEMBL100116;CHEMBL3989509;CHEMBL3989510,PENTAZOCINE;PENTAZOCINE LACTATE;PENTAZOCINE HYDROCHLORIDE,1967;1969,False
CCN(CC)CCOC(=O)C1(C2CCCCC2)CCCCC1,CHEMBL1123,DICYCLOMINE,CHEMBL1123;CHEMBL1200479,DICYCLOMINE;DICYCLOMINE HYDROCHLORIDE,1950,True;False
O=c1[nH]c(=O)n([C@H]2C[C@H](O)[C@@H](CO)O2)cc1C(F)(F)F,CHEMBL1129,TRIFLURIDINE,CHEMBL1129,TRIFLURIDINE,1980,False
COc1cc(C)c(/C=C/C(C)=C/C=C/C(C)=C/C(=O)O)c(C)c1C,CHEMBL1131,ACITRETIN,CHEMBL1131,ACITRETIN,1996,False
CCN(CC)CC#CCOC(=O)C(O)(c1ccccc1)C1CCCCC1,CHEMBL1231,OXYBUTYNIN,CHEMBL1133;CHEMBL1231,OXYBUTYNIN CHLORIDE;OXYBUTYNIN,1975,False
C[N+](C)(C)CCCCCCCCCC[N+](C)(C)C,CHEMBL1190,DECAMETHONIUM,CHEMBL1134;CHEMBL1190,DECAMETHONIUM BROMIDE;DECAMETHONIUM,1982,False
CC[C@H]1OC(=O)[C@H](C)C(=O)[C@H](C)[C@@H](O[C@@H]2O[C@H](C)C[C@H](N(C)C)[C@H]2O)[C@](C)(OC)C[C@@H](C)C(=O)[C@H](C)[C@H]2N(CCCCn3cnc(-c4cccnc4)c3)C(=O)O[C@]12C,CHEMBL1136,TELITHROMYCIN,CHEMBL1136,TELITHROMYCIN,2001,False
O=C1[C@H](CC[C@H](O)c2ccc(F)cc2)[C@@H](c2ccc(O)cc2)N1c1ccc(F)cc1,CHEMBL1138,EZETIMIBE,CHEMBL1138,EZETIMIBE,2002,False
NC(=O)c1cccnc1,CHEMBL1140,NIACINAMIDE,CHEMBL1140,NIACINAMIDE,1982,False
O=C(O)CCCCCCNC1c2ccccc2CCc2ccccc21,CHEMBL418995,AMINEPTINE,CHEMBL418995,AMINEPTINE,,True
NC1=NCC(c2ccccc2)O1,CHEMBL106258,AMINOREX,CHEMBL106258,AMINOREX,,True
OC[C@H]1NC[C@H](O)[C@@H](O)[C@H]1O,CHEMBL110458,MIGALASTAT,CHEMBL110458;CHEMBL2107355,MIGALASTAT;MIGALASTAT HYDROCHLORIDE,2016,False
COC(=O)c1ccccc1O,CHEMBL108545,METHYL SALICYLATE,CHEMBL108545,METHYL SALICYLATE,2008,False
[I-].[K+],CHEMBL1141,POTASSIUM IODIDE,CHEMBL1141,POTASSIUM IODIDE,1979,False
Cn1nnnc1SCC1=C(C(=O)O)N2C(=O)[C@@H](NC(=O)[C@H](O)c3ccccc3)[C@H]2SC1,CHEMBL1146,CEFAMANDOLE,CHEMBL1146,CEFAMANDOLE,,False
Cc1cccc(Nc2ccncc2S(=O)(=O)NC(=O)NC(C)C)c1,CHEMBL1148,TORSEMIDE,CHEMBL1148,TORSEMIDE,1993,False
C[N+](C)(C)C[C@H](O)CC(=O)[O-],CHEMBL1149,LEVOCARNITINE,CHEMBL1149,LEVOCARNITINE,1985,False
CC(=O)OCC(=O)[C@@]1(O)CC[C@H]2[C@@H]3CCC4=CC(=O)C=C[C@]4(C)[C@H]3[C@@H](O)C[C@@]21C,CHEMBL1152,PREDNISOLONE ACETATE,CHEMBL1152,PREDNISOLONE ACETATE,1955,False
CC(=O)O[C@]1(C(C)=O)CC[C@H]2[C@@H]3C=C(Cl)C4=CC(=O)CC[C@]4(C)[C@H]3CC[C@@]21C,CHEMBL110691,CHLORMADINONE ACETATE,CHEMBL110691,CHLORMADINONE ACETATE,,True
C[Se]CC[C@H](N)C(=O)O,CHEMBL113178,SELENOMETHIONINE,CHEMBL113178;CHEMBL1201054,SELENOMETHIONINE;SELENOMETHIONINE SE 75,1973,False
CC(C)C[C@H](NC(=O)[C@H](Cc1ccccc1)NC(=O)c1cnccn1)B(O)O,CHEMBL325041,BORTEZOMIB,CHEMBL325041;CHEMBL5315122,BORTEZOMIB;BORTEZOMIB D-MANNITOL,2003,False
CC(N/C(=N\C#N)Nc1ccncc1)C(C)(C)C,CHEMBL1159,PINACIDIL ANHYDROUS,CHEMBL1159;CHEMBL1200338,PINACIDIL ANHYDROUS;PINACIDIL,1989,False
C[C@@H]1C[C@H]2[C@@H]3CCC4=CC(=O)C=C[C@]4(C)[C@@]3(Cl)[C@@H](O)C[C@]2(C)[C@@]1(OC(=O)c1ccco1)C(=O)CCl,CHEMBL1161,MOMETASONE FUROATE,CHEMBL1161,MOMETASONE FUROATE,1987,False
C#C[C@]1(O)CC[C@H]2[C@@H]3CCC4=CC(=O)CC[C@@H]4[C@H]3CC[C@@]21C,CHEMBL1162,NORETHINDRONE,CHEMBL1162,NORETHINDRONE,1962,False
COC(=O)N[C@H](C(=O)N[C@@H](Cc1ccccc1)[C@@H](O)CN(Cc1ccc(-c2ccccn2)cc1)NC(=O)[C@@H](NC(=O)OC)C(C)(C)C)C(C)(C)C,CHEMBL1163,ATAZANAVIR,CHEMBL1163;CHEMBL1200678,ATAZANAVIR;ATAZANAVIR SULFATE,2003,False
CCOC(=O)[C@H](CCc1ccccc1)N[C@@H](C)C(=O)N1Cc2cc(OC)c(OC)cc2C[C@H]1C(=O)O,CHEMBL1165,MOEXIPRIL,CHEMBL1165;CHEMBL1200534,MOEXIPRIL;MOEXIPRIL HYDROCHLORIDE,1995,False
CC1CNc2c(cccc2S(=O)(=O)N[C@@H](CCCNC(=N)N)C(=O)N2CC[C@@H](C)C[C@@H]2C(=O)O)C1,CHEMBL1166,ARGATROBAN,CHEMBL1166,ARGATROBAN,2000,False
CN[C@@H]1[C@H](O)[C@H](NC)[C@H]2O[C@@]3(O)C(=O)C[C@@H](C)O[C@H]3O[C@@H]2[C@H]1O,CHEMBL1167,SPECTINOMYCIN,CHEMBL1167;CHEMBL3989571,SPECTINOMYCIN;SPECTINOMYCIN HYDROCHLORIDE,1971,False
CCOC(=O)[C@H](CCc1ccccc1)N[C@@H](C)C(=O)N1[C@H](C(=O)O)C[C@@H]2CCC[C@@H]21,CHEMBL1168,RAMIPRIL,CHEMBL1168,RAMIPRIL,1991,False
NCCCC[C@H](N[C@@H](CCc1ccccc1)C(=O)O)C(=O)N1CCC[C@H]1C(=O)O,CHEMBL1237,LISINOPRIL ANHYDROUS,CHEMBL419213;CHEMBL1237,LISINOPRIL;LISINOPRIL ANHYDROUS,1987,False
Nc1ccc(C(=O)O)c(O)c1,CHEMBL1169,AMINOSALICYLIC ACID,CHEMBL1169;CHEMBL1200584;CHEMBL2096646,AMINOSALICYLIC ACID;AMINOSALICYLATE POTASSIUM;AMINOSALICYLATE SODIUM,1950;1955,False
CCC(=O)O[C@H]1CC[C@H]2[C@@H]3CCC4=CC(=O)CC[C@]4(C)[C@H]3CC[C@]12C,CHEMBL1170,TESTOSTERONE PROPIONATE,CHEMBL1170,TESTOSTERONE PROPIONATE,1974,False
COCCCN1CCC(NC(=O)c2cc(Cl)c(N)c3c2OCC3)CC1,CHEMBL117287,PRUCALOPRIDE,CHEMBL117287;CHEMBL2105748,PRUCALOPRIDE;PRUCALOPRIDE SUCCINATE,2009,False
Clc1ccc2c(c1)CCc1cccnc1C2=C1CCNCC1,CHEMBL1172,DESLORATADINE,CHEMBL1172,DESLORATADINE,2001,False
Cc1cc(N)c2ccccc2[n+]1CCCCCCCCCC[n+]1c(C)cc(N)c2ccccc21,CHEMBL333826,DEQUALINIUM,CHEMBL333826;CHEMBL121663,DEQUALINIUM;DEQUALINIUM CHLORIDE,,True
CNCC[C@H](Oc1cccc2ccccc12)c1cccs1,CHEMBL1175,DULOXETINE,CHEMBL1175;CHEMBL1200328,DULOXETINE;DULOXETINE HYDROCHLORIDE,2004,False
NC1=NC(=O)C(c2ccccc2)O1,CHEMBL1177,PEMOLINE,CHEMBL1177,PEMOLINE,1975,True
Sc1ncnc2[nH]ncc12,CHEMBL119423,TISOPURINE,CHEMBL119423,TISOPURINE,,False
COc1cc2c(cc1OC)C1CC(=O)C(CC(C)C)CN1CC2,CHEMBL117785,TETRABENAZINE,CHEMBL117785;CHEMBL3137326,TETRABENAZINE;DEUTETRABENAZINE,2008;2017,False
OO,CHEMBL71595,HYDROGEN PEROXIDE,CHEMBL71595,HYDROGEN PEROXIDE,2017,False
CN(C)CCc1c[nH]c2ccc(C[C@H]3COC(=O)N3)cc12,CHEMBL1185,ZOLMITRIPTAN,CHEMBL1185,ZOLMITRIPTAN,1997,False
O=P(O)(O)O,CHEMBL1187,PHOSPHORIC ACID,CHEMBL1187,PHOSPHORIC ACID,1982,False
COc1cc2c3cc1Oc1cc(ccc1O)C[C@@H]1c4c(cc(OC)c(O)c4Oc4ccc(cc4)C[C@@H]3N(C)CC2)CC[N+]1(C)C,CHEMBL339427,TUBOCURARINE,CHEMBL339427;CHEMBL3989821,TUBOCURARINE;TUBOCURARINE CHLORIDE,1945,False
N=C(N)NS(=O)(=O)c1ccc(N)cc1,CHEMBL338802,SULFAGUANIDINE,CHEMBL338802,SULFAGUANIDINE,,True
Cc1nnc(NS(=O)(=O)c2ccc(N)cc2)s1,CHEMBL1191,SULFAMETHIZOLE,CHEMBL1191,SULFAMETHIZOLE,1953,True
CN(C)CCC(c1ccccc1)c1ccccn1,CHEMBL1193,PHENIRAMINE,CHEMBL1193;CHEMBL1653,PHENIRAMINE;PHENIRAMINE MALEATE,1994,False
CCCNC(C)C(=O)Nc1ccccc1C,CHEMBL1194,PRILOCAINE,CHEMBL1194;CHEMBL1200586,PRILOCAINE;PRILOCAINE HYDROCHLORIDE,1965,False
CCCOc1cc(N)ccc1C(=O)OCCN(CC)CC,CHEMBL1195,PROPOXYCAINE,CHEMBL1195;CHEMBL1769,PROPOXYCAINE;PROPOXYCAINE HYDROCHLORIDE,1982,False
CCCOc1ccc(C(=O)OCCN(CC)CC)cc1N,CHEMBL1196,PROPARACAINE,CHEMBL1196;CHEMBL1200464,PROPARACAINE;PROPARACAINE HYDROCHLORIDE,1953,False
CC(CNC1CCCCC1)OC(=O)c1ccccc1,CHEMBL1197,HEXYLCAINE,CHEMBL1197;CHEMBL1200715,HEXYLCAINE;HEXYLCAINE HYDROCHLORIDE,1982,False
CCCCOc1ccc(OCCCN2CCOCC2)cc1,CHEMBL1198,PRAMOXINE,CHEMBL1198;CHEMBL1201171,PRAMOXINE;PRAMOXINE HYDROCHLORIDE,1976,False
CCCCOc1cc(C(=O)OCCN(CC)CC)ccc1N,CHEMBL1200,BENOXINATE,CHEMBL1200;CHEMBL1200654,BENOXINATE;BENOXINATE HYDROCHLORIDE,1982,False
CN1CCN(CC/C=C2/c3ccccc3Sc3ccc(S(=O)(=O)N(C)C)cc32)CC1,CHEMBL1201,THIOTHIXENE,CHEMBL1201;CHEMBL3989824,THIOTHIXENE;THIOTHIXENE HYDROCHLORIDE,1967;1970,False
CN(C)CCCn1c2c(c3ccccc31)CCCCCC2,CHEMBL126224,IPRINDOLE,CHEMBL126224,IPRINDOLE,,False
CCCCOC(=O)c1ccc(N)cc1,CHEMBL127516,BUTAMBEN,CHEMBL127516;CHEMBL3142541,BUTAMBEN;BUTAMBEN PICRATE,,True
CCN(CC)C(C)CN1c2ccccc2Sc2ccccc21,CHEMBL1206,ETHOPROPAZINE,CHEMBL1206;CHEMBL1200970,ETHOPROPAZINE;ETHOPROPAZINE HYDROCHLORIDE,1982,False
CCn1nc(C(=O)O)c(=O)c2cc3c(cc21)OCO3,CHEMBL1208,CINOXACIN,CHEMBL1208,CINOXACIN,1980,False
CSCCNc1nc(SCCC(F)(F)F)nc2c1ncn2[C@@H]1O[C@H](COP(=O)(O)OP(=O)(O)C(Cl)(Cl)P(=O)(O)O)[C@@H](O)[C@H]1O,CHEMBL334966,CANGRELOR,CHEMBL334966;CHEMBL1097279,CANGRELOR;CANGRELOR TETRASODIUM,2015,False
CC1(C)S[C@@H]2[C@H](NC(=O)C(C(=O)O)c3ccccc3)C(=O)N2[C@H]1C(=O)O,CHEMBL1214,CARBENICILLIN,CHEMBL1214;CHEMBL606260,CARBENICILLIN;CARBENICILLIN DISODIUM,1982,False
CC(C(=O)O)c1ccc2oc(-c3ccc(Cl)cc3)nc2c1,CHEMBL340978,BENOXAPROFEN,CHEMBL340978,BENOXAPROFEN,1982,True
CNC[C@H](O)c1cccc(O)c1,CHEMBL1215,PHENYLEPHRINE,CHEMBL1215;CHEMBL1200339;CHEMBL2062264,PHENYLEPHRINE;PHENYLEPHRINE HYDROCHLORIDE;PHENYLEPHRINE BITARTRATE,1952;1973,False
CCC(=O)NCC[C@@H]1CCc2ccc3c(c21)CCO3,CHEMBL1218,RAMELTEON,CHEMBL1218,RAMELTEON,2005,False
COCCCOc1ccnc(C[S+]([O-])c2nc3ccccc3[nH]2)c1C,CHEMBL1219,RABEPRAZOLE,CHEMBL1219;CHEMBL1200930,RABEPRAZOLE;RABEPRAZOLE SODIUM,1999,False
CCS(=O)(=O)CCn1c([N+](=O)[O-])cnc1C,CHEMBL1220,TINIDAZOLE,CHEMBL1220,TINIDAZOLE,2004,False
Clc1ccc(CSC(Cn2ccnc2)c2ccc(Cl)cc2Cl)cc1,CHEMBL1221,SULCONAZOLE,CHEMBL1221;CHEMBL1200348,SULCONAZOLE;SULCONAZOLE NITRATE,1985,False
CN1CCN(C(=O)OC2c3nccnc3C(=O)N2c2ccc(Cl)cn2)CC1,CHEMBL135400,ZOPICLONE,CHEMBL135400,ZOPICLONE,,True
Cc1ccc(/C(=C\CN2CCCC2)c2cccc(/C=C/C(=O)O)n2)cc1,CHEMBL1224,ACRIVASTINE,CHEMBL1224,ACRIVASTINE,1994,False
Cc1ccccc1C(=O)Nc1ccc(C(=O)N2CCCC(O)c3cc(Cl)ccc32)c(C)c1,CHEMBL344159,TOLVAPTAN,CHEMBL344159,TOLVAPTAN,2009,False
CCCCC1C(=O)N(c2ccccc2)N(c2ccc(O)cc2)C1=O,CHEMBL1228,OXYPHENBUTAZONE ANHYDROUS,CHEMBL1228;CHEMBL3989676,OXYPHENBUTAZONE ANHYDROUS;OXYPHENBUTAZONE,1960,True
CCOC(=O)C1=C[C@@H](OC(CC)CC)[C@H](NC(C)=O)[C@@H](N)C1,CHEMBL1229,OSELTAMIVIR,CHEMBL1229;CHEMBL1200340,OSELTAMIVIR;OSELTAMIVIR PHOSPHATE,1999,False
CCC(CC)[C@H](NC(C)=O)[C@@H]1[C@H](O)[C@@H](C(=O)O)C[C@H]1NC(=N)N,CHEMBL139367,PERAMIVIR ANHYDROUS,CHEMBL139367;CHEMBL3989402,PERAMIVIR ANHYDROUS;PERAMIVIR,2014,False
CC(C)Cc1ccc(CC(=O)O)cc1,CHEMBL341812,IBUFENAC,CHEMBL341812,IBUFENAC,,True
C[C@@H](O)[C@H]1C(=O)N2C(C(=O)O)=C(S[C@@H]3CN[C@H](C(=O)Nc4cccc(C(=O)O)c4)C3)[C@H](C)[C@H]12,CHEMBL1359,ERTAPENEM,CHEMBL1232;CHEMBL1359,ERTAPENEM SODIUM;ERTAPENEM,2001,False
CCCC(C)(COC(N)=O)COC(=O)NC(C)C,CHEMBL1233,CARISOPRODOL,CHEMBL1233,CARISOPRODOL,1959,True
O=C(O)CCCCCCCC(=O)O,CHEMBL1238,AZELAIC ACID,CHEMBL1238,AZELAIC ACID,1995,False
O=C(OCc1ccccc1)c1ccccc1,CHEMBL1239,BENZYL BENZOATE,CHEMBL1239,BENZYL BENZOATE,1976,False
CC(C)[N+](C)(CCOC(=O)C1c2ccccc2Oc2ccccc21)C(C)C,CHEMBL1180725,PROPANTHELINE,CHEMBL1240;CHEMBL1180725,PROPANTHELINE BROMIDE;PROPANTHELINE,1953,False
CN(C)CCN(Cc1ccccc1)c1ccccn1,CHEMBL1241,TRIPELENNAMINE,CHEMBL1241;CHEMBL1200446;CHEMBL1200769,TRIPELENNAMINE;TRIPELENNAMINE HYDROCHLORIDE;TRIPELENNAMINE CITRATE,1948,False
Nc1ccc(/N=N/c2ccccc2)c(N)n1,CHEMBL1242,PHENAZOPYRIDINE,CHEMBL1242;CHEMBL1201022,PHENAZOPYRIDINE;PHENAZOPYRIDINE HYDROCHLORIDE,1987,True;False
CC(=O)Oc1ccc(C(=C2CCCCC2)c2ccc(OC(C)=O)cc2)cc1,CHEMBL141305,CYCLOFENIL,CHEMBL141305,CYCLOFENIL,,True
NC(=O)NS(=O)(=O)c1ccc(N)cc1,CHEMBL139877,SULFACARBAMIDE,CHEMBL139877,SULFACARBAMIDE,,True
Nc1ccc(S(=O)(=O)NC(=O)c2ccccc2)cc1,CHEMBL1243,SULFABENZAMIDE,CHEMBL1243,SULFABENZAMIDE,1945,False
N#C[C@@H]1CCCN1C(=O)CNC12CC3CC(CC(O)(C3)C1)C2,CHEMBL142703,VILDAGLIPTIN,CHEMBL142703,VILDAGLIPTIN,2007,False
O=C1N(Cc2ccccc2)C2C[S+]3CCCC3C2N1Cc1ccccc1,CHEMBL1201329,TRIMETHAPHAN,CHEMBL1245;CHEMBL1201329,TRIMETHAPHAN CAMSYLATE;TRIMETHAPHAN,1982,False
COc1ccccc1N1CCN(CC(O)COc2cccc3ccccc23)CC1,CHEMBL142635,NAFTOPIDIL,CHEMBL142635,NAFTOPIDIL,1999,False
FC(F)OC(Cl)C(F)(F)F,CHEMBL1256,ISOFLURANE,CHEMBL1256,ISOFLURANE,1979,False
N#N,CHEMBL142438,NITROGEN,CHEMBL142438,NITROGEN,2015,False
FC(F)OC(F)(F)C(F)Cl,CHEMBL1257,ENFLURANE,CHEMBL1257,ENFLURANE,1972,False
COc1ccc2cc1Oc1cc3c(cc1OC)CC[N+](C)(C)[C@H]3Cc1ccc(cc1)Oc1c(OC)c(OC)cc3c1[C@@H](C2)[N+](C)(C)CC3,CHEMBL1259,METOCURINE,CHEMBL1259;CHEMBL1739,METOCURINE;METOCURINE IODIDE,1982,False
O=C(O)CC(O)(CC(=O)O)C(=O)O,CHEMBL1261,CITRIC ACID,CHEMBL1261,CITRIC ACID,1982,False
CCCCC(CC)CN1CN(CC(CC)CCCC)CC(C)(N)C1,CHEMBL144673,HEXETIDINE,CHEMBL144673,HEXETIDINE,,False
Clc1ccc(CO/N=C(\Cn2ccnc2)c2ccc(Cl)cc2Cl)c(Cl)c1,CHEMBL1262,OXICONAZOLE,CHEMBL1262;CHEMBL1200836,OXICONAZOLE;OXICONAZOLE NITRATE,1988,False
OCc1cc(C(O)CNCCCCCCOCCCCc2ccccc2)ccc1O,CHEMBL1263,SALMETEROL,CHEMBL1263;CHEMBL1082607,SALMETEROL;SALMETEROL XINAFOATE,1994,False
COc1ccc(-c2ccc3cc(C(=O)O)ccc3c2)cc1C12CC3CC(CC(C3)C1)C2,CHEMBL1265,ADAPALENE,CHEMBL1265,ADAPALENE,1996,False
O=C(OCC(O)CO)c1ccccc1Nc1ccnc2cc(Cl)ccc12,CHEMBL146095,GLAFENINE,CHEMBL146095,GLAFENINE,,True
c1ccc2c(c1)CCCC2C1=NCCN1,CHEMBL1266,TETRAHYDROZOLINE,CHEMBL1266;CHEMBL1200413,TETRAHYDROZOLINE;TETRAHYDROZOLINE HYDROCHLORIDE,1979,False
C[N+]1(CCCCC[N+]2(C)CCCC2)CCCC1,CHEMBL1271,PENTOLINIUM,CHEMBL1271;CHEMBL1318287,PENTOLINIUM;PENTOLINIUM TARTRATE,1982,False
CCOc1cc(CC(=O)N[C@@H](CC(C)C)c2ccccc2N2CCCCC2)ccc1C(=O)O,CHEMBL1272,REPAGLINIDE,CHEMBL1272,REPAGLINIDE,1997,False
CC1(C)NC(=O)N(c2ccc([N+](=O)[O-])c(C(F)(F)F)c2)C1=O,CHEMBL1274,NILUTAMIDE,CHEMBL1274,NILUTAMIDE,1996,False
CNS(=O)(=O)CCc1ccc2[nH]cc(C3CCN(C)CC3)c2c1,CHEMBL1278,NARATRIPTAN,CHEMBL1278;CHEMBL1200601,NARATRIPTAN;NARATRIPTAN HYDROCHLORIDE,1998,False
CN[C@@H]1CCc2[nH]c3ccc(C(N)=O)cc3c2C1,CHEMBL1279,FROVATRIPTAN,CHEMBL1279;CHEMBL2138684,FROVATRIPTAN;FROVATRIPTAN SUCCINATE,2001,False
CC(C)Cn1cnc2c(N)nc3ccccc3c21,CHEMBL1282,IMIQUIMOD,CHEMBL1282,IMIQUIMOD,1997,False
O=C(O)c1cc(-c2ccccc2)nc2ccccc12,CHEMBL348000,CINCHOPHEN,CHEMBL348000,CINCHOPHEN,,True
CC[C@@H](C(N)=O)N1CCCC1=O,CHEMBL1286,LEVETIRACETAM,CHEMBL1286,LEVETIRACETAM,1999,False
Clc1cc(Cl)c(OCC#CI)cc1Cl,CHEMBL1289,HALOPROGIN,CHEMBL1289,HALOPROGIN,1982,False
CC(C)(C)NC[C@H](O)COc1ccccc1C1CCCC1,CHEMBL1290,PENBUTOLOL,CHEMBL1290;CHEMBL2361370,PENBUTOLOL;PENBUTOLOL SULFATE,1987,False
O=C(OCCN1CCN(c2cccc(C(F)(F)F)c2)CC1)c1ccccc1Nc1ccnc2cc(C(F)(F)F)ccc12,CHEMBL345524,ANTRAFENINE,CHEMBL345524,ANTRAFENINE,,True
CCOC(=O)C(C)(CC)Oc1ccc(Cc2ccc(Cl)cc2)cc1,CHEMBL152684,BECLOBRATE,CHEMBL152684,BECLOBRATE,,True
CC(=O)Oc1c(C)cc(OCC(O)CNC(C)C)c(C)c1C,CHEMBL1291,METIPRANOLOL,CHEMBL1291;CHEMBL1200947,METIPRANOLOL;METIPRANOLOL HYDROCHLORIDE,1989,True
CC(C)/N=c1\cc2n(-c3ccc(Cl)cc3)c3ccccc3nc-2cc1Nc1ccc(Cl)cc1,CHEMBL1292,CLOFAZIMINE,CHEMBL1292,CLOFAZIMINE,1986,False
CC1=C(/C=C/C(C)=C/C=C/C(C)=C/C=C/C=C(C)/C=C/C=C(C)/C=C/C2=C(C)CCCC2(C)C)C(C)(C)CCC1,CHEMBL1293,BETA CAROTENE,CHEMBL1293,BETA CAROTENE,1982,False
C=C[C@H]1CN2CC[C@H]1C[C@@H]2[C@@H](O)c1ccnc2ccc(OC)cc12,CHEMBL1294,QUINIDINE,CHEMBL1294;CHEMBL1200437;CHEMBL3707183,QUINIDINE;QUINIDINE GLUCONATE;QUINIDINE SULFATE,1950;1962,False
Clc1ccc(CCC(Cn2ccnc2)Sc2c(Cl)cccc2Cl)cc1,CHEMBL1295,BUTOCONAZOLE,CHEMBL1295;CHEMBL1200398,BUTOCONAZOLE;BUTOCONAZOLE NITRATE,1985,False
CN(C)CCn1nnnc1SCC1=C(C(=O)O)N2C(=O)[C@@H](NC(=O)Cc3csc(N)n3)[C@H]2SC1,CHEMBL1296,CEFOTIAM,CHEMBL1296;CHEMBL4303232,CEFOTIAM;CEFOTIAM HYDROCHLORIDE,1988,False
CC(C(=O)O)c1cccc(Oc2ccccc2)c1,CHEMBL1297,FENOPROFEN,CHEMBL1297;CHEMBL2103736,FENOPROFEN;FENOPROFEN CALCIUM,1976,False
Cc1cnc(C(=O)O)c[n+]1[O-],CHEMBL345714,ACIPIMOX,CHEMBL345714,ACIPIMOX,,False
CC(=O)N1CCN(c2ccc(OCC3COC(Cn4ccnc4)(c4ccc(Cl)cc4Cl)O3)cc2)CC1,CHEMBL157101,KETOCONAZOLE,CHEMBL157101,KETOCONAZOLE,1981,True
C=C[C@H]1CN2CC[C@H]1C[C@H]2[C@H](O)c1ccnc2ccc(OC)cc12,CHEMBL170,QUININE,CHEMBL170;CHEMBL2359966,QUININE;QUININE SULFATE,2005,False
CCN(CC)CCOc1ccc2nc(N(C)C)sc2c1,CHEMBL1184360,DIAMTHAZOLE,CHEMBL346235;CHEMBL1184360,DIAMTHAZOLE DIHYDROCHLORIDE;DIAMTHAZOLE,,True
N=C(N)c1ccc(/C=C/c2ccc(C(=N)N)cc2O)cc1,CHEMBL1301,HYDROXYSTILBAMIDINE,CHEMBL1301;CHEMBL2023895,HYDROXYSTILBAMIDINE;HYDROXYSTILBAMIDINE ISETHIONATE,1953,False
CCCN(CCc1cccs1)[C@H]1CCc2c(O)cccc2C1,CHEMBL1303,ROTIGOTINE,CHEMBL1303,ROTIGOTINE,2006,False
NS(=O)(=O)c1cc(C(=O)O)cc(N2CCCC2)c1Oc1ccccc1,CHEMBL349803,PIRETANIDE,CHEMBL349803,PIRETANIDE,,False
c1ccc(CN(CC2=NCCN2)c2ccccc2)cc1,CHEMBL1305,ANTAZOLINE,CHEMBL1305;CHEMBL1200550,ANTAZOLINE;ANTAZOLINE PHOSPHATE,1994,False
Cc1cn[nH]c1,CHEMBL1308,FOMEPIZOLE,CHEMBL1308,FOMEPIZOLE,1997,False
O=[N+]([O-])O[C@@H]1CO[C@H]2[C@@H]1OC[C@@H]2O,CHEMBL1311,ISOSORBIDE MONONITRATE,CHEMBL1311,ISOSORBIDE MONONITRATE,1991,False
CC(S)C(=O)NCC(=O)O,CHEMBL1314,TIOPRONIN,CHEMBL1314,TIOPRONIN,1988,False
CC(C(=O)O)c1ccc2c(c1)[nH]c1ccc(Cl)cc12,CHEMBL1316,CARPROFEN,CHEMBL1316,CARPROFEN,1987,False
CC(=O)Oc1cc(C(C)C)c(OCCN(C)C)cc1C,CHEMBL159226,MOXISYLYTE,CHEMBL159226,MOXISYLYTE,,True
CNNCc1ccc(C(=O)NC(C)C)cc1,CHEMBL1321,PROCARBAZINE,CHEMBL1321;CHEMBL1200410,PROCARBAZINE;PROCARBAZINE HYDROCHLORIDE,1969,False
CC(C)CN(C[C@@H](O)[C@H](Cc1ccccc1)NC(=O)O[C@H]1CO[C@H]2OCC[C@H]21)S(=O)(=O)c1ccc(N)cc1,CHEMBL1323,DARUNAVIR,CHEMBL1323;CHEMBL1201127,DARUNAVIR;DARUNAVIR ETHANOLATE,2006,False
Cc1ccc(C(=O)c2cc(O)c(O)c([N+](=O)[O-])c2)cc1,CHEMBL1324,TOLCAPONE,CHEMBL1324,TOLCAPONE,1997,True
CC(=O)Nc1ccc(OC(=O)c2ccccc2OC(C)=O)cc1,CHEMBL162036,BENORILATE,CHEMBL162036,BENORILATE,,False
CSCC[C@H](NC(=O)[C@H](Cc1c[nH]c2ccccc12)NC(=O)CCNC(=O)OC(C)(C)C)C(=O)N[C@@H](CC(=O)O)C(=O)N[C@@H](Cc1ccccc1)C(N)=O,CHEMBL1328,PENTAGASTRIN,CHEMBL1328,PENTAGASTRIN,1974,False
CNC(=O)c1cc(Oc2ccc(NC(=O)Nc3ccc(Cl)c(C(F)(F)F)c3)cc2)ccn1,CHEMBL1336,SORAFENIB,CHEMBL1336;CHEMBL1200485,SORAFENIB;SORAFENIB TOSYLATE,2005,False
CC1OC2(CS1)CN1CCC2CC1,CHEMBL168815,CEVIMELINE,CHEMBL168815;CHEMBL2218917,CEVIMELINE;CEVIMELINE HYDROCHLORIDE,2000,False
NCCNc1ccc(NCCN)c2c1C(=O)c1ccncc1C2=O,CHEMBL167731,PIXANTRONE,CHEMBL167731;CHEMBL2103844,PIXANTRONE;PIXANTRONE DIMALEATE,2012,False
O=C1CCCC(=O)C1C(=O)c1ccc(C(F)(F)F)cc1[N+](=O)[O-],CHEMBL1337,NITISINONE,CHEMBL1337,NITISINONE,2002,False
N=C(N)NC(=N)NCCc1ccccc1,CHEMBL170988,PHENFORMIN,CHEMBL170988;CHEMBL1528839,PHENFORMIN;PHENFORMIN HYDROCHLORIDE,,True
N=C(N)N1CCc2ccccc2C1,CHEMBL169901,DEBRISOQUIN,CHEMBL169901;CHEMBL1593558,DEBRISOQUIN;DEBRISOQUIN SULFATE,,False
Nc1ccncc1N,CHEMBL354077,AMIFAMPRIDINE,CHEMBL354077;CHEMBL3301611,AMIFAMPRIDINE;AMIFAMPRIDINE PHOSPHATE,2009,False
O=C(NC1CCN(CCCCC2(C(=O)NCC(F)(F)F)c3ccccc3-c3ccccc32)CC1)c1ccccc1-c1ccc(C(F)(F)F)cc1,CHEMBL354541,LOMITAPIDE,CHEMBL354541;CHEMBL2105662,LOMITAPIDE;LOMITAPIDE MESYLATE,2012,False
CCCc1nc(C)c2c(=O)nc(-c3cc(S(=O)(=O)N4CCN(CC)CC4)ccc3OCC)[nH]n12,CHEMBL1520,VARDENAFIL,CHEMBL1339;CHEMBL1520,VARDENAFIL HYDROCHLORIDE;VARDENAFIL,2003,False
COC(F)(F)C(Cl)Cl,CHEMBL1341,METHOXYFLURANE,CHEMBL1341,METHOXYFLURANE,,True
O=C(O)CCCO,CHEMBL1342,OXYBATE,CHEMBL1342;CHEMBL1200682;CHEMBL4594393;CHEMBL4594394;CHEMBL4594395,OXYBATE;SODIUM OXYBATE;CALCIUM OXYBATE;MAGNESIUM OXYBATE;POTASSIUM OXYBATE,2002;2020,False
NC(=O)C(c1ccccc1)(c1ccccc1)[C@@H]1CCN(CCc2ccc3c(c2)CCO3)C1,CHEMBL1346,DARIFENACIN,CHEMBL1346;CHEMBL1200935,DARIFENACIN;DARIFENACIN HYDROBROMIDE,2004,False
CCCCCCCCCCC[C@@H](C[C@@H]1OC(=O)[C@H]1CCCCCC)OC(=O)[C@H](CC(C)C)NC=O,CHEMBL175247,ORLISTAT,CHEMBL175247,ORLISTAT,1998,False
O=[N+]([O-])[O-].[Ag+],CHEMBL177367,SILVER NITRATE,CHEMBL177367,SILVER NITRATE,,False
Cc1cc(/C=C/C#N)cc(C)c1Nc1ccnc(Nc2ccc(C#N)cc2)n1,CHEMBL175691,RILPIVIRINE,CHEMBL175691;CHEMBL1628504,RILPIVIRINE;RILPIVIRINE HYDROCHLORIDE,2011,False
CC(C)[C@H](N)C(=O)OCCOCn1cnc2c(=O)nc(N)[nH]c21,CHEMBL1349,VALACYCLOVIR,CHEMBL1349;CHEMBL1201110,VALACYCLOVIR;VALACYCLOVIR HYDROCHLORIDE,1995,False
CCCCC1=NC2(CCCC2)C(=O)N1Cc1ccc(-c2ccccc2S(=O)(=O)Nc2noc(C)c2C)c(COCC)c1,CHEMBL539423,SPARSENTAN,CHEMBL539423,SPARSENTAN,2023,False
CCOc1cc2ncc(C#N)c(Nc3ccc(OCc4ccccn4)c(Cl)c3)c2cc1NC(=O)/C=C/CN(C)C,CHEMBL180022,NERATINIB,CHEMBL180022;CHEMBL3989921,NERATINIB;NERATINIB MALEATE,2017,False
O=P(O)(O)C(Sc1ccc(Cl)cc1)P(=O)(O)O,CHEMBL1350,TILUDRONIC ACID,CHEMBL1350;CHEMBL1200448,TILUDRONIC ACID;TILUDRONATE DISODIUM,1997,False
CCN1CCN(c2cc(-c3ccc(F)cc3)c3c(n2)CCCCCC3)CC1,CHEMBL178803,BLONANSERIN,CHEMBL178803,BLONANSERIN,,False
C[C@H]1CNCCc2ccc(Cl)cc21,CHEMBL360328,LORCASERIN,CHEMBL360328;CHEMBL2095211,LORCASERIN;LORCASERIN HYDROCHLORIDE,2012,True;False
O=C(O)CCn1c2c(c3ccccc31)C[C@H](NS(=O)(=O)c1ccc(F)cc1)CC2,CHEMBL361812,RAMATROBAN,CHEMBL361812,RAMATROBAN,2000,False
O=C([O-])O.[Na+],CHEMBL1353,SODIUM BICARBONATE,CHEMBL1353,SODIUM BICARBONATE,1982,False
CC(=O)[O-].[Na+],CHEMBL1354,SODIUM ACETATE,CHEMBL1354,SODIUM ACETATE,1982,False
O=C([O-])CC(O)(CC(=O)[O-])C(=O)[O-].[Na+].[Na+].[Na+],CHEMBL1355,SODIUM CITRATE,CHEMBL1355,SODIUM CITRATE,1983,False
O=C([O-])c1ccccc1.[Na+],CHEMBL1356,SODIUM BENZOATE,CHEMBL1356,SODIUM BENZOATE,1987,False
CC(O)C(=O)[O-].[Na+],CHEMBL1357,SODIUM LACTATE,CHEMBL1357,SODIUM LACTATE,1982,False
C[C@]12CC[C@@H]3c4ccc(O)cc4C[C@@H](CCCCCCCCC[S+]([O-])CCCC(F)(F)C(F)(F)F)[C@H]3[C@@H]1CC[C@@H]2O,CHEMBL1358,FULVESTRANT,CHEMBL1358,FULVESTRANT,2002,False
CC1(C)S[C@@H]2[C@H](NC(=O)[C@H](N)c3ccccc3)C(=O)N2[C@H]1C(=O)O,CHEMBL174,AMPICILLIN,CHEMBL174;CHEMBL1200758,AMPICILLIN;AMPICILLIN SODIUM,1965;1971,False
CC[N+](CC)(CC)CCOc1cccc(OCC[N+](CC)(CC)CC)c1OCC[N+](CC)(CC)CC,CHEMBL360055,GALLAMINE,CHEMBL360055;CHEMBL1200993,GALLAMINE;GALLAMINE TRIETHIODIDE,1982,False
COc1ccc(CC2c3cc(OC)c(OC)cc3CC[N+]2(C)CCC(=O)OCCCCCOC(=O)CC[N+]2(C)CCc3cc(OC)c(OC)cc3C2Cc2ccc(OC)c(OC)c2)cc1OC,CHEMBL1360,ATRACURIUM,CHEMBL1360;CHEMBL1200527,ATRACURIUM;ATRACURIUM BESYLATE,1983,False
CC(=O)O[C@H]1C[C@@H]2CC[C@@H]3[C@H](CC[C@@]4(C)[C@H]3C[C@H]([N+]3(C)CCCCC3)[C@@H]4OC(C)=O)[C@@]2(C)C[C@@H]1[N+]1(C)CCCCC1,CHEMBL185073,PANCURONIUM,CHEMBL185073;CHEMBL1200757,PANCURONIUM;PANCURONIUM BROMIDE,1972,False
COc1ccc(C[C@@H](C)NC[C@H](O)c2ccc(O)c(NC=O)c2)cc1,CHEMBL1363,ARFORMOTEROL,CHEMBL1363;CHEMBL1951071,ARFORMOTEROL;ARFORMOTEROL TARTRATE,2006,False
Cc1ncc(CO)c(CO)c1O,CHEMBL1364,PYRIDOXINE,CHEMBL1364;CHEMBL1200756,PYRIDOXINE;PYRIDOXINE HYDROCHLORIDE,1982,False
CCCCc1oc2ccc(NS(C)(=O)=O)cc2c1C(=O)c1ccc(OCCCN(CCCC)CCCC)cc1,CHEMBL184412,DRONEDARONE,CHEMBL184412;CHEMBL1201729,DRONEDARONE;DRONEDARONE HYDROCHLORIDE,2009,False
CC(CC(c1ccccc1)c1ccccc1)NC(C)(C)C,CHEMBL363295,TERODILINE,CHEMBL363295;CHEMBL539770,TERODILINE;TERODILINE HYDROCHLORIDE,1986,True
O=P([O-])(O)O.[Na+],CHEMBL1368,"SODIUM PHOSPHATE, MONOBASIC",CHEMBL1368,"SODIUM PHOSPHATE, MONOBASIC",1983,False
O=C([O-])[O-].[Na+].[Na+],CHEMBL186314,SODIUM CARBONATE,CHEMBL186314,SODIUM CARBONATE,1982,False
N#Cc1ccc2[nH]cc(CCCCN3CCN(c4ccc5oc(C(N)=O)cc5c4)CC3)c2c1,CHEMBL439849,VILAZODONE,CHEMBL439849;CHEMBL1615374,VILAZODONE;VILAZODONE HYDROCHLORIDE,2011,False
CCCC1O[C@@H]2C[C@H]3[C@@H]4CCC5=CC(=O)C=C[C@]5(C)[C@H]4[C@@H](O)C[C@]3(C)[C@]2(C(=O)CO)O1,CHEMBL1370,BUDESONIDE,CHEMBL1370,BUDESONIDE,1994,False
COc1ccc2c(c1)c(CC(=O)OCC(=O)O)c(C)n2C(=O)c1ccc(Cl)cc1,CHEMBL189171,ACEMETACIN,CHEMBL189171,ACEMETACIN,,False
CC(C(=O)O)c1ccc(N2CC=CC2)c(Cl)c1,CHEMBL188952,PIRPROFEN,CHEMBL188952,PIRPROFEN,1987,True
O=c1[nH]c2cc(Cl)ccc2o1,CHEMBL1371,CHLORZOXAZONE,CHEMBL1371,CHLORZOXAZONE,1958,False
C[C@H]1[C@H](OC(=O)CCC(=O)O)O[C@@H]2O[C@@]3(C)CC[C@H]4[C@H](C)CC[C@@H]1[C@@]24OO3,CHEMBL361497,ARTESUNATE,CHEMBL361497,ARTESUNATE,2020,False
COc1cc(OC)c(C(=O)CCCN2CCCC2)c(OC)c1,CHEMBL188921,BUFLOMEDIL,CHEMBL188921,BUFLOMEDIL,,True
CCN(CC)CCOc1ccc(C(O)(Cc2ccc(Cl)cc2)c2ccc(C)cc2)cc1,CHEMBL187709,TRIPARANOL,CHEMBL187709,TRIPARANOL,,True
CN(C)c1ccc2nc3ccc(=[N+](C)C)cc-3sc2c1,CHEMBL191083,METHYLENE BLUE CATION,CHEMBL191083;CHEMBL405110;CHEMBL550495,METHYLENE BLUE CATION;METHYLENE BLUE ANHYDROUS;METHYLENE BLUE,2011;2016,False
N[C@@H](CCC(=O)N[C@@H](CSSC[C@H](NC(=O)CC[C@H](N)C(=O)O)C(=O)NCC(=O)O)C(=O)NCC(=O)O)C(=O)O,CHEMBL1372,OXIGLUTATIONE,CHEMBL1372,OXIGLUTATIONE,1982,False
NC(=O)C[S+]([O-])C(c1ccccc1)c1ccccc1,CHEMBL1373,MODAFINIL,CHEMBL1373,MODAFINIL,1998,False
CC(C(=O)O)c1ccc(C(=O)c2ccccc2)s1,CHEMBL365795,TIAPROFENIC ACID,CHEMBL365795,TIAPROFENIC ACID,,False
C[C@H](C(=O)O)c1ccc(-c2ccccc2)c(F)c1,CHEMBL435298,ESFLURBIPROFEN,CHEMBL435298,ESFLURBIPROFEN,2015,False
CC(C)Cc1ccc([C@H](C)C(=O)O)cc1,CHEMBL175,DEXIBUPROFEN,CHEMBL175,DEXIBUPROFEN,1994,False
C=C(C)[C@@H]1CCC(C)=C[C@H]1c1c(O)cc(CCCCC)cc1O,CHEMBL190461,CANNABIDIOL,CHEMBL190461,CANNABIDIOL,2018,False
CC(=O)c1c(C)c2cnc(Nc3ccc(N4CCNCC4)cn3)nc2n(C2CCCC2)c1=O,CHEMBL189963,PALBOCICLIB,CHEMBL189963,PALBOCICLIB,2015,False
COc1ccc2c(c1OC)C(=O)O[C@@H]2[C@H]1c2c(cc3c(c2OC)OCO3)CCN1C,CHEMBL364713,NOSCAPINE,CHEMBL364713;CHEMBL2106732,NOSCAPINE;NOSCAPINE HYDROCHLORIDE,,False
CC(C)NC(=N)NC(=N)Nc1ccc(Cl)cc1,CHEMBL1377,PROGUANIL,CHEMBL1377;CHEMBL1201059,PROGUANIL;PROGUANIL HYDROCHLORIDE,2000,False
CCSc1ccc2c(c1)N(CCCN1CCN(C)CC1)c1ccccc1S2,CHEMBL1378,THIETHYLPERAZINE,CHEMBL1378;CHEMBL2359670;CHEMBL3989478,THIETHYLPERAZINE;THIETHYLPERAZINE MALATE;THIETHYLPERAZINE MALEATE,1961,False
O=C(Nc1c(Cl)cncc1Cl)c1ccc(OC(F)F)c(OCC2CC2)c1,CHEMBL193240,ROFLUMILAST,CHEMBL193240,ROFLUMILAST,2010,False
Nc1nc(NC2CC2)c2ncn([C@H]3C=C[C@@H](CO)C3)c2n1,CHEMBL1380,ABACAVIR,CHEMBL1380;CHEMBL4303288,ABACAVIR;ABACAVIR SULFATE,1998,False
Cc1ccc(O)c([C@H](CCN(C(C)C)C(C)C)c2ccccc2)c1,CHEMBL1382,TOLTERODINE,CHEMBL1382;CHEMBL1722209,TOLTERODINE;TOLTERODINE TARTRATE,1998,False
NC(=O)c1ccc2c(c1O)[C@]13CCN(CC4CC4)[C@H](C2)[C@]1(O)CCC(=O)C3,CHEMBL426084,SAMIDORPHAN,CHEMBL426084;CHEMBL2105749,SAMIDORPHAN;SAMIDORPHAN L-MALATE,2021,False
NC[C@@H]1O[C@H](O[C@H]2[C@@H](O)[C@H](O[C@@H]3[C@@H](O)[C@H](N)C[C@H](N)[C@H]3O[C@H]3O[C@H](CO)[C@@H](O)[C@H](O)[C@H]3N)O[C@@H]2CO)[C@H](N)[C@@H](O)[C@@H]1O,CHEMBL370143,PAROMOMYCIN,CHEMBL370143;CHEMBL2206196,PAROMOMYCIN;PAROMOMYCIN SULFATE,1969,False
NC[C@H]1O[C@H](O[C@H]2[C@H](O)[C@@H](O[C@H]3O[C@H](CO)[C@@H](O)[C@H](N)[C@H]3O)[C@H](N)C[C@@H]2N)[C@H](O)[C@@H](O)[C@@H]1O,CHEMBL1384,KANAMYCIN,CHEMBL1384;CHEMBL1446,KANAMYCIN;KANAMYCIN SULFATE,1973,False
C[C@@]1(C(=O)N[C@@H](CCC(=O)O)C(=O)O)CCCN1C(=O)CN,CHEMBL197084,TROFINETIDE,CHEMBL197084,TROFINETIDE,2023,False
C[C@]12CC[C@@H]3c4ccc(O)cc4CC[C@H]3[C@@H]1C[C@@H](O)[C@@H]2O,CHEMBL193482,ESTRIOL,CHEMBL193482,ESTRIOL,2000,False
C#C[C@]1(O)CC[C@H]2[C@@H]3CCC4=C(CCC(=O)C4)[C@H]3CC[C@@]21C,CHEMBL1387,NORETHYNODREL,CHEMBL1387,NORETHYNODREL,1961,False
Oc1ccc(OCc2ccccc2)cc1,CHEMBL1388,MONOBENZONE,CHEMBL1388,MONOBENZONE,1952,False
C#C[C@]1(O)CC[C@H]2[C@@H]3CCC4=CC(=O)CC[C@@H]4[C@H]3CC[C@@]21CC,CHEMBL1389,LEVONORGESTREL,CHEMBL1389,LEVONORGESTREL,1982,False
CC(=O)S[C@@H]1CC2=CC(=O)CC[C@]2(C)[C@H]2CC[C@@]3(C)[C@@H](CC[C@@]34CCC(=O)O4)[C@H]12,CHEMBL1393,SPIRONOLACTONE,CHEMBL1393,SPIRONOLACTONE,1960,False
C[C@]12CCC(=O)C=C1CC[C@@H]1[C@@H]2CC[C@@]2(C)[C@H]1CC[C@]2(C)O,CHEMBL1395,METHYLTESTOSTERONE,CHEMBL1395,METHYLTESTOSTERONE,1973,False
O=C(NC[C@H]1CN(c2ccc(N3CCOCC3=O)cc2)C(=O)O1)c1ccc(Cl)s1,CHEMBL198362,RIVAROXABAN,CHEMBL198362,RIVAROXABAN,2008,False
NCC[C@H](O)C(=O)N[C@@H]1C[C@H](N)[C@@H](O[C@H]2O[C@H](CN)[C@@H](O)[C@H](O)[C@H]2O)[C@H](O)[C@H]1O[C@H]1O[C@H](CO)[C@@H](O)[C@H](N)[C@H]1O,CHEMBL177,AMIKACIN,CHEMBL177;CHEMBL4208954,AMIKACIN;AMIKACIN SULFATE,1981,False
COC(=O)[C@H]1[C@@H](OC(=O)c2ccccc2)C[C@@H]2CC[C@H]1N2C,CHEMBL370805,COCAINE,CHEMBL370805;CHEMBL529437,COCAINE;COCAINE HYDROCHLORIDE,2017,False
CC[C@@H]([C@H](C)O)n1ncn(-c2ccc(N3CCN(c4ccc(OC[C@@H]5CO[C@@](Cn6cncn6)(c6ccc(F)cc6F)C5)cc4)CC3)cc2)c1=O,CHEMBL1397,POSACONAZOLE,CHEMBL1397,POSACONAZOLE,2005,False
CN[C@@H]1[C@H](O[C@H]2[C@H](O[C@H]3[C@H](O)[C@@H](O)[C@H](N=C(N)N)[C@@H](O)[C@@H]3N=C(N)N)O[C@@H](C)[C@]2(O)C=O)O[C@@H](CO)[C@H](O)[C@H]1O,CHEMBL372795,STREPTOMYCIN,CHEMBL372795;CHEMBL3184791,STREPTOMYCIN;STREPTOMYCIN SULFATE,1946,False
COc1cccc2c1C(=O)c1c(O)c3c(c(O)c1C2=O)C[C@@](O)(C(C)=O)C[C@@H]3O[C@H]1C[C@H](N)[C@H](O)[C@H](C)O1,CHEMBL178,DAUNORUBICIN,CHEMBL178;CHEMBL1563;CHEMBL1200475,DAUNORUBICIN;DAUNORUBICIN HYDROCHLORIDE;DAUNORUBICIN CITRATE,1979;1996,False
CC(C)(C#N)c1cc(Cn2cncn2)cc(C(C)(C)C#N)c1,CHEMBL1399,ANASTROZOLE,CHEMBL1399,ANASTROZOLE,1995,False
CC(=O)Oc1ccccc1C(=O)Nc1ncc([N+](=O)[O-])s1,CHEMBL1401,NITAZOXANIDE,CHEMBL1401,NITAZOXANIDE,2002,False
CCCC(C(=O)c1ccc(C)cc1)N1CCCC1,CHEMBL201960,PYROVALERONE,CHEMBL201960;CHEMBL2104793,PYROVALERONE;PYROVALERONE HYDROCHLORIDE,,True
COc1cc2c(cc1Cc1cccc(Cl)c1F)c(=O)c(C(=O)O)cn2[C@H](CO)C(C)C,CHEMBL204656,ELVITEGRAVIR,CHEMBL204656,ELVITEGRAVIR,2012,False
CCCCCCCCCCCCCCCCOCCCOP(=O)(O)CO[C@H](CO)Cn1ccc(N)nc1=O,CHEMBL203321,BRINCIDOFOVIR,CHEMBL203321,BRINCIDOFOVIR,2021,False
COc1ccccc1OCC(O)CN1CCN(CC(=O)Nc2c(C)cccc2C)CC1,CHEMBL1404,RANOLAZINE,CHEMBL1404,RANOLAZINE,2006,False
COc1ccc(CN2CCNCC2)c(OC)c1OC,CHEMBL203266,TRIMETAZIDINE,CHEMBL203266;CHEMBL3561076,TRIMETAZIDINE;TRIMETAZIDINE DIHYDROCHLORIDE,,False
Cc1ccccc1-c1cc(N2CCN(C)CC2)ncc1N(C)C(=O)C(C)(C)c1cc(C(F)(F)F)cc(C(F)(F)F)c1,CHEMBL206253,NETUPITANT,CHEMBL206253,NETUPITANT,2014,False
C[C@]12CC[C@@H]3c4ccc(O)cc4CC[C@H]3[C@@H]1CCC2=O,CHEMBL1405,ESTRONE,CHEMBL1405,ESTRONE,1979,False
C[C@H](CCC(=O)O)[C@H]1CC[C@H]2[C@@H]3[C@H](O)C[C@@H]4C[C@H](O)CC[C@]4(C)[C@H]3C[C@H](O)[C@]12C,CHEMBL205596,CHOLIC ACID,CHEMBL205596,CHOLIC ACID,2013,False
CCCCCCCCCc1ccc(OCCOCCOCCOCCOCCOCCOCCOCCOCCO)cc1,CHEMBL1410,NONOXYNOL 9,CHEMBL1410,NONOXYNOL 9,1982,False
Cc1ccc(S(=O)(=O)NC(=O)NN2CC3CCCC3C2)cc1,CHEMBL427216,GLICLAZIDE,CHEMBL427216,GLICLAZIDE,,False
CC(=O)[C@H]1CC[C@H]2[C@@H]3CC[C@H]4C[C@H](O)CC[C@]4(C)[C@H]3CC[C@]12C,CHEMBL207538,BREXANOLONE,CHEMBL207538,BREXANOLONE,2019,False
CN[C@@H](C)[C@H](O)c1ccccc1,CHEMBL211456,EPHEDRINE,CHEMBL211456;CHEMBL1523964;CHEMBL2146102,EPHEDRINE;EPHEDRINE SULFATE;EPHEDRINE HYDROCHLORIDE,2016;2021,True;False
C1CNCCN1,CHEMBL1412,PIPERAZINE,CHEMBL1412,PIPERAZINE,,True
Cc1cc(C2CCCCC2)n(O)c(=O)c1,CHEMBL1413,CICLOPIROX,CHEMBL1413,CICLOPIROX,1982,False
OB1OCc2cc(F)ccc21,CHEMBL443052,TAVABOROLE,CHEMBL443052,TAVABOROLE,2014,False
CC(C)CC(N(C)C)C1(c2ccc(Cl)cc2)CCC1,CHEMBL1419,SIBUTRAMINE,CHEMBL1419;CHEMBL3989830,SIBUTRAMINE;SIBUTRAMINE HYDROCHLORIDE,1997,True
O=c1[nH]cnc2c([C@@H]3N[C@H](CO)[C@@H](O)[C@H]3O)c[nH]c12,CHEMBL218291,FORODESINE,CHEMBL218291;CHEMBL550755,FORODESINE;FORODESINE HYDROCHLORIDE,2017,False
C[C@H]1NCc2cc(-c3ccc4c(=O)c(C(=O)O)cn(C5CC5)c4c3OC(F)F)ccc21,CHEMBL215303,GARENOXACIN,CHEMBL215303;CHEMBL3183451,GARENOXACIN;GARENOXACIN MESYLATE,2007,False
CC(C)(C)NC(=O)N[C@H](C(=O)N1C[C@H]2[C@@H]([C@H]1C(=O)NC(CC1CCC1)C(=O)C(N)=O)C2(C)C)C(C)(C)C,CHEMBL218394,BOCEPREVIR,CHEMBL218394,BOCEPREVIR,2011,False
N#C[C@@H]1C[C@@H]2C[C@@H]2N1C(=O)[C@@H](N)C12CC3CC(CC(O)(C3)C1)C2,CHEMBL385517,SAXAGLIPTIN ANHYDROUS,CHEMBL385517;CHEMBL1201743,SAXAGLIPTIN ANHYDROUS;SAXAGLIPTIN HYDROCHLORIDE,2009,False
Cc1nc(Nc2ncc(C(=O)Nc3c(C)cccc3Cl)s2)cc(N2CCN(CCO)CC2)n1,CHEMBL1421,DASATINIB ANHYDROUS,CHEMBL1421;CHEMBL5416410,DASATINIB ANHYDROUS;DASATINIB,2006,False
N[C@@H](CC(=O)N1CCn2c(nnc2C(F)(F)F)C1)Cc1cc(F)c(F)cc1F,CHEMBL1422,SITAGLIPTIN,CHEMBL1422;CHEMBL1201174;CHEMBL5315049;CHEMBL6068334,SITAGLIPTIN;SITAGLIPTIN PHOSPHATE;SITAGLIPTIN FUMARATE;SITAGLIPTIN HYDROCHLORIDE MONOHYDRATE,2006;2021;2022,False
O=c1[nH]c2ccccc2n1C1CCN(CCCC(c2ccc(F)cc2)c2ccc(F)cc2)CC1,CHEMBL1423,PIMOZIDE,CHEMBL1423,PIMOZIDE,1984,False
C[C@]12CC[C@H]3[C@@H](CCC4=CC(=O)CC[C@@]43C)[C@@H]1CC[C@@H]2O,CHEMBL386630,TESTOSTERONE,CHEMBL386630,TESTOSTERONE,1972,False
Sc1ncnc2nc[nH]c12,CHEMBL1425,MERCAPTOPURINE ANHYDROUS,CHEMBL1425;CHEMBL1200751,MERCAPTOPURINE ANHYDROUS;MERCAPTOPURINE,1953,False
O=c1[nH]c2ccccc2n1CCCN1CCC(n2c(=O)[nH]c3cc(Cl)ccc32)CC1,CHEMBL219916,DOMPERIDONE,CHEMBL219916,DOMPERIDONE,,False
CC1=Nc2ccc(Cl)cc2S(=O)(=O)N1,CHEMBL181,DIAZOXIDE,CHEMBL181,DIAZOXIDE,1973,False
CO[C@H]1/C=C/O[C@@]2(C)Oc3c(C)c(O)c4c(O)c(c(/C=N/N5CCN(C)CC5)c(O)c4c3C2=O)NC(=O)/C(C)=C\C=C\[C@H](C)[C@H](O)[C@@H](C)[C@@H](O)[C@@H](C)[C@H](OC(C)=O)[C@@H]1C,CHEMBL374478,RIFAMPIN,CHEMBL374478,RIFAMPIN,1971,False
C[C@]1(COc2ccc(N3CCC(Oc4ccc(OC(F)(F)F)cc4)CC3)cc2)Cn2cc([N+](=O)[O-])nc2O1,CHEMBL218650,DELAMANID,CHEMBL218650,DELAMANID,2014,False
COCCOC(=O)C1=C(C)NC(C)=C(C(=O)OC(C)C)C1c1cccc([N+](=O)[O-])c1,CHEMBL1428,NIMODIPINE,CHEMBL1428,NIMODIPINE,1988,False
C[C@@H]1C[C@H]2[C@@H]3CCC4=CC(=O)C=C[C@]4(C)[C@@]3(F)[C@@H](O)C[C@]2(C)[C@@]1(O)C(=O)CO,CHEMBL384467,DEXAMETHASONE,CHEMBL384467,DEXAMETHASONE,1958,False
Nc1nc2c(ncn2COC(CO)CO)c(=O)[nH]1,CHEMBL182,GANCICLOVIR,CHEMBL182;CHEMBL1200850,GANCICLOVIR;GANCICLOVIR SODIUM,1989,False
Nc1nc2c(ncn2COCCO)c(=O)[nH]1,CHEMBL184,ACYCLOVIR,CHEMBL184;CHEMBL1200380,ACYCLOVIR;ACYCLOVIR SODIUM,1982,False
Cc1cn([C@@H]2C[C@@H](O)[C@H](CO)O2)c(=O)[nH]c1=O,CHEMBL374731,TELBIVUDINE,CHEMBL374731,TELBIVUDINE,2006,False
CCN[C@H]1C[C@H](C)S(=O)(=O)c2sc(S(N)(=O)=O)cc21,CHEMBL218490,DORZOLAMIDE,CHEMBL218490;CHEMBL1201162,DORZOLAMIDE;DORZOLAMIDE HYDROCHLORIDE,1994,False
CCN[C@H]1CN(CCCOC)S(=O)(=O)c2sc(S(N)(=O)=O)cc21,CHEMBL220491,BRINZOLAMIDE,CHEMBL220491,BRINZOLAMIDE,1998,False
CC1(C)O[C@@H]2[C@@H](CO[C@@]3(COS(N)(=O)=O)OC(C)(C)O[C@@H]23)O1,CHEMBL220492,TOPIRAMATE,CHEMBL220492,TOPIRAMATE,1996,False
CS(=O)(=O)c1cc(F)cc2c3c(n(Cc4ccc(Cl)cc4)c12)[C@@H](CC(=O)O)CC3,CHEMBL426559,LAROPIPRANT,CHEMBL426559,LAROPIPRANT,,True
C[C@@H]1CCN(C(=O)CC#N)C[C@@H]1N(C)c1ncnc2[nH]ccc12,CHEMBL221959,TOFACITINIB,CHEMBL221959;CHEMBL2103743,TOFACITINIB;TOFACITINIB CITRATE,2012,False
O=c1[nH]cc(F)c(=O)[nH]1,CHEMBL185,FLUOROURACIL,CHEMBL185,FLUOROURACIL,1962,False
CC(C)(S)[C@@H](N)C(=O)O,CHEMBL1430,PENICILLAMINE,CHEMBL1430,PENICILLAMINE,1970,False
CN(C)C(=N)NC(=N)N,CHEMBL1431,METFORMIN,CHEMBL1431;CHEMBL1703,METFORMIN;METFORMIN HYDROCHLORIDE,1995,False
O=c1ccn([C@@H]2O[C@H](COP(=O)(O)OP(=O)(O)OP(=O)(O)OP(=O)(O)OC[C@H]3O[C@@H](n4ccc(=O)[nH]c4=O)[C@H](O)[C@@H]3O)[C@@H](O)[C@H]2O)c(=O)[nH]1,CHEMBL221326,DIQUAFOSOL,CHEMBL221326;CHEMBL1767408,DIQUAFOSOL;DIQUAFOSOL TETRASODIUM,2010,False
C[N+]1(C)[C@@H]2C[C@@H](OC(=O)[C@H](CO)c3ccccc3)C[C@H]1[C@@H]1O[C@@H]12,CHEMBL376897,METHSCOPOLAMINE,CHEMBL376897;CHEMBL1354199,METHSCOPOLAMINE;METHSCOPOLAMINE BROMIDE,1953,False
C[C@H]1c2cccc(O)c2C(=O)C2=C(O)[C@]3(O)C(=O)C(C(N)=O)=C(O)[C@@H](N(C)C)[C@@H]3[C@@H](O)[C@@H]21,CHEMBL1433,DOXYCYCLINE ANHYDROUS,CHEMBL1433;CHEMBL1200699;CHEMBL2364574;CHEMBL3989740,DOXYCYCLINE ANHYDROUS;DOXYCYCLINE;DOXYCYCLINE CALCIUM;DOXYCYCLINE HYCLATE,1967;1974,False
CN(C)c1ccc(O)c2c1C[C@H]1C[C@H]3[C@H](N(C)C)C(O)=C(C(N)=O)C(=O)[C@@]3(O)C(O)=C1C2=O,CHEMBL1434,MINOCYCLINE,CHEMBL1434;CHEMBL1200881,MINOCYCLINE;MINOCYCLINE HYDROCHLORIDE,1971,False
Cc1nnc(SCC2=C(C(=O)O)N3C(=O)[C@@H](NC(=O)Cn4cnnn4)[C@H]3SC2)s1,CHEMBL1435,CEFAZOLIN,CHEMBL1435;CHEMBL1200523,CEFAZOLIN;CEFAZOLIN SODIUM,1973,False
CO/N=C(\C(=O)N[C@@H]1C(=O)N2C(C(=O)O)=C(COC(N)=O)CS[C@H]12)c1ccco1,CHEMBL1436,CEFUROXIME,CHEMBL1436;CHEMBL2146124,CEFUROXIME;CEFUROXIME SODIUM,1983,False
CO/N=C(\C(=O)N[C@@H]1C(=O)N2C(C(=O)[O-])=C(C[N+]3(C)CCCC3)CS[C@H]12)c1csc(N)n1,CHEMBL186,CEFEPIME,CHEMBL186;CHEMBL1200962,CEFEPIME;CEFEPIME HYDROCHLORIDE,1996,False
CC(=O)O[C@H]1C[C@@]2(C)[C@@H](C[C@@H](O)[C@H]3[C@@]4(C)CC[C@@H](O)[C@@H](C)[C@@H]4CC[C@@]32C)/C1=C(\CCC=C(C)C)C(=O)O,CHEMBL374975,FUSIDIC ACID,CHEMBL374975;CHEMBL1256987,FUSIDIC ACID;FUSIDATE SODIUM,,False
CCC[C@@]1(CCc2ccccc2)CC(O)=C([C@H](CC)c2cccc(NS(=O)(=O)c3ccc(C(F)(F)F)cn3)c2)C(=O)O1,CHEMBL222559,TIPRANAVIR,CHEMBL222559,TIPRANAVIR,2005,False
NC[C@H](O)c1ccc(O)c(O)c1,CHEMBL1437,NOREPINEPHRINE,CHEMBL1437;CHEMBL1434513,NOREPINEPHRINE;NOREPINEPHRINE BITARTRATE,1950,False
NC(=O)c1nc(F)cnc1O,CHEMBL221722,FAVIPIRAVIR,CHEMBL221722,FAVIPIRAVIR,2014,False
CC(=O)N[C@H]1[C@H]([C@H](O)[C@H](O)CO)OC(C(=O)O)=C[C@@H]1NC(=N)N,CHEMBL222813,ZANAMIVIR,CHEMBL222813;CHEMBL5315117,ZANAMIVIR;ZANAMIVIR HYDRATE,1999;2019,False
CN(C)c1cc(NC(=O)CNC(C)(C)C)c(O)c2c1C[C@H]1C[C@H]3[C@H](N(C)C)C(O)=C(C(N)=O)C(=O)[C@@]3(O)C(O)=C1C2=O,CHEMBL376140,TIGECYCLINE,CHEMBL376140,TIGECYCLINE,2005,False
Oc1c(Br)cc(Br)c2cccnc12,CHEMBL223448,BROXYQUINOLINE,CHEMBL223448,BROXYQUINOLINE,,True
COc1nc2ccc(Br)cc2cc1[C@@H](c1ccccc1)[C@@](O)(CCN(C)C)c1cccc2ccccc12,CHEMBL376488,BEDAQUILINE,CHEMBL376488;CHEMBL2105700,BEDAQUILINE;BEDAQUILINE FUMARATE,2012,False
CN(C)[C@@H]1C(O)=C(C(N)=O)C(=O)[C@@]2(O)C(O)=C3C(=O)c4c(O)cccc4[C@@](C)(O)[C@H]3C[C@@H]12,CHEMBL1440,TETRACYCLINE,CHEMBL1440;CHEMBL454950;CHEMBL1201071,TETRACYCLINE;TETRACYCLINE HYDROCHLORIDE;TETRACYCLINE PHOSPHATE COMPLEX,1953;1957,False
CCc1cc(C(N)=S)ccn1,CHEMBL1441,ETHIONAMIDE,CHEMBL1441,ETHIONAMIDE,1965,False
Cc1nc(=O)c2cc(CN(C)c3ccc(C(=O)N[C@@H](CCC(=O)O)C(=O)O)s3)ccc2[nH]1,CHEMBL225071,RALTITREXED,CHEMBL225071,RALTITREXED,,False
Nc1nc2[nH]cc(CCc3ccc(C(=O)N[C@@H](CCC(=O)O)C(=O)O)cc3)c2c(=O)[nH]1,CHEMBL225072,PEMETREXED,CHEMBL225072;CHEMBL2360464;CHEMBL3989962;CHEMBL5315053;CHEMBL6068329;CHEMBL6068335,PEMETREXED;PEMETREXED DISODIUM;PEMETREXED TROMETHAMINE;PEMETREXED MONOHYDRATE;PEMETREXED DIPOTASSIUM;PEMETREXED DISODIUM HEMIPENTAHYDRATE,2004;2017;2016;2024;2015,False
CCCCCCCCCC(=O)N[C@@H](Cc1c[nH]c2ccccc12)C(=O)N[C@@H](CC(N)=O)C(=O)N[C@@H](CC(=O)O)C(=O)N[C@@H]1C(=O)NCC(=O)N[C@@H](CCCN)C(=O)N[C@@H](CC(=O)O)C(=O)N[C@H](C)C(=O)N[C@@H](CC(=O)O)C(=O)NCC(=O)N[C@H](CO)C(=O)N[C@@H]([C@H](C)CC(=O)O)C(=O)N[C@@H](CC(=O)c2ccccc2N)C(=O)O[C@@H]1C,CHEMBL387675,DAPTOMYCIN,CHEMBL387675,DAPTOMYCIN,2003,False
C[C@]12CCC(=O)C=C1CC[C@@H]1[C@@H]2[C@@H](O)C[C@@]2(C)[C@H]1CC[C@]2(O)C(=O)CO,CHEMBL389621,HYDROCORTISONE,CHEMBL389621,HYDROCORTISONE,1952,False
CCOc1ccc2ccccc2c1C(=O)N[C@@H]1C(=O)N2[C@@H]1SC(C)(C)[C@@H]2C(=O)O,CHEMBL1443,NAFCILLIN,CHEMBL1443;CHEMBL1568276,NAFCILLIN;NAFCILLIN SODIUM,1965,False
CCc1oc2ccccc2c1C(=O)c1cc(Br)c(O)c(Br)c1,CHEMBL388590,BENZBROMARONE,CHEMBL388590,BENZBROMARONE,,True
N#Cc1ccc(C(c2ccc(C#N)cc2)n2cncn2)cc1,CHEMBL1444,LETROZOLE,CHEMBL1444,LETROZOLE,1997,False
O=C1Nc2ccc(Cl)cc2[C@@](C#CC2CC2)(C(F)(F)F)O1,CHEMBL223228,EFAVIRENZ,CHEMBL223228,EFAVIRENZ,1998,False
Cn1c(=O)cc(N2CCC[C@@H](N)C2)n(Cc2ccccc2C#N)c1=O,CHEMBL376359,ALOGLIPTIN,CHEMBL227529;CHEMBL376359,ALOGLIPTIN BENZOATE;ALOGLIPTIN,2013,False
C[C@]1(O)CC[C@H]2[C@@H]3CCC4=CC(=O)CC[C@]4(C)[C@@]3(F)[C@@H](O)C[C@@]21C,CHEMBL1445,FLUOXYMESTERONE,CHEMBL1445,FLUOXYMESTERONE,1956,False
CCC[C@@H]1C[C@@H](C(=O)N[C@@H]([C@H]2O[C@H](SC)[C@H](O)[C@@H](O)[C@H]2O)[C@@H](C)O)N(C)C1,CHEMBL1447,LINCOMYCIN,CHEMBL1447;CHEMBL3989551,LINCOMYCIN;LINCOMYCIN HYDROCHLORIDE,1964,False
O=[N+]([O-])c1cn2c(n1)OC[C@@H](OCc1ccc(OC(F)(F)F)cc1)C2,CHEMBL227875,PRETOMANID,CHEMBL227875,PRETOMANID,2019,False
O=C(Nc1ccc([N+](=O)[O-])cc1Cl)c1cc(Cl)ccc1O,CHEMBL1448,NICLOSAMIDE,CHEMBL1448,NICLOSAMIDE,1982,False
CC1(C)S[C@@H]2[C@H](NC(=O)[C@H](C(=O)O)c3ccsc3)C(=O)N2[C@H]1C(=O)O,CHEMBL1449,TICARCILLIN,CHEMBL1449;CHEMBL1200855,TICARCILLIN;TICARCILLIN DISODIUM,1976,False
O=C1C(O)=C([C@H]2CC[C@H](c3ccc(Cl)cc3)CC2)C(=O)c2ccccc21,CHEMBL1450,ATOVAQUONE,CHEMBL1450,ATOVAQUONE,1992,False
Cc1ccccc1OCC(O)CO,CHEMBL229128,MEPHENESIN,CHEMBL229128,MEPHENESIN,,False
Cc1[nH]c(=O)c(C#N)cc1-c1ccncc1,CHEMBL189,MILRINONE,CHEMBL189;CHEMBL1200977,MILRINONE;MILRINONE LACTATE,1987,False
C[C@]12C=CC(=O)C=C1CC[C@H]1[C@@H]3C[C@@H](O)[C@](O)(C(=O)CO)[C@@]3(C)C[C@H](O)[C@@]12F,CHEMBL1451,TRIAMCINOLONE,CHEMBL1451,TRIAMCINOLONE,1957,False
CCO[C@H](COc1ccc(C(F)(F)F)cc1)CSc1ccc(OCC(=O)O)c(C)c1,CHEMBL230158,SELADELPAR,CHEMBL230158;CHEMBL3989960,SELADELPAR;SELADELPAR LYSINE,2024,False
c1ccc([C@H]2CN3CCSC3=N2)cc1,CHEMBL1454,LEVAMISOLE,CHEMBL1454;CHEMBL1770,LEVAMISOLE;LEVAMISOLE HYDROCHLORIDE,1990,True
CN(C)c1nc(N(C)C)nc(N(C)C)n1,CHEMBL1455,ALTRETAMINE,CHEMBL1455,ALTRETAMINE,1990,False
COc1c(C)c2c(c(O)c1C/C=C(\C)CCC(=O)OCCN1CCOCC1)C(=O)OC2,CHEMBL1456,MYCOPHENOLATE MOFETIL,CHEMBL1456;CHEMBL1200955,MYCOPHENOLATE MOFETIL;MYCOPHENOLATE MOFETIL HYDROCHLORIDE,1995;1998,False
COc1ccc2c3c1O[C@H]1C(=O)CC[C@H]4[C@@H](C2)N(C)CC[C@]314,CHEMBL1457,HYDROCODONE,CHEMBL1457;CHEMBL1201470;CHEMBL3989677,HYDROCODONE;HYDROCODONE POLISTIREX;HYDROCODONE BITARTRATE,1943;1987,False
O=c1[nH]c2ccccc2n1CCN1CCN(c2cccc(C(F)(F)F)c2)CC1,CHEMBL231068,FLIBANSERIN,CHEMBL231068,FLIBANSERIN,2015,False
CCN1CCCC1CNC(=O)c1cc(S(=O)(=O)CC)c(N)cc1OC,CHEMBL243712,AMISULPRIDE,CHEMBL243712,AMISULPRIDE,1986,False
CN[C@]1(c2ccccc2Cl)CCCCC1=O,CHEMBL395091,ESKETAMINE,CHEMBL395091;CHEMBL2364609,ESKETAMINE;ESKETAMINE HYDROCHLORIDE,2019,False
O=c1[nH]cnc2c1ncn2[C@H]1CC[C@@H](CO)O1,CHEMBL1460,DIDANOSINE,CHEMBL1460,DIDANOSINE,1991,False
COc1ccc(-c2cc(=O)c3c(O)cc(O[C@@H]4O[C@H](CO[C@@H]5O[C@@H](C)[C@H](O)[C@@H](O)[C@H]5O)[C@@H](O)[C@H](O)[C@H]4O)cc3o2)cc1O,CHEMBL231884,DIOSMIN,CHEMBL231884,DIOSMIN,,True
Nc1nc(=O)[nH]cc1F,CHEMBL1463,FLUCYTOSINE,CHEMBL1463,FLUCYTOSINE,1971,False
CC(=O)CC(c1ccccc1)c1c(O)c2ccccc2oc1=O,CHEMBL1464,WARFARIN,CHEMBL1464;CHEMBL1200772;CHEMBL1200879,WARFARIN;WARFARIN POTASSIUM;WARFARIN SODIUM,1954;1982,False
CC(=O)CC(c1ccc([N+](=O)[O-])cc1)c1c(O)c2ccccc2oc1=O,CHEMBL397420,ACENOCOUMAROL,CHEMBL397420,ACENOCOUMAROL,,False
CCC(c1ccccc1)c1c(O)c2ccccc2oc1=O,CHEMBL1465,PHENPROCOUMON,CHEMBL1465,PHENPROCOUMON,1957,False
O=c1oc2ccccc2c(O)c1Cc1c(O)c2ccccc2oc1=O,CHEMBL1466,DICUMAROL,CHEMBL1466,DICUMAROL,1944,False
O=S(=O)([O-])[O-].[Na+].[Na+],CHEMBL233406,SODIUM SULFATE ANHYDROUS,CHEMBL233406;CHEMBL3989856,SODIUM SULFATE ANHYDROUS;SODIUM SULFATE,1984,False
CCC[C@H](NC(=O)[C@@H]1[C@H]2CCC[C@H]2CN1C(=O)[C@@H](NC(=O)[C@@H](NC(=O)c1cnccn1)C1CCCCC1)C(C)(C)C)C(=O)C(=O)NC1CC1,CHEMBL231813,TELAPREVIR,CHEMBL231813,TELAPREVIR,2011,False
Oc1ncnc2[nH]ncc12,CHEMBL1467,ALLOPURINOL,CHEMBL1467;CHEMBL1200477,ALLOPURINOL;ALLOPURINOL SODIUM,1966;1996,False
CCc1oc2ccccc2c1C(=O)c1cc(I)c(O)c(I)c1,CHEMBL232201,BENZIODARONE,CHEMBL232201,BENZIODARONE,,True
CN1CCCC(CN2c3ccccc3Sc3ccccc32)C1,CHEMBL395110,MEPAZINE,CHEMBL395110;CHEMBL1712842,MEPAZINE;MEPAZINE ACETATE,,True
CO[C@H]1/C=C/O[C@@]2(C)Oc3c(C)c(O)c4c(c3C2=O)C2=NC3(CCN(CC(C)C)CC3)NC2=C(NC(=O)/C(C)=C\C=C\[C@H](C)[C@H](O)[C@@H](C)[C@@H](O)[C@@H](C)[C@H](OC(C)=O)[C@@H]1C)C4=O,CHEMBL444633,RIFABUTIN,CHEMBL444633,RIFABUTIN,1992,False
COc1ccc(-n2nc(C(N)=O)c3c2C(=O)N(c2ccc(N4CCCCC4=O)cc2)CC3)cc1,CHEMBL231779,APIXABAN,CHEMBL231779,APIXABAN,2011,False
O=C(O)CCCc1ccccc1,CHEMBL1469,PHENYLBUTANOIC ACID,CHEMBL1469;CHEMBL1746,PHENYLBUTANOIC ACID;SODIUM PHENYLBUTYRATE,1996,False
CO[C@H]1/C=C/O[C@@]2(C)Oc3c(C)c(O)c4c(O)c(cc(O)c4c3C2=O)NC(=O)/C(C)=C\C=C\[C@H](C)[C@H](O)[C@@H](C)[C@@H](O)[C@@H](C)[C@H](OC(C)=O)[C@@H]1C,CHEMBL437765,RIFAMYCIN,CHEMBL437765;CHEMBL2105680,RIFAMYCIN;RIFAMYCIN SODIUM,2018,False
C[C@@H](O[C@H]1OCCN(Cc2n[nH]c(=O)[nH]2)[C@H]1c1ccc(F)cc1)c1cc(C(F)(F)F)cc(C(F)(F)F)c1,CHEMBL1471,APREPITANT,CHEMBL1471,APREPITANT,2003,False
CC#CCn1c(N2CCC[C@@H](N)C2)nc2c1c(=O)n(Cc1nc(C)c3ccccc3n1)c(=O)n2C,CHEMBL237500,LINAGLIPTIN,CHEMBL237500,LINAGLIPTIN,2011,False
CCC(=O)O[C@]1(C(=O)SCF)[C@H](C)C[C@H]2[C@@H]3C[C@H](F)C4=CC(=O)C=C[C@]4(C)[C@@]3(F)[C@@H](O)C[C@@]21C,CHEMBL1473,FLUTICASONE PROPIONATE,CHEMBL1473,FLUTICASONE PROPIONATE,1990,False
CC[C@]1(O)C[C@@H]2CN(CCc3c([nH]c4ccccc34)[C@@](C(=O)OC)(c3cc4c(cc3OC)N(C)[C@H]3[C@@](O)(C(N)=O)[C@H](O)[C@]5(CC)C=CCN6CC[C@]43[C@@H]65)C2)C1,CHEMBL238071,VINDESINE,CHEMBL238071;CHEMBL3989543,VINDESINE;VINDESINE SULFATE,,False
Cc1cc2cc3c(C)cc(=O)oc3c(C)c2o1,CHEMBL1475,TRIOXSALEN,CHEMBL1475,TRIOXSALEN,1964,False
COCc1c(C(C)C)nc(C(C)C)c(/C=C/[C@@H](O)C[C@@H](O)CC(=O)O)c1-c1ccc(F)cc1,CHEMBL1477,CERIVASTATIN,CHEMBL1477;CHEMBL1200563,CERIVASTATIN;CERIVASTATIN SODIUM,1997,True
C[C@H](CCC(=O)O)[C@H]1CC[C@H]2[C@@H]3[C@H](O)C[C@@H]4C[C@H](O)CC[C@]4(C)[C@H]3CC[C@]12C,CHEMBL240597,CHENODIOL,CHEMBL240597,CHENODIOL,1983,False
C#C[C@]1(O)CC[C@H]2[C@@H]3CCC4=Cc5oncc5C[C@]4(C)[C@H]3CC[C@@]21C,CHEMBL1479,DANAZOL,CHEMBL1479,DANAZOL,1976,False
CCOC(=O)C1=C(C)NC(C)=C(C(=O)OC)C1c1cccc(Cl)c1Cl,CHEMBL1480,FELODIPINE,CHEMBL1480,FELODIPINE,1991,False
CCC1=C(C)CN(C(=O)NCCc2ccc(S(=O)(=O)NC(=O)N[C@H]3CC[C@H](C)CC3)cc2)C1=O,CHEMBL1481,GLIMEPIRIDE,CHEMBL1481,GLIMEPIRIDE,1995,False
CC(C)N(CCCCOCC(=O)NS(C)(=O)=O)c1cnc(-c2ccccc2)c(-c2ccccc2)n1,CHEMBL238804,SELEXIPAG,CHEMBL238804,SELEXIPAG,2015,False
CC(C[N+](C)(C)C)OC(N)=O,CHEMBL1482,BETHANECHOL,CHEMBL1482;CHEMBL1768,BETHANECHOL;BETHANECHOL CHLORIDE,1948,False
CCCSc1ccc2[nH]c(NC(=O)OC)nc2c1,CHEMBL1483,ALBENDAZOLE,CHEMBL1483,ALBENDAZOLE,1996,False
CC(C)c1c(C(=O)Nc2ccccc2)c(-c2ccccc2)c(-c2ccc(F)cc2)n1CC[C@@H](O)C[C@@H](O)CC(=O)O,CHEMBL1487,ATORVASTATIN,CHEMBL393220;CHEMBL1487,ATORVASTATIN CALCIUM;ATORVASTATIN,1996,False
COC(=O)C1=C(C)NC(C)=C(C(=O)OCCN(C)Cc2ccccc2)C1c1cccc([N+](=O)[O-])c1,CHEMBL1484,NICARDIPINE,CHEMBL1484;CHEMBL1200326,NICARDIPINE;NICARDIPINE HYDROCHLORIDE,1988,False
O=C1Nc2ccccc2C1(c1ccc(O)cc1)c1ccc(O)cc1,CHEMBL245807,OXYPHENISATINE,CHEMBL245807,OXYPHENISATINE,,True
CCCc1nn(C)c2c(=O)[nH]c(-c3cc(S(=O)(=O)N4CCN(C)CC4)ccc3OCC)nc12,CHEMBL192,SILDENAFIL,CHEMBL192;CHEMBL1737,SILDENAFIL;SILDENAFIL CITRATE,1998,False
CC[C@@H](Oc1cccc(CN(CCCOc2ccc(OC)cc2)c2nc3ccccc3o2)c1)C(=O)O,CHEMBL247951,PEMAFIBRATE,CHEMBL247951,PEMAFIBRATE,2017,False
CCCSc1nc(N[C@@H]2C[C@H]2c2ccc(F)c(F)c2)c2nnn([C@@H]3C[C@H](OCCO)[C@@H](O)[C@H]3O)c2n1,CHEMBL398435,TICAGRELOR,CHEMBL398435,TICAGRELOR,2010,False
CC(C)OC(=O)OCOP(=O)(CO[C@H](C)Cn1cnc2c(N)ncnc21)OCOC(=O)OC(C)C,CHEMBL1538,TENOFOVIR DISOPROXIL,CHEMBL1486;CHEMBL1538;CHEMBL6068332;CHEMBL6068341,TENOFOVIR DISOPROXIL FUMARATE;TENOFOVIR DISOPROXIL;TENOFOVIR DISOPROXIL MALEATE;TENOFOVIR DISOPROXIL PHOSPHATE,2001;2016,False
Oc1ncc(N(CCCl)CCCl)c(O)n1,CHEMBL1488,URACIL MUSTARD,CHEMBL1488,URACIL MUSTARD,1962,False
Nc1ncn([C@@H]2O[C@H](CO)[C@@H](O)[C@H]2O)c(=O)n1,CHEMBL1489,AZACITIDINE,CHEMBL1489,AZACITIDINE,2004,False
N#Cc1ccc2c(c1)N(CCCN1CCC(O)CC1)c1ccccc1S2,CHEMBL251940,PERICIAZINE,CHEMBL251940,PERICIAZINE,,False
CCOC(=O)C1=C(COCCN)NC(C)=C(C(=O)OC)C1c1ccccc1Cl,CHEMBL1491,AMLODIPINE,CHEMBL1491;CHEMBL1200402;CHEMBL1200984;CHEMBL4594262,AMLODIPINE;AMLODIPINE BESYLATE;AMLODIPINE MALEATE;AMLODIPINE BENZOATE,1992;2003;2019,False
CC(Cc1cccc(C(F)(F)F)c1)NCCOC(=O)c1ccccc1,CHEMBL400599,BENFLUOREX,CHEMBL400599,BENFLUOREX,1974,True
CN(Cc1cc(Br)cc(Br)c1N)C1CCCCC1,CHEMBL253376,BROMHEXINE,CHEMBL253376;CHEMBL1319139,BROMHEXINE;BROMHEXINE HYDROCHLORIDE,,False
O=C(COc1ccc(Cl)cc1)N1CCN(Cc2ccc3c(c2)OCO3)CC1,CHEMBL254857,FIPEXIDE,CHEMBL254857,FIPEXIDE,,True
CN1CCC(OC(c2ccccc2)c2ccccc2)CC1,CHEMBL1492,DIPHENYLPYRALINE,CHEMBL1492;CHEMBL1564,DIPHENYLPYRALINE;DIPHENYLPYRALINE HYDROCHLORIDE,1982,False
Cc1c(-c2ccccc2)oc2c(C(=O)OCCN3CCCCC3)cccc2c1=O,CHEMBL1493,FLAVOXATE,CHEMBL1493;CHEMBL1200875,FLAVOXATE;FLAVOXATE HYDROCHLORIDE,1970,False
CCOC(=O)Nc1ccc(NCc2ccc(F)cc2)nc1N,CHEMBL255044,FLUPIRTINE,CHEMBL255044,FLUPIRTINE,,True
CN1CCCN=C1COC(=O)C(O)(c1ccccc1)C1CCCCC1,CHEMBL1495,OXYPHENCYCLIMINE,CHEMBL1495;CHEMBL1200891,OXYPHENCYCLIMINE;OXYPHENCYCLIMINE HYDROCHLORIDE,1982,False
CCCCCCCCNC(C)C(O)c1ccc(SC(C)C)cc1,CHEMBL404849,SULOCTIDIL,CHEMBL404849,SULOCTIDIL,1979,True
COC1=C(OC)C(=O)C(CCCCCCCCCCO)=C(C)C1=O,CHEMBL252556,IDEBENONE,CHEMBL252556,IDEBENONE,2015,False
CC(C)c1nc(N(C)S(C)(=O)=O)nc(-c2ccc(F)cc2)c1/C=C/[C@@H](O)C[C@@H](O)CC(=O)O,CHEMBL1496,ROSUVASTATIN,CHEMBL1496;CHEMBL1744447,ROSUVASTATIN;ROSUVASTATIN CALCIUM,2003,False
CCCCC(=O)O[C@]1(C(=O)CO)[C@@H](C)C[C@H]2[C@@H]3CCC4=CC(=O)C=C[C@]4(C)[C@@]3(F)[C@@H](O)C[C@@]21C,CHEMBL1497,BETAMETHASONE VALERATE,CHEMBL1497,BETAMETHASONE VALERATE,1967,False
C[C@H]1O[C@@H](O[C@H]2[C@@H](O)C[C@H](O[C@H]3[C@@H](O)C[C@H](O[C@H]4CC[C@@]5(C)[C@H](CC[C@@H]6[C@@H]5CC[C@]5(C)[C@@H](C7=CC(=O)OC7)CC[C@]65O)C4)O[C@@H]3C)O[C@@H]2C)C[C@H](O)[C@@H]1O,CHEMBL254219,DIGITOXIN,CHEMBL254219,DIGITOXIN,1982,False
CC(=O)OCC(=O)[C@@]12OC(C)(C)O[C@@H]1C[C@H]1[C@@H]3C[C@H](F)C4=CC(=O)C=C[C@]4(C)[C@@]3(F)[C@@H](O)C[C@@]12C,CHEMBL1501,FLUOCINONIDE,CHEMBL1501,FLUOCINONIDE,1971,False
CN1CC[C@]23c4c5ccc(O)c4O[C@H]2C(=O)CC[C@H]3[C@H]1C5,CHEMBL398707,HYDROMORPHONE,CHEMBL398707;CHEMBL1237055,HYDROMORPHONE;HYDROMORPHONE HYDROCHLORIDE,1984,False
COC(=O)C1=C(C)NC(C)=C(C(=O)OC)C1c1ccccc1[N+](=O)[O-],CHEMBL193,NIFEDIPINE,CHEMBL193,NIFEDIPINE,1981,False
COc1ccnc(C[S+]([O-])c2nc3cc(OC(F)F)ccc3[nH]2)c1OC,CHEMBL1502,PANTOPRAZOLE,CHEMBL1502;CHEMBL3989559,PANTOPRAZOLE;PANTOPRAZOLE SODIUM,2000,False
COc1ccc2[nH]c([S+]([O-])Cc3ncc(C)c(OC)c3C)nc2c1,CHEMBL1503,OMEPRAZOLE,CHEMBL1503;CHEMBL1567328,OMEPRAZOLE;OMEPRAZOLE MAGNESIUM,1989;2003,False
CC1(C)O[C@@H]2C[C@H]3[C@@H]4CCC5=CC(=O)C=C[C@]5(C)[C@@]4(F)[C@@H](O)C[C@]3(C)[C@]2(C(=O)CO)O1,CHEMBL1504,TRIAMCINOLONE ACETONIDE,CHEMBL1504,TRIAMCINOLONE ACETONIDE,1960,False
CN(C)CCc1c[nH]c2ccc(CS(=O)(=O)N3CCCC3)cc12,CHEMBL1505,ALMOTRIPTAN,CHEMBL1505;CHEMBL1200521,ALMOTRIPTAN;ALMOTRIPTAN MALATE,2001,False
CN(C)CCC[C@@]1(c2ccc(F)cc2)OCc2cc(C#N)ccc21,CHEMBL1508,ESCITALOPRAM,CHEMBL1508;CHEMBL1200322,ESCITALOPRAM;ESCITALOPRAM OXALATE,2002,False
C[C@]12CCC(=O)C=C1[C@@H]1C[C@@H]1[C@H]1[C@@H]3[C@@H]4C[C@@H]4[C@@]4(CCC(=O)O4)[C@@]3(C)CC[C@@H]12,CHEMBL1509,DROSPIRENONE,CHEMBL1509,DROSPIRENONE,2001,False
CN1CCC[C@@H]1Cc1c[nH]c2ccc(CCS(=O)(=O)c3ccccc3)cc12,CHEMBL1510,ELETRIPTAN,CHEMBL1510;CHEMBL1201003,ELETRIPTAN;ELETRIPTAN HYDROBROMIDE,2002,False
CCCCC(=O)O[C@H]1CC[C@H]2[C@@H]3CCc4cc(O)ccc4[C@H]3CC[C@]12C,CHEMBL1511,ESTRADIOL VALERATE,CHEMBL1511,ESTRADIOL VALERATE,1982,False
CC1(C)O[C@@H]2C[C@H]3[C@@H]4C[C@H](F)C5=CC(=O)C=C[C@]5(C)[C@H]4[C@@H](O)C[C@]3(C)[C@]2(C(=O)CO)O1,CHEMBL1512,FLUNISOLIDE,CHEMBL1512,FLUNISOLIDE,1981,False
C[C@@H]1C[C@H]2[C@@H]3C[C@H](F)C4=CC(=O)C=C[C@]4(C)[C@H]3[C@@H](O)C[C@]2(C)[C@H]1C(=O)CO,CHEMBL251634,FLUOCORTOLONE,CHEMBL251634,FLUOCORTOLONE,,False
CCCCC1=NC2(CCCC2)C(=O)N1Cc1ccc(-c2ccccc2-c2nnn[nH]2)cc1,CHEMBL1513,IRBESARTAN,CHEMBL1513;CHEMBL6068339,IRBESARTAN;IRBESARTAN HYDROCHLORIDE,1997;2008,False
CC[C@H](OC(C)=O)C(C[C@H](C)N(C)C)(c1ccccc1)c1ccccc1,CHEMBL1514,LEVOMETHADYL ACETATE,CHEMBL1514;CHEMBL1200817,LEVOMETHADYL ACETATE;LEVOMETHADYL ACETATE HYDROCHLORIDE,1993,True;False
C=C1c2cccc(O)c2C(=O)C2=C(O)[C@]3(O)C(=O)C(C(N)=O)=C(O)[C@@H](N(C)C)[C@@H]3[C@@H](O)[C@H]12,CHEMBL249837,METHACYCLINE,CHEMBL249837;CHEMBL2146123,METHACYCLINE;METHACYCLINE HYDROCHLORIDE,1982,False
Cn1ccnc1S,CHEMBL1515,METHIMAZOLE,CHEMBL1515,METHIMAZOLE,1950,False
CN(C)[C@@H]1C(O)=C(C(N)=O)C(=O)[C@@]2(O)C(O)=C3C(=O)c4c(O)cccc4[C@@](C)(O)[C@H]3[C@H](O)[C@@H]12,CHEMBL1517,OXYTETRACYCLINE,CHEMBL1517;CHEMBL1607480;CHEMBL3989568,OXYTETRACYCLINE;OXYTETRACYCLINE HYDROCHLORIDE;OXYTETRACYCLINE CALCIUM,1964;1982,False
CCCc1cc(=O)[nH]c(=S)[nH]1,CHEMBL1518,PROPYLTHIOURACIL,CHEMBL1518,PROPYLTHIOURACIL,1947,False
CCOC(=O)[C@H](CCc1ccccc1)N[C@@H](C)C(=O)N1[C@H](C(=O)O)C[C@H]2CCCC[C@@H]21,CHEMBL1519,TRANDOLAPRIL,CHEMBL1519,TRANDOLAPRIL,1996,False
CCN(C(C)=O)c1cccc(-c2ccnc3c(C#N)cnn23)c1,CHEMBL1521,ZALEPLON,CHEMBL1521,ZALEPLON,1999,False
CN1CCN(C(=O)O[C@H]2c3nccnc3C(=O)N2c2ccc(Cl)cn2)CC1,CHEMBL1522,ESZOPICLONE,CHEMBL1522,ESZOPICLONE,2004,False
CCN[C@@H](C)Cc1cccc(C(F)(F)F)c1,CHEMBL248702,DEXFENFLURAMINE,CHEMBL248702;CHEMBL1887891,DEXFENFLURAMINE;DEXFENFLURAMINE HYDROCHLORIDE,,True
CSc1ccc(C(=O)c2[nH]c(=O)[nH]c2C)cc1,CHEMBL249856,ENOXIMONE,CHEMBL249856,ENOXIMONE,,False
CC1(C)C(C=C(Cl)Cl)C1C(=O)OCc1cccc(Oc2ccccc2)c1,CHEMBL1525,PERMETHRIN,CHEMBL1525,PERMETHRIN,1986,True
C[C@]12CC[C@H](O)CC1=CC[C@@H]1[C@@H]2CC[C@]2(C)C(c3cccnc3)=CC[C@@H]12,CHEMBL254328,ABIRATERONE,CHEMBL254328,ABIRATERONE,,False
Cc1nnc(C(=O)NC(C)(C)c2nc(C(=O)NCc3ccc(F)cc3)c(O)c(=O)n2C)o1,CHEMBL254316,RALTEGRAVIR,CHEMBL254316;CHEMBL518520,RALTEGRAVIR;RALTEGRAVIR POTASSIUM,2007,False
N[C@]1(C(=O)O)C[C@@H](F)C1,CHEMBL1908917,FLUCICLOVINE,CHEMBL254468;CHEMBL1908917,FLUCICLOVINE F18;FLUCICLOVINE,2016,False
Cc1ccc(Nc2c(F)cccc2Cl)c(CC(=O)O)c1,CHEMBL404108,LUMIRACOXIB,CHEMBL404108,LUMIRACOXIB,2005,True
CC1CCC(C(C)C)C(O)C1,CHEMBL256087,MENTHOL,CHEMBL256087,MENTHOL,2008,False
[F-].[Na+],CHEMBL1528,SODIUM FLUORIDE,CHEMBL1528;CHEMBL1200744,SODIUM FLUORIDE;SODIUM FLUORIDE F 18,1972,False
O=C(O)c1cccc(-c2noc(-c3ccccc3F)n2)c1,CHEMBL256997,ATALUREN,CHEMBL256997,ATALUREN,2014,False
CC[C@@]1([C@@H]2O[C@@H]([C@H]3O[C@@](O)(CO)[C@H](C)C[C@@H]3C)C[C@@H]2C)CC[C@H]([C@]2(C)CC[C@]3(C[C@H](O)[C@@H](C)[C@@H]([C@@H](C)[C@@H](OC)[C@H](C)C(=O)O)O3)O2)O1,CHEMBL256105,MONENSIN,CHEMBL256105;CHEMBL5314365,MONENSIN;MONENSIN SODIUM,,False
Cc1cn(-c2cc(NC(=O)c3ccc(C)c(Nc4nccc(-c5cccnc5)n4)c3)cc(C(F)(F)F)c2)cn1,CHEMBL255863,NILOTINIB,CHEMBL255863;CHEMBL1201740,NILOTINIB;NILOTINIB HYDROCHLORIDE MONOHYDRATE,2007,False
CCN(CC)C(=O)C1(c2ccccc2)CC1CN,CHEMBL259209,MILNACIPRAN,CHEMBL259209;CHEMBL4297064,MILNACIPRAN;MILNACIPRAN HYDROCHLORIDE,2009,False
CC(C)c1c(O)cc(/C=C/c2ccccc2)cc1O,CHEMBL259571,TAPINAROF,CHEMBL259571,TAPINAROF,2022,False
C#C[C@]1(O)CC[C@H]2[C@@H]3CCC4=CC(=O)CC[C@@H]4[C@H]3C(=C)C[C@@]21CC,CHEMBL1531,ETONOGESTREL,CHEMBL1531,ETONOGESTREL,2001,False
CCC1NC(=O)c2cc(S(N)(=O)=O)c(Cl)cc2N1,CHEMBL1532,QUINETHAZONE,CHEMBL1532,QUINETHAZONE,1963,False
C#C[C@]1(O)CC[C@H]2[C@@H]3CCC4=CCCC[C@@H]4[C@H]3C(=C)C[C@@]21CC,CHEMBL1533,DESOGESTREL,CHEMBL1533,DESOGESTREL,1992,False
Cc1cc2nc3c(=O)[nH]c(=O)nc-3n(C[C@H](O)[C@H](O)[C@H](O)CO)c2cc1C,CHEMBL1534,RIBOFLAVIN,CHEMBL1534,RIBOFLAVIN,1993,False
C[C@H]1CC(=O)C[C@@H]2CC[C@H]3[C@@H]4CC[C@H](O)[C@@]4(C)CC[C@@H]3[C@]21C,CHEMBL258918,MESTEROLONE,CHEMBL258918,MESTEROLONE,,False
COc1ccc(-c2noc(CC(=O)O)c2-c2ccc(OC)cc2)cc1,CHEMBL259972,MOFEZOLAC,CHEMBL259972,MOFEZOLAC,1994,False
CCN(CCO)CCCC(C)Nc1ccnc2cc(Cl)ccc12,CHEMBL1535,HYDROXYCHLOROQUINE,CHEMBL1535;CHEMBL1690,HYDROXYCHLOROQUINE;HYDROXYCHLOROQUINE SULFATE,1955,False
C=C1CC[C@H](O)C/C1=C/C=C1\CCC[C@]2(C)[C@@H]([C@H](C)/C=C/[C@H](C)C(C)C)CC[C@@H]12,CHEMBL1536,ERGOCALCIFEROL,CHEMBL1536,ERGOCALCIFEROL,1941,False
C=C1c2c(Cl)ccc(O)c2C(=O)C2=C(O)[C@]3(O)C(=O)C(C(N)=O)=C(O)[C@@H](N(C)C)[C@@H]3[C@@H](O)[C@H]12.O=C(O)c1cc(S(=O)(=O)O)ccc1O,CHEMBL261772,MECLOCYCLINE SULFOSALICYLATE,CHEMBL261772,MECLOCYCLINE SULFOSALICYLATE,1982,False
CC1(C)S[C@@H]2[C@H](NC(=O)[C@H](NC(=O)N3CCNC3=O)c3ccccc3)C(=O)N2[C@H]1C(=O)O,CHEMBL1537,AZLOCILLIN,CHEMBL1537;CHEMBL1201041,AZLOCILLIN;AZLOCILLIN SODIUM,1982,False
COc1ncnc(NS(=O)(=O)c2ccc(N)cc2)c1OC,CHEMBL1539,SULFADOXINE,CHEMBL1539,SULFADOXINE,1981,False
Nc1nc(O)c2ncn(CCC(CO)CO)c2n1,CHEMBL1540,PENCICLOVIR,CHEMBL1540;CHEMBL2079793,PENCICLOVIR;PENCICLOVIR SODIUM,1996,False
C=CC1=C(C(=O)O)N2C(=O)[C@@H](NC(=O)/C(=N\OCC(=O)O)c3csc(N)n3)[C@H]2SC1,CHEMBL1541,CEFIXIME,CHEMBL1541,CEFIXIME,1989,False
Cn1cnc([N+](=O)[O-])c1Sc1ncnc2[nH]cnc12,CHEMBL1542,AZATHIOPRINE,CHEMBL1542;CHEMBL1200400,AZATHIOPRINE;AZATHIOPRINE SODIUM,1968;1974,False
CC(=O)O[C@]1(C(C)=O)CC[C@H]2[C@@H]3CCC4=CC(=O)CCC4=C3[C@@H](c3ccc(N(C)C)cc3)C[C@@]21C,CHEMBL260538,ULIPRISTAL ACETATE,CHEMBL260538,ULIPRISTAL ACETATE,2009,True
N[C@@H](Cc1cc(I)c(Oc2ccc(O)c(I)c2)c(I)c1)C(=O)O,CHEMBL1544,LIOTHYRONINE,CHEMBL1544;CHEMBL1201119,LIOTHYRONINE;LIOTHYRONINE SODIUM,1956,False
O=C(/C=C/c1cccc(S(=O)(=O)Nc2ccccc2)c1)NO,CHEMBL408513,BELINOSTAT,CHEMBL408513,BELINOSTAT,2014,False
C[C@H]1CN(C[C@H](Cc2ccccc2)C(=O)NCC(=O)O)CC[C@@]1(C)c1cccc(O)c1,CHEMBL270190,ALVIMOPAN,CHEMBL270190,ALVIMOPAN,2008,False
CC(N)Cc1ccc(O)cc1,CHEMBL1546,HYDROXYAMPHETAMINE,CHEMBL1546;CHEMBL1200705,HYDROXYAMPHETAMINE;HYDROXYAMPHETAMINE HYDROBROMIDE,1969,False
Cc1ncc(C[n+]2csc(CCO)c2C)c(N)n1,CHEMBL1547,THIAMINE ION,CHEMBL1547;CHEMBL1588;CHEMBL1200941,THIAMINE ION;THIAMINE;THIAMINE HYDROCHLORIDE,1982;1985,False
Cc1nnc(C(C)C)n1[C@H]1C[C@H]2CC[C@@H](C1)N2CC[C@H](NC(=O)C1CCC(F)(F)CC1)c1ccccc1,CHEMBL256907,MARAVIROC,CHEMBL256907,MARAVIROC,2007,False
CC(=O)O[C@H]1CC[C@@]2(C)C(=CC[C@@H]3[C@@H]2CC[C@]2(C)C(c4cccnc4)=CC[C@@H]32)C1,CHEMBL271227,ABIRATERONE ACETATE,CHEMBL271227,ABIRATERONE ACETATE,2011,False
CN(C)[C@@H]1C(O)=C(C(N)=O)C(=O)[C@@]2(O)C(O)=C3C(=O)c4c(O)ccc(Cl)c4[C@@](C)(O)[C@H]3C[C@@H]12,CHEMBL404520,CHLORTETRACYCLINE,CHEMBL404520;CHEMBL2146063,CHLORTETRACYCLINE;CHLORTETRACYCLINE HYDROCHLORIDE,1950,False
CN(C(=O)/C=C/c1ccoc1)[C@@H]1CC[C@@]2(O)[C@H]3Cc4ccc(O)c5c4[C@@]2(CCN3CC2CC2)[C@H]1O5,CHEMBL267495,NALFURAFINE,CHEMBL267495;CHEMBL490665,NALFURAFINE;NALFURAFINE HYDROCHLORIDE,2009,False
C[C@]12CCC(=O)C=C1CC[C@@H]1[C@@H]2[C@@H](O)C[C@@]2(C)[C@H]1CC[C@]2(O)C(=O)COC(=O)CCC1CCCC1,CHEMBL1549,HYDROCORTISONE CYPIONATE,CHEMBL1549,HYDROCORTISONE CYPIONATE,1955,False
CC1=C(C/C=C(\C)CCC[C@H](C)CCC[C@H](C)CCCC(C)C)C(=O)c2ccccc2C1=O,CHEMBL1550,PHYTONADIONE,CHEMBL1550,PHYTONADIONE,1982,False
CCOc1ccc(Cc2cc([C@@H]3O[C@H](CO)[C@@H](O)[C@H](O)[C@H]3O)ccc2Cl)cc1,CHEMBL429910,DAPAGLIFLOZIN,CHEMBL429910;CHEMBL2103802,DAPAGLIFLOZIN;DAPAGLIFLOZIN PROPANEDIOL,2012,False
C[C@H](CCC(=O)O)[C@H]1CC[C@H]2[C@@H]3[C@@H](O)C[C@@H]4C[C@H](O)CC[C@]4(C)[C@H]3CC[C@]12C,CHEMBL1551,URSODIOL,CHEMBL1551,URSODIOL,1987,False
C[C@H](CCC(=O)O)[C@H]1CC[C@H]2[C@@H]3CC[C@@H]4C[C@H](O)CC[C@]4(C)[C@H]3C[C@H](O)[C@]12C,CHEMBL406393,DEOXYCHOLIC ACID,CHEMBL406393,DEOXYCHOLIC ACID,2015,False
C[C@H](CCC(=O)NCCS(=O)(=O)O)[C@H]1CC[C@H]2[C@@H]3[C@@H](O)C[C@@H]4C[C@H](O)CC[C@]4(C)[C@H]3CC[C@]12C,CHEMBL272427,TAURURSODIOL,CHEMBL272427,TAURURSODIOL,2022,False
O=C1O[C@H]([C@@H](O)CO)C(O)=C1O,CHEMBL196,ASCORBIC ACID,CHEMBL196,ASCORBIC ACID,1985,False
C[C@H](CS)C(=O)N1CCC[C@H]1C(=O)O,CHEMBL1560,CAPTOPRIL,CHEMBL1560,CAPTOPRIL,1981,False
CN1[C@@H]2CC[C@H]1C[C@@H](OC(=O)C(CO)c1ccccc1)C2,CHEMBL517712,ATROPINE,CHEMBL517712;CHEMBL2146146,ATROPINE;ATROPINE SULFATE,1960,False
OCCN1C[C@H](O)[C@@H](O)[C@H](O)[C@H]1CO,CHEMBL1561,MIGLITOL,CHEMBL1561,MIGLITOL,1996,False
CO[C@@]12CC[C@@]3(C[C@@H]1[C@](C)(O)C(C)(C)C)[C@H]1Cc4ccc(O)c5c4[C@@]3(CCN1CC1CC1)[C@H]2O5,CHEMBL511142,BUPRENORPHINE,CHEMBL511142;CHEMBL2368861,BUPRENORPHINE;BUPRENORPHINE HYDROCHLORIDE,1981,False
COc1cc2c(cc1OC)CC(=O)N(CCCN(C)C[C@H]1Cc3cc(OC)c(OC)cc31)CC2,CHEMBL471737,IVABRADINE,CHEMBL471737;CHEMBL2145077,IVABRADINE;IVABRADINE HYDROCHLORIDE,2005,False
COc1ccc2c(O[C@@H]3C[C@H]4C(=O)N[C@]5(C(=O)NS(=O)(=O)C6CC6)C[C@H]5/C=C\CCCCN(C)C(=O)[C@@H]4C3)cc(-c3nc(C(C)C)cs3)nc2c1C,CHEMBL501849,SIMEPREVIR,CHEMBL501849;CHEMBL3137358,SIMEPREVIR;SIMEPREVIR SODIUM,2013,False
CS(=O)(=O)OC[C@H](O)[C@@H](O)COS(C)(=O)=O,CHEMBL455186,TREOSULFAN,CHEMBL455186,TREOSULFAN,2019,False
CCOC(N)=O,CHEMBL462547,URETHANE,CHEMBL462547,URETHANE,,True
Cc1ccc(S(=O)(=O)NC(=O)N[C@H]2[C@H]3CC[C@@](C)([C@H]2O)C3(C)C)cc1,CHEMBL529888,GLIBORNURIDE,CHEMBL529888,GLIBORNURIDE,,False
O=S(O)CNc1ccc(S(=O)(=O)c2ccc(NCS(=O)O)cc2)cc1,CHEMBL1570,SULFOXONE,CHEMBL1570;CHEMBL1200580,SULFOXONE;SULFOXONE SODIUM,1982,False
COc1cc([C@@H]2c3cc4c(cc3[C@@H](O[C@@H]3O[C@@H]5CO[C@@H](c6cccs6)O[C@H]5[C@H](O)[C@H]3O)[C@H]3COC(=O)[C@H]23)OCO4)cc(OC)c1O,CHEMBL452231,TENIPOSIDE,CHEMBL452231,TENIPOSIDE,1992,False
C[C@]12C=CC(=O)C=C1CC[C@@H]1[C@@H]2CC[C@]2(C)OC(=O)CC[C@@H]12,CHEMBL1571,TESTOLACTONE,CHEMBL1571,TESTOLACTONE,1969,False
Cc1c(N(C)CS(=O)(=O)O)c(=O)n(-c2ccccc2)n1C,CHEMBL461522,METAMIZOLE,CHEMBL461522;CHEMBL3989803,METAMIZOLE;DIPYRONE,,True
CC(=O)Nc1c(I)c(C(=O)N[C@H]2C(O)O[C@H](CO)[C@@H](O)[C@@H]2O)c(I)c(N(C)C(C)=O)c1I,CHEMBL462394,METRIZAMIDE,CHEMBL462394,METRIZAMIDE,1978,False
CCN[C@@H]1C[C@H](N)[C@@H](O[C@H]2OC(CN)=CC[C@H]2N)[C@H](O)[C@H]1O[C@H]1OC[C@](C)(O)[C@H](NC)[C@H]1O,CHEMBL1572,NETILMICIN,CHEMBL1572;CHEMBL3989829,NETILMICIN;NETILMICIN SULFATE,1983,False
CC(C)(N)Cc1ccccc1,CHEMBL1574,PHENTERMINE,CHEMBL1574;CHEMBL1200912,PHENTERMINE;PHENTERMINE HYDROCHLORIDE,1959;1973,True;False
C#CC1(OC(N)=O)CCCCC1,CHEMBL1576,ETHINAMATE,CHEMBL1576,ETHINAMATE,1982,False
CN1C(CCl)Nc2cc(Cl)c(S(N)(=O)=O)cc2S1(=O)=O,CHEMBL1577,METHYCLOTHIAZIDE,CHEMBL1577,METHYCLOTHIAZIDE,1960,False
CCCC(CCC)C(=O)O[C@H]1C[C@H]2CC[C@@H](C1)[N+]2(C)C,CHEMBL1186610,ANISOTROPINE,CHEMBL1578;CHEMBL1186610,ANISOTROPINE METHYLBROMIDE;ANISOTROPINE,1962,False
OC[C@H]1O[C@@H](n2cnc3c2N=CNC[C@H]3O)C[C@@H]1O,CHEMBL1580,PENTOSTATIN,CHEMBL1580,PENTOSTATIN,1991,False
CCC[C@H](N[C@@H](C)C(=O)N1[C@H](C(=O)O)C[C@@H]2CCCC[C@@H]21)C(=O)OCC,CHEMBL1581,PERINDOPRIL,CHEMBL1581;CHEMBL1200343;CHEMBL3544986,PERINDOPRIL;PERINDOPRIL ERBUMINE;PERINDOPRIL ARGININE,1993;2015,False
CC(=O)OC[C@H]1O[C@@H](n2ncc(=O)[nH]c2=O)[C@H](OC(C)=O)[C@@H]1OC(C)=O,CHEMBL515914,AZARIBINE,CHEMBL515914,AZARIBINE,,True
OC(O)C(Cl)(Cl)Cl,CHEMBL455917,CHLORAL HYDRATE,CHEMBL455917,CHLORAL HYDRATE,,False
CCOC(=O)[C@H](CCc1ccccc1)N[C@H]1CCCN2CCC[C@@H](C(=O)O)N2C1=O,CHEMBL515606,CILAZAPRIL,CHEMBL515606,CILAZAPRIL,,False
CCOC(=O)OC(C)OC(=O)[C@@H]1N2C(=O)[C@@H](NC(=O)[C@H](N)c3ccccc3)[C@H]2SC1(C)C,CHEMBL1583,BACAMPICILLIN,CHEMBL1583;CHEMBL1200965,BACAMPICILLIN;BACAMPICILLIN HYDROCHLORIDE,1980,False
CC(=O)c1ccc2c(c1)N(CCCN1CCC(CCO)CC1)c1ccccc1S2,CHEMBL1584,PIPERACETAZINE,CHEMBL1584,PIPERACETAZINE,1969,False
O=C(CCBr)N1CCN(C(=O)CCBr)CC1,CHEMBL1585,PIPOBROMAN,CHEMBL1585,PIPOBROMAN,1966,False
Cc1ncc(CSSCc2cnc(C)c(O)c2CO)c(CO)c1O,CHEMBL488093,PYRITINOL,CHEMBL488093,PYRITINOL,,True
CN1C(CSCC(F)(F)F)Nc2cc(Cl)c(S(N)(=O)=O)cc2S1(=O)=O,CHEMBL1587,POLYTHIAZIDE,CHEMBL1587,POLYTHIAZIDE,1961,False
Cn1c(CCCC(=O)O)nc2cc(N(CCCl)CCCl)ccc21,CHEMBL487253,BENDAMUSTINE,CHEMBL487253;CHEMBL1201734,BENDAMUSTINE;BENDAMUSTINE HYDROCHLORIDE,2008,False
CC(=O)c1ccc(S(=O)(=O)NC(=O)NC2CCCCC2)cc1,CHEMBL1589,ACETOHEXAMIDE,CHEMBL1589,ACETOHEXAMIDE,1964,False
CN[C@@H](C)[C@@H](O)c1ccccc1,CHEMBL1590,PSEUDOEPHEDRINE,CHEMBL1590;CHEMBL1200724;CHEMBL1201483;CHEMBL3989855,PSEUDOEPHEDRINE;PSEUDOEPHEDRINE HYDROCHLORIDE;PSEUDOEPHEDRINE POLISTIREX;PSEUDOEPHEDRINE SULFATE,1963;1975;1987,False
CN(C)[C@@H]1C(O)=C(C(N)=O)C(=O)[C@@]2(O)C(O)=C3C(=O)c4c(O)ccc(Cl)c4[C@@H](O)[C@H]3C[C@@H]12,CHEMBL1591,DEMECLOCYCLINE,CHEMBL1591;CHEMBL1200474,DEMECLOCYCLINE;DEMECLOCYCLINE HYDROCHLORIDE,1960,False
CCOC(=O)[C@H](CCc1ccccc1)N[C@@H](C)C(=O)N1Cc2ccccc2C[C@H]1C(=O)O,CHEMBL1592,QUINAPRIL,CHEMBL1592;CHEMBL1201011,QUINAPRIL;QUINAPRIL HYDROCHLORIDE,1991,False
CC(C)(CO)[C@@H](O)C(=O)NCCC(=O)O,CHEMBL1594,PANTOTHENIC ACID,CHEMBL1594,PANTOTHENIC ACID,1993,False
CC1(C)[C@@H](OC(=O)CCC(=O)O)CC[C@]2(C)[C@H]3C(=O)C=C4[C@@H]5C[C@@](C)(C(=O)O)CC[C@]5(C)CC[C@@]4(C)[C@]3(C)CC[C@@H]12,CHEMBL499915,CARBENOXOLONE,CHEMBL499915;CHEMBL1697717,CARBENOXOLONE;CARBENOXOLONE SODIUM,,False
COc1ccc2c3c1O[C@H]1[C@@H](O)CC[C@H]4[C@@H](C2)N(C)CC[C@@]341,CHEMBL1595,DIHYDROCODEINE,CHEMBL1595;CHEMBL2062266,DIHYDROCODEINE;DIHYDROCODEINE BITARTRATE,1983,False
Clc1ccc(CCCOCCCN2CCCCC2)cc1,CHEMBL462605,PITOLISANT,CHEMBL462605;CHEMBL4164059,PITOLISANT;PITOLISANT HYDROCHLORIDE,2016,False
CC1(C)S[C@@H]2[C@H](NC(=O)C(C(=O)Oc3ccc4c(c3)CCC4)c3ccccc3)C(=O)N2[C@H]1C(=O)O,CHEMBL1596,CARBENICILLIN INDANYL,CHEMBL1596;CHEMBL1200991,CARBENICILLIN INDANYL;CARBENICILLIN INDANYL SODIUM,1972,False
OCC(S)CS,CHEMBL1597,DIMERCAPROL,CHEMBL1597,DIMERCAPROL,1946,False
CC(=O)OCC1=C(C(=O)O)N2C(=O)[C@@H](NC(=O)CSc3ccncc3)[C@H]2SC1,CHEMBL1599,CEPHAPIRIN,CHEMBL1599;CHEMBL1201043,CEPHAPIRIN;CEPHAPIRIN SODIUM,1974,False
O=C(O)C1=C(CSc2nnnn2CS(=O)(=O)O)CS[C@@H]2[C@H](NC(=O)[C@H](O)c3ccccc3)C(=O)N12,CHEMBL1601,CEFONICID,CHEMBL1601;CHEMBL1201005,CEFONICID;CEFONICID SODIUM,1984,False
CC1=C(C(=O)O)N2C(=O)[C@@H](NC(=O)[C@H](N)C3=CCC=CC3)[C@H]2SC1,CHEMBL1604,CEPHRADINE,CHEMBL1604,CEPHRADINE,1974,False
Nc1nc(/C(=C/CC(=O)O)C(=O)N[C@@H]2C(=O)N3C(C(=O)O)=CCS[C@H]23)cs1,CHEMBL1605,CEFTIBUTEN,CHEMBL1605;CHEMBL1200985,CEFTIBUTEN;CEFTIBUTEN DIHYDRATE,1995,False
CC1=NN(c2ccc(C)c(C)c2)C(=O)/C1=N\Nc1cccc(-c2cccc(C(=O)O)c2)c1O,CHEMBL461101,ELTROMBOPAG,CHEMBL461101;CHEMBL3989691;CHEMBL6068328,ELTROMBOPAG;ELTROMBOPAG OLAMINE;ELTROMBOPAG CHOLINE,2008;2023,False
CN1CCOC(c2ccccc2)c2ccccc2C1,CHEMBL465026,NEFOPAM,CHEMBL465026;CHEMBL1407915,NEFOPAM;NEFOPAM HYDROCHLORIDE,,False
CO[C@@]1(NC(=O)C2SC(=C(C(N)=O)C(=O)O)S2)C(=O)N2C(C(=O)O)=C(CSc3nnnn3C)CS[C@@H]21,CHEMBL474579,CEFOTETAN,CHEMBL474579;CHEMBL1201098,CEFOTETAN;CEFOTETAN DISODIUM,1985,False
CCOc1cc([C@@H](CS(C)(=O)=O)N2C(=O)c3cccc(NC(C)=O)c3C2=O)ccc1OC,CHEMBL514800,APREMILAST,CHEMBL514800,APREMILAST,2014,False
COc1ccc(NC(=O)c2ccc(C(=N)N(C)C)cc2)c(C(=O)Nc2ccc(Cl)cn2)c1,CHEMBL512351,BETRIXABAN,CHEMBL512351,BETRIXABAN,2017,False
O=C([C@@H]1C[C@H](N2CCN(c3ncccn3)CC2)CN1)N1CCC(F)(F)C1,CHEMBL515387,GOSOGLIPTIN,CHEMBL515387,GOSOGLIPTIN,2016,False
CS(=O)(=O)c1ccc(C(=O)Nc2ccc(Cl)c(-c3ccccn3)c2)c(Cl)c1,CHEMBL473417,VISMODEGIB,CHEMBL473417,VISMODEGIB,2012,False
C[C@@H](O)[C@H]1C(=O)N2C(C(=O)O)=C(S[C@@H]3CN[C@H](CNS(N)(=O)=O)C3)[C@H](C)[C@H]12,CHEMBL491571,DORIPENEM,CHEMBL491571;CHEMBL4303454,DORIPENEM;DORIPENEM MONOHYDRATE,2007;2008,False
CC(C)(C)NCC(O)COc1cccc2c1CC(O)C(O)C2,CHEMBL521606,NADOLOL,CHEMBL521606,NADOLOL,1979,False
C[C@H]1O[C@@H](O[C@H]2CC[C@@]3(C)[C@H](CC[C@@H]4[C@@H]3C[C@@H](O)[C@]3(C)[C@@H](C5=CC(=O)OC5)CC[C@]43O)C2)C[C@H](O)[C@@H]1O[C@H]1C[C@H](O)[C@H](O[C@H]2C[C@H](O)[C@H](O[C@@H]3O[C@H](CO)[C@@H](O)[C@H](O)[C@H]3O)[C@@H](C)O2)[C@@H](C)O1,CHEMBL1614,DESLANOSIDE,CHEMBL1614,DESLANOSIDE,1982,False
CO[C@H]1/C=C/O[C@@]2(C)Oc3c(C)c(O)c4c(O)c(c5c(nc6cc(C)ccn65)c4c3C2=O)NC(=O)/C(C)=C\C=C\[C@H](C)[C@H](O)[C@@H](C)[C@@H](O)[C@@H](C)[C@H](OC(C)=O)[C@@H]1C,CHEMBL1617,RIFAXIMIN,CHEMBL1617,RIFAXIMIN,2004,False
Cn1nnnc1SCC1=C(C(=O)O)N2C(=O)[C@@H](NC(=O)[C@H](OC=O)c3ccccc3)[C@H]2SC1,CHEMBL1201218,CEFAMANDOLE NAFATE FREE BASE,CHEMBL1618;CHEMBL1201218,CEFAMANDOLE NAFATE;CEFAMANDOLE NAFATE FREE BASE,1978,False
Nc1nc(Cl)nc2c1ncn2[C@H]1C[C@H](O)[C@@H](CO)O1,CHEMBL1619,CLADRIBINE,CHEMBL1619,CLADRIBINE,1993,False
Cc1nc2n(c(=O)c1CCN1CCC(c3noc4cc(F)ccc34)CC1)CCCC2O,CHEMBL1621,PALIPERIDONE,CHEMBL1621,PALIPERIDONE,2006,False
Nc1nc(=O)c2nc(CNc3ccc(C(=O)N[C@@H](CCC(=O)O)C(=O)O)cc3)cnc2[nH]1,CHEMBL1622,FOLIC ACID,CHEMBL1622,FOLIC ACID,1982,False
C[N+]1(C)CCCC(OC(=O)C(O)(c2ccccc2)c2ccccc2)C1,CHEMBL524004,MEPENZOLATE,CHEMBL524004;CHEMBL1724,MEPENZOLATE;MEPENZOLATE BROMIDE,1956,False
Cc1cccc(CN2CCN(C(c3ccccc3)c3ccc(Cl)cc3)CC2)c1,CHEMBL1623,MECLIZINE,CHEMBL1623;CHEMBL3989555,MECLIZINE;MECLIZINE HYDROCHLORIDE,1957,False
N[C@@H](Cc1cc(I)c(Oc2cc(I)c(O)c(I)c2)c(I)c1)C(=O)O,CHEMBL1624,LEVOTHYROXINE,CHEMBL1624;CHEMBL2103741,LEVOTHYROXINE;LEVOTHYROXINE SODIUM,1982,False
Oc1cccc(-c2c3nc(c(-c4cccc(O)c4)c4ccc([nH]4)c(-c4cccc(O)c4)c4nc(c(-c5cccc(O)c5)c5ccc2[nH]5)CC4)C=C3)c1,CHEMBL500576,TEMOPORFIN,CHEMBL500576,TEMOPORFIN,2001,False
COc1ccc(C(=O)c2ccccc2)c(O)c1,CHEMBL1625,OXYBENZONE,CHEMBL1625,OXYBENZONE,1992,False
CN1CCC[C@@H]1CCO[C@](C)(c1ccccc1)c1ccc(Cl)cc1,CHEMBL1626,CLEMASTINE,CHEMBL1626;CHEMBL1200795,CLEMASTINE;CLEMASTINE FUMARATE,1977,False
O=C(c1cc(Cc2n[nH]c(=O)c3ccccc23)ccc1F)N1CCN(C(=O)C2CC2)CC1,CHEMBL521686,OLAPARIB,CHEMBL521686,OLAPARIB,2014,False
N[C@H]1C(O)O[C@H](CO)[C@@H](O)[C@@H]1O,CHEMBL493287,GLUCOSAMINE,CHEMBL493287;CHEMBL1707007;CHEMBL3989750,GLUCOSAMINE;GLUCOSAMINE HYDROCHLORIDE;GLUCOSAMINE SULFATE,,False
CCCCCCc1ccc(O)cc1O,CHEMBL443605,HEXYLRESORCINOL,CHEMBL443605,HEXYLRESORCINOL,2004,False
CCOC(=O)CN[C@@H](C(=O)N1CC[C@H]1C(=O)NCc1ccc(/C(N)=N\O)cc1)C1CCCCC1,CHEMBL522038,XIMELAGATRAN,CHEMBL522038,XIMELAGATRAN,,True
CCCCCCCC(=O)OC[C@@H](O)[C@@H](OC)[C@@H]1OC(C(=O)O)=C[C@H](NC(=N)N)[C@H]1NC(C)=O,CHEMBL467058,LANINAMIVIR OCTANOATE,CHEMBL467058,LANINAMIVIR OCTANOATE,2010,False
COCCCOc1cc(C[C@@H](C[C@H](N)[C@@H](O)C[C@H](C(=O)NCC(C)(C)C(N)=O)C(C)C)C(C)C)ccc1OC,CHEMBL1639,ALISKIREN,CHEMBL1639;CHEMBL3545059,ALISKIREN;ALISKIREN FUMARATE,2007,False
Cc1cc(-c2ccc(/N=N/c3c(S(=O)(=O)O)cc4cc(S(=O)(=O)O)cc(N)c4c3O)c(C)c2)ccc1/N=N/c1c(S(=O)(=O)O)cc2cc(S(=O)(=O)O)cc(N)c2c1O,CHEMBL1089641,TRYPAN BLUE FREE ACID,CHEMBL1640;CHEMBL1089641,TRYPAN BLUE;TRYPAN BLUE FREE ACID,2004,False
C[C@]12CCC(=O)C=C1CC[C@@H]1[C@@H]2[C@@H](O)C[C@@]2(C)[C@H]1CC[C@]2(O)C(=O)COP(=O)(O)O,CHEMBL1641,HYDROCORTISONE PHOSPHORIC ACID,CHEMBL1641;CHEMBL1200968,HYDROCORTISONE PHOSPHORIC ACID;HYDROCORTISONE SODIUM PHOSPHATE,1960,False
CC[C@H](C)[C@H]1NC(=O)[C@@H](NC(=O)[C@@H](CC(C)C)N(C)C(=O)[C@@H]2CCCN2C(=O)C(C)=O)[C@@H](C)OC(=O)[C@H](Cc2ccc(OC)cc2)N(C)C(=O)[C@@H]2CCCN2C(=O)[C@H](CC(C)C)NC(=O)[C@@H](C)C(=O)[C@H](C(C)C)OC(=O)C[C@@H]1O,CHEMBL451930,PLITIDEPSIN,CHEMBL451930,PLITIDEPSIN,2018,False
NC(=O)c1ncn([C@@H]2O[C@H](CO)[C@@H](O)[C@H]2O)n1,CHEMBL1643,RIBAVIRIN,CHEMBL1643,RIBAVIRIN,1985,False
CC1=C(C(=O)O)N2C(=O)[C@@H](NC(=O)[C@H](N)c3ccc(O)cc3)[C@H]2SC1,CHEMBL1644,CEFADROXIL,CHEMBL1644,CEFADROXIL,1978,False
C[C@]12CC[C@@H]3c4ccc(OS(=O)(=O)O)cc4CC[C@H]3[C@@H]1CCC2=O,CHEMBL494753,ESTRONE SULFURIC ACID,CHEMBL494753;CHEMBL1200980,ESTRONE SULFURIC ACID;ESTROPIPATE,1977,False
CC(C)(C)n1ncc(OCc2ccc(COCCF)cc2)c(Cl)c1=O,CHEMBL494622,FLURPIRIDAZ,CHEMBL494622;CHEMBL2107799,FLURPIRIDAZ;FLURPIRIDAZ F 18,2024,False
CC1(C)C(/C=C/C=C/C=C/C=C2\N(CCCCS(=O)(=O)O)c3ccc4ccccc4c3C2(C)C)=[N+](CCCCS(=O)(=O)[O-])c2ccc3ccccc3c21,CHEMBL1201304,INDOCYANINE GREEN ACID FORM,CHEMBL1646;CHEMBL1201304,INDOCYANINE GREEN;INDOCYANINE GREEN ACID FORM,1959,False
COC(=O)C1=C(C)NC(C)=C(C(=O)OC(C)C)C1c1cccc2nonc12,CHEMBL1648,ISRADIPINE,CHEMBL1648,ISRADIPINE,1990,False
CCOC(=O)N[C@@H]1CC[C@@H]2[C@@H](C1)C[C@H]1C(=O)O[C@H](C)[C@H]1[C@H]2/C=C/c1ccc(-c2cccc(F)c2)cn1,CHEMBL493982,VORAPAXAR,CHEMBL493982;CHEMBL2107386,VORAPAXAR;VORAPAXAR SULFATE,2014,False
CC(=O)OCC(=O)[C@@]1(O)CC[C@H]2[C@@H]3CCC4=CC(=O)CC[C@]4(C)[C@H]3C(=O)C[C@@]21C,CHEMBL1650,CORTISONE ACETATE,CHEMBL1650,CORTISONE ACETATE,1950,False
CC/C=C(\C)C1(CC)C(=O)NC(=O)NC1=O,CHEMBL503565,VINBARBITAL,CHEMBL503565,VINBARBITAL,,True
CCC1(C2=CCCCCC2)C(=O)NC(=O)NC1=O,CHEMBL468837,HEPTABARBITAL,CHEMBL468837,HEPTABARBITAL,,True
Cc1ccc(Nc2nccc(N(C)c3ccc4c(C)n(C)nc4c3)n2)cc1S(N)(=O)=O,CHEMBL477772,PAZOPANIB,CHEMBL477772;CHEMBL1201733,PAZOPANIB;PAZOPANIB HYDROCHLORIDE,2009,False
CC[N+](CC)(CCNC(=O)C(=O)NCC[N+](CC)(CC)Cc1ccccc1Cl)Cc1ccccc1Cl,CHEMBL1652,AMBENONIUM,CHEMBL1652;CHEMBL1200541,AMBENONIUM;AMBENONIUM CHLORIDE,1956,False
OCC(CO)N[C@H]1C[C@](O)(CO)[C@@H](O)[C@H](O)[C@H]1O,CHEMBL476960,VOGLIBOSE,CHEMBL476960,VOGLIBOSE,1994,False
COc1cc2c(cc1O)CCN[C@]21CS[C@@H]2c3c(OC(C)=O)c(C)c4c(c3[C@H](COC1=O)N1[C@@H]2[C@H]2c3c(cc(C)c(OC)c3O)C[C@@H]([C@@H]1O)N2C)OCO4,CHEMBL450449,TRABECTEDIN,CHEMBL450449,TRABECTEDIN,2007,False
CN(C)CCOc1ccc(/C(=C(/CCCl)c2ccccc2)c2ccccc2)cc1,CHEMBL1655,TOREMIFENE,CHEMBL1655;CHEMBL1200675,TOREMIFENE;TOREMIFENE CITRATE,1996,False
CCOC(=O)c1ccc(C#Cc2ccc3c(c2)C(C)(C)CCS3)nc1,CHEMBL1657,TAZAROTENE,CHEMBL1657,TAZAROTENE,1997,False
C=C[C@]1(C)C[C@@H](OC(=O)CS[C@@H]2C[C@H]3CC[C@@H](C2)N3C)[C@]2(C)[C@H](C)CC[C@]3(CCC(=O)[C@H]32)[C@@H](C)[C@@H]1O,CHEMBL1658,RETAPAMULIN,CHEMBL1658,RETAPAMULIN,2007,False
CCO/N=C(\C(=O)N[C@@H]1C(=O)N2C(C(=O)[O-])=C(Sc3nc(-c4cc[n+](C)cc4)cs3)CS[C@H]12)c1nsc(NP(=O)(O)O)n1,CHEMBL501122,CEFTAROLINE FOSAMIL,CHEMBL501122;CHEMBL3544973,CEFTAROLINE FOSAMIL;CEFTAROLINE FOSAMIL ACETATE,2010,False
CO[C@H]1/C=C/O[C@@]2(C)Oc3c(C)c(O)c4c(O)c(c(/C=N/N5CCN(C6CCCC6)CC5)c(O)c4c3C2=O)NC(=O)/C(C)=C\C=C\[C@H](C)[C@H](O)[C@@H](C)[C@@H](O)[C@@H](C)[C@H](OC(C)=O)[C@@H]1C,CHEMBL1660,RIFAPENTINE,CHEMBL1660,RIFAPENTINE,1998,False
OC[C@@H](O)[C@@H](O[C@@H]1O[C@H](CO)[C@H](O)[C@H](O)[C@H]1O)[C@H](O)[C@@H](O)CO,CHEMBL1661,LACTITOL,CHEMBL1661,LACTITOL,2020,False
Cc1ncc([N+](=O)[O-])n1CC(C)O,CHEMBL498847,SECNIDAZOLE,CHEMBL498847,SECNIDAZOLE,2017,False
FC(F)(F)C(F)(F)C(F)(F)F,CHEMBL1663,PERFLUTREN,CHEMBL1663,PERFLUTREN,1998,False
OC(c1ccccc1)(c1ccccc1)C12CC[N+](CCOCc3ccccc3)(CC1)CC2,CHEMBL1187833,UMECLIDINIUM,CHEMBL523299;CHEMBL1187833,UMECLIDINIUM BROMIDE;UMECLIDINIUM,2013,False
Cc1[nH]c2ccccc2c1CCNCc1ccc(/C=C/C(=O)NO)cc1,CHEMBL483254,PANOBINOSTAT,CHEMBL483254;CHEMBL3545368,PANOBINOSTAT;PANOBINOSTAT LACTATE,2015,False
CCC(C)(C)c1ccc(CC(C)CN2C[C@@H](C)O[C@@H](C)C2)cc1,CHEMBL489411,AMOROLFINE,CHEMBL489411,AMOROLFINE,,False
CC(C)CN(C[C@@H](OP(=O)(O)O)[C@H](Cc1ccccc1)NC(=O)O[C@H]1CCOC1)S(=O)(=O)c1ccc(N)cc1,CHEMBL1664,FOSAMPRENAVIR,CHEMBL1664;CHEMBL1200734,FOSAMPRENAVIR;FOSAMPRENAVIR CALCIUM,2003,False
CCCCCOc1ccc(-c2cc(-c3ccc(C(=O)N[C@H]4C[C@@H](O)[C@@H](O)NC(=O)[C@@H]5[C@@H](O)[C@@H](C)CN5C(=O)[C@H]([C@H](O)CC(N)=O)NC(=O)[C@H]([C@H](O)[C@@H](O)c5ccc(O)c(OS(=O)(=O)O)c5)NC(=O)[C@@H]5C[C@@H](O)CN5C(=O)[C@H]([C@@H](C)O)NC4=O)cc3)no2)cc1,CHEMBL457547,MICAFUNGIN,CHEMBL457547;CHEMBL1237070,MICAFUNGIN;MICAFUNGIN SODIUM,2005,False
COC(=O)[C@H]1[C@H]2C[C@@H]3c4[nH]c5cc(OC)ccc5c4CCN3C[C@H]2C[C@@H](OC(=O)/C=C/c2cc(OC)c(OC)c(OC)c2)[C@@H]1OC,CHEMBL1668,RESCINNAMINE,CHEMBL1668,RESCINNAMINE,1956,False
Clc1ccc(C(c2ccccc2Cl)C(Cl)Cl)cc1,CHEMBL1670,MITOTANE,CHEMBL1670,MITOTANE,1970,False
COCC1=C(C(=O)O)N2C(=O)[C@@H](NC(=O)/C(=N\OC)c3csc(N)n3)[C@H]2SC1,CHEMBL1672,CEFPODOXIME,CHEMBL1672,CEFPODOXIME,,False
CO/N=C(\C(=O)N[C@@H]1C(=O)N2C(C(=O)OCOC(=O)C(C)(C)C)=C(/C=C\c3scnc3C)CS[C@H]12)c1csc(N)n1,CHEMBL454446,CEFDITOREN PIVOXIL,CHEMBL454446,CEFDITOREN PIVOXIL,2001,False
NCCCCN(Cc1nc2ccccc2[nH]1)[C@H]1CCCc2cccnc21,CHEMBL518924,MAVORIXAFOR,CHEMBL518924,MAVORIXAFOR,2024,False
CCCCCCCCCCCCCCCC(=O)OC/C=C(C)/C=C/C=C(C)/C=C/C1=C(C)CCCC1(C)C,CHEMBL1675,VITAMIN A PALMITATE,CHEMBL1675,VITAMIN A PALMITATE,1982,False
C[C@@H]1C[C@H]2[C@@H]3C[C@H](F)C4=CC(=O)C=C[C@]4(C)[C@@]3(F)[C@@H](O)C[C@]2(C)[C@@]1(OC(=O)c1ccco1)C(=O)SCF,CHEMBL1676,FLUTICASONE FUROATE,CHEMBL1676,FLUTICASONE FUROATE,2007,False
CCN1CCN(C(=O)N[C@@H](C(=O)N[C@@H]2C(=O)N3C(C(=O)O)=C(CSc4nnnn4C)CS[C@H]23)c2ccc(O)cc2)C(=O)C1=O,CHEMBL507674,CEFOPERAZONE,CHEMBL507674;CHEMBL1200482,CEFOPERAZONE;CEFOPERAZONE SODIUM,1982,False
Nc1nc(=O)c2c([nH]1)NCC(CNc1ccc(C(=O)N[C@@H](CCC(=O)O)C(=O)O)cc1)N2C=O,CHEMBL1679,LEUCOVORIN,CHEMBL1679;CHEMBL1201138,LEUCOVORIN;LEUCOVORIN CALCIUM,1952,False
O=C(O)CNC(=O)c1ccccc1I,CHEMBL1681,IODOHIPPURATE,CHEMBL1681;CHEMBL1200439;CHEMBL1200763,IODOHIPPURATE;IODOHIPPURATE SODIUM I 123;IODOHIPPURATE SODIUM I 131,1982;1984,False
OC[C@@H](O)[C@@H](O)[C@H](O)[C@@H](O)CO,CHEMBL1682,SORBITOL,CHEMBL1682,SORBITOL,1982,False
CCCC(=O)O[C@]1(C(=O)CO)CC[C@H]2[C@@H]3CCC4=CC(=O)CC[C@]4(C)[C@H]3[C@@H](O)C[C@@]21C,CHEMBL1683,HYDROCORTISONE BUTYRATE,CHEMBL1683,HYDROCORTISONE BUTYRATE,1982,False
COc1cccc(-c2c(C)n(Cc3c(F)cccc3C(F)(F)F)c(=O)n(C[C@H](NCCCC(=O)O)c3ccccc3)c2=O)c1F,CHEMBL1208155,ELAGOLIX,CHEMBL502182;CHEMBL1208155,ELAGOLIX SODIUM;ELAGOLIX,2018,False
NS(=O)(=O)c1cc2c(cc1C(F)(F)F)NC(Cc1ccccc1)NS2(=O)=O,CHEMBL1684,BENDROFLUMETHIAZIDE,CHEMBL1684,BENDROFLUMETHIAZIDE,1959,False
Cc1cc(NS(=O)(=O)c2ccc(N)cc2)nc(C)n1,CHEMBL485696,SULFISOMIDINE,CHEMBL485696,SULFISOMIDINE,,True
CCOC(=O)n1ccn(C)c1=S,CHEMBL508102,CARBIMAZOLE,CHEMBL508102,CARBIMAZOLE,,False
C[C@@]12CCCCC[C@@H](Cc3ccc(O)cc31)[C@@H]2N,CHEMBL1685,DEZOCINE,CHEMBL1685,DEZOCINE,1989,False
CC(C)Nc1nc2cc(Cl)c(Cl)cc2n1[C@H]1O[C@@H](CO)[C@H](O)[C@@H]1O,CHEMBL515408,MARIBAVIR,CHEMBL515408,MARIBAVIR,2021,False
N#Cc1ccc(Oc2ccc3c(c2)COB3O)cc1,CHEMBL484785,CRISABOROLE,CHEMBL484785,CRISABOROLE,2016,False
COC(=O)c1ccc2c(c1)NC(=O)/C2=C(\Nc1ccc(N(C)C(=O)CN2CCN(C)CC2)cc1)c1ccccc1,CHEMBL502835,NINTEDANIB,CHEMBL502835;CHEMBL3039504,NINTEDANIB;NINTEDANIB ESYLATE,2014,False
CCN(CC)C(C)C(=O)c1ccccc1,CHEMBL1194666,DIETHYLPROPION,CHEMBL1693;CHEMBL1194666,DIETHYLPROPION HYDROCHLORIDE;DIETHYLPROPION,1959,True
CN(C)CC/C=C1/c2ccccc2COc2ccc(CC(=O)O)cc21,CHEMBL1189432,OLOPATADINE,CHEMBL1719;CHEMBL1189432,OLOPATADINE HYDROCHLORIDE;OLOPATADINE,1996,False
O=C1c2cccc3c2[C@H](CCC3)CN1[C@@H]1CN2CCC1CC2,CHEMBL1189679,PALONOSETRON,CHEMBL1720;CHEMBL1189679,PALONOSETRON HYDROCHLORIDE;PALONOSETRON,2003,False
COCC(=O)Nc1c(I)c(C(=O)NCC(O)CO)c(I)c(C(=O)N(C)CC(O)CO)c1I,CHEMBL1725,IOPROMIDE,CHEMBL1725,IOPROMIDE,1995,False
COC(=O)C1=C(C)NC(C)=C(C(=O)OCC(C)C)C1c1ccccc1[N+](=O)[O-],CHEMBL1726,NISOLDIPINE,CHEMBL1726,NISOLDIPINE,1995,False
CC1=C(C(=O)O)N2C(=O)[C@@H](NC(=O)[C@H](N)c3ccccc3)[C@H]2SC1,CHEMBL1727,CEPHALEXIN ANHYDROUS,CHEMBL1727;CHEMBL1200366;CHEMBL1200544,CEPHALEXIN ANHYDROUS;CEPHALEXIN HYDROCHLORIDE;CEPHALEXIN,1971;1987,False
COc1cc(N)c(Cl)cc1C(=O)NC1CCN(CCCOc2ccc(F)cc2)CC1OC,CHEMBL1729,CISAPRIDE,CHEMBL1729;CHEMBL1200788,CISAPRIDE;CISAPRIDE MONOHYDRATE,1993,True
CCCCC[C@H](O)CC[C@@H]1[C@H]2Cc3cccc(OCC(=O)O)c3C[C@H]2C[C@H]1O,CHEMBL1237119,TREPROSTINIL,CHEMBL561157;CHEMBL1237119;CHEMBL2107815,TREPROSTINIL SODIUM;TREPROSTINIL;TREPROSTINIL DIOLAMINE,2020;2002;2013,False
CC1(C)S[C@@H]2[C@H](NC(=O)[C@H](NC(=O)N3CCN(S(C)(=O)=O)C3=O)c3ccccc3)C(=O)N2[C@H]1C(=O)O,CHEMBL1731,MEZLOCILLIN,CHEMBL1731;CHEMBL1697708,MEZLOCILLIN;MEZLOCILLIN SODIUM,1981,False
CN1C[C@H](C(=O)N[C@]2(C)O[C@@]3(O)[C@@H]4CCCN4C(=O)[C@H](Cc4ccccc4)N3C2=O)C[C@@H]2c3cccc4[nH]cc(c34)C[C@H]21,CHEMBL1732,DIHYDROERGOTAMINE,CHEMBL1732;CHEMBL1200517,DIHYDROERGOTAMINE;DIHYDROERGOTAMINE MESYLATE,1946,False
CO[C@H]1C[C@H](O[C@H]2[C@H](C)[C@@H](O[C@@H]3O[C@H](C)C[C@H](N(C)C)[C@H]3OC(C)=O)[C@@H](C)C[C@@]3(CO3)C(=O)[C@H](C)[C@@H](OC(C)=O)[C@@H](C)[C@@H](C)OC(=O)[C@@H]2C)O[C@@H](C)[C@@H]1OC(C)=O,CHEMBL564085,TROLEANDOMYCIN,CHEMBL564085,TROLEANDOMYCIN,1969,False
CCC1=C[C@@H]2CN(C1)Cc1c([nH]c3ccccc13)[C@@](C(=O)OC)(c1cc3c(cc1OC)N(C)[C@H]1[C@@](O)(C(=O)OC)[C@H](OC(C)=O)[C@]4(CC)C=CCN5CC[C@]31[C@@H]54)C2,CHEMBL553025,VINORELBINE,CHEMBL553025;CHEMBL538943,VINORELBINE;VINORELBINE TARTRATE,1994,False
CCCCCCOC(=O)NC(=N)c1ccc(NCc2nc3cc(C(=O)N(CCC(=O)OCC)c4ccccn4)ccc3n2C)cc1,CHEMBL539697,DABIGATRAN ETEXILATE,CHEMBL539697;CHEMBL1615369,DABIGATRAN ETEXILATE;DABIGATRAN ETEXILATE MESYLATE,2008,False
O=C(O[C@H]1CN2CCC1CC2)N1CCc2ccccc2[C@@H]1c1ccccc1,CHEMBL1734,SOLIFENACIN,CHEMBL1734;CHEMBL1200803,SOLIFENACIN;SOLIFENACIN SUCCINATE,2004,False
O=C(O[C@H]1C[N+]2(CCCOc3ccccc3)CCC1CC2)C(O)(c1cccs1)c1cccs1,CHEMBL1194325,ACLIDINIUM,CHEMBL551466;CHEMBL1194325,ACLIDINIUM BROMIDE;ACLIDINIUM,2012,False
CC(=O)Nc1c(I)c(C(=O)O)c(I)c(N(C)C(C)=O)c1I,CHEMBL1736,METRIZOIC ACID,CHEMBL1736;CHEMBL1200353;CHEMBL1200423;CHEMBL2068723;CHEMBL2364738,METRIZOIC ACID;MEGLUMINE METRIZOATE;METRIZOATE SODIUM;CALCIUM METRIZOATE;METRIZOATE MAGNESIUM,1982,False
CC(C)(Oc1ccc(C2CC2(Cl)Cl)cc1)C(=O)O,CHEMBL557555,CIPROFIBRATE,CHEMBL557555,CIPROFIBRATE,1985,False
O=C(O)c1ccc(-n2nc(-c3ccccc3O)nc2-c2ccccc2O)cc1,CHEMBL550348,DEFERASIROX,CHEMBL550348,DEFERASIROX,2005,False
C[C@@H](CN1CC(=O)NC(=O)C1)N1CC(=O)NC(=O)C1,CHEMBL1738,DEXRAZOXANE,CHEMBL1738;CHEMBL1200778,DEXRAZOXANE;DEXRAZOXANE HYDROCHLORIDE,1995,False
CC[C@H]1OC(=O)[C@H](C)[C@@H](O[C@H]2C[C@@](C)(OC)[C@@H](O)[C@H](C)O2)[C@H](C)[C@@H](O[C@@H]2O[C@H](C)C[C@H](N(C)C)[C@H]2O)[C@](C)(OC)C[C@@H](C)C(=O)[C@H](C)[C@@H](O)[C@]1(C)O,CHEMBL1741,CLARITHROMYCIN,CHEMBL1741,CLARITHROMYCIN,1991,False
CC(C)(C)c1cc(NC(=O)Nc2ccc(-c3cn4c(n3)sc3cc(OCCN5CCOCC5)ccc34)cc2)no1,CHEMBL576982,QUIZARTINIB,CHEMBL576982;CHEMBL2105709,QUIZARTINIB;QUIZARTINIB DIHYDROCHLORIDE,2023,False
CO[C@H]1O[C@@H]2O[C@@]3(C)CC[C@H]4[C@H](C)CC[C@@H]([C@H]1C)[C@@]24OO3,CHEMBL566534,ARTEMETHER,CHEMBL566534,ARTEMETHER,2009,False
CC[C@H]1[C@@H](O)[C@@H]2[C@H](CC[C@]3(C)[C@@H]([C@H](C)CCC(=O)O)CC[C@@H]23)[C@@]2(C)CC[C@@H](O)C[C@@H]12,CHEMBL566315,OBETICHOLIC ACID,CHEMBL566315,OBETICHOLIC ACID,2016,True
CNc1ccc(/C=C/c2ccc(OCCOCCOCCF)cc2)cc1,CHEMBL1908906,FLORBETABEN,CHEMBL566752;CHEMBL1908906,FLORBETABEN F18;FLORBETABEN,2014,False
FC(F)(F)c1cccc(C2CNCCO2)c1,CHEMBL578767,FLUMEXADOL,CHEMBL578767,FLUMEXADOL,,True
CNc1ccc(-c2nc3ccc(O)cc3s2)cc1F,CHEMBL579205,FLUTEMETAMOL,CHEMBL579205;CHEMBL2042122,FLUTEMETAMOL;FLUTEMETAMOL F 18,2013,False
NC[C@H]1O[C@H](O[C@H]2[C@H](O)[C@@H](O[C@H]3O[C@H](CO)[C@@H](O)[C@H](N)[C@H]3O)[C@H](N)C[C@@H]2N)[C@H](N)C[C@@H]1O,CHEMBL1747,TOBRAMYCIN,CHEMBL1747;CHEMBL3989564,TOBRAMYCIN;TOBRAMYCIN SULFATE,1975,False
CN1[C@@H]2C[C@@H](OC(=O)[C@H](CO)c3ccccc3)C[C@H]1[C@@H]1O[C@@H]12,CHEMBL569713,SCOPOLAMINE,CHEMBL569713,SCOPOLAMINE,1979,False
O=C(Cc1ccc(-c2ccc(OCCN3CCOCC3)cc2)cn1)NCc1ccccc1,CHEMBL571546,TIRBANIBULIN,CHEMBL571546,TIRBANIBULIN,2020,False
O=C([O-])CN(CCN(CC(=O)[O-])CC(=O)O)CC(=O)O.[Na+].[Na+],CHEMBL1749,EDETATE DISODIUM ANHYDROUS,CHEMBL1749;CHEMBL3989507,EDETATE DISODIUM ANHYDROUS;EDETATE DISODIUM,1982,False
Nc1nc(Cl)nc2c1ncn2[C@@H]1O[C@H](CO)[C@@H](O)[C@@H]1F,CHEMBL1750,CLOFARABINE,CHEMBL1750,CLOFARABINE,2004,False
O=C1NCC2(CCN(CCc3ccccc3)CC2)O1,CHEMBL576127,FENSPIRIDE,CHEMBL576127,FENSPIRIDE,,True
C[C@H]1O[C@@H](O[C@H]2[C@@H](O)C[C@H](O[C@H]3[C@@H](O)C[C@H](O[C@H]4CC[C@@]5(C)[C@H](CC[C@@H]6[C@@H]5C[C@@H](O)[C@]5(C)[C@@H](C7=CC(=O)OC7)CC[C@]65O)C4)O[C@@H]3C)O[C@@H]2C)C[C@H](O)[C@@H]1O,CHEMBL1751,DIGOXIN,CHEMBL1751,DIGOXIN,1975,False
Cn1c(=O)c2c(ncn2CC(O)CO)n(C)c1=O,CHEMBL1752,DYPHYLLINE,CHEMBL1752,DYPHYLLINE,1951,False
CCC[C@@H]1C[C@@H](C(=O)N[C@@H]([C@H]2O[C@H](SC)[C@H](O)[C@@H](O)[C@H]2O)[C@H](C)Cl)N(C)C1,CHEMBL1753,CLINDAMYCIN,CHEMBL1753;CHEMBL1200588,CLINDAMYCIN;CLINDAMYCIN HYDROCHLORIDE,1970,False
CCN1CC(CCN2CCOCC2)C(c2ccccc2)(c2ccccc2)C1=O,CHEMBL1754,DOXAPRAM,CHEMBL1754;CHEMBL3989519,DOXAPRAM;DOXAPRAM HYDROCHLORIDE,1965,False
Cc1nc2c([nH]1)-c1ccccc1N(C(=O)c1ccc(NC(=O)c3ccccc3-c3ccccc3)cc1)CC2,CHEMBL1755,CONIVAPTAN,CHEMBL1755;CHEMBL1201108,CONIVAPTAN;CONIVAPTAN HYDROCHLORIDE,2005,False
C[C@]12CC[C@@H]3c4ccc(OC(=O)N(CCCl)CCCl)cc4CC[C@H]3[C@@H]1CC[C@@H]2OP(=O)(O)O,CHEMBL1756,ESTRAMUSTINE PHOSPHATE,CHEMBL1756;CHEMBL1200721,ESTRAMUSTINE PHOSPHATE;ESTRAMUSTINE PHOSPHATE SODIUM,1981,False
C[C@@H]1O[C@@H]1P(=O)(O)O,CHEMBL1757,FOSFOMYCIN,CHEMBL1757;CHEMBL1200331,FOSFOMYCIN;FOSFOMYCIN TROMETHAMINE,1996,False
CC(C)(C)NCC(O)c1cc(O)cc(O)c1,CHEMBL1760,TERBUTALINE,CHEMBL1760;CHEMBL1315867,TERBUTALINE;TERBUTALINE SULFATE,1974,False
Cc1cccc(C)c1NC(=O)C(C)N,CHEMBL1762,TOCAINIDE,CHEMBL1762;CHEMBL1200773,TOCAINIDE;TOCAINIDE HYDROCHLORIDE,1984,False
NS(=O)(=O)c1cc2c(cc1C(F)(F)F)NCNS2(=O)=O,CHEMBL1763,HYDROFLUMETHIAZIDE,CHEMBL1763,HYDROFLUMETHIAZIDE,1959,False
COc1ccc2c(c1)N(C[C@H](C)CN(C)C)c1ccccc1S2,CHEMBL1764,LEVOMEPROMAZINE,CHEMBL1764,LEVOMEPROMAZINE,1982,False
C[C@@H]1C[C@H]2[C@@H]3CCC4=CC(=O)C=C[C@]4(C)[C@@]3(F)[C@@H](O)C[C@]2(C)[C@H]1C(=O)CO,CHEMBL1766,DESOXIMETASONE,CHEMBL1766,DESOXIMETASONE,1977,False
O=C1O[C@H]([C@@H](O)CO)C([O-])=C1O.[Na+],CHEMBL591665,SODIUM ASCORBATE,CHEMBL591665,SODIUM ASCORBATE,2006,False
COC(=O)[C@H](c1ccccc1Cl)N1CCc2sccc2C1,CHEMBL1771,CLOPIDOGREL,CHEMBL1771;CHEMBL1083385;CHEMBL6068333;CHEMBL6068338;CHEMBL6068343,CLOPIDOGREL;CLOPIDOGREL BISULFATE;CLOPIDOGREL BESILATE;CLOPIDOGREL HYDROCHLORIDE;CLOPIDOGREL HYDROBROMIDE,1997;2009;2011,False
CCCCCOC(=O)Nc1nc(=O)n([C@@H]2O[C@H](C)[C@@H](O)[C@H]2O)cc1F,CHEMBL1773,CAPECITABINE,CHEMBL1773,CAPECITABINE,1998,False
COC(=O)/C=C/C(=O)O,CHEMBL589586,MONOMETHYL FUMARATE,CHEMBL589586,MONOMETHYL FUMARATE,2020,False
C[C@@H](Oc1cc(-c2cnn(C3CCNCC3)c2)cnc1N)c1c(Cl)ccc(F)c1Cl,CHEMBL601719,CRIZOTINIB,CHEMBL601719,CRIZOTINIB,2011,False
COc1ccc(CC(C)(C)NC[C@H](O)c2cc(O)cc3c2OCC(=O)N3)cc1,CHEMBL605846,OLODATEROL,CHEMBL605846;CHEMBL2105743,OLODATEROL;OLODATEROL HYDROCHLORIDE,2014,False
NC(=O)OCC(O)COc1ccc(Cl)cc1,CHEMBL607710,CHLORPHENESIN CARBAMATE,CHEMBL607710,CHLORPHENESIN CARBAMATE,1965,False
CO[C@@H]1[C@H](N(C)C(=O)c2ccccc2)C[C@H]2O[C@]1(C)n1c3ccccc3c3c4c(c5c6ccccc6n2c5c31)C(=O)NC4,CHEMBL608533,MIDOSTAURIN,CHEMBL608533,MIDOSTAURIN,2017,False
CCC[C@@H]1CC(=O)N([C@@H](CC)C(N)=O)C1,CHEMBL607400,BRIVARACETAM,CHEMBL607400,BRIVARACETAM,2016,False
Cc1cc(C)cc(OCC2CNC(=O)O2)c1,CHEMBL1079604,METAXALONE,CHEMBL1079604,METAXALONE,1962,False
c1cnc2cc3c(cc2n1)[C@@H]1CNC[C@H]3C1,CHEMBL1076903,VARENICLINE,CHEMBL1076903;CHEMBL6067972,VARENICLINE;VARENICLINE TARTRATE,2006,False
N#CCNC(=O)c1ccc(-c2ccnc(Nc3ccc(N4CCOCC4)cc3)n2)cc1,CHEMBL1078178,MOMELOTINIB,CHEMBL1078178;CHEMBL2219411;CHEMBL6068336,MOMELOTINIB;MOMELOTINIB DIHYDROCHLORIDE;MOMELOTINIB DIHYDROCHLORIDE MONOHYDRATE,2023;2024,False
CCCOC(C(=O)OC1CCN(C)CC1)(c1ccccc1)c1ccccc1,CHEMBL1078261,PROPIVERINE,CHEMBL1078261,PROPIVERINE,,False
CCCN1CCCC[C@H]1C(=O)Nc1c(C)cccc1C,CHEMBL1077896,ROPIVACAINE,CHEMBL1077896;CHEMBL1889140,ROPIVACAINE;ROPIVACAINE HYDROCHLORIDE,1996,False
O=C(O)COc1nn(Cc2ccccc2)c2ccccc12,CHEMBL1089221,BENDAZAC,CHEMBL1089221,BENDAZAC,1984,True
Cc1c(Cl)c(C)[n+]([O-])c(Cl)c1-c1noc(-c2cc(O)c(O)c([N+](=O)[O-])c2)n1,CHEMBL1089318,OPICAPONE,CHEMBL1089318,OPICAPONE,2016,False
O=C1/C(=C2\Nc3ccc(S(=O)(=O)O)cc3C2=O)Nc2ccc(S(=O)(=O)O)cc21,CHEMBL1091250,INDIGOTINDISULFONATE,CHEMBL1091250;CHEMBL2105023,INDIGOTINDISULFONATE;INDIGOTINDISULFONATE SODIUM,2022,False
COC(=O)CCC(=O)CN,CHEMBL1096562,METHYL AMINOLEVULINATE,CHEMBL1096562;CHEMBL1201093,METHYL AMINOLEVULINATE;METHYL AMINOLEVULINATE HYDROCHLORIDE,2004,False
Nc1nc(F)nc2c1ncn2[C@@H]1O[C@H](COP(=O)(O)O)[C@@H](O)[C@@H]1O,CHEMBL1096882,FLUDARABINE PHOSPHATE,CHEMBL1096882,FLUDARABINE PHOSPHATE,1991,False
CNC(=O)c1c(I)c(NC(C)=O)c(I)c(C(=O)O)c1I,CHEMBL1201300,IOTHALAMIC ACID,CHEMBL1097620;CHEMBL1201125;CHEMBL1201300;CHEMBL2106318,IOTHALAMATE SODIUM;IOTHALAMATE MEGLUMINE;IOTHALAMIC ACID;IOTHALAMATE SODIUM I 125,1982;1962,False
CC(C)(C)NCC(O)c1ccc(O)c(CO)n1,CHEMBL1094966,PIRBUTEROL,CHEMBL1094966;CHEMBL1200444,PIRBUTEROL;PIRBUTEROL ACETATE,1986,False
CCCCC(=O)OCC(=O)[C@]1(O)Cc2c(O)c3c(c(O)c2[C@@H](O[C@H]2C[C@H](NC(=O)C(F)(F)F)[C@H](O)[C@H](C)O2)C1)C(=O)c1c(OC)cccc1C3=O,CHEMBL1096885,VALRUBICIN,CHEMBL1096885,VALRUBICIN,1998,False
NC(=O)c1cccc2cn(-c3ccc([C@@H]4CCCNC4)cc3)nc12,CHEMBL1094636,NIRAPARIB,CHEMBL1094636;CHEMBL3989922,NIRAPARIB;NIRAPARIB TOSYLATE MONOHYDRATE,2017,False
CC[N+](C)(C)Cc1ccccc1Br,CHEMBL1199080,BRETYLIUM,CHEMBL1095292;CHEMBL1199080,BRETYLIUM TOSYLATE;BRETYLIUM,1982,False
CO/N=C(\C(=O)N[C@@H]1C(=O)N2C(C(=O)OC(C)OC(C)=O)=C(COC(N)=O)CS[C@H]12)c1ccco1,CHEMBL1095930,CEFUROXIME AXETIL,CHEMBL1095930,CEFUROXIME AXETIL,1987,False
CN(CCCCCCN(C)C(=O)Oc1ccc[n+](C)c1)C(=O)Oc1ccc[n+](C)c1,CHEMBL1199307,DISTIGMINE,CHEMBL1098285;CHEMBL1199307,DISTIGMINE BROMIDE;DISTIGMINE,,False
CCc1cc2c(cc1CC)CC(NC[C@H](O)c1ccc(O)c3[nH]c(=O)ccc13)C2,CHEMBL1095777,INDACATEROL,CHEMBL1095777;CHEMBL1789842,INDACATEROL;INDACATEROL MALEATE,2009,False
COC(=O)[C@@H]1CC2=CC(=O)CC[C@]2(C)[C@@]23O[C@@H]2C[C@@]2(C)[C@@H](CC[C@@]24CCC(=O)O4)[C@H]13,CHEMBL1095097,EPLERENONE,CHEMBL1095097,EPLERENONE,2002,False
O,CHEMBL1098659,WATER,CHEMBL1098659,WATER,1982,False
CCC/N=C1\S/C(=C\c2ccc(OC[C@H](O)CO)c(Cl)c2)C(=O)N1c1ccccc1C,CHEMBL1096146,PONESIMOD,CHEMBL1096146,PONESIMOD,2021,False
Cc1ccc(-n2nccn2)c(C(=O)N2CCN(c3nc4cc(Cl)ccc4o3)CC[C@H]2C)c1,CHEMBL1083659,SUVOREXANT,CHEMBL1083659,SUVOREXANT,2014,False
CSc1nc2cc(Cl)c(Oc3cccc(Cl)c3Cl)cc2[nH]1,CHEMBL1086440,TRICLABENDAZOLE,CHEMBL1086440,TRICLABENDAZOLE,2019,False
CNC(=O)c1ccc(N2C(=S)N(c3ccc(C#N)c(C(F)(F)F)c3)C(=O)C2(C)C)cc1F,CHEMBL1082407,ENZALUTAMIDE,CHEMBL1082407,ENZALUTAMIDE,2012,False
OCc1cc([C@@H](O)CNCCCCCCOCCOCc2c(Cl)cccc2Cl)ccc1O,CHEMBL1198857,VILANTEROL,CHEMBL1084172;CHEMBL1198857,VILANTEROL TRIFENATATE;VILANTEROL,2013,False
CCC(=O)O[C@]1(C(=O)CCl)[C@@H](C)C[C@H]2[C@@H]3CCC4=CC(=O)C=C[C@]4(C)[C@@]3(F)[C@@H](O)C[C@@]21C,CHEMBL1159650,CLOBETASOL PROPIONATE,CHEMBL1159650,CLOBETASOL PROPIONATE,1985,False
N,CHEMBL1160819,"AMMONIA SOLUTION, STRONG",CHEMBL1160819;CHEMBL1201189,"AMMONIA SOLUTION, STRONG;AMMONIA N 13",2007,False
CC[C@]12CCCN3CCc4c(n(c5ccccc45)[C@@](O)(C(=O)OC)C1)[C@@H]32,CHEMBL1165342,VINCAMINE,CHEMBL1165342,VINCAMINE,,True
O=C(CCCCC(=O)Nc1c(I)cc(I)c(C(=O)O)c1I)Nc1c(I)cc(I)c(C(=O)O)c1I,CHEMBL1165268,IODIPAMIDE,CHEMBL1165268;CHEMBL1200350;CHEMBL3989806,IODIPAMIDE;IODIPAMIDE SODIUM;IODIPAMIDE MEGLUMINE,1982,False
Cc1nc(-c2ccc(OCC(C)C)c(C#N)c2)sc1C(=O)O,CHEMBL1164729,FEBUXOSTAT,CHEMBL1164729,FEBUXOSTAT,2008,False
Cc1ccc(C(=O)Nc2ccc(CN3CCN(C)CC3)c(C(F)(F)F)c2)cc1C#Cc1cnc2cccnn12,CHEMBL1171837,PONATINIB,CHEMBL1171837;CHEMBL2105708,PONATINIB;PONATINIB HYDROCHLORIDE,2012,False
CN(C)C/C=C/C(=O)Nc1cc2c(Nc3ccc(F)c(Cl)c3)ncnc2cc1O[C@H]1CCOC1,CHEMBL1173655,AFATINIB,CHEMBL1173655;CHEMBL2105712,AFATINIB;AFATINIB DIMALEATE,2013,False
CNCc1ccc(-c2[nH]c3cc(F)cc4c3c2CCNC4=O)cc1,CHEMBL1173055,RUCAPARIB,CHEMBL1173055;CHEMBL3833368,RUCAPARIB;RUCAPARIB CAMSYLATE,2016,False
CNCC(=O)OCc1cccnc1N(C)C(=O)OC(C)[n+]1cnn(C[C@](O)(c2cc(F)ccc2F)[C@@H](C)c2nc(-c3ccc(C#N)cc3)cs2)c1,CHEMBL1183349,ISAVUCONAZONIUM,CHEMBL1183349;CHEMBL3137333,ISAVUCONAZONIUM;ISAVUCONAZONIUM SULFATE,2015,False
C=CCNc1nc(NCC=C)nc(N2CCN(C(c3ccc(F)cc3)c3ccc(F)cc3)CC2)n1,CHEMBL1183717,ALMITRINE,CHEMBL1183717,ALMITRINE,,True
C[N+]1(CC2CC2)CC[C@]23c4c5ccc(O)c4O[C@H]2C(=O)CC[C@@]3(O)[C@H]1C5,CHEMBL1186579,METHYLNALTREXONE,CHEMBL1186579;CHEMBL1201770,METHYLNALTREXONE;METHYLNALTREXONE BROMIDE,2008,False
C[C@@H](O[C@H]1OCCN(Cc2nn(P(=O)(O)O)c(=O)[nH]2)[C@H]1c1ccc(F)cc1)c1cc(C(F)(F)F)cc(C(F)(F)F)c1,CHEMBL1199324,FOSAPREPITANT,CHEMBL1199324;CHEMBL1201782,FOSAPREPITANT;FOSAPREPITANT DIMEGLUMINE,2008,False
CCCCCCC(=O)O[C@H]1CC[C@H]2[C@@H]3CCC4=CC(=O)CC[C@]4(C)[C@H]3CC[C@]12C,CHEMBL1200335,TESTOSTERONE ENANTHATE,CHEMBL1200335,TESTOSTERONE ENANTHATE,1953,False
CC(C)NCCCC1(C(N)=O)c2ccccc2-c2ccccc21,CHEMBL1201242,INDECAINIDE,CHEMBL1200341;CHEMBL1201242,INDECAINIDE HYDROCHLORIDE;INDECAINIDE,1989,False
CC(=O)OCC(=O)[C@@]1(O)[C@H](C)C[C@H]2[C@@H]3C[C@H](F)C4=CC(=O)C=C[C@]4(C)[C@H]3[C@@H](O)C[C@@]21C,CHEMBL1200342,PARAMETHASONE ACETATE,CHEMBL1200342,PARAMETHASONE ACETATE,1982,False
O=C([O-])CCC(=O)O.[Na+],CHEMBL1200345,SODIUM SUCCINATE,CHEMBL1200345,SODIUM SUCCINATE,1982,False
CC(C)[N+](C)(CCC(C(N)=O)(c1ccccc1)c1ccccc1)C(C)C,CHEMBL1201232,ISOPROPAMIDE,CHEMBL1200347;CHEMBL1201232,ISOPROPAMIDE IODIDE;ISOPROPAMIDE,1957,False
CCCCC(CC)CCC(CC(C)C)OS(=O)(=O)O,CHEMBL1201345,TETRADECYL SULFURIC ACID,CHEMBL1200354;CHEMBL1201345,SODIUM TETRADECYL SULFATE;TETRADECYL SULFURIC ACID,1946,False
CC1(C)S[C@@H]2[C@H](NC(=O)C3(N)CCCCC3)C(=O)N2[C@H]1C(=O)O,CHEMBL1200356,CYCLACILLIN,CHEMBL1200356,CYCLACILLIN,1979,False
O=C([O-])Cc1ccccc1.[Na+],CHEMBL1200358,SODIUM PHENYLACETATE,CHEMBL1200358,SODIUM PHENYLACETATE,1987,False
COc1cnc(NS(=O)(=O)c2ccc(N)cc2)nc1,CHEMBL1200359,SULFAMETER,CHEMBL1200359,SULFAMETER,1966,False
CC(C)NC(C)Cc1ccc(I)cc1,CHEMBL1201308,IOFETAMINE,CHEMBL1200360;CHEMBL1201308,IOFETAMINE HYDROCHLORIDE I 123;IOFETAMINE,1987,False
CCOP(=O)(OCC)SCC[N+](C)(C)C,CHEMBL1201341,ECHOTHIOPHATE,CHEMBL1200367;CHEMBL1201341,ECHOTHIOPHATE IODIDE;ECHOTHIOPHATE,1960,False
O=C(O)c1ccc(NC(=O)[C@H](Cc2ccc(O)cc2)NC(=O)c2ccccc2)cc1,CHEMBL1200368,BENTIROMIDE,CHEMBL1200368,BENTIROMIDE,1983,False
O=C(OOC(=O)c1ccccc1)c1ccccc1,CHEMBL1200370,BENZOYL PEROXIDE,CHEMBL1200370,BENZOYL PEROXIDE,1984,False
C=C1C[C@@H]2[C@H](CC[C@]3(C)C(=O)CC[C@@H]23)[C@@]2(C)C=CC(=O)C=C12,CHEMBL1200374,EXEMESTANE,CHEMBL1200374,EXEMESTANE,1999,False
O=C([O-])CN(CCN(CC(=O)[O-])CC(=O)[O-])CC(=O)[O-].[Ca+2].[Na+].[Na+],CHEMBL1200375,EDETATE CALCIUM DISODIUM ANHYDROUS,CHEMBL1200375;CHEMBL3989522,EDETATE CALCIUM DISODIUM ANHYDROUS;EDETATE CALCIUM DISODIUM MONOHYDRATE,1953,False
C[C@H]1C[C@H]2[C@@H]3CCC4=CC(=O)C=C[C@]4(C)[C@@]3(F)[C@@H](O)C[C@]2(C)[C@@]1(OC(=O)c1ccccc1)C(=O)CO,CHEMBL1200376,BETAMETHASONE BENZOATE,CHEMBL1200376,BETAMETHASONE BENZOATE,1982,False
Cl.N=C(N)NCCC[C@H](N)C(=O)O,CHEMBL1200381,ARGININE HYDROCHLORIDE,CHEMBL1200381,ARGININE HYDROCHLORIDE,1982,False
CN1[C@@H]2CC[C@H]1C[C@@H](OC(c1ccccc1)c1ccccc1)C2,CHEMBL1201203,BENZTROPINE,CHEMBL1200383;CHEMBL1201203,BENZTROPINE MESYLATE;BENZTROPINE,1954,False
CCC(=O)OCC(=O)[C@@]1(OC(=O)CC)[C@@H](C)C[C@H]2[C@@H]3CCC4=CC(=O)C=C[C@]4(C)[C@@]3(F)[C@@H](O)C[C@@]21C,CHEMBL1200384,BETAMETHASONE DIPROPIONATE,CHEMBL1200384,BETAMETHASONE DIPROPIONATE,1975,False
Oc1ccc(CCCCNC[C@H](O)c2ccc(O)c(O)c2)cc1,CHEMBL1201251,ARBUTAMINE,CHEMBL1200385;CHEMBL1201251,ARBUTAMINE HYDROCHLORIDE;ARBUTAMINE,1997,False
CCOC(=O)O[C@]1(C(=O)COC(=O)CC)CC[C@H]2[C@@H]3CCC4=CC(=O)C=C[C@]4(C)[C@H]3[C@@H](O)C[C@@]21C,CHEMBL1200386,PREDNICARBATE,CHEMBL1200386,PREDNICARBATE,1991,False
NC(CO)(CO)CO,CHEMBL1200391,TROMETHAMINE,CHEMBL1200391,TROMETHAMINE,1965,False
Cc1ccc(C(=O)Oc2ccc(C(O)CNC(C)(C)C)cc2OC(=O)c2ccc(C)cc2)cc1,CHEMBL1201295,BITOLTEROL,CHEMBL1200405;CHEMBL1201295,BITOLTEROL MESYLATE;BITOLTEROL,1984,False
CN(C)CCOC(c1ccccc1)c1ccccc1.Cn1c(=O)c2[nH]c(Cl)nc2n(C)c1=O,CHEMBL1200406,DIMENHYDRINATE,CHEMBL1200406,DIMENHYDRINATE,1972,False
C[C@]12CC[C@H]3[C@@H](CCC4=CC(=O)CC[C@@H]43)[C@@H]1CC[C@@H]2OC(=O)CCc1ccccc1,CHEMBL1200412,NANDROLONE PHENPROPIONATE,CHEMBL1200412,NANDROLONE PHENPROPIONATE,1959,False
CN1CCCC(CC2c3ccccc3Sc3ccccc32)C1,CHEMBL1201342,METHIXENE,CHEMBL1200426;CHEMBL1201342,METHIXENE HYDROCHLORIDE;METHIXENE,1982,False
CC(=O)Oc1ccc2c(c1)CC[C@@H]1[C@@H]2CC[C@]2(C)[C@@H](O)CC[C@@H]12,CHEMBL1200430,ESTRADIOL ACETATE,CHEMBL1200430,ESTRADIOL ACETATE,2003,False
CCOC(=O)[C@@](C)(N)Cc1ccc(O)c(O)c1,CHEMBL1201233,METHYLDOPATE,CHEMBL1200432;CHEMBL1201233,METHYLDOPATE HYDROCHLORIDE;METHYLDOPATE,1962,False
Cn1c(=O)c2[nH]cnc2n(C)c1=O,CHEMBL190,THEOPHYLLINE ANHYDROUS,CHEMBL1200434,OXTRIPHYLLINE,1981,False
C[C@]12COC(=O)C[C@@H]1CC[C@@H]1[C@@H]2CC[C@@]2(C)[C@H]1CC[C@]2(C)O,CHEMBL1200436,OXANDROLONE,CHEMBL1200436,OXANDROLONE,1964,False
Clc1ccc(C(Cn2ccnc2)OCc2ccsc2Cl)c(Cl)c1,CHEMBL1200438,TIOCONAZOLE,CHEMBL1200438,TIOCONAZOLE,1983,False
CC(=O)OCC(=O)[C@@]1(O)[C@H](OC(C)=O)C[C@H]2[C@@H]3CCC4=CC(=O)C=C[C@]4(C)[C@@]3(F)[C@@H](O)C[C@@]21C,CHEMBL1200449,TRIAMCINOLONE DIACETATE,CHEMBL1200449,TRIAMCINOLONE DIACETATE,1959,False
CCCCCCCCCCCCCCCCCCCCCCO,CHEMBL1200453,DOCOSANOL,CHEMBL1200453,DOCOSANOL,2000,False
CC(C)[C@H](N)C(=O)OCC(CO)OCn1cnc2c(=O)[nH]c(N)nc21,CHEMBL1201314,VALGANCICLOVIR,CHEMBL1200454;CHEMBL1201314,VALGANCICLOVIR HYDROCHLORIDE;VALGANCICLOVIR,2001,False
CC(=O)N(CC(O)CO)c1c(I)c(C(=O)NCC(O)CO)c(I)c(C(=O)NCC(O)CO)c1I,CHEMBL1200455,IOHEXOL,CHEMBL1200455,IOHEXOL,1985,False
O=C([O-])CC(O)(CC(=O)[O-])C(=O)[O-].[K+].[K+].[K+],CHEMBL1200458,POTASSIUM CITRATE ANHYDROUS,CHEMBL1200458;CHEMBL3989822,POTASSIUM CITRATE ANHYDROUS;POTASSIUM CITRATE,1985,False
O=P([O-])([O-])O.[K+].[K+],CHEMBL1200459,"POTASSIUM PHOSPHATE, DIBASIC",CHEMBL1200459,"POTASSIUM PHOSPHATE, DIBASIC",1982,False
COc1ccc(OC)c(C(O)CNC(=O)CN)c1,CHEMBL1201212,MIDODRINE,CHEMBL1200461;CHEMBL1201212,MIDODRINE HYDROCHLORIDE;MIDODRINE,1996,False
CCOC(=O)CC(SP(=S)(OC)OC)C(=O)OCC,CHEMBL1200468,MALATHION,CHEMBL1200468,MALATHION,1982,False
COc1ccc2[nH]c([S@@+]([O-])Cc3ncc(C)c(OC)c3C)nc2c1,CHEMBL1201320,ESOMEPRAZOLE,CHEMBL1200470;CHEMBL1201320;CHEMBL2146140;CHEMBL5314366,ESOMEPRAZOLE SODIUM;ESOMEPRAZOLE;ESOMEPRAZOLE STRONTIUM;ESOMEPRAZOLE MAGNESIUM,2005;2001;2013,False
[O-][n+]1ccccc1S,CHEMBL1356238,PYRITHIONE,CHEMBL1200471;CHEMBL1356238,PYRITHIONE ZINC;PYRITHIONE,1986,False
Fc1ccccc1C1=NCC(=S)N(CC(F)(F)F)c2ccc(Cl)cc21,CHEMBL1200472,QUAZEPAM,CHEMBL1200472,QUAZEPAM,1985,False
CN(C)CCOC(=O)C(c1ccccc1)C1(O)CCCC1,CHEMBL1201338,CYCLOPENTOLATE,CHEMBL1200473;CHEMBL1201338,CYCLOPENTOLATE HYDROCHLORIDE;CYCLOPENTOLATE,1974,False
CCCCOc1ccc(C(=O)CCN2CCCCC2)cc1,CHEMBL1201217,DYCLONINE,CHEMBL1200478;CHEMBL1201217,DYCLONINE HYDROCHLORIDE;DYCLONINE,1982,False
CC1NCCOC1c1ccccc1,CHEMBL1201208,PHENMETRAZINE,CHEMBL1200483;CHEMBL1201208,PHENMETRAZINE HYDROCHLORIDE;PHENMETRAZINE,1982,False
[Ca],CHEMBL1200496,CALCIUM,CHEMBL1200496,CALCIUM,1982,False
C[C@H](N)C(=O)N[C@@H](C)C(=O)N[C@H]1[C@@H]2CN(c3nc4c(cc3F)c(=O)c(C(=O)O)cn4-c3ccc(F)cc3F)C[C@@H]21,CHEMBL1201197,ALATROFLOXACIN,CHEMBL1200498;CHEMBL1201197,ALATROFLOXACIN MESYLATE;ALATROFLOXACIN,1997,True
CCC(=O)OCC(=O)[C@@]1(OC(=O)CC)[C@@H](C)C[C@H]2[C@@H]3CCC4=CC(=O)C=C[C@]4(C)[C@@]3(Cl)[C@@H](O)C[C@@]21C,CHEMBL1200500,BECLOMETHASONE DIPROPIONATE,CHEMBL1200500,BECLOMETHASONE DIPROPIONATE,1976,False
CNC(=O)c1c(I)c(C(=O)NCC(=O)Nc2c(I)c(C(=O)O)c(I)c(C(=O)NCCO)c2I)c(I)c(N(C)C(C)=O)c1I,CHEMBL1201291,IOXAGLIC ACID,CHEMBL1200508;CHEMBL1200743;CHEMBL1201291,IOXAGLATE MEGLUMINE;IOXAGLATE SODIUM;IOXAGLIC ACID,1985,False
CN(CCCCCCCCCCN(C)C(=O)Oc1cccc([N+](C)(C)C)c1)C(=O)Oc1cccc([N+](C)(C)C)c1,CHEMBL1201229,DEMECARIUM,CHEMBL1200514;CHEMBL1201229,DEMECARIUM BROMIDE;DEMECARIUM,1959,False
COC(=O)[C@H]1[C@H]2C[C@@H]3c4[nH]c5ccccc5c4CCN3C[C@H]2C[C@@H](OC(=O)c2cc(OC)c(OC)c(OC)c2)[C@@H]1OC,CHEMBL1200515,DESERPIDINE,CHEMBL1200515,DESERPIDINE,1957,False
COc1ccc(C(=O)CC(=O)c2ccc(C(C)(C)C)cc2)cc1,CHEMBL1200522,AVOBENZONE,CHEMBL1200522,AVOBENZONE,1992,False
CN1CCC(CN2c3ccccc3Sc3ccccc32)C1,CHEMBL1200959,METHDILAZINE,CHEMBL1200532;CHEMBL1200959,METHDILAZINE HYDROCHLORIDE;METHDILAZINE,1982,False
CC(=O)OCC(=O)[C@@]1(O)[C@@H](C)C[C@H]2[C@@H]3CCC4=CC(=O)C=C[C@]4(C)[C@@]3(F)[C@@H](O)C[C@@]21C,CHEMBL1200538,BETAMETHASONE ACETATE,CHEMBL1200538,BETAMETHASONE ACETATE,1965,False
O=C([O-])[O-].[Ca+2],CHEMBL1200539,CALCIUM CARBONATE,CHEMBL1200539,CALCIUM CARBONATE,2000,False
CC(=O)OCC(=O)[C@H]1CC[C@H]2[C@@H]3CCC4=CC(=O)CC[C@]4(C)[C@H]3CC[C@]12C,CHEMBL1200542,DESOXYCORTICOSTERONE ACETATE,CHEMBL1200542,DESOXYCORTICOSTERONE ACETATE,1939,False
CCOC(=O)C1(c2ccccc2)CCN(CCc2ccc(N)cc2)CC1,CHEMBL1201347,ANILERIDINE,CHEMBL1200543;CHEMBL1201047;CHEMBL1201347,ANILERIDINE PHOSPHATE;ANILERIDINE HYDROCHLORIDE;ANILERIDINE,1982,False
CC(=O)OCC(=O)[C@@]1(OC(C)=O)[C@@H](C)C[C@H]2[C@@H]3C[C@H](F)C4=CC(=O)C=C[C@]4(C)[C@@]3(F)[C@@H](O)C[C@@]21C,CHEMBL1200545,DIFLORASONE DIACETATE,CHEMBL1200545,DIFLORASONE DIACETATE,1977,False
C=CC[N+]1([C@H]2C[C@H]3[C@@H]4CC[C@H]5C[C@H](OC(C)=O)[C@@H](N6CCCCC6)C[C@]5(C)[C@H]4CC[C@]3(C)[C@H]2OC(=O)CC)CCCCC1,CHEMBL1201352,RAPACURONIUM,CHEMBL1200549;CHEMBL1201352,RAPACURONIUM BROMIDE;RAPACURONIUM,1999,True
CC(O)C(=O)O,CHEMBL1200559,LACTIC ACID,CHEMBL1200559,LACTIC ACID,2006,False
CCCCC(=O)O[C@]1(C(=O)CO)CC[C@H]2[C@@H]3CCC4=CC(=O)CC[C@]4(C)[C@H]3[C@@H](O)C[C@@]21C,CHEMBL1200562,HYDROCORTISONE VALERATE,CHEMBL1200562,HYDROCORTISONE VALERATE,1978,False
CNC[C@H](O)[C@@H](O)[C@H](O)[C@H](O)CO,CHEMBL1200570,MEGLUMINE,CHEMBL1200570,MEGLUMINE,1982,False
[O]=[Mg],CHEMBL1200572,MAGNESIUM OXIDE,CHEMBL1200572,MAGNESIUM OXIDE,1982,False
[Cl-].[Na+],CHEMBL1200574,SODIUM CHLORIDE,CHEMBL1200574,SODIUM CHLORIDE,1982,False
Cn1c(=O)c2[nH]cnc2n(C)c1=O.NCC(=O)O,CHEMBL1208646,THEOPHYLLINE GLYCINATE,CHEMBL1200578;CHEMBL1208646,THEOPHYLLINE SODIUM GLYCINATE;THEOPHYLLINE GLYCINATE,1982,False
CC(=O)Nc1c(I)c(NC(C)=O)c(I)c(C(=O)O)c1I,CHEMBL1201220,DIATRIZOIC ACID,CHEMBL1200581;CHEMBL1200839;CHEMBL1201220,DIATRIZOATE SODIUM;DIATRIZOATE MEGLUMINE;DIATRIZOIC ACID,1954;1982,False
C[C@]12C/C(=C/O)C(=O)C[C@@H]1CC[C@@H]1[C@@H]2CC[C@@]2(C)[C@H]1CC[C@]2(C)O,CHEMBL1200585,OXYMETHOLONE,CHEMBL1200585,OXYMETHOLONE,1972,False
CC(C)(C)C(=O)OCC(=O)[C@H]1CC[C@H]2[C@@H]3CCC4=CC(=O)CC[C@]4(C)[C@H]3CC[C@]12C,CHEMBL1200592,DESOXYCORTICOSTERONE PIVALATE,CHEMBL1200592,DESOXYCORTICOSTERONE PIVALATE,1982,False
CC(C)(N)Cc1ccc(Cl)cc1,CHEMBL1201269,CHLORPHENTERMINE,CHEMBL1200595;CHEMBL1201269,CHLORPHENTERMINE HYDROCHLORIDE;CHLORPHENTERMINE,,True
Oc1c(Cl)cc(Cl)c2cccnc12,CHEMBL1200596,CHLOROXINE,CHEMBL1200596,CHLOROXINE,1976,False
CC/C(=C(/CC)c1ccc(OP(=O)(O)O)cc1)c1ccc(OP(=O)(O)O)cc1,CHEMBL1200598,DIETHYLSTILBESTROL DIPHOSPHATE,CHEMBL1200598,DIETHYLSTILBESTROL DIPHOSPHATE,1982,False
N#CC(CCN1CCC(C(=O)O)(c2ccccc2)CC1)(c1ccccc1)c1ccccc1,CHEMBL1201321,DIFENOXIN,CHEMBL1200599;CHEMBL1201321,DIFENOXIN HYDROCHLORIDE;DIFENOXIN,1978,False
CC(=O)[C@@]1(O)CC[C@H]2[C@@H]3C[C@H](C)C4=CC(=O)C=C[C@]4(C)[C@@]3(F)[C@@H](O)C[C@@]21C,CHEMBL1200600,FLUOROMETHOLONE,CHEMBL1200600,FLUOROMETHOLONE,1972,False
CCN(Cc1ccncc1)C(=O)C(CO)c1ccccc1,CHEMBL1200604,TROPICAMIDE,CHEMBL1200604,TROPICAMIDE,1960,False
FC(F)(F)C(F)(F)C(F)(F)C(F)(F)C(F)(F)C(F)(F)F,CHEMBL1200607,PERFLEXANE,CHEMBL1200607,PERFLEXANE,2002,False
O=C(NCC(O)CO)c1c(I)c(C(=O)NCC(O)CO)c(I)c(N(CCO)C(=O)CO)c1I,CHEMBL1200614,IOVERSOL,CHEMBL1200614,IOVERSOL,1988,False
CCC(=O)[C@@]1(C)[C@H](C)C[C@H]2[C@@H]3CCC4=CC(=O)C=C[C@]4(C)[C@H]3[C@@H](O)C[C@@]21C,CHEMBL1200617,RIMEXOLONE,CHEMBL1200617,RIMEXOLONE,1994,False
C[C@H](/C=C/[C@H](C)C(C)(C)O)[C@H]1CC[C@H]2/C(=C/C=C3C[C@@H](O)C[C@H](O)C3)CCC[C@]12C,CHEMBL1200622,PARICALCITOL,CHEMBL1200622,PARICALCITOL,1998,False
CC[C@]1(O)CC[C@H]2[C@@H]3CCC4=CCCC[C@@H]4[C@H]3CC[C@@]21C,CHEMBL1200623,ETHYLESTRENOL,CHEMBL1200623,ETHYLESTRENOL,1964,False
C#C[C@]1(OC(C)=O)CC[C@H]2[C@@H]3CCC4=C[C@@H](OC(C)=O)CC[C@@H]4[C@H]3CC[C@@]21C,CHEMBL1200624,ETHYNODIOL DIACETATE,CHEMBL1200624,ETHYNODIOL DIACETATE,1966,False
[Cl-].[Cl-].[Sr+2],CHEMBL2219640,STRONTIUM CHLORIDE,CHEMBL1200625;CHEMBL2219640,STRONTIUM CHLORIDE SR 89;STRONTIUM CHLORIDE,1993,False
O=C1CCO1,CHEMBL1200627,PROPIOLACTONE,CHEMBL1200627,PROPIOLACTONE,1982,False
CC(=O)O[C@H]1C[C@@H]2CC[C@@H]3[C@H](CC[C@@]4(C)[C@H]3C[C@H]([N+]3(C)CCCCC3)[C@@H]4OC(C)=O)[C@@]2(C)C[C@@H]1N1CCCCC1,CHEMBL1201219,VECURONIUM,CHEMBL1200629;CHEMBL1201219,VECURONIUM BROMIDE;VECURONIUM,1984,False
CCCCCCCCCCCCCCCC(=O)O[C@@H]1[C@@H](O)[C@@H](O)[C@@H]([C@H](NC(=O)[C@@H]2C[C@@H](CCC)CN2C)[C@H](C)Cl)O[C@@H]1SC,CHEMBL1201289,CLINDAMYCIN PALMITATE,CHEMBL1200632;CHEMBL1201289,CLINDAMYCIN PALMITATE HYDROCHLORIDE;CLINDAMYCIN PALMITATE,1982,False
CCN(CC)CC(=O)OCC(=O)[C@@]1(O)CC[C@H]2[C@@H]3CCC4=CC(=O)CC[C@]4(C)[C@H]3[C@@H](O)C[C@@]21C,CHEMBL1201263,HYDROCORTAMATE,CHEMBL1200635;CHEMBL1201263,HYDROCORTAMATE HYDROCHLORIDE;HYDROCORTAMATE,1956,False
CN(C)CC[C@@H](c1ccc(Br)cc1)c1ccccn1,CHEMBL1201287,DEXBROMPHENIRAMINE,CHEMBL1200638;CHEMBL1201287,DEXBROMPHENIRAMINE MALEATE;DEXBROMPHENIRAMINE,1963,False
COc1ccc(C[C@@H]2c3cc(OC)c(OC)cc3CC[N@+]2(C)CCC(=O)OCCCCCOC(=O)CC[N@@+]2(C)CCc3cc(OC)c(OC)cc3[C@H]2Cc2ccc(OC)c(OC)c2)cc1OC,CHEMBL1201248,CISATRACURIUM,CHEMBL1200641;CHEMBL1201248,CISATRACURIUM BESYLATE;CISATRACURIUM,1995,False
COc1cc([C@@H]2c3cc4c(cc3[C@@H](O[C@@H]3O[C@@H]5CO[C@@H](C)O[C@H]5[C@H](O)[C@H]3O)[C@H]3COC(=O)[C@H]23)OCO4)cc(OC)c1OP(=O)(O)O,CHEMBL1200645,ETOPOSIDE PHOSPHATE,CHEMBL1200645,ETOPOSIDE PHOSPHATE,1996,False
C=CC[N+]1([C@H]2C[C@H]3[C@@H]4CC[C@H]5C[C@H](O)[C@@H](N6CCOCC6)C[C@]5(C)[C@H]4CC[C@]3(C)[C@H]2OC(C)=O)CCCC1,CHEMBL1201244,ROCURONIUM,CHEMBL1200648;CHEMBL1201244,ROCURONIUM BROMIDE;ROCURONIUM,1994,False
CC[C@H]1NC(=O)[C@@H](NC(=O)c2ncccc2O)[C@@H](C)OC(=O)[C@H](c2ccccc2)NC(=O)[C@@H]2CC(=O)[C@H](CS[C@@H]3CN4CCC3CC4)CN2C(=O)[C@H](Cc2ccc(N(C)C)cc2)N(C)C(=O)[C@@H]2CCCN2C1=O,CHEMBL1200649,QUINUPRISTIN,CHEMBL1200649,QUINUPRISTIN,1999,False
C[C@@H]1C/C=C/C=C/C=C/C=C/[C@H](O[C@@H]2O[C@H](C)[C@@H](O)[C@H](N)[C@@H]2O)C[C@@H]2O[C@](O)(C[C@@H](O)C[C@H]3O[C@@H]3/C=C/C(=O)O1)C[C@H](O)[C@H]2C(=O)O,CHEMBL1200656,NATAMYCIN,CHEMBL1200656,NATAMYCIN,1978,False
O[C@@H]1CO[C@H]2[C@@H]1OC[C@@H]2O,CHEMBL1200660,ISOSORBIDE,CHEMBL1200660,ISOSORBIDE,1974,False
CCCCCCCC(=O)CC[C@@H]1[C@@H](C/C=C\CCCC(=O)OC(C)C)[C@@H](O)C[C@H]1O,CHEMBL1200661,UNOPROSTONE ISOPROPYL,CHEMBL1200661,UNOPROSTONE ISOPROPYL,2000,False
CC(O)C(=O)[O-].[K+],CHEMBL1200664,POTASSIUM LACTATE,CHEMBL1200664,POTASSIUM LACTATE,1986,False
CCOC(=O)C1(c2ccccc2)CCN(CCC(C#N)(c2ccccc2)c2ccccc2)CC1,CHEMBL1201294,DIPHENOXYLATE,CHEMBL1200665;CHEMBL1201294,DIPHENOXYLATE HYDROCHLORIDE;DIPHENOXYLATE,1960,False
C=C1/C(=C\C=C2/CCC[C@]3(C)[C@@H]([C@H](C)/C=C/[C@@H](O)C4CC4)CC[C@@H]23)C[C@@H](O)C[C@@H]1O,CHEMBL1200666,CALCIPOTRIENE,CHEMBL1200666,CALCIPOTRIENE,1993,False
[Ca+2].[Cl-].[Cl-],CHEMBL1200668,CALCIUM CHLORIDE,CHEMBL1200668,CALCIUM CHLORIDE,1982,False
Cc1cc(O)c(C(=O)N[C@@H](C(=O)N[C@@H]2C(=O)N3C(C(=O)O)=C(CSc4nnnn4C)CS[C@H]23)c2ccc(O)cc2)cn1,CHEMBL1201204,CEFPIRAMIDE,CHEMBL1200672;CHEMBL1201204,CEFPIRAMIDE SODIUM;CEFPIRAMIDE,1989,False
[Xe],CHEMBL1236802,XENON,CHEMBL1200673;CHEMBL1200685;CHEMBL1236802;CHEMBL4594411,"XENON XE 127;XENON XE 133;XENON;XENON XE-129, HYPERPOLARIZED",1982;2022,False
[Cl-].[Cl-].[Zn+2],CHEMBL1200679,ZINC CHLORIDE,CHEMBL1200679,ZINC CHLORIDE,1986,False
S=[Se]=S,CHEMBL1200680,SELENIUM SULFIDE,CHEMBL1200680,SELENIUM SULFIDE,1951,False
CC[C@@H]1/C=C(\C)C[C@H](C)C[C@H](OC)[C@H]2O[C@@](O)(C(=O)C(=O)N3CCCC[C@H]3C(=O)O[C@H](/C(C)=C/[C@@H]3CC[C@H](Cl)[C@H](OC)C3)[C@H](C)[C@@H](O)CC1=O)[C@H](C)C[C@@H]2OC,CHEMBL1200686,PIMECROLIMUS,CHEMBL1200686,PIMECROLIMUS,2001,False
CCOC(=O)CCC(=O)O[C@H]1[C@H](O[C@@H]2[C@@H](C)[C@H](O[C@H]3C[C@@](C)(OC)[C@@H](O)[C@H](C)O3)[C@@H](C)C(=O)O[C@H](CC)[C@@](C)(O)[C@H](O)[C@@H](C)C(=O)[C@H](C)C[C@@]2(C)O)O[C@H](C)C[C@@H]1N(C)C,CHEMBL1200688,ERYTHROMYCIN ETHYLSUCCINATE,CHEMBL1200688,ERYTHROMYCIN ETHYLSUCCINATE,1965,False
[N]=O,CHEMBL1200689,NITRIC OXIDE,CHEMBL1200689,NITRIC OXIDE,1999,False
CC(=O)[O-].CC(=O)[O-].[Mg+2],CHEMBL1200691,MAGNESIUM ACETATE,CHEMBL1200691;CHEMBL3989858,MAGNESIUM ACETATE;MAGNESIUM ACETATE TETRAHYDRATE,1982,False
CCCc1nc(C(C)(C)O)c(C(=O)OCc2oc(=O)oc2C)n1Cc1ccc(-c2ccccc2-c2nnn[nH]2)cc1,CHEMBL1200692,OLMESARTAN MEDOXOMIL,CHEMBL1200692,OLMESARTAN MEDOXOMIL,2002,False
FCOC(C(F)(F)F)C(F)(F)F,CHEMBL1200694,SEVOFLURANE,CHEMBL1200694,SEVOFLURANE,1995,False
[K+].[O-][Cl+3]([O-])([O-])[O-],CHEMBL1200696,POTASSIUM PERCHLORATE,CHEMBL1200696,POTASSIUM PERCHLORATE,1974,False
[OH][Al]([OH])[OH],CHEMBL1200706,ALUMINUM HYDROXIDE,CHEMBL1200706,ALUMINUM HYDROXIDE,1983,False
CCN(CC)C(=O)C1CN2CCc3cc(OC)c(OC)cc3C2CC1OC(C)=O,CHEMBL1201250,BENZQUINAMIDE,CHEMBL1200707;CHEMBL1201250,BENZQUINAMIDE HYDROCHLORIDE;BENZQUINAMIDE,1974,False
CC/C=C\C/C=C\C/C=C\C/C=C\C/C=C\C/C=C\CCC(=O)OCC.CC/C=C\C/C=C\C/C=C\C/C=C\C/C=C\CCCC(=O)OCC,CHEMBL1200711,OMEGA-3-ACID ETHYL ESTERS,CHEMBL1200711,OMEGA-3-ACID ETHYL ESTERS,2004,False
CN1C(=O)CCS(=O)(=O)C1c1ccc(Cl)cc1,CHEMBL1200714,CHLORMEZANONE,CHEMBL1200714,CHLORMEZANONE,1960,True
[Mg+2].[OH-].[OH-],CHEMBL1200718,MAGNESIUM HYDROXIDE,CHEMBL1200718,MAGNESIUM HYDROXIDE,2000,False
CC(=O)O[C@H]1C[C@@H]2CC[C@@H]3[C@H](CC[C@@]4(C)[C@H]3C[C@H](N3CC[N+](C)(C)CC3)[C@@H]4OC(C)=O)[C@@]2(C)C[C@@H]1N1CC[N+](C)(C)CC1,CHEMBL1201206,PIPECURONIUM,CHEMBL1200722;CHEMBL1201206,PIPECURONIUM BROMIDE;PIPECURONIUM,1990,False
Clc1ccc(C(Cn2ccnc2)OCc2csc3c(Cl)cccc23)c(Cl)c1,CHEMBL1201196,SERTACONAZOLE,CHEMBL1200725;CHEMBL1201196,SERTACONAZOLE NITRATE;SERTACONAZOLE,2003,False
[Cl-].[Rb+],CHEMBL2110557,RUBIDIUM CHLORIDE,CHEMBL1200727;CHEMBL2110557,RUBIDIUM CHLORIDE RB 82;RUBIDIUM CHLORIDE,1989,False
O=C(O)CCC(=O)OC[C@@H](NC(=O)C(Cl)Cl)[C@H](O)c1ccc([N+](=O)[O-])cc1,CHEMBL1201281,CHLORAMPHENICOL SUCCINIC ACID,CHEMBL1200729;CHEMBL1201281,CHLORAMPHENICOL SODIUM SUCCINATE;CHLORAMPHENICOL SUCCINIC ACID,1959,False
[Cl-].[K+],CHEMBL1200731,POTASSIUM CHLORIDE,CHEMBL1200731,POTASSIUM CHLORIDE,1982,False
CC(=O)OCC(=O)[C@@]12OC3(CCCC3)O[C@@H]1C[C@H]1[C@@H]3CCC4=CC(=O)C=C[C@]4(C)[C@@]3(F)[C@@H](O)C[C@@]12C,CHEMBL1200732,AMCINONIDE,CHEMBL1200732,AMCINONIDE,1979,False
FC(F)OC(F)C(F)(F)F,CHEMBL1200733,DESFLURANE,CHEMBL1200733,DESFLURANE,1992,False
O=C([O-])[O-].[Mg+2],CHEMBL1200736,MAGNESIUM CARBONATE,CHEMBL1200736,MAGNESIUM CARBONATE,1990,False
CCCCCCCCCCCCCCCC(=O)OC[C@H](COP(=O)([O-])OCC[N+](C)(C)C)OC(=O)CCCCCCCCCCCCCCC,CHEMBL1200737,COLFOSCERIL PALMITATE,CHEMBL1200737,COLFOSCERIL PALMITATE,1990,False
CC(O)C(=O)O.N,CHEMBL1200747,AMMONIUM LACTATE,CHEMBL1200747,AMMONIUM LACTATE,1985,False
C[C@@](Cc1ccc(O)c(O)c1)(NN)C(=O)O,CHEMBL1201236,CARBIDOPA ANHYDROUS,CHEMBL1200748;CHEMBL1201236,CARBIDOPA;CARBIDOPA ANHYDROUS,1975,False
CCCCN1CCCC[C@H]1C(=O)Nc1c(C)cccc1C,CHEMBL1201193,LEVOBUPIVACAINE,CHEMBL1200749;CHEMBL1201193,LEVOBUPIVACAINE HYDROCHLORIDE;LEVOBUPIVACAINE,1999,False
O=C(O)CCNC(=O)c1ccc(/N=N/c2ccc(O)c(C(=O)O)c2)cc1,CHEMBL1201346,BALSALAZIDE,CHEMBL1200760;CHEMBL1201346,BALSALAZIDE DISODIUM;BALSALAZIDE,2000,False
COc1ccc(C(Cl)=C(c2ccc(OC)cc2)c2ccc(OC)cc2)cc1,CHEMBL1200761,CHLOROTRIANISENE,CHEMBL1200761,CHLOROTRIANISENE,1982,False
C[C@H]1C[C@H]2[C@@H]3CCC4=CC(=O)C=C[C@]4(C)[C@@]3(F)[C@@H](O)C[C@]2(C)[C@@]1(O)C(=O)COP(=O)(O)O,CHEMBL1201207,BETAMETHASONE PHOSPHORIC ACID,CHEMBL1200762;CHEMBL1201207,BETAMETHASONE SODIUM PHOSPHATE;BETAMETHASONE PHOSPHORIC ACID,1965,False
CC(=O)N(CC(C)C(=O)O)c1c(I)cc(I)c(N)c1I,CHEMBL1200770,IOCETAMIC ACID,CHEMBL1200770,IOCETAMIC ACID,1982,False
CC[N+](CC)(CC)CCC(O)(c1ccccc1)C1CCCCC1,CHEMBL1201354,TRIDIHEXETHYL,CHEMBL1200771;CHEMBL1201354,TRIDIHEXETHYL CHLORIDE;TRIDIHEXETHYL,1954,False
C[C@]12C=CC(=O)C=C1[C@@H](F)C[C@@H]1[C@@H]2[C@@H](O)C[C@@]2(C)[C@H]1CC[C@]2(O)C(=O)CO,CHEMBL1200774,FLUPREDNISOLONE,CHEMBL1200774,FLUPREDNISOLONE,1982,False
C[C@@H](NCCCc1cccc(C(F)(F)F)c1)c1cccc2ccccc12,CHEMBL1201284,CINACALCET,CHEMBL1200776;CHEMBL1201284,CINACALCET HYDROCHLORIDE;CINACALCET,2004,False
O=P(O)(O)OCC(Cl)(Cl)Cl,CHEMBL1201317,TRICLOFOS,CHEMBL1200789;CHEMBL1201317,TRICLOFOS SODIUM;TRICLOFOS,1982,False
CCC1(CC)C(=O)NCC(C)C1=O,CHEMBL1200790,METHYPRYLON,CHEMBL1200790,METHYPRYLON,1982,False
CC(C)OC(=O)CCC/C=C\C[C@@H]1[C@@H](/C=C/[C@@H](O)COc2cccc(C(F)(F)F)c2)[C@H](O)C[C@@H]1O,CHEMBL1200799,TRAVOPROST,CHEMBL1200799,TRAVOPROST,2001,False
CC(=O)[O-].CC(=O)[O-].[Ca+2],CHEMBL1200800,CALCIUM ACETATE,CHEMBL1200800,CALCIUM ACETATE,1982,False
C=CCC1(C(C)CC)C(=O)NC(=O)NC1=O,CHEMBL1200802,TALBUTAL,CHEMBL1200802,TALBUTAL,1982,False
C#C[C@]1(O)CC[C@H]2[C@@H]3CCC4=C/C(=N/O)CC[C@@H]4[C@H]3CC[C@@]21CC,CHEMBL1200807,NORELGESTROMIN,CHEMBL1200807,NORELGESTROMIN,2001,False
C=C1/C(=C\C=C2/CCC[C@]3(C)[C@@H]([C@H](C)/C=C/[C@H](C)C(C)C)CC[C@@H]23)C[C@@H](O)C[C@@H]1O,CHEMBL1200810,DOXERCALCIFEROL,CHEMBL1200810,DOXERCALCIFEROL,1999,False
CCCOC(=O)Cn1cc(I)c(=O)c(I)c1,CHEMBL1200821,PROPYLIODONE,CHEMBL1200821,PROPYLIODONE,1982,False
O=C([O-])[O-].[Li+].[Li+],CHEMBL1200826,LITHIUM CARBONATE,CHEMBL1200826,LITHIUM CARBONATE,1970,False
OC(CCN1CCCCC1)(c1ccccc1)C1CCCC1,CHEMBL1201227,CYCRIMINE,CHEMBL1200828;CHEMBL1201227,CYCRIMINE HYDROCHLORIDE;CYCRIMINE,1982,False
O=C1O[C@H](CO)[C@@H](O)[C@H](O)[C@H]1O,CHEMBL1200829,GLUCONOLACTONE,CHEMBL1200829,GLUCONOLACTONE,1990,False
CNCC(O)c1ccc(OC(=O)C(C)(C)C)c(OC(=O)C(C)(C)C)c1,CHEMBL1201262,DIPIVEFRIN,CHEMBL1200833;CHEMBL1201262,DIPIVEFRIN HYDROCHLORIDE;DIPIVEFRIN,1980,False
CC(C)NC[C@H](O)COc1ccc(CCOCC2CC2)cc1,CHEMBL1201274,LEVOBETAXOLOL,CHEMBL1200837;CHEMBL1201274,LEVOBETAXOLOL HYDROCHLORIDE;LEVOBETAXOLOL,2000,False
CC[C@@H](CO)NC(=O)[C@@H]1C=C2c3cccc4[nH]cc(c34)C[C@H]2N(C)C1,CHEMBL1201356,METHYLERGONOVINE,CHEMBL1200843;CHEMBL1201356,METHYLERGONOVINE MALEATE;METHYLERGONOVINE,1946,False
CC1(C)O[C@@H]2C[C@H]3[C@@H]4CCC5=CC(=O)CC[C@]5(C)[C@@]4(F)[C@@H](O)C[C@]3(C)[C@]2(C(=O)CCl)O1,CHEMBL1200845,HALCINONIDE,CHEMBL1200845,HALCINONIDE,1974,False
CCCCCC(=O)O[C@]1(C(C)=O)CC[C@H]2[C@@H]3CCC4=CC(=O)CC[C@]4(C)[C@H]3CC[C@@]21C,CHEMBL1200848,HYDROXYPROGESTERONE CAPROATE,CHEMBL1200848,HYDROXYPROGESTERONE CAPROATE,1975,True
C[N+]1(C)[C@@H]2CC[C@H]1C[C@@H](OC(=O)C(O)c1ccccc1)C2,CHEMBL1201235,METHYLHOMATROPINE,CHEMBL1200851;CHEMBL1201235,HOMATROPINE METHYLBROMIDE;METHYLHOMATROPINE,1943,False
CC(=O)[C@H]1CC[C@H]2[C@@H]3C=CC4=CC(=O)CC[C@@]4(C)[C@@H]3CC[C@]12C,CHEMBL1200853,DYDROGESTERONE,CHEMBL1200853,DYDROGESTERONE,1982,False
CCCCCCCCCC(=O)OCCN1CCN(CCCN2c3ccccc3Sc3ccc(C(F)(F)F)cc32)CC1,CHEMBL1200854,FLUPHENAZINE DECANOATE,CHEMBL1200854,FLUPHENAZINE DECANOATE,1972,False
CCN(CC)c1ccc(C(=C2C=CC(=[N+](CC)CC)C=C2)c2cc(S(=O)(=O)[O-])ccc2S(=O)(=O)O)cc1,CHEMBL1201275,ISOSULFAN BLUE INNER SALT,CHEMBL1200859;CHEMBL1201275,ISOSULFAN BLUE;ISOSULFAN BLUE INNER SALT,1981,False
C[C@](N)(Cc1ccc(O)cc1)C(=O)O,CHEMBL1200862,METYROSINE,CHEMBL1200862,METYROSINE,1979,False
CCOC(=O)O[C@]1(C(=O)OCCl)CC[C@H]2[C@@H]3CCC4=CC(=O)C=C[C@]4(C)[C@H]3[C@@H](O)C[C@@]21C,CHEMBL1200865,LOTEPREDNOL ETABONATE,CHEMBL1200865,LOTEPREDNOL ETABONATE,1998,False
FC(F)(F)C(F)(F)C(F)(F)C(F)(F)C(F)(F)C(F)(F)C(F)(F)C(F)(F)Br,CHEMBL1200866,PERFLUBRON,CHEMBL1200866,PERFLUBRON,1993,False
Nc1ccc(C(=O)Oc2ccccc2)c(O)c1,CHEMBL1200868,PHENYL AMINOSALICYLATE,CHEMBL1200868,PHENYL AMINOSALICYLATE,1982,False
C[C@@H]1C[C@H]2[C@@H]3C[C@H](F)C4=CC(=O)C=C[C@]4(C)[C@@]3(F)[C@@H](O)C[C@]2(C)[C@@]1(O)C(=O)COC(=O)C(C)(C)C,CHEMBL1200877,FLUMETHASONE PIVALATE,CHEMBL1200877,FLUMETHASONE PIVALATE,1982,False
CC(C)(C)CC(=O)OCC(=O)[C@@]12OC(C)(C)O[C@@H]1C[C@H]1[C@@H]3CCC4=CC(=O)C=C[C@]4(C)[C@@]3(F)[C@@H](O)C[C@@]12C,CHEMBL1200878,TRIAMCINOLONE HEXACETONIDE,CHEMBL1200878,TRIAMCINOLONE HEXACETONIDE,1969,False
C[N+]1(C)CCC(=C(c2ccccc2)c2ccccc2)CC1,CHEMBL1201340,DIPHEMANIL,CHEMBL1200880;CHEMBL1201340,DIPHEMANIL METHYLSULFATE;DIPHEMANIL,1982,False
CCCCCCCCCCCCCCCC[N+](C)(C)CCN(Cc1ccc(OC)cc1)c1ncccn1,CHEMBL1201322,THONZONIUM,CHEMBL1200883;CHEMBL1201322,THONZONIUM BROMIDE;THONZONIUM,1982,False
COc1cc(C(=O)NCc2ccc(OCCN(C)C)cc2)cc(OC)c1OC,CHEMBL1201256,TRIMETHOBENZAMIDE,CHEMBL1200887;CHEMBL1201256,TRIMETHOBENZAMIDE HYDROCHLORIDE;TRIMETHOBENZAMIDE,1974,False
CC(Cc1ccc2c(c1)OCO2)NCC(O)c1ccc(O)c(O)c1,CHEMBL1201273,PROTOKYLOL,CHEMBL1200893;CHEMBL1201273,PROTOKYLOL HYDROCHLORIDE;PROTOKYLOL,1982,False
CCCC(=O)Nc1c(I)cc(I)c(CC(CC)C(=O)O)c1I,CHEMBL1201261,TYROPANOIC ACID,CHEMBL1200899;CHEMBL1201261,TYROPANOATE SODIUM;TYROPANOIC ACID,1969,False
CC[N+](C)(CC)CCOC(=O)C(O)(c1ccccc1)C1CCCCC1,CHEMBL1201286,OXYPHENONIUM,CHEMBL1200906;CHEMBL1201286,OXYPHENONIUM BROMIDE;OXYPHENONIUM,1982,False
C[C@]12CC[C@H]3[C@@H](CC[C@@]45O[C@@H]4C(O)=C(C#N)C[C@]35C)[C@@H]1CC[C@@H]2O,CHEMBL1200907,TRILOSTANE,CHEMBL1200907,TRILOSTANE,1984,False
CCC(=O)O[C@]1(C(=O)CCl)[C@@H](C)C[C@H]2[C@@H]3C[C@H](F)C4=CC(=O)C=C[C@]4(C)[C@@]3(F)[C@@H](O)C[C@@]21C,CHEMBL1200908,HALOBETASOL PROPIONATE,CHEMBL1200908,HALOBETASOL PROPIONATE,1990,False
CC(C)(C)CC(=O)OCC(=O)[C@@]1(O)CC[C@H]2[C@@H]3CCC4=CC(=O)C=C[C@]4(C)[C@H]3[C@@H](O)C[C@@]21C,CHEMBL1200909,PREDNISOLONE TEBUTATE,CHEMBL1200909,PREDNISOLONE TEBUTATE,1956,False
CC(=O)N(c1onc(C)c1C)S(=O)(=O)c1ccc(N)cc1,CHEMBL1200910,SULFISOXAZOLE ACETYL,CHEMBL1200910,SULFISOXAZOLE ACETYL,1953,False
CCC(NC(C)C)C(O)c1ccc(O)c(O)c1,CHEMBL1201213,ISOETHARINE,CHEMBL1200920;CHEMBL1201153;CHEMBL1201213,ISOETHARINE HYDROCHLORIDE;ISOETHARINE MESYLATE;ISOETHARINE,1979;1982,False
CCC(C)C(C)(COC(N)=O)COC(N)=O,CHEMBL1200922,MEBUTAMATE,CHEMBL1200922,MEBUTAMATE,1982,False
O=P([O-])(O)O.[K+],CHEMBL1200925,"POTASSIUM PHOSPHATE, MONOBASIC",CHEMBL1200925,"POTASSIUM PHOSPHATE, MONOBASIC",1982,False
CN(C)CC[C@@H](c1ccc(Cl)cc1)c1ccccn1,CHEMBL1201353,DEXCHLORPHENIRAMINE,CHEMBL1200927;CHEMBL1201353,DEXCHLORPHENIRAMINE MALEATE;DEXCHLORPHENIRAMINE,1981,False
CC(=O)[O-].CC(=O)[O-].[Zn+2],CHEMBL1200928,ZINC ACETATE ANHYDROUS,CHEMBL1200928;CHEMBL3184986,ZINC ACETATE ANHYDROUS;ZINC ACETATE,1982,False
O=S(=O)([O-])[O-].[Zn+2],CHEMBL1200929,ZINC SULFATE,CHEMBL1200929,ZINC SULFATE,1987,False
C[C@H](O)C(=O)Nc1c(I)c(C(=O)NC(CO)CO)c(I)c(C(=O)NC(CO)CO)c1I,CHEMBL1200932,IOPAMIDOL,CHEMBL1200932,IOPAMIDOL,1985,False
C[N+](C)(CCCCCC[N+](C)(C)C1c2ccccc2-c2ccccc21)C1c2ccccc2-c2ccccc21,CHEMBL1201349,HEXAFLUORENIUM,CHEMBL1200933;CHEMBL1201349,HEXAFLUORENIUM BROMIDE;HEXAFLUORENIUM,1982,False
C#C[C@]1(OC(C)=O)CC[C@H]2[C@@H]3CCC4=C/C(=N/O)CC[C@@H]4[C@H]3CC[C@@]21CC,CHEMBL1200934,NORGESTIMATE,CHEMBL1200934,NORGESTIMATE,1989,False
CC1(C)S[C@@H]2[C@H](NC(=O)Cc3ccccc3)C(=O)N2[C@H]1C(=O)O.CCN(CC)CCOC(=O)c1ccc(N)cc1,CHEMBL1628385,PROCAINE BENZYLPENICILLIN,CHEMBL1200936;CHEMBL1628385,PENICILLIN G PROCAINE;PROCAINE BENZYLPENICILLIN,1948,False
CCN(CC)CCS(=O)(=O)[C@@H]1CCN2C(=O)c3coc(n3)CC(=O)C[C@H](O)/C=C(C)/C=C/CNC(=O)/C=C/[C@@H](C)[C@@H](C(C)C)OC(=O)[C@@H]12,CHEMBL1200937,DALFOPRISTIN,CHEMBL1200937,DALFOPRISTIN,1999,False
Cl.N,CHEMBL1200939,AMMONIUM CHLORIDE,CHEMBL1200939,AMMONIUM CHLORIDE,1982,False
CCCCCCCCCC(=O)O[C@H]1CC[C@H]2[C@@H]3CCC4=CC(=O)CC[C@@H]4[C@H]3CC[C@]12C,CHEMBL1200946,NANDROLONE DECANOATE,CHEMBL1200946,NANDROLONE DECANOATE,1983,False
NCCc1cc[nH]n1,CHEMBL1201323,BETAZOLE,CHEMBL1200949;CHEMBL1201323,BETAZOLE HYDROCHLORIDE;BETAZOLE,1982,False
CCCCCCC(=O)OCCN1CCN(CCCN2c3ccccc3Sc3ccc(C(F)(F)F)cc32)CC1,CHEMBL1200951,FLUPHENAZINE ENANTHATE,CHEMBL1200951,FLUPHENAZINE ENANTHATE,1967,False
CN[C@@H](C)Cc1ccccc1,CHEMBL1201201,METHAMPHETAMINE,CHEMBL1200952;CHEMBL1201201,METHAMPHETAMINE HYDROCHLORIDE;METHAMPHETAMINE,1943,False
CCCC(=O)O[C@]1(C(=O)COC(=O)CC)CC[C@H]2[C@@H]3CCC4=CC(=O)CC[C@]4(C)[C@H]3[C@@H](O)C[C@@]21C,CHEMBL1200953,HYDROCORTISONE PROBUTATE,CHEMBL1200953,HYDROCORTISONE PROBUTATE,1997,False
CCNC(=O)CCC/C=C\C[C@@H]1[C@@H](/C=C/[C@@H](O)CCc2ccccc2)[C@H](O)C[C@@H]1O,CHEMBL1200963,BIMATOPROST,CHEMBL1200963,BIMATOPROST,2001,False
CN(C)CCOC(c1ccccc1)c1ccc(Br)cc1,CHEMBL1201245,BROMODIPHENHYDRAMINE,CHEMBL1200967;CHEMBL1201245,BROMODIPHENHYDRAMINE HYDROCHLORIDE;BROMODIPHENHYDRAMINE,1954,False
C[C@]12C=CC(=O)N[C@@H]1CC[C@@H]1[C@@H]2CC[C@]2(C)[C@@H](C(=O)Nc3cc(C(F)(F)F)ccc3C(F)(F)F)CC[C@@H]12,CHEMBL1200969,DUTASTERIDE,CHEMBL1200969,DUTASTERIDE,2001,False
CC(=O)OCC1=C(C(=O)O)N2C(=O)[C@@H](NC(=O)[C@H](N)c3ccccc3)[C@H]2SC1,CHEMBL1200971,CEPHALOGLYCIN,CHEMBL1200971,CEPHALOGLYCIN,1970,False
CN(C)CCC(O)(c1ccccc1)c1ccccc1Cl,CHEMBL1201313,CHLOPHEDIANOL,CHEMBL1200972;CHEMBL1201313,CHLOPHEDIANOL HYDROCHLORIDE;CHLOPHEDIANOL,1982,False
C[C@]12CC[C@@H]3c4ccc(O)cc4CC[C@H]3[C@@H]1CC[C@@H]2OC(=O)CCC1CCCC1,CHEMBL1200973,ESTRADIOL CYPIONATE,CHEMBL1200973,ESTRADIOL CYPIONATE,1979,False
C[C@@H]1C[C@H]2[C@@H]3C[C@H](F)C4=CC(=O)C=C[C@]4(C)[C@@]3(Cl)[C@@H](O)C[C@]2(C)[C@H]1C(=O)COC(=O)C(C)(C)C,CHEMBL1200975,CLOCORTOLONE PIVALATE,CHEMBL1200975,CLOCORTOLONE PIVALATE,1977,False
CC(C)(CO)[C@@H](O)C(=O)NCCCO,CHEMBL1200979,DEXPANTHENOL,CHEMBL1200979,DEXPANTHENOL,1985,False
CCCCCCCCCC(=O)OC1(c2ccc(Cl)cc2)CCN(CCCC(=O)c2ccc(F)cc2)CC1,CHEMBL1200986,HALOPERIDOL DECANOATE,CHEMBL1200986,HALOPERIDOL DECANOATE,1986,False
CC[N+](C)(CC)CCOC(=O)C1c2ccccc2Oc2ccccc21,CHEMBL1201264,METHANTHELINE,CHEMBL1200988;CHEMBL1201264,METHANTHELINE BROMIDE;METHANTHELINE,1951,False
CCC(=O)OCC(=O)[C@@]1(OC(=O)CC)[C@H](C)C[C@H]2[C@H]3[C@H]([C@@H](O)C[C@@]21C)[C@@]1(C)C=CC(=O)C=C1C[C@H]3Cl,CHEMBL1200989,ALCLOMETASONE DIPROPIONATE,CHEMBL1200989,ALCLOMETASONE DIPROPIONATE,1982,False
CC(=O)OCC(=O)[C@@]1(O)CC[C@H]2[C@@H]3CCC4=CC(=O)CC[C@]4(C)[C@@]3(F)[C@@H](O)C[C@@]21C,CHEMBL1201010,FLUDROCORTISONE ACETATE,CHEMBL1201010,FLUDROCORTISONE ACETATE,1955,False
CC1(C)O[C@@H]2C[C@H]3[C@@H]4C[C@H](F)C5=CC(=O)CC[C@]5(C)[C@H]4[C@@H](O)C[C@]3(C)[C@]2(C(=O)CO)O1,CHEMBL1201012,FLURANDRENOLIDE,CHEMBL1201012,FLURANDRENOLIDE,1965,False
C[C@]12C=CC(=O)C=C1CC[C@@H]1[C@@H]2[C@@H](O)C[C@@]2(C)[C@H]1CC[C@]2(O)C(=O)COP(=O)(O)O,CHEMBL1201231,PREDNISOLONE PHOSPHORIC ACID,CHEMBL1201014;CHEMBL1201231,PREDNISOLONE SODIUM PHOSPHATE;PREDNISOLONE PHOSPHORIC ACID,1973,False
CC(=O)[O-].CC(=O)[O-].CC(=O)[O-].[Al+3],CHEMBL1201015,ALUMINUM ACETATE,CHEMBL1201015,ALUMINUM ACETATE,1976,False
COCC1=C(C(=O)OC(C)OC(=O)OC(C)C)N2C(=O)[C@@H](NC(=O)/C(=N\OC)c3csc(N)n3)[C@H]2SC1,CHEMBL1201016,CEFPODOXIME PROXETIL,CHEMBL1201016,CEFPODOXIME PROXETIL,1992,False
C[N+]1(C)CCC(OC(=O)C(O)(c2ccccc2)C2CCCC2)C1,CHEMBL1201335,GLYCOPYRRONIUM,CHEMBL1201027;CHEMBL1201335;CHEMBL3707243,GLYCOPYRRONIUM BROMIDE;GLYCOPYRRONIUM;GLYCOPYRRONIUM TOSYLATE,1961;2018,False
CN(C)/C=N/c1c(I)cc(I)c(CCC(=O)O)c1I,CHEMBL1201243,IPODATE,CHEMBL1201033;CHEMBL1201243;CHEMBL2068725,IPODATE SODIUM;IPODATE;IPODATE CALCIUM,1962;1982,False
CCCCCCc1ccc(O)cc1O.Nc1c2ccccc2nc2ccccc12,CHEMBL1201038,ACRISORCIN,CHEMBL1201038,ACRISORCIN,1982,False
NS(=O)(=O)c1cc2c(cc1Cl)N=C(CSCc1ccccc1)NS2(=O)=O,CHEMBL1201039,BENZTHIAZIDE,CHEMBL1201039,BENZTHIAZIDE,1960,False
Cc1ccccc1N1CCN(CCc2nnc3n2CCCC3)CC1,CHEMBL1201216,DAPIPRAZOLE,CHEMBL1201044;CHEMBL1201216,DAPIPRAZOLE HYDROCHLORIDE;DAPIPRAZOLE,1990,False
CC(=O)Nc1c(I)cc(I)c(C(=O)O)c1I,CHEMBL1201327,ACETRIZOIC ACID,CHEMBL1201045;CHEMBL1201327,ACETRIZOATE SODIUM;ACETRIZOIC ACID,1982,False
NCc1ccccc1CC(=O)N[C@@H]1C(=O)N2C(C(=O)O)=C(CSc3nnnn3CC(=O)O)CS[C@H]12,CHEMBL1201046,CEFORANIDE,CHEMBL1201046,CEFORANIDE,1984,False
CCC(=O)O[C@H]1CC[C@H]2[C@@H]3CC[C@H]4CC(=O)[C@H](C)C[C@]4(C)[C@H]3CC[C@]12C,CHEMBL1201048,DROMOSTANOLONE PROPIONATE,CHEMBL1201048,DROMOSTANOLONE PROPIONATE,1982,False
Cc1cccn2c(=O)c(-c3nnn[nH]3)cnc12,CHEMBL1201198,PEMIROLAST,CHEMBL1201050;CHEMBL1201198,PEMIROLAST POTASSIUM;PEMIROLAST,1999,False
CCn1ccc(NS(=O)(=O)c2ccc(N)cc2)nc1=O,CHEMBL1201056,SULFACYTINE,CHEMBL1201056,SULFACYTINE,1975,False
CC(=O)[O-].[K+],CHEMBL1201058,POTASSIUM ACETATE,CHEMBL1201058,POTASSIUM ACETATE,1982,False
CC(=O)O[C@]1(C(C)=O)CC[C@H]2[C@@H]3C[C@H](C)C4=CC(=O)C=C[C@]4(C)[C@@]3(F)[C@@H](O)C[C@@]21C,CHEMBL1201064,FLUOROMETHOLONE ACETATE,CHEMBL1201064,FLUOROMETHOLONE ACETATE,1986,False
CCC(=O)c1ccc2c(c1)N(CC(C)N(C)C)c1ccccc1S2,CHEMBL1201210,PROPIOMAZINE,CHEMBL1201068;CHEMBL1201210,PROPIOMAZINE HYDROCHLORIDE;PROPIOMAZINE,1960,False
O=C(O)[C@@H](S)[C@@H](S)C(=O)O,CHEMBL1201073,SUCCIMER,CHEMBL1201073,SUCCIMER,1991,False
CC(=O)N(CC(O)CO)c1c(I)c(C(=O)NCCO)c(I)c(C(=O)NCC(O)CO)c1I,CHEMBL1201075,IOXILAN,CHEMBL1201075,IOXILAN,1995,False
C[C@H]1C[C@@H]2[C@H]([C@@H](O)C[C@@]3(C)[C@H]2CC[C@]3(O)C(=O)COC(=O)CCC(=O)O)[C@@]2(C)C=CC(=O)C=C12,CHEMBL1201265,METHYLPREDNISOLONE HEMISUCCINATE,CHEMBL1201081;CHEMBL1201265,METHYLPREDNISOLONE SODIUM SUCCINATE;METHYLPREDNISOLONE HEMISUCCINATE,1959,False
[I-].[Na+],CHEMBL1644695,SODIUM IODIDE,CHEMBL1201083;CHEMBL1201084;CHEMBL1644695,SODIUM IODIDE I 123;SODIUM IODIDE I 131;SODIUM IODIDE,1976;1982,False
C=CCN1C[C@H](C(=O)N(CCCN(C)C)C(=O)NCC)C[C@@H]2c3cccc4[nH]cc(c34)C[C@H]21,CHEMBL1201087,CABERGOLINE,CHEMBL1201087,CABERGOLINE,1996,False
[Kr],CHEMBL1233877,KRYPTON,CHEMBL1201096;CHEMBL1233877,KRYPTON KR 81M;KRYPTON,1982,False
C[C@]12CC[C@H]3[C@@H](CCC4=CC(=O)CC[C@@]43C)[C@@H]1CC[C@@H]2OC(=O)CCC1CCCC1,CHEMBL1201101,TESTOSTERONE CYPIONATE,CHEMBL1201101,TESTOSTERONE CYPIONATE,1978,False
C1N2CN3CN1CN(C2)C3,CHEMBL1201270,METHENAMINE,CHEMBL1201104;CHEMBL1201270,METHENAMINE HIPPURATE;METHENAMINE,1967,False
CC1(C)O[C@@H]2C[C@H]3[C@@H]4CCC5=CC(=O)C=C[C@]5(C)[C@H]4[C@@H](O)C[C@]3(C)[C@]2(C(=O)CO)O1,CHEMBL1201109,DESONIDE,CHEMBL1201109,DESONIDE,1972,False
COc1nc(N)nc2c1ncn2[C@@H]1O[C@H](CO)[C@@H](O)[C@@H]1O,CHEMBL1201112,NELARABINE,CHEMBL1201112,NELARABINE,2005,False
CC1(C)S[C@@H]2[C@H](N3C(=O)[C@@H](c4ccccc4)NC3(C)C)C(=O)N2[C@H]1C(=O)O,CHEMBL1201116,HETACILLIN,CHEMBL1201116;CHEMBL1201121,HETACILLIN;HETACILLIN POTASSIUM,1982,False
COc1ccccc1OCC(O)COC(N)=O,CHEMBL1201117,METHOCARBAMOL,CHEMBL1201117,METHOCARBAMOL,1957,False
CO[C@@]1(NC(=O)CSCC#N)C(=O)N2C(C(=O)O)=C(CSc3nnnn3C)CS[C@@H]21,CHEMBL1201195,CEFMETAZOLE,CHEMBL1201118;CHEMBL1201195,CEFMETAZOLE SODIUM;CEFMETAZOLE,1989,False
Nc1ncn([C@H]2C[C@H](O)[C@@H](CO)O2)c(=O)n1,CHEMBL1201129,DECITABINE,CHEMBL1201129,DECITABINE,2006,False
CCCCOCCOCCOCc1cc2c(cc1CCC)OCO2,CHEMBL1201131,PIPERONYL BUTOXIDE,CHEMBL1201131,PIPERONYL BUTOXIDE,2000,False
CCCCC(F)(F)[C@@]1(O)CC[C@H]2[C@@H](CC(=O)[C@@H]2CCCCCCC(=O)O)O1,CHEMBL1201134,LUBIPROSTONE,CHEMBL1201134,LUBIPROSTONE,2006,False
CC(=O)O[C@]1(C(C)=O)CC[C@H]2[C@@H]3C=C(C)C4=CC(=O)CC[C@]4(C)[C@H]3CC[C@@]21C,CHEMBL1201139,MEGESTROL ACETATE,CHEMBL1201139,MEGESTROL ACETATE,1971,False
C#C[C@]1(OC(C)=O)CC[C@H]2[C@@H]3CCC4=CC(=O)CC[C@@H]4[C@H]3CC[C@@]21C,CHEMBL1201146,NORETHINDRONE ACETATE,CHEMBL1201146,NORETHINDRONE ACETATE,1973,False
CCCCC(CC)COC(=O)C(C#N)=C(c1ccccc1)c1ccccc1,CHEMBL1201147,OCTOCRYLENE,CHEMBL1201147,OCTOCRYLENE,2006,False
C[C@H]1C[C@H]2[C@@H]3CCC4=CC(=O)C=C[C@]4(C)[C@H]3C(=O)C[C@]2(C)[C@@]1(O)C(=O)CO,CHEMBL1201148,MEPREDNISONE,CHEMBL1201148,MEPREDNISONE,1982,False
C#C[C@]1(O)CC[C@H]2[C@@H]3CCc4cc(OC)ccc4[C@H]3CC[C@@]21C,CHEMBL1201151,MESTRANOL,CHEMBL1201151,MESTRANOL,1961,False
C#C[C@]1(O)CC[C@H]2[C@@H]3CCc4cc(OC5CCCC5)ccc4[C@H]3CC[C@@]21C,CHEMBL1201165,QUINESTROL,CHEMBL1201165,QUINESTROL,1982,False
Cc1cc(C(=O)NNCc2ccccc2)no1,CHEMBL1201168,ISOCARBOXAZID,CHEMBL1201168,ISOCARBOXAZID,1959,True
O=C([O-])CC(O)(CC(=O)[O-])C(=O)[O-].[Li+].[Li+].[Li+],CHEMBL1201170,LITHIUM CITRATE ANHYDROUS,CHEMBL1201170;CHEMBL2103738,LITHIUM CITRATE ANHYDROUS;LITHIUM CITRATE,1980,False
CC(=O)NCc1c(I)c(NC(C)=O)c(I)c(C(=O)O)c1I,CHEMBL1201239,IODAMIDE,CHEMBL1201172;CHEMBL1201239,IODAMIDE MEGLUMINE;IODAMIDE,1982,False
CC(=O)[C@H]1CC[C@H]2[C@@H]3C[C@H](C)C4=CC(=O)CC[C@]4(C)[C@H]3[C@@H](O)C[C@]12C,CHEMBL1201173,MEDRYSONE,CHEMBL1201173,MEDRYSONE,1969,False
CC(C)(C)NC[C@H](O)COc1cccc2c1CCCC2=O,CHEMBL1201237,LEVOBUNOLOL,CHEMBL1201177;CHEMBL1201237,LEVOBUNOLOL HYDROCHLORIDE;LEVOBUNOLOL,1985,False
C[C@@H](Cc1ccccc1)NC(=O)[C@@H](N)CCCCN,CHEMBL1201222,LISDEXAMFETAMINE,CHEMBL1201178;CHEMBL1201222,LISDEXAMFETAMINE DIMESYLATE;LISDEXAMFETAMINE,2007,False
CO[C@H]1C[C@@H]2CC[C@@H](C)[C@@](O)(O2)C(=O)C(=O)N2CCCC[C@H]2C(=O)O[C@H]([C@H](C)C[C@@H]2CC[C@@H](OC(=O)C(C)(CO)CO)[C@H](OC)C2)CC(=O)[C@H](C)/C=C(\C)[C@@H](O)[C@@H](OC)C(=O)[C@H](C)C[C@H](C)/C=C/C=C/C=C/1C,CHEMBL1201182,TEMSIROLIMUS,CHEMBL1201182,TEMSIROLIMUS,2007,False
O=C(O)COCCN1CCN([C@H](c2ccccc2)c2ccc(Cl)cc2)CC1,CHEMBL1201191,LEVOCETIRIZINE,CHEMBL1201190;CHEMBL1201191,LEVOCETIRIZINE DIHYDROCHLORIDE;LEVOCETIRIZINE,2007,False
NC(=O)C[S@@+]([O-])C(c1ccccc1)c1ccccc1,CHEMBL1201192,ARMODAFINIL,CHEMBL1201192,ARMODAFINIL,2007,False
CO/N=C(\C(=O)N[C@@H]1C(=O)N2C(C(=O)O)=C(CSc3nnnn3C)CS[C@H]12)c1csc(N)n1,CHEMBL1201224,CEFMENOXIME,CHEMBL1201224;CHEMBL3183193,CEFMENOXIME;CEFMENOXIME HYDROCHLORIDE,1987,False
CNC(C)(C)Cc1ccccc1,CHEMBL1201234,MEPHENTERMINE,CHEMBL1201234;CHEMBL3184799,MEPHENTERMINE;MEPHENTERMINE SULFATE,1951,False
C/N=C(\NC)NCc1ccccc1,CHEMBL1201260,BETHANIDINE,CHEMBL1201260;CHEMBL2110368,BETHANIDINE;BETHANIDINE SULFATE,1982,False
N#Cc1cc(NC(=O)C(=O)O)c(Cl)c(NC(=O)C(=O)O)c1,CHEMBL1201266,LODOXAMIDE,CHEMBL1201266;CHEMBL3989725,LODOXAMIDE;LODOXAMIDE TROMETHAMINE,1993,False
CC(C)(C)c1ccc(CN2CCN(C(c3ccccc3)c3ccc(Cl)cc3)CC2)cc1,CHEMBL1201271,BUCLIZINE,CHEMBL1201271;CHEMBL2360580,BUCLIZINE;BUCLIZINE HYDROCHLORIDE,1982,False
CC(=O)NCCCS(=O)(=O)O,CHEMBL1201293,ACAMPROSATE,CHEMBL1201293;CHEMBL2068724,ACAMPROSATE;ACAMPROSATE CALCIUM,2004,False
C[C@@H]1C[C@H]2[C@@H]3CCC4=CC(=O)C=C[C@]4(C)[C@@]3(F)[C@@H](O)C[C@]2(C)[C@@]1(O)C(=O)COP(=O)(O)O,CHEMBL1201302,DEXAMETHASONE PHOSPHORIC ACID,CHEMBL1201302;CHEMBL2021430,DEXAMETHASONE PHOSPHORIC ACID;DEXAMETHASONE SODIUM PHOSPHATE,1959,False
Cc1cc(/C=C/c2ccc3cc(N(C)C)ccc3[n+]2C)c(C)n1-c1ccccc1,CHEMBL1201303,PYRVINIUM,CHEMBL1201303;CHEMBL1908377,PYRVINIUM;PYRVINIUM PAMOATE,1982,False
C[C@H](N)[C@H](O)c1cccc(O)c1,CHEMBL1201319,METARAMINOL,CHEMBL1201319;CHEMBL2062262,METARAMINOL;METARAMINOL BITARTRATE,1954,False
C[N+]1(C)CCN(CC(O)(c2ccccc2)C2CCCCC2)CC1,CHEMBL1201325,HEXOCYCLIUM,CHEMBL1201325;CHEMBL1626570,HEXOCYCLIUM;HEXOCYCLIUM METHYLSULFATE,1982,False
CCC(=O)c1ccc2c(c1)N(CCCN1CCN(CCO)CC1)c1ccccc1S2,CHEMBL1201328,CARPHENAZINE,CHEMBL1201328;CHEMBL2358147,CARPHENAZINE;CARPHENAZINE MALEATE,1982,False
Cc1cc(OP(=O)(O)O)c2ccccc2c1OP(=O)(O)O,CHEMBL1201348,MENADIOL DIPHOSPHORIC ACID,CHEMBL1201348;CHEMBL3989728,MENADIOL DIPHOSPHORIC ACID;MENADIOL SODIUM DIPHOSPHATE,1982,False
C#CCC(Cc1cnc2nc(N)nc(N)c2n1)c1ccc(C(=O)N[C@@H](CCC(=O)O)C(=O)O)cc1,CHEMBL1201746,PRALATREXATE,CHEMBL1201746,PRALATREXATE,2009,False
CN1CCC(=C2c3ccccc3CCn3c(C=O)cnc32)CC1,CHEMBL1201747,ALCAFTADINE,CHEMBL1201747,ALCAFTADINE,2010,False
CO[C@H]1C(=O)[C@]2(C)[C@@H](OC)C[C@H]3OC[C@@]3(OC(C)=O)[C@H]2[C@H](OC(=O)c2ccccc2)[C@]2(O)C[C@H](OC(=O)[C@H](O)[C@@H](NC(=O)OC(C)(C)C)c3ccccc3)C(C)=C1C2(C)C,CHEMBL1201748,CABAZITAXEL,CHEMBL1201748,CABAZITAXEL,2010,False
CCCC(=O)O[C@]1(C(=O)COC(C)=O)CC[C@H]2[C@@H]3C[C@H](F)C4=CC(=O)C=C[C@]4(C)[C@@]3(F)[C@@H](O)C[C@@]21C,CHEMBL1201749,DIFLUPREDNATE,CHEMBL1201749,DIFLUPREDNATE,2008,False
C/C(=C\c1csc(C)n1)[C@@H]1C[C@@H]2O[C@]2(C)CCC[C@H](C)[C@H](O)[C@@H](C)C(=O)C(C)(C)[C@@H](O)CC(=O)N1,CHEMBL1201752,IXABEPILONE,CHEMBL1201752,IXABEPILONE,2007,False
O=C(O)C[C@H](O)C[C@H](O)/C=C/c1c(C2CC2)nc2ccccc2c1-c1ccc(F)cc1,CHEMBL1201753,PITAVASTATIN,CHEMBL1201753;CHEMBL1237061;CHEMBL3989920;CHEMBL3989923,PITAVASTATIN;PITAVASTATIN CALCIUM;PITAVASTATIN SODIUM;PITAVASTATIN MAGNESIUM,2009;2017,False
NC(=O)c1cn(Cc2c(F)cccc2F)nn1,CHEMBL1201754,RUFINAMIDE,CHEMBL1201754,RUFINAMIDE,2007,False
O=C(O)CCCN1CCC(O[C@@H](c2ccc(Cl)cc2)c2ccccn2)CC1,CHEMBL1201758,BEPOTASTINE,CHEMBL1201758;CHEMBL1201759,BEPOTASTINE;BEPOTASTINE BESYLATE,2009,False
N[C@@H]1CCCCN(c2c(F)cc3c(=O)c(C(=O)O)cn(C4CC4)c3c2Cl)C1,CHEMBL1201760,BESIFLOXACIN,CHEMBL1201760;CHEMBL1201761,BESIFLOXACIN;BESIFLOXACIN HYDROCHLORIDE,2009,False
CC(C)C(=O)Oc1ccc(CO)cc1[C@H](CCN(C(C)C)C(C)C)c1ccccc1,CHEMBL1201764,FESOTERODINE,CHEMBL1201764;CHEMBL1201765,FESOTERODINE;FESOTERODINE FUMARATE,2007,False
CC(C)c1cccc(C(C)C)c1OCOP(=O)(O)O,CHEMBL1201766,FOSPROPOFOL,CHEMBL1201766;CHEMBL2021422,FOSPROPOFOL;FOSPROPOFOL DISODIUM,2008,False
CC(=O)Oc1cc2c(s1)CCN(C(C(=O)C1CC1)c1ccccc1F)C2,CHEMBL1201772,PRASUGREL,CHEMBL1201772;CHEMBL1201773;CHEMBL6068340,PRASUGREL;PRASUGREL HYDROCHLORIDE;PRASUGREL BESYLATE,2009;2018,False
C[C@H](O)[C@H](O)[C@H]1CNc2nc(N)[nH]c(=O)c2N1,CHEMBL1201774,SAPROPTERIN,CHEMBL1201774;CHEMBL1201775,SAPROPTERIN;SAPROPTERIN DIHYDROCHLORIDE,2007,False
CC[C@@H](c1cccc(O)c1)[C@@H](C)CN(C)C,CHEMBL1201776,TAPENTADOL,CHEMBL1201776;CHEMBL1201777,TAPENTADOL;TAPENTADOL HYDROCHLORIDE,2008,False
NC(=O)N[C@@H](CCC(=O)O)C(=O)O,CHEMBL1201780,CARGLUMIC ACID,CHEMBL1201780,CARGLUMIC ACID,2003,False
CCCCCCOC(=O)CCC(=O)CN,CHEMBL1201784,HEXAMINOLEVULINATE,CHEMBL1201784;CHEMBL1201785,HEXAMINOLEVULINATE;HEXAMINOLEVULINATE HYDROCHLORIDE,2010,False
CCCCCCCCCCCC(=O)OCCNC(=O)C[n+]1ccccc1,CHEMBL1201786,LAPYRIUM,CHEMBL1201786;CHEMBL1201787,LAPYRIUM;LAPYRIUM CHLORIDE,1982,False
Cc1cc2nc3c(=O)[nH]c(=O)nc-3n(C[C@H](O)[C@H](O)[C@H](O)COP(=O)(O)O)c2cc1C,CHEMBL1201794,RIBOFLAVIN 5'-PHOSPHATE,CHEMBL1201794;CHEMBL3989697,RIBOFLAVIN 5'-PHOSPHATE;RIBOFLAVIN 5'-PHOSPHATE SODIUM,1985,False
Cc1c(OCC(F)(F)F)ccnc1C[S@@+]([O-])c1nc2ccccc2[nH]1,CHEMBL1201863,DEXLANSOPRAZOLE,CHEMBL1201863,DEXLANSOPRAZOLE,2009,False
C[C@]12CCC3=C4CCC(=O)C=C4CC[C@H]3[C@@H]1CC[C@@]2(O)CC#N,CHEMBL1201864,DIENOGEST,CHEMBL1201864,DIENOGEST,2010,False
CC(=O)OCC(=O)[C@@]12N=C(C)O[C@@H]1C[C@H]1[C@@H]3CCC4=CC(=O)C=C[C@]4(C)[C@H]3[C@@H](O)C[C@@]12C,CHEMBL1201891,DEFLAZACORT,CHEMBL1201891,DEFLAZACORT,2017,False
O=C(O)c1c(Cl)c(Cl)c(Cl)c(Cl)c1-c1c2cc(I)c(=O)c(I)c-2oc2c(I)c(O)c(I)cc12,CHEMBL1208422,ROSE BENGAL FREE ACID,CHEMBL1208422;CHEMBL3989461,ROSE BENGAL FREE ACID;ROSE BENGAL SODIUM I 131,1971,False
O=S(O)(O)=S,CHEMBL1208642,THIOSULFURIC ACID,CHEMBL1208642;CHEMBL2096650,THIOSULFURIC ACID;SODIUM THIOSULFATE,1992,False
C[C@@H]1CCO[C@H]2Cn3cc(C(=O)NCc4ccc(F)cc4F)c(=O)c(O)c3C(=O)N12,CHEMBL1229211,DOLUTEGRAVIR,CHEMBL1213165;CHEMBL1229211,DOLUTEGRAVIR SODIUM;DOLUTEGRAVIR,2013,False
Cn1c(N)c(NC(=O)NCCN)c[n+]1CC1=C(C(=O)O)N2C(=O)[C@@H](NC(=O)/C(=N\OC(C)(C)C(=O)[O-])c3nsc(N)n3)[C@H]2SC1,CHEMBL2103872,CEFTOLOZANE,CHEMBL1213250;CHEMBL2103872,CEFTOLOZANE SULFATE;CEFTOLOZANE,2014,False
CC(Cc1ccccc1)NCc1ccccc1Cl,CHEMBL1213251,CLOBENZOREX,CHEMBL1213251,CLOBENZOREX,,True
O=C(O)C1N=C(c2ccccc2)c2cc(Cl)ccc2NC1=O,CHEMBL1213252,CLORAZEPIC ACID,CHEMBL1213252;CHEMBL2096631,CLORAZEPIC ACID;CLORAZEPATE DIPOTASSIUM,1972,False
CCC(=O)O[C@](Cc1ccccc1)(c1ccccc1)[C@H](C)CN(C)C,CHEMBL1213351,PROPOXYPHENE,CHEMBL1213351;CHEMBL1237104;CHEMBL3989716,PROPOXYPHENE;PROPOXYPHENE HYDROCHLORIDE;PROPOXYPHENE NAPSYLATE,1957;1971,True
CCN(CC)Cc1ccc2cc(COC(=O)Nc3ccc(C(=O)NO)cc3)ccc2c1,CHEMBL1213492,GIVINOSTAT,CHEMBL1213492;CHEMBL6068400,GIVINOSTAT;GIVINOSTAT HYDROCHLORIDE,2024,False
N#Cc1ccccc1-c1cc(-c2ccccn2)cn(-c2ccccc2)c1=O,CHEMBL1214124,PERAMPANEL,CHEMBL1214124,PERAMPANEL,2012,False
OC[C@H]1OC(O)[C@H](O)[C@@H](O)[C@@H]1O,CHEMBL1222250,DEXTROSE,CHEMBL1222250,DEXTROSE,1982,False
CCCS(=O)(=O)Nc1ccc(F)c(C(=O)c2c[nH]c3ncc(-c4ccc(Cl)cc4)cc23)c1F,CHEMBL1229517,VEMURAFENIB,CHEMBL1229517,VEMURAFENIB,2011,False
C[C@]12CC[C@@H]3c4ccc(O)cc4CC[C@H]3[C@@H]1[C@@H](O)[C@@H](O)[C@@H]2O,CHEMBL1230314,ESTETROL ANHYDROUS,CHEMBL1230314;CHEMBL6068423,ESTETROL ANHYDROUS;ESTETROL,2021,False
CN1c2c([nH]c(N)nc2=O)NC[C@@H]1CNc1ccc(C(=O)N[C@@H](CCC(=O)O)C(=O)O)cc1,CHEMBL1231574,LEVOMEFOLIC ACID,CHEMBL1231574;CHEMBL1615371,LEVOMEFOLIC ACID;LEVOMEFOLATE CALCIUM,2010,False
O=S(=O)(O)c1cc(O)ccc1O,CHEMBL1232131,DOBESILIC ACID,CHEMBL1232131;CHEMBL1514715,DOBESILIC ACID;ETHAMSYLATE,,False
[N-]=[N+]=O,CHEMBL1234579,NITROUS OXIDE,CHEMBL1234579,NITROUS OXIDE,,False
O=O,CHEMBL1234886,OXYGEN,CHEMBL1234886,OXYGEN,2006,False
S1SSSSSSS1,CHEMBL1235452,SULFUR,CHEMBL1235452,SULFUR,1982,False
O=C(O)[C@H](O)[C@@H](O)C(=O)O,CHEMBL1236315,TARTARIC ACID,CHEMBL1236315,TARTARIC ACID,1985,False
O=C[C@H](O)[C@@H](O)[C@H](O)CO,CHEMBL1236821,XYLOSE,CHEMBL1236821,XYLOSE,1982,False
O=C1[C@@H]2[C@H]3CC[C@H](C3)[C@@H]2C(=O)N1C[C@@H]1CCCC[C@H]1CN1CCN(c2nsc3ccccc23)CC1,CHEMBL1237021,LURASIDONE,CHEMBL1237021;CHEMBL1615372,LURASIDONE;LURASIDONE HYDROCHLORIDE,2010,False
COc1cccc(C2(O)CCCCC2CN(C)C)c1,CHEMBL1237044,TRAMADOL,CHEMBL1237044;CHEMBL1237065,TRAMADOL;TRAMADOL HYDROCHLORIDE,1995,False
CO[C@H](C(=O)[C@@H](O)[C@@H](C)O)[C@@H]1Cc2cc3cc(O[C@H]4C[C@@H](O[C@@H]5C[C@@H](O)[C@H](O)[C@@H](C)O5)[C@H](O)[C@@H](C)O4)c(C)c(O)c3c(O)c2C(=O)[C@H]1O[C@H]1C[C@@H](O[C@@H]2C[C@@H](O)[C@@H](O[C@@H]3C[C@](C)(O)[C@H](O)[C@@H](C)O3)[C@@H](C)O2)[C@H](O)[C@@H](C)O1,CHEMBL1237054,PLICAMYCIN,CHEMBL1237054,PLICAMYCIN,1970,False
O=C([O-])C(O)[C@H](O)[C@@H](O)[C@H](O)[C@H](O)CO.O=C([O-])C(O)[C@H](O)[C@@H](O)[C@H](O)[C@H](O)CO.[Ca+2],CHEMBL1237066,CALCIUM GLUCEPTATE,CHEMBL1237066,CALCIUM GLUCEPTATE,1982,False
CC[C@H]1OC(=O)[C@H](C)[C@@H](O[C@H]2C[C@@](C)(OC)[C@@H](O)[C@H](C)O2)[C@H](C)[C@@H](O[C@@H]2O[C@H](C)C[C@H](N(C)C)[C@H]2O)[C@](C)(O)C[C@@H](C)[C@@H]2N[C@@H](COCCOC)O[C@H]([C@H]2C)[C@]1(C)O,CHEMBL1237072,DIRITHROMYCIN,CHEMBL1237072,DIRITHROMYCIN,1995,False
COc1cc(CC2c3c(cc(OC)c(OC)c3OC)CC[N+]2(C)CCCOC(=O)CCC(=O)OCCC[N+]2(C)CCc3cc(OC)c(OC)c(OC)c3C2Cc2cc(OC)c(OC)c(OC)c2)cc(OC)c1OC,CHEMBL1237123,DOXACURIUM,CHEMBL1237099;CHEMBL1237123,DOXACURIUM CHLORIDE;DOXACURIUM,1991,False
C[C@@H]1CN([C@H]2CC[C@](C#N)(c3ccc(F)cc3)CC2)CC[C@]1(C(=O)O)c1ccccc1,CHEMBL1615438,LEVOCABASTINE,CHEMBL1237102;CHEMBL1615438,LEVOCABASTINE HYDROCHLORIDE;LEVOCABASTINE,1993,False
CCCCC[C@](C)(O)/C=C/[C@@H]1[C@@H](C/C=C\CCCC(=O)O)[C@@H](O)C[C@H]1O,CHEMBL1237122,CARBOPROST,CHEMBL1237105;CHEMBL1237122,CARBOPROST TROMETHAMINE;CARBOPROST,1979,False
CCCC(=O)OCOC(=O)C1=C(C)NC(C)=C(C(=O)OC)C1c1cccc(Cl)c1Cl,CHEMBL1237132,CLEVIDIPINE,CHEMBL1237132,CLEVIDIPINE,2008,False
COc1cccc(N2CCN(C3=Nc4c(F)cccc4[C@H](CC(=O)O)N3c3cc(C(F)(F)F)ccc3OC)CC2)c1,CHEMBL1241951,LETERMOVIR,CHEMBL1241951,LETERMOVIR,2017,False
C=CCN1CC[C@]23CCCC[C@H]2[C@H]1Cc1ccc(O)cc13,CHEMBL1254682,LEVALLORPHAN,CHEMBL1254682;CHEMBL2062276,LEVALLORPHAN;LEVALLORPHAN TARTRATE,1982,False
CN(C)CCN(Cc1cccs1)c1ccccn1,CHEMBL1411979,METHAPYRILENE,CHEMBL1255739;CHEMBL1411979;CHEMBL3187246,METHAPYRILENE HYDROCHLORIDE;METHAPYRILENE;METHAPYRILENE FUMARATE,,True
CCc1c(Cl)c(O)c(Cl)c(O)c1C(=O)O[C@H]1[C@H](O)[C@H](OC)[C@H](OC/C2=C\C=C\C[C@H](O)/C(C)=C/[C@H](CC)[C@@H](O[C@@H]3OC(C)(C)[C@@H](OC(=O)C(C)C)[C@H](O)[C@@H]3O)/C(C)=C/C(C)=C/C[C@@H]([C@@H](C)O)OC2=O)O[C@@H]1C,CHEMBL1255800,FIDAXOMICIN,CHEMBL1255800,FIDAXOMICIN,2011,False
Cc1ccc(=O)n(-c2ccccc2)c1,CHEMBL1256391,PIRFENIDONE,CHEMBL1256391,PIRFENIDONE,2011,False
COc1ccc(CC(C)NCC(O)c2ccc(O)c(NC=O)c2)cc1,CHEMBL1256786,FORMOTEROL,CHEMBL1256786;CHEMBL3989798,FORMOTEROL;FORMOTEROL FUMARATE,2001,False
O=C(CCNNC(=O)c1ccncc1)NCc1ccccc1,CHEMBL1256841,NIALAMIDE,CHEMBL1256841,NIALAMIDE,,True
COc1ccc(C(=O)NCc2cccnc2)cc1C(=O)NCc1cccnc1,CHEMBL1257015,PICOTAMIDE,CHEMBL1257015,PICOTAMIDE,,False
Cn1nnc(-c2ccc(-c3ccc(N4C[C@H](CO)OC4=O)cc3F)cn2)n1,CHEMBL1257051,TEDIZOLID,CHEMBL1257051,TEDIZOLID,,False
O=C(NN1C(=O)[C@@H]2[C@@H]3C=C[C@@H]([C@H]4C[C@@H]34)[C@@H]2C1=O)c1ccc(C(F)(F)F)cc1,CHEMBL1257073,TECOVIRIMAT,CHEMBL1257073;CHEMBL5315121,TECOVIRIMAT;TECOVIRIMAT MONOHYDRATE,2018,False
CC(C)OC(=O)[C@H](C)N[P@](=O)(OC[C@H]1O[C@@H](n2ccc(=O)[nH]c2=O)[C@](C)(F)[C@@H]1O)Oc1ccccc1,CHEMBL1259059,SOFOSBUVIR,CHEMBL1259059,SOFOSBUVIR,2013,False
CN1CCc2nc(C(=O)N[C@@H]3C[C@@H](C(=O)N(C)C)CC[C@@H]3NC(=O)C(=O)Nc3ccc(Cl)cn3)sc2C1,CHEMBL1269025,EDOXABAN,CHEMBL1269025;CHEMBL2105682,EDOXABAN;EDOXABAN TOSYLATE,2015,False
CC#C[C@]1(O)CC[C@H]2[C@@H]3CCC4=CC(=O)CCC4=C3[C@@H](c3ccc(N(C)C)cc3)C[C@@]21C,CHEMBL1276308,MIFEPRISTONE,CHEMBL1276308,MIFEPRISTONE,2000,False
Cc1cnc(Nc2ccc(OCCN3CCCC3)cc2)nc1Nc1cccc(S(=O)(=O)NC(C)(C)C)c1,CHEMBL1287853,FEDRATINIB,CHEMBL1287853;CHEMBL4297216,FEDRATINIB;FEDRATINIB HYDROCHLORIDE,2019,False
COc1cc2nccc(Oc3ccc(NC(=O)Nc4cc(C)on4)c(Cl)c3)c2cc1OC,CHEMBL1289494,TIVOZANIB,CHEMBL1289494;CHEMBL2105756,TIVOZANIB;TIVOZANIB HYDROCHLORIDE,2017,False
COc1cc2nccc(Oc3ccc(NC(=O)NC4CC4)c(Cl)c3)c2cc1C(N)=O,CHEMBL1289601,LENVATINIB,CHEMBL1289601;CHEMBL2105704,LENVATINIB;LENVATINIB MESYLATE,2015,False
CNC(=O)c1ccccc1Sc1ccc2c(/C=C/c3ccccn3)n[nH]c2c1,CHEMBL1289926,AXITINIB,CHEMBL1289926,AXITINIB,2012,False
CN1[C@@H]2CC[C@H]1C[C@@H](OC(=O)C(O)c1ccccc1)C2,CHEMBL1618018,HOMATROPINE,CHEMBL1319362;CHEMBL1618018,HOMATROPINE HYDROBROMIDE;HOMATROPINE,,False
CC(C)=CC1C(C(=O)OCc2cccc(Oc3ccccc3)c2)C1(C)C,CHEMBL1322884,PHENOTHRIN,CHEMBL1322884,PHENOTHRIN,,True
CCOC(=O)[N-]c1c[n+](N2CCOCC2)no1,CHEMBL1329455,MOLSIDOMINE,CHEMBL1329455,MOLSIDOMINE,,False
CC(=O)Nc1cc([As](=O)(O)O)ccc1O,CHEMBL1330792,ACETARSONE,CHEMBL1330792,ACETARSONE,,True
OCl,CHEMBL1616046,HYPOCHLOROUS ACID,CHEMBL1334078;CHEMBL1616046,SODIUM HYPOCHLORITE;HYPOCHLOROUS ACID,,False
CC(=O)OCC(=O)[C@@]1(O)CC[C@H]2[C@@H]3C[C@H](C)C4=CC(=O)C=C[C@]4(C)[C@H]3[C@@H](O)C[C@@]21C,CHEMBL1364144,METHYLPREDNISOLONE ACETATE,CHEMBL1364144,METHYLPREDNISOLONE ACETATE,1959,False
CO[C@]12C[C@@H](COC(=O)c3cncc(Br)c3)CN(C)[C@@H]1Cc1cn(C)c3cccc2c13,CHEMBL1372950,NICERGOLINE,CHEMBL1372950,NICERGOLINE,,False
CCCCNc1ccc(C(=O)OCCOCCOCCOCCOCCOCCOCCOCCOCCOC)cc1,CHEMBL1374379,BENZONATATE,CHEMBL1374379,BENZONATATE,1958,False
CC(=O)Oc1ccc(C2(c3ccc(OC(C)=O)cc3)C(=O)Nc3ccccc32)cc1,CHEMBL1402684,OXYPHENISATIN ACETATE,CHEMBL1402684,OXYPHENISATIN ACETATE,,True
CC1OC(C)OC(C)O1,CHEMBL1410743,PARALDEHYDE,CHEMBL1410743,PARALDEHYDE,,False
CCCCC1(COC(=O)CCC(=O)O)C(=O)N(c2ccccc2)N(c2ccccc2)C1=O,CHEMBL1414320,SUXIBUZONE,CHEMBL1414320,SUXIBUZONE,,True
C[C@]12C=CC(=O)C=C1CC[C@@H]1[C@@H]2CC[C@@]2(C)[C@H]1CC[C@]2(C)O,CHEMBL1418176,METHANDROSTENOLONE,CHEMBL1418176,METHANDROSTENOLONE,,True
CN(C)CCN1C(=O)c2ccccc2N(C)c2ccccc21,CHEMBL1442422,DIBENZEPIN,CHEMBL1442422;CHEMBL2104287,DIBENZEPIN;DIBENZEPIN HYDROCHLORIDE,,True
Cc1ncc([N+](=O)[O-])n1CC(O)CCl,CHEMBL1449676,ORNIDAZOLE,CHEMBL1449676,ORNIDAZOLE,,False
CC(C)=CCC1C(=O)N(c2ccccc2)N(c2ccccc2)C1=O,CHEMBL1452696,FEPRAZONE,CHEMBL1452696,FEPRAZONE,,True
O=[N+]([O-])c1ccc(O)c2ncccc12,CHEMBL1454910,NITROXOLINE,CHEMBL1454910,NITROXOLINE,,True
C[C@]12CCC(=O)C=C1C=C[C@@H]1[C@@H]2CC[C@@]2(C)[C@H]1CC[C@@]21CCC(=O)O1,CHEMBL1463345,CANRENONE,CHEMBL1463345,CANRENONE,,True
CC(CN(C)C)C(C)(O)Cc1ccc(Cl)cc1,CHEMBL1474889,CLOBUTINOL,CHEMBL1474889,CLOBUTINOL,1961,True
CCc1oc2ccccc2c1C(=O)c1ccc(O)cc1,CHEMBL1474963,BENZARONE,CHEMBL1474963,BENZARONE,,True
CC(=O)O[C@]1(C(C)=O)CC[C@H]2[C@@H]3C=C(C)C4=CC(=O)CC[C@@H]4[C@H]3CC[C@@]21C,CHEMBL1476022,NOMEGESTROL ACETATE,CHEMBL1476022;CHEMBL2105722,NOMEGESTROL ACETATE;NOMEGESTROL,,False
CCCCC(CC)COC(=O)CC(C(=O)OCC(CC)CCCC)S(=O)(=O)O,CHEMBL1477036,DOCUSATE,CHEMBL1477036;CHEMBL1905872,DOCUSATE;DOCUSATE SODIUM,,False
CC1CC(OC(=O)C(O)c2ccccc2)CC(C)(C)C1,CHEMBL1480987,CYCLANDELATE,CHEMBL1480987,CYCLANDELATE,,False
CN(C)CC/C=C1\c2ccccc2CSc2ccccc21,CHEMBL1492500,DOTHIEPIN,CHEMBL1492500;CHEMBL1711280,DOTHIEPIN;DOTHIEPIN HYDROCHLORIDE,,False
CCN(CC)CCOCCOC(=O)C(CC)(CC)c1ccccc1,CHEMBL1500276,OXELADIN,CHEMBL1500276,OXELADIN,,True
CCN1CCCC(OC(=O)C(c2ccccc2)c2ccccc2)C1,CHEMBL1623992,PIPERIDOLATE,CHEMBL1511957;CHEMBL1623992,PIPERIDOLATE HYDROCHLORIDE;PIPERIDOLATE,,False
CC(C)C(Br)C(=O)NC(N)=O,CHEMBL1515611,BROMISOVALUM,CHEMBL1515611,BROMISOVALUM,,True
O=C(O)c1ccccc1C(=O)Nc1ccc(S(=O)(=O)Nc2nccs2)cc1,CHEMBL1524273,PHTHALYLSULFATHIAZOLE,CHEMBL1524273,PHTHALYLSULFATHIAZOLE,,True
COc1nccnc1NS(=O)(=O)c1ccc(N)cc1,CHEMBL1525826,SULFALENE,CHEMBL1525826,SULFALENE,,False
CC(=O)OCC(=O)[C@@]1(O)[C@H](C)C[C@H]2[C@@H]3CCC4=CC(=O)C=C[C@]4(C)[C@@]3(F)[C@@H](O)C[C@@]21C,CHEMBL1530428,DEXAMETHASONE ACETATE,CHEMBL1530428,DEXAMETHASONE ACETATE,1973,False
CN(CCO)CC(O)Cn1cnc2c1c(=O)n(C)c(=O)n2C,CHEMBL1624126,XANTHINOL,CHEMBL1560089;CHEMBL1624126,XANTHINOL NIACINATE;XANTHINOL,,False
CC(=O)[C@H]1CC[C@H]2[C@@H]3CC[C@H]4C[C@](C)(O)CC[C@]4(C)[C@H]3CC[C@]12C,CHEMBL1568698,GANAXOLONE,CHEMBL1568698,GANAXOLONE,2022,False
Clc1ccc(C(Cn2ccnc2)OCc2c(Cl)cccc2Cl)c(Cl)c1,CHEMBL1571863,ISOCONAZOLE,CHEMBL1571863,ISOCONAZOLE,,False
NC(=O)NNc1ccccc1,CHEMBL1593719,PHENICARBAZIDE,CHEMBL1593719,PHENICARBAZIDE,,True
CCC(=O)O[C@@](Cc1ccccc1)(c1ccccc1)[C@@H](C)CN(C)C,CHEMBL1738990,LEVOPROPOXYPHENE,CHEMBL1593906;CHEMBL1738990,LEVOPROPOXYPHENE NAPSYLATE;LEVOPROPOXYPHENE,1962,False
CN1CCCN=C1/C=C/c1cccs1,CHEMBL1626223,PYRANTEL,CHEMBL1599768;CHEMBL1626223,PYRANTEL PAMOATE;PYRANTEL,,False
C=C1/C(=C\C=C2/CCC[C@]3(C)[C@@H]([C@H](C)CCCC(C)C)CC[C@@H]23)C[C@@H](O)C[C@@H]1O,CHEMBL1601669,ALFACALCIDOL,CHEMBL1601669,ALFACALCIDOL,,False
Cn1cnc2c(F)c(Nc3ccc(Br)cc3Cl)c(C(=O)NOCCO)cc21,CHEMBL1614701,SELUMETINIB,CHEMBL1614701;CHEMBL2105684,SELUMETINIB;SELUMETINIB SULFATE,2020,False
CN(C)CCCC1c2ccccc2Nc2ccc(Cl)cc21,CHEMBL1615350,CLOMACRAN,CHEMBL1615350;CHEMBL2104136,CLOMACRAN;CLOMACRAN PHOSPHATE,,True
C[C@H]1[C@H](c2ccccc2)OCCN1C,CHEMBL1615439,PHENDIMETRAZINE,CHEMBL1615439;CHEMBL2062163,PHENDIMETRAZINE;PHENDIMETRAZINE TARTRATE,1976,True;False
O=C(CCOCCOCCOCCOCCC(=O)Nc1c(I)cc(I)c(C(=O)O)c1I)Nc1c(I)cc(I)c(C(=O)O)c1I,CHEMBL1615487,IODOXAMIC ACID,CHEMBL1615487;CHEMBL4594231,IODOXAMIC ACID;IODOXAMATE MEGLUMINE,1982,False
CC(C)[N+]1(C)[C@@H]2CC[C@H]1C[C@@H](OC(=O)C(CO)c1ccccc1)C2,CHEMBL1621597,IPRATROPIUM,CHEMBL1621597;CHEMBL2134724,IPRATROPIUM;IPRATROPIUM BROMIDE,1986,False
C[C@]12CC[C@@H]3c4ccc(O)cc4CC[C@H]3[C@@H]1C[C@@H](F)[C@@H]2O,CHEMBL1627367,FLUOROESTRADIOL,CHEMBL1627367;CHEMBL4594261,FLUOROESTRADIOL;FLUOROESTRADIOL F-18,2020,False
CN(C)CCC=C1c2ccccc2COc2ccccc21,CHEMBL1628227,DOXEPIN,CHEMBL1628227;CHEMBL1628234,DOXEPIN;DOXEPIN HYDROCHLORIDE,1969,False
CC(OC(=O)NCC1(CC(=O)O)CCCCC1)OC(=O)C(C)C,CHEMBL1628502,GABAPENTIN ENACARBIL,CHEMBL1628502,GABAPENTIN ENACARBIL,2011,False
CC[C@H](C)C[C@H](C)CCCCCCCCC(=O)N[C@H]1C[C@@H](O)[C@@H](NCCN)NC(=O)[C@@H]2[C@@H](O)CCN2C(=O)[C@H]([C@H](O)CCN)NC(=O)[C@H]([C@H](O)[C@@H](O)c2ccc(O)cc2)NC(=O)[C@@H]2C[C@@H](O)CN2C(=O)[C@H]([C@@H](C)O)NC1=O,CHEMBL1630575,CASPOFUNGIN,CHEMBL1630575;CHEMBL5314378,CASPOFUNGIN;CASPOFUNGIN ACETATE,2001,False
CSc1ccc(OCc2ncc([N+](=O)[O-])n2C)cc1,CHEMBL1631694,FEXINIDAZOLE,CHEMBL1631694,FEXINIDAZOLE,2021,False
Cn1cc(C(=O)[C@@H]2CCc3[nH]cnc3C2)c2ccccc21,CHEMBL1643895,RAMOSETRON,CHEMBL1643895;CHEMBL3181841,RAMOSETRON;RAMOSETRON HYDROCHLORIDE,2015,False
O=[N+]([O-])[O-].[K+],CHEMBL1644029,POTASSIUM NITRATE,CHEMBL1644029,POTASSIUM NITRATE,,True
Cn1c(=O)cc(N2CCC[C@@H](N)C2)n(Cc2cc(F)ccc2C#N)c1=O,CHEMBL1650443,TRELAGLIPTIN,CHEMBL1650443;CHEMBL2105754,TRELAGLIPTIN;TRELAGLIPTIN SUCCINATE,,False
CN[C@@H]1[C@@H](O)[C@@H](O[C@@H]2[C@@H](O)[C@H](O[C@H]3OC(CNCCO)=CC[C@H]3N)[C@@H](N)C[C@H]2NC(=O)[C@@H](O)CCN)OC[C@]1(C)O,CHEMBL1650559,PLAZOMICIN,CHEMBL1650559;CHEMBL2364623,PLAZOMICIN;PLAZOMICIN SULFATE,2018,False
CC(C)(C)C(=O)OCOC(=O)[C@@H]1N2C(=O)[C@@H](/N=C/N3CCCCCC3)[C@H]2SC1(C)C,CHEMBL1650818,AMDINOCILLIN PIVOXIL,CHEMBL1650818,AMDINOCILLIN PIVOXIL,2024,False
Clc1ccc(C(Cn2ccnc2)OCc2ccc(Sc3ccccc3)cc2)c(Cl)c1,CHEMBL1651990,FENTICONAZOLE,CHEMBL1651990;CHEMBL2107703,FENTICONAZOLE;FENTICONAZOLE NITRATE,,False
Cc1oc(=O)oc1COC(=O)N1CC[C@@H](N2CC/C(=C\C3=C(C(=O)O)N4C(=O)[C@@H](NC(=O)/C(=N/O)c5nsc(N)n5)[C@H]4SC3)C2=O)C1,CHEMBL1652606,CEFTOBIPROLE MEDOCARIL FREE ACID,CHEMBL1652606;CHEMBL4297101,CEFTOBIPROLE MEDOCARIL FREE ACID;CEFTOBIPROLE MEDOCARIL SODIUM,2024,False
C=C1C[C@@H]2CC[C@@]34C[C@H]5O[C@H]6[C@@H](O3)[C@H]3O[C@H](CC[C@@H]3O[C@H]6[C@H]5O4)CC(=O)C[C@@H]3[C@@H](OC)[C@@H](C[C@H](O)CN)O[C@H]3C[C@H]3O[C@@H](CC[C@@H]1O2)C[C@@H](C)C3=C,CHEMBL1683590,ERIBULIN,CHEMBL1683544;CHEMBL1683590,ERIBULIN MESYLATE;ERIBULIN,2010,False
CN[C@H](CC(C)C)C(=O)N[C@H]1C(=O)N[C@@H](CC(N)=O)C(=O)N[C@H]2C(=O)N[C@H]3C(=O)N[C@H](C(=O)N[C@H](C(=O)O)c4cc(O)cc(O)c4-c4cc3ccc4O)[C@H](O[C@H]3C[C@](C)(N)[C@@H](O)[C@H](C)O3)c3ccc(c(Cl)c3)Oc3cc2cc(c3O[C@@H]2O[C@H](CO)[C@@H](O)[C@H](O)[C@H]2O[C@H]2C[C@](C)(NCc3ccc(-c4ccc(Cl)cc4)cc3)[C@@H](O)[C@H](C)O2)Oc2ccc(cc2Cl)[C@H]1O,CHEMBL1688530,ORITAVANCIN,CHEMBL1688530;CHEMBL3989766,ORITAVANCIN;ORITAVANCIN DIPHOSPHATE,2014,False
NC(=O)[C@@H]1CC[C@@H]2CN1C(=O)N2OS(=O)(=O)O,CHEMBL1689063,AVIBACTAM,CHEMBL1689063;CHEMBL2107817,AVIBACTAM;AVIBACTAM SODIUM,2015,False
CN(C)c1cc(CNCC(C)(C)C)c(O)c2c1C[C@H]1C[C@H]3[C@H](N(C)C)C(O)=C(C(N)=O)C(=O)[C@@]3(O)C(O)=C1C2=O,CHEMBL1689772,OMADACYCLINE,CHEMBL1689772;CHEMBL2103854,OMADACYCLINE;OMADACYCLINE TOSYLATE,2018,False
CCOC(=O)NC(C)(C)Cc1ccc(Cl)cc1,CHEMBL1697686,CLOFOREX,CHEMBL1697686,CLOFOREX,,True
CCc1cc2c(s1)N(C)C(=O)CN=C2c1ccccc1Cl,CHEMBL1697737,CLOTIAZEPAM,CHEMBL1697737,CLOTIAZEPAM,,False
O=C(O)CSCC(=O)NC1CCSC1=O,CHEMBL1697744,ERDOSTEINE,CHEMBL1697744,ERDOSTEINE,,False
CC(C)Nc1ncccn1,CHEMBL1740513,ISAXONINE,CHEMBL1697751;CHEMBL1740513,ISAXONINE PHOSPHATE;ISAXONINE,,True
CC(c1ccc(Cl)c(Cl)c1)N1N=C(N)CC1=O,CHEMBL1697760,MUZOLIMINE,CHEMBL1697760,MUZOLIMINE,,True
O=S(=O)(O)Oc1ccc(C(c2ccc(OS(=O)(=O)O)cc2)c2ccccn2)cc1,CHEMBL1741134,PICOSULFURIC ACID,CHEMBL1697768;CHEMBL1741134,SODIUM PICOSULFATE;PICOSULFURIC ACID,2012,False
CNC(C)CCC=C(C)C,CHEMBL1697841,ISOMETHEPTENE,CHEMBL1697841;CHEMBL2355839,ISOMETHEPTENE;ISOMETHEPTENE MUCATE,,False
CCOc1ccc(NC(=O)CC(C)O)cc1,CHEMBL1697856,BUCETIN,CHEMBL1697856,BUCETIN,,True
CC(C)N1CCN(c2ccc(OCC3COC(Cn4cncn4)(c4ccc(Cl)cc4Cl)O3)cc2)CC1,CHEMBL1714574,TERCONAZOLE,CHEMBL1714574,TERCONAZOLE,1987,False
CCc1cc2c(cc1N1CCC(N3CCOCC3)CC1)C(C)(C)c1[nH]c3cc(C#N)ccc3c1C2=O,CHEMBL1738797,ALECTINIB,CHEMBL1738797;CHEMBL3707320,ALECTINIB;ALECTINIB HYDROCHLORIDE,2015,False
CCOCCn1c(C2CCN(CCc3ccc(C(C)(C)C(=O)O)cc3)CC2)nc2ccccc21,CHEMBL1742423,BILASTINE,CHEMBL1742423,BILASTINE,,False
CC1(C)OC[C@@H](COC(=O)CCc2ccc(OC[C@@H](O)CNCCNC(=O)N3CCOCC3)cc2)O1,CHEMBL1742466,LANDIOLOL,CHEMBL1742466;CHEMBL2362410,LANDIOLOL;LANDIOLOL HYDROCHLORIDE,2024,False
NC(N)=Nc1nc(CSCCN/C=N/S(=O)(=O)c2ccc(Br)cc2)cs1,CHEMBL1742471,EBROTIDINE,CHEMBL1742471,EBROTIDINE,,True
CCOc1ccc(Cc2cc([C@]34OC[C@](CO)(O3)[C@@H](O)[C@H](O)[C@H]4O)ccc2Cl)cc1,CHEMBL1770248,ERTUGLIFLOZIN,CHEMBL1770248;CHEMBL5315054,ERTUGLIFLOZIN;ERTUGLIFLOZIN PIDOLATE,2017,False
CCC[C@H](N[C@H]1CCc2cc(F)cc(F)c2C1)C(=O)Nc1cn(C(C)(C)CNCC(C)(C)C)cn1,CHEMBL1770916,NIROGACESTAT,CHEMBL1770916;CHEMBL4298153,NIROGACESTAT;NIROGACESTAT HYDROBROMIDE,2023,False
CNc1ccc(/C=C/c2ccc(OCCOCCOCCF)nc2)cc1,CHEMBL1908919,FLORBETAPIR,CHEMBL1774461;CHEMBL1908919,FLORBETAPIR F 18;FLORBETAPIR,2012,False
CC(C)(C)OC[C@@H]1C(=O)NCCN1C(=O)C[C@H](N)Cc1cc(F)c(F)cc1F,CHEMBL1779710,EVOGLIPTIN,CHEMBL1779710,EVOGLIPTIN,2015,False
Cc1cc(Br)c(O)c2ncccc12,CHEMBL1788385,TILBROQUINOL,CHEMBL1788385,TILBROQUINOL,,True
CC(C)=CC1C(C(=O)OCN2C(=O)C3=C(CCCC3)C2=O)C1(C)C,CHEMBL1788386,TETRAMETHRIN,CHEMBL1788386,TETRAMETHRIN,,True
C=CCC1=C(C)C(OC(=O)[C@@H]2[C@@H](C=C(C)C)C2(C)C)CC1=O,CHEMBL1788403,BIOALLETHRIN,CHEMBL1788403,BIOALLETHRIN,,True
N#CC[C@H](C1CCCC1)n1cc(-c2ncnc3[nH]ccc23)cn1,CHEMBL1789941,RUXOLITINIB,CHEMBL1789941;CHEMBL1795071;CHEMBL4594382,RUXOLITINIB;RUXOLITINIB PHOSPHATE;DEURUXOLITINIB PHOSPHATE,2011;2024,False
CNC(=C[N+](=O)[O-])NCCSCc1ccc(CN(C)C)o1,CHEMBL1790041,RANITIDINE,CHEMBL1790041;CHEMBL2110372;CHEMBL2111286,RANITIDINE;RANITIDINE HYDROCHLORIDE;RANITIDINE BISMUTH CITRATE,1983;1996,False
[He],CHEMBL1796997,HELIUM,CHEMBL1796997,HELIUM,2015,False
FS(F)(F)(F)(F)F,CHEMBL1796998,SULFUR HEXAFLUORIDE,CHEMBL1796998,SULFUR HEXAFLUORIDE,2001,False
CONC(=O)Nc1ccc(-c2sc3c(c2CN(C)C)c(=O)n(-c2ccc(OC)nn2)c(=O)n3Cc2c(F)cccc2F)cc1,CHEMBL1800159,RELUGOLIX,CHEMBL1800159,RELUGOLIX,,False
O=C(Nc1ccccc1)c1cc(Br)cc(Br)c1O,CHEMBL1801800,METABROMSALAN,CHEMBL1801800,METABROMSALAN,,True
OC[C@H]1O[C@@H](c2ccc(Cl)c(Cc3ccc(OCCOC4CC4)cc3)c2)[C@H](O)[C@@H](O)[C@@H]1O,CHEMBL1808388,BEXAGLIFLOZIN,CHEMBL1808388,BEXAGLIFLOZIN,2023,False
CCN1CCN(c2ccc(Nc3cc(N(C)C(=O)Nc4c(Cl)c(OC)cc(OC)c4Cl)ncn3)cc2)CC1,CHEMBL1852688,INFIGRATINIB,CHEMBL1834657;CHEMBL1852688,INFIGRATINIB PHOSPHATE;INFIGRATINIB,2021,False
C/C=C(/C)C(=O)O[C@H]1C(C)=C[C@]23C(=O)[C@@H](C=C(CO)[C@@H](O)[C@]12O)[C@H]1[C@@H](C[C@H]3C)C1(C)C,CHEMBL1863513,INGENOL MEBUTATE,CHEMBL1863513,INGENOL MEBUTATE,2010,True
CC(C)(C)c1ccc2c(S(=O)(=O)O)c(C(C)(C)C)ccc2c1,CHEMBL1865134,DIBUNIC ACID,CHEMBL1865134;CHEMBL2107554,DIBUNIC ACID;SODIUM DIBUNATE,,True
C=CC(=O)N1CCC[C@@H](n2nc(-c3ccc(Oc4ccccc4)cc3)c3c(N)ncnc32)C1,CHEMBL1873475,IBRUTINIB,CHEMBL1873475,IBRUTINIB,2013,False
COc1cc(/C=C/C(=O)N2CCN(CC(=O)N3CCCC3)CC2)cc(OC)c1OC,CHEMBL1874750,CINEPAZIDE,CHEMBL1874750,CINEPAZIDE,1980,True
O=C(O[C@H]1C[C@H]2CC[C@@H](C1)[N+]21CCCC1)C(O)(c1ccccc1)c1ccccc1,CHEMBL1888176,TROSPIUM,CHEMBL1888176;CHEMBL3084748,TROSPIUM;TROSPIUM CHLORIDE,2004,False
FC(F)(F)C(F)(F)C(F)(F)C(F)(F)C(F)(F)F,CHEMBL1899801,PERFLENAPENT,CHEMBL1899801,PERFLENAPENT,1998,False
C[N+]1(C)[C@@H]2C[C@@H](OC(=O)C(O)(c3cccs3)c3cccs3)C[C@H]1[C@@H]1O[C@@H]12,CHEMBL1900528,TIOTROPIUM,CHEMBL1900528;CHEMBL3545181,TIOTROPIUM;TIOTROPIUM BROMIDE,2004,False
Cn1cc([S+](C)[O-])c(=O)c2ccc(F)cc21,CHEMBL1908307,FLOSEQUINAN,CHEMBL1908307,FLOSEQUINAN,1992,True
CCCCC(C)(C)[C@H](O)/C=C/[C@H]1[C@H](O)CC(=O)[C@@H]1CCCC/C=C/C(=O)OC,CHEMBL1908315,GEMEPROST,CHEMBL1908315,GEMEPROST,,False
C1CCN2C[C@@H]3C[C@@H](CN4CCCC[C@@H]34)[C@H]2C1,CHEMBL1908847,SPARTEINE,CHEMBL1908348;CHEMBL1908847,SPARTEINE SULFATE;SPARTEINE,,True
O=P([O-])([O-])F.[Na+].[Na+],CHEMBL1908359,SODIUM MONOFLUOROPHOSPHATE,CHEMBL1908359,SODIUM MONOFLUOROPHOSPHATE,1986,False
CO[C@H]1C[C@@H]2CC[C@@H](C)[C@@](O)(O2)C(=O)C(=O)N2CCCC[C@H]2C(=O)O[C@H]([C@H](C)C[C@@H]2CC[C@@H](OCCO)[C@H](OC)C2)CC(=O)[C@H](C)/C=C(\C)[C@@H](O)[C@@H](OC)C(=O)[C@H](C)C[C@H](C)/C=C/C=C/C=C/1C,CHEMBL1908360,EVEROLIMUS,CHEMBL1908360,EVEROLIMUS,2009,False
Nc1nc(=O)c2c([nH]1)NC[C@H](CNc1ccc(C(=O)N[C@@H](CCC(=O)O)C(=O)O)cc1)N2C=O,CHEMBL1908841,LEVOLEUCOVORIN,CHEMBL1908361;CHEMBL1908841,LEVOLEUCOVORIN CALCIUM;LEVOLEUCOVORIN,2008,False
N#Cc1c(N2C[C@@H]3NCCO[C@H]3C2)c(F)cc2c(=O)c(C(=O)O)cn(C3CC3)c12,CHEMBL1908370,FINAFLOXACIN,CHEMBL1908370,FINAFLOXACIN,2014,False
NC(=O)C1CCN(CCCN2c3ccccc3Sc3ccc(Cl)cc32)CC1,CHEMBL1909072,PIPAMAZINE,CHEMBL1909072,PIPAMAZINE,,True
O=C(O)Cc1csc(-c2ccc(Cl)cc2)n1,CHEMBL1909282,FENCLOZIC ACID,CHEMBL1909282,FENCLOZIC ACID,,True
CC(NN)c1ccccc1,CHEMBL1909283,MEBANAZINE,CHEMBL1909283,MEBANAZINE,,True
Cc1nc([N+](=O)[O-])cn1-c1ccc([N+](=O)[O-])cc1,CHEMBL1909285,NITREFAZOLE,CHEMBL1909285,NITREFAZOLE,,True
CC(COc1ccccc1)NN,CHEMBL1909286,PHENOXYPROPAZINE,CHEMBL1909286,PHENOXYPROPAZINE,,True
CC(=O)Oc1ccc(C2(c3ccc(OC(C)=O)cc3)C(=O)N(C(C)=O)c3ccccc32)cc1,CHEMBL1909288,TRIACETYLDIPHENOLISATIN,CHEMBL1909288,TRIACETYLDIPHENOLISATIN,,True
CCOC(Nc1ccc(C(=O)O)cc1)C(=O)c1ccc(-c2ccccc2)cc1,CHEMBL1909289,XENAZOIC ACID,CHEMBL1909289,XENAZOIC ACID,,True
COc1cc(Br)c(C[N+]2(CCOCCC3CCC4CC3C4(C)C)CCOCC2)cc1OC,CHEMBL1909324,PINAVERIUM,CHEMBL1909298;CHEMBL1909324,PINAVERIUM BROMIDE;PINAVERIUM,,False
Cc1cc2ncc(C(=O)NCC(C)(C)NCC(=O)N3CCC[C@H]3C#N)cn2n1,CHEMBL1929396,ANAGLIPTIN,CHEMBL1929396,ANAGLIPTIN,,False
COC(=O)[C@H]1[C@@H](c2ccc(I)cc2)C[C@@H]2CC[C@H]1N2CCCF,CHEMBL1945778,IOFLUPANE,CHEMBL1945778;CHEMBL3989517,IOFLUPANE;IOFLUPANE I 123,2000,False
CNC(=O)c1cc(Oc2ccc(NC(=O)Nc3ccc(Cl)c(C(F)(F)F)c3)c(F)c2)ccn1,CHEMBL1946170,REGORAFENIB,CHEMBL1946170,REGORAFENIB,2012,False
CN[C@@H]1[C@H](O[C@H]2[C@H](O[C@H]3[C@H](O)[C@@H](O)[C@H](NC(=N)N)[C@@H](O)[C@@H]3NC(=N)N)O[C@@H](C)[C@]2(O)CO)O[C@@H](CO)[C@H](O)[C@H]1O,CHEMBL1950576,DIHYDROSTREPTOMYCIN,CHEMBL1950576;CHEMBL3188576,DIHYDROSTREPTOMYCIN;DIHYDROSTREPTOMYCIN SULFATE,,True
CN(C)[C@@H]1C(O)=C(C(N)=O)C(=O)[C@@]2(O)C(O)=C3C(=O)c4c(O)c(NC(=O)CN5CCCC5)cc(F)c4C[C@H]3C[C@@H]12,CHEMBL1951095,ERAVACYCLINE,CHEMBL1951095;CHEMBL2219414,ERAVACYCLINE;ERAVACYCLINE DIHYDROCHLORIDE,2018,False
COc1ccc(CNc2nc(N3CCC[C@H]3CO)ncc2C(=O)NCc2ncccn2)cc1Cl,CHEMBL1963681,AVANAFIL,CHEMBL1963681,AVANAFIL,2011,False
CC(C)OC(=O)CCC/C=C\C[C@@H]1[C@@H](/C=C/C(F)(F)COc2ccccc2)[C@H](O)C[C@@H]1O,CHEMBL1963683,TAFLUPROST,CHEMBL1963683,TAFLUPROST,2012,False
CN(N=O)C(=O)N[C@@H](C=O)[C@@H](O)[C@H](O)[C@H](O)CO,CHEMBL1977579,STREPTOZOCIN,CHEMBL1977579,STREPTOZOCIN,1982,False
CN1CCN(c2ccc(C(=O)Nc3n[nH]c4ccc(Cc5cc(F)cc(F)c5)cc34)c(NC3CCOCC3)c2)CC1,CHEMBL1983268,ENTRECTINIB,CHEMBL1983268,ENTRECTINIB,2019,False
CC(C)(C)C(O)/C=C/c1ccc2c(c1)OCO2,CHEMBL1983350,STIRIPENTOL,CHEMBL1983350,STIRIPENTOL,2007,False
C/C(=N\O)c1ccc(OCC(=O)N2CCCCC2)cc1,CHEMBL1998966,PIFOXIME,CHEMBL1998966,PIFOXIME,,True
CC(C)NC(=O)COc1cccc(-c2nc(Nc3ccc4[nH]ncc4c3)c3ccccc3n2)c1,CHEMBL2005186,BELUMOSUDIL,CHEMBL2005186;CHEMBL4802130,BELUMOSUDIL;BELUMOSUDIL MESYLATE,2021,False
O=[Se](O)O,CHEMBL2009089,SELENIOUS ACID,CHEMBL2009089,SELENIOUS ACID,2019,False
CC(C)(C)c1cc(C(C)(C)C)c(NC(=O)c2c[nH]c3ccccc3c2=O)cc1O,CHEMBL2010601,IVACAFTOR,CHEMBL2010601;CHEMBL4297603,IVACAFTOR;DEUTIVACAFTOR,2012;2024,False
OC[C@H]1O[C@@H](c2ccc(F)c(Cc3cc4ccccc4s3)c2)[C@H](O)[C@@H](O)[C@@H]1O,CHEMBL2018096,IPRAGLIFLOZIN,CHEMBL2018096,IPRAGLIFLOZIN,2013,False
O=S(=O)([O-])[O-].[Mg+2],CHEMBL2021423,MAGNESIUM SULFATE ANHYDROUS,CHEMBL2021423;CHEMBL3989857,MAGNESIUM SULFATE ANHYDROUS;MAGNESIUM SULFATE,1981,False
O=S(=O)([O-])[O-].[K+].[K+],CHEMBL2021424,POTASSIUM SULFATE,CHEMBL2021424,POTASSIUM SULFATE,2010,False
COC(=O)N[C@H](C(=O)N1CCC[C@H]1c1ncc(-c2ccc(-c3ccc(-c4cnc([C@@H]5CCCN5C(=O)[C@@H](NC(=O)OC)C(C)C)[nH]4)cc3)cc2)[nH]1)C(C)C,CHEMBL2023898,DACLATASVIR,CHEMBL2023898;CHEMBL2303621,DACLATASVIR;DACLATASVIR DIHYDROCHLORIDE,2014,False
CN(C)C(=O)N[C@H]1CC[C@H](CCN2CCN(c3cccc(Cl)c3Cl)CC2)CC1,CHEMBL2028019,CARIPRAZINE,CHEMBL2024517;CHEMBL2028019,CARIPRAZINE HYDROCHLORIDE;CARIPRAZINE,2015,False
CCOc1nc2cccc(C(=O)OCc3oc(=O)oc3C)c2n1Cc1ccc(-c2ccccc2-c2noc(=O)[nH]2)cc1,CHEMBL2028661,AZILSARTAN MEDOXOMIL,CHEMBL2028661;CHEMBL2103795,AZILSARTAN MEDOXOMIL;AZILSARTAN KAMEDOXOMIL,2011,False
CC(C)(C)c1nc(-c2cccc(NS(=O)(=O)c3c(F)cccc3F)c2F)c(-c2ccnc(N)n2)s1,CHEMBL2028663,DABRAFENIB,CHEMBL2028663;CHEMBL2105729,DABRAFENIB;DABRAFENIB MESYLATE,2013,False
OC[C@H]1OC(O)[C@H](F)[C@@H](O)[C@@H]1O,CHEMBL2068864,FLUDEOXYGLUCOSE,CHEMBL2030434;CHEMBL2068864,FLUDEOXYGLUCOSE F 18;FLUDEOXYGLUCOSE,1994,False
C1=N/C2=N/c3ccc(OCCN4CCCC4)c(c3)COC/C=C/COCc3cccc(c3)C(=C1)N2,CHEMBL2035187,PACRITINIB,CHEMBL2035187;CHEMBL5095049,PACRITINIB;PACRITINIB CITRATE,2022,False
CC(C)C(=O)OCC(=O)[C@@]12O[C@H](C3CCCCC3)O[C@@H]1C[C@H]1[C@@H]3CCC4=CC(=O)C=C[C@]4(C)[C@H]3[C@@H](O)C[C@@]12C,CHEMBL2040682,CICLESONIDE,CHEMBL2040682,CICLESONIDE,2006,False
CN1CC[C@@H](NC(=O)Nc2ccc(C#N)cc2)C[C@@H]1c1nc2ccccc2[nH]1,CHEMBL2043437,GLASDEGIB,CHEMBL2043437;CHEMBL4297534,GLASDEGIB;GLASDEGIB MALEATE,2018,False
CS(=O)(=O)c1cccc(C[C@H](NC(=O)c2c(Cl)cc3c(c2Cl)CCN(C(=O)c2ccc4ccoc4c2)C3)C(=O)O)c1,CHEMBL2048028,LIFITEGRAST,CHEMBL2048028,LIFITEGRAST,2016,False
Cc1ccc([C@@H]2O[C@H](CO)[C@@H](O)[C@H](O)[C@H]2O)cc1Cc1ccc(-c2ccc(F)cc2)s1,CHEMBL2048484,CANAGLIFLOZIN ANHYDROUS,CHEMBL2048484;CHEMBL4594217,CANAGLIFLOZIN ANHYDROUS;CANAGLIFLOZIN,2011,False
C=C[C@@H]1C[C@]1(NC(=O)[C@@H]1C[C@@H]2CN1C(=O)[C@H](C(C)(C)C)NC(=O)O[C@@H]1C[C@H]1CCCCCc1nc3ccc(OC)cc3nc1O2)C(=O)NS(=O)(=O)C1CC1,CHEMBL2063090,GRAZOPREVIR ANHYDROUS,CHEMBL2063090,GRAZOPREVIR ANHYDROUS,2016,False
CNCc1cc(-c2ccccc2F)n(S(=O)(=O)c2cccnc2)c1,CHEMBL2079130,VONOPRAZAN,CHEMBL2064032;CHEMBL2079130,VONOPRAZAN FUMARATE;VONOPRAZAN,2022,False
O=C([O-])[C@H]1O[C@H](O)[C@H](O)[C@@H](O)[C@@H]1O.[Na+],CHEMBL2068884,SODIUM GLUCONATE,CHEMBL2068884,SODIUM GLUCONATE,1982,False
C[C@]12Cc3c[nH]nc3C[C@@H]1CC[C@@H]1[C@@H]2CC[C@@]2(C)[C@H]1CC[C@]2(C)O,CHEMBL2079587,STANOZOLOL,CHEMBL2079587,STANOZOLOL,1962,False
CC(C)c1nc(CN(C)C(=O)N[C@@H](CCN2CCOCC2)C(=O)N[C@H](CC[C@H](Cc2ccccc2)NC(=O)OCc2cncs2)Cc2ccccc2)cs1,CHEMBL2095208,COBICISTAT,CHEMBL2095208,COBICISTAT,2012,False
CC/C=C\C/C=C\C/C=C\C/C=C\C/C=C\CCCC(=O)OCC,CHEMBL2095209,ICOSAPENT ETHYL,CHEMBL2095209,ICOSAPENT ETHYL,2012,False
Nc1nc(CC(=O)Nc2ccc(CCNC[C@H](O)c3ccccc3)cc2)cs1,CHEMBL2095212,MIRABEGRON,CHEMBL2095212,MIRABEGRON,2012,False
O=[Si](O)O[Si](O)(O)O[Si](=O)O,CHEMBL2109882,TRISILICATE,CHEMBL2096633;CHEMBL2109882,MAGNESIUM TRISILICATE;TRISILICATE,1983,False
CC(=O)SCC(Cc1ccccc1)C(=O)NCC(=O)OCc1ccccc1,CHEMBL2103772,RACECADOTRIL,CHEMBL2103772,RACECADOTRIL,,False
C#C[C@]1(O)CC[C@H]2[C@@H]3[C@H](C)CC4=C(CCC(=O)C4)[C@H]3CC[C@@]21C,CHEMBL2103774,TIBOLONE,CHEMBL2103774,TIBOLONE,,False
CCC(=O)NC[C@@H]1C[C@H]1c1cccc2c1CCO2,CHEMBL2103822,TASIMELTEON,CHEMBL2103822,TASIMELTEON,2014,False
N[C@H](C(=O)O)[C@H](O)c1ccc(O)c(O)c1,CHEMBL2103827,DROXIDOPA,CHEMBL2103827,DROXIDOPA,2014,False
COc1cc(Nc2ncc(F)c(Nc3ccc4c(n3)N(COP(=O)(O)O)C(=O)C(C)(C)O4)n2)cc(OC)c1OC,CHEMBL2103830,FOSTAMATINIB,CHEMBL2103830;CHEMBL3989516,FOSTAMATINIB;FOSTAMATINIB DISODIUM,2018,False
O=C(O)c1ccc2nc(-c3cc(Cl)cc(Cl)c3)oc2c1,CHEMBL2103837,TAFAMIDIS,CHEMBL2103837;CHEMBL2105675,TAFAMIDIS;TAFAMIDIS MEGLUMINE,2011,False
CC(=O)[C@@]1(O)CC[C@H]2[C@@H]3CCC4=CC(=O)CCC4=C3[C@@H](c3ccc(N(C)C)cc3)C[C@@]21C,CHEMBL2103846,ULIPRISTAL,CHEMBL2103846,ULIPRISTAL,,False
Cc1ccn(-c2cc(Cl)ccc2[C@@H](Oc2cc(-c3ccc(C[C@H](N)C(=O)O)cc3)nc(N)n2)C(F)(F)F)n1,CHEMBL2103855,TELOTRISTAT,CHEMBL2103855,TELOTRISTAT,,False
COc1cc2nccc(Oc3ccc(NC(=O)C4(C(=O)Nc5ccc(F)cc5)CC4)cc3)c2cc1OC,CHEMBL2105717,CABOZANTINIB,CHEMBL2103868;CHEMBL2105717,CABOZANTINIB S-MALATE;CABOZANTINIB,2012,False
Cc1ccc(NC(=O)C2(c3ccc4c(c3)OC(F)(F)O4)CC2)nc1-c1cccc(C(=O)O)c1,CHEMBL2103870,LUMACAFTOR,CHEMBL2103870,LUMACAFTOR,2015,False
CCCNS(=O)(=O)Nc1ncnc(OCCOc2ncc(Br)cn2)c1-c1ccc(Br)cc1,CHEMBL2103873,MACITENTAN,CHEMBL2103873,MACITENTAN,2010,False
CC(=O)Nc1cccc(-n2c(=O)n(C3CC3)c(=O)c3c(Nc4ccc(I)cc4F)n(C)c(=O)c(C)c32)c1,CHEMBL2103875,TRAMETINIB,CHEMBL2103875;CHEMBL2105741,TRAMETINIB;TRAMETINIB DIMETHYL SULFOXIDE,2013,False
C=C1CCN([C@H](C)[C@](O)(Cn2cncn2)c2ccc(F)cc2F)CC1,CHEMBL2103877,EFINACONAZOLE,CHEMBL2103877,EFINACONAZOLE,2014,False
O=C(Nc1nc(-c2cc(Cl)cs2)c(N2CCN(C3CCCCC3)CC2)s1)c1cnc(N2CCC(C(=O)O)CC2)c(Cl)c1,CHEMBL2103883,AVATROMBOPAG,CHEMBL2103883;CHEMBL2105758,AVATROMBOPAG;AVATROMBOPAG MALEATE,2018,False
CN(C)[C@@H]1C(O)=C(C(=O)NCNCCCC[C@H](N)C(=O)O)C(=O)[C@@]2(O)C(O)=C3C(=O)c4c(O)cccc4[C@@](C)(O)[C@H]3C[C@@H]12,CHEMBL2103929,LYMECYCLINE,CHEMBL2103929,LYMECYCLINE,,False
C[N+](C)(C)CCO.O=C([O-])c1ccccc1O,CHEMBL2104095,CHOLINE SALICYLATE,CHEMBL2104095,CHOLINE SALICYLATE,,False
CC1=CC(=O)N2CC(=O)N(C)c3ccc(Cl)cc3C2(c2ccccc2)O1,CHEMBL2104356,KETAZOLAM,CHEMBL2104356,KETAZOLAM,,False
CO/N=C1\C[C@]2(C[C@@H]3C[C@@H](C/C=C(\C)C[C@@H](C)/C=C/C=C4\CO[C@@H]5[C@H](O)C(C)=C[C@@H](C(=O)O3)[C@]45O)O2)O[C@H](/C(C)=C/C(C)C)[C@H]1C,CHEMBL2104415,MOXIDECTIN,CHEMBL2104415,MOXIDECTIN,2018,False
CCOc1c(N)c2c(c(OCC)c1OCC)C(C1c3c(cc4c(c3OC)OCO4)CCN1C)OC2=O,CHEMBL2104445,TRITOQUALINE,CHEMBL2104445,TRITOQUALINE,,False
CC(=O)O[C@]1(C(C)=O)CCC2[C@@H]3C[C@H](C)C4=CCCC[C@]4(C)[C@H]3CC[C@@]21C,CHEMBL2104489,ANAGESTONE ACETATE,CHEMBL2104489,ANAGESTONE ACETATE,,True
COc1cc(C(=O)OC(COCCC(C)C)CN2CCOCC2)cc(OC)c1OC,CHEMBL2104537,AMOPROXAN,CHEMBL2104537,AMOPROXAN,,True
O=C([O-])[C@H](O)[C@@H](O)[C@H](O)[C@H](O)CO.O=C([O-])[C@H](O)[C@@H](O)[C@H](O[C@@H]1O[C@H](CO)[C@H](O)[C@H](O)[C@H]1O)[C@H](O)CO.[Ca+2],CHEMBL2219740,CALCIUM GLUBIONATE ANHYDROUS,CHEMBL2104594;CHEMBL2219740,CALCIUM GLUBIONATE;CALCIUM GLUBIONATE ANHYDROUS,,False
CC(C)=CC(=O)NS(=O)(=O)c1ccc(N)cc1,CHEMBL2104910,SULFADICRAMIDE,CHEMBL2104910,SULFADICRAMIDE,,True
Cc1ccc(Sc2ccccc2N2CCNCC2)c(C)c1,CHEMBL2104993,VORTIOXETINE,CHEMBL2104993;CHEMBL2107387,VORTIOXETINE;VORTIOXETINE HYDROBROMIDE,2013,False
CN(CC1(C)CCCO1)S(=O)(=O)c1ccc(Cl)c(S(N)(=O)=O)c1,CHEMBL2105131,MEFRUSIDE,CHEMBL2105131,MEFRUSIDE,,False
CN1CC[C@]23c4c5ccc(OCCN6CCOCC6)c4O[C@H]2[C@@H](O)C=C[C@H]3[C@H]1C5,CHEMBL2105224,PHOLCODINE,CHEMBL2105224,PHOLCODINE,,True
C=CCC1(CC(C)O)C(=O)NC(=O)NC1=O,CHEMBL2105233,PROXIBARBAL,CHEMBL2105233,PROXIBARBAL,,True
O=C([O-])[C@H](O)[C@@H](O)C(=O)O.[K+],CHEMBL2105248,POTASSIUM BITARTRATE,CHEMBL2105248,POTASSIUM BITARTRATE,2020,False
CNC(C)CC1CCCCC1,CHEMBL2105275,PROPYLHEXEDRINE,CHEMBL2105275,PROPYLHEXEDRINE,,True
CCCOC(=O)Cc1ccc(OCC(=O)N(CC)CC)c(OC)c1,CHEMBL2105345,PROPANIDID,CHEMBL2105345,PROPANIDID,,True
OCCOc1ccc(/C(=C(/CCCl)c2ccccc2)c2ccccc2)cc1,CHEMBL2105395,OSPEMIFENE,CHEMBL2105395,OSPEMIFENE,2013,False
O=S1(=O)CCN(CN2CCS(=O)(=O)NC2)CN1,CHEMBL2105420,TAUROLIDINE,CHEMBL2105420,TAUROLIDINE,2023,False
CN1CCC(N(Cc2cccs2)c2ccccc2)CC1,CHEMBL2105458,THENALIDINE,CHEMBL2105458,THENALIDINE,,True
COC(CN1CCN(CC(O)C(OC)c2ccccc2)CC1)c1ccccc1,CHEMBL2105497,ZIPEPROL,CHEMBL2105497,ZIPEPROL,,True
CN1C(=O)CN=C(C2=CCCCC2)c2cc(Cl)ccc21,CHEMBL2105527,TETRAZEPAM,CHEMBL2105527,TETRAZEPAM,,True
CC(Cc1ccccc1)NCCC#N,CHEMBL2105566,FENPROPOREX,CHEMBL2105566,FENPROPOREX,,True
C=CCN1CCCC1CNC(=O)c1cc(S(N)(=O)=O)cc(OC)c1OC,CHEMBL2105581,VERALIPRIDE,CHEMBL2105581,VERALIPRIDE,1979,True
C=C1/C(=C\C=C2/CCC[C@]3(C)[C@@H]([C@H](C)CC[C@@H](O)C(C)C)CC[C@@H]23)C[C@@H](O)C[C@@H]1O,CHEMBL2105611,TACALCITOL,CHEMBL2105611,TACALCITOL,,False
CC[C@]12C=CCN3CC[C@@]4(c5cc([C@@]6(C(=O)OC)C[C@@H]7C[C@@H](C(C)(F)F)CN(Cc8c6[nH]c6ccccc86)C7)c(OC)cc5N(C)[C@H]4[C@@](O)(C(=O)OC)[C@@H]1OC(C)=O)[C@@H]32,CHEMBL2110725,VINFLUNINE,CHEMBL2105629;CHEMBL2110725,VINFLUNINE DITARTRATE;VINFLUNINE,2009,False
Nc1nc(-n2cc(C(=O)O)c(=O)c3cc(F)c(N4CC(O)C4)c(Cl)c32)c(F)cc1F,CHEMBL2105637,DELAFLOXACIN,CHEMBL2105637;CHEMBL2105638,DELAFLOXACIN;DELAFLOXACIN MEGLUMINE,2017,False
CC1(C)CCC(C)(C)c2cc(Cn3cccn3)c(/C=C/c3ccc(C(=O)O)cc3)cc21,CHEMBL2105648,PALOVAROTENE,CHEMBL2105648,PALOVAROTENE,2023,False
Cn1nnc(-c2ccc(-c3ccc(N4C[C@H](COP(=O)(O)O)OC4=O)cc3F)cn2)n1,CHEMBL2105669,TEDIZOLID PHOSPHATE,CHEMBL2105669,TEDIZOLID PHOSPHATE,2014,False
N#C/C(=C1/SC[C@@H](c2ccc(Cl)cc2Cl)S1)n1ccnc1,CHEMBL2105689,LULICONAZOLE,CHEMBL2105689,LULICONAZOLE,2013,False
CCOC(=O)[C@@H](N)Cc1ccc(-c2cc(O[C@H](c3ccc(Cl)cc3-n3ccc(C)n3)C(F)(F)F)nc(N)n2)cc1,CHEMBL2105695,TELOTRISTAT ETHYL,CHEMBL2105695;CHEMBL3348963,TELOTRISTAT ETHYL;TELOTRISTAT ETIPRATE,2017,False
CCc1ccc(Cc2ccc3c(c2)[C@]2(OC3)O[C@H](CO)[C@@H](O)[C@H](O)[C@H]2O)cc1,CHEMBL2110731,TOFOGLIFLOZIN ANHYDROUS,CHEMBL2105711;CHEMBL2110731,TOFOGLIFLOZIN;TOFOGLIFLOZIN ANHYDROUS,,False
COc1cc2ncnc(Nc3ccc(F)c(Cl)c3)c2cc1NC(=O)/C=C/CN1CCCCC1,CHEMBL2110732,DACOMITINIB ANHYDROUS,CHEMBL2105719;CHEMBL2110732,DACOMITINIB;DACOMITINIB ANHYDROUS,2018,False
O=C(O)CSc1nnc(Br)n1-c1ccc(C2CC2)c2ccccc12,CHEMBL2105720,LESINURAD,CHEMBL2105720,LESINURAD,2015,False
C=C[C@@H]1C[C@]1(NC(=O)[C@@H]1C[C@@H](Oc2ncc(OC)c3ccc(Cl)cc23)CN1C(=O)[C@@H](NC(=O)OC(C)(C)C)C(C)(C)C)C(=O)NS(=O)(=O)C1CC1,CHEMBL2105735,ASUNAPREVIR,CHEMBL2105735,ASUNAPREVIR,2014,False
Cc1c(C(=O)Nc2ccc(N3C[C@@H](C)O[C@@H](C)C3)nc2)cccc1-c1ccc(OC(F)(F)F)cc1,CHEMBL2105737,SONIDEGIB,CHEMBL2105737;CHEMBL3137317,SONIDEGIB;SONIDEGIB PHOSPHATE,2015,False
O=C(CCCc1ccccc1)OCC(COC(=O)CCCc1ccccc1)OC(=O)CCCc1ccccc1,CHEMBL2105745,GLYCEROL PHENYLBUTYRATE,CHEMBL2105745,GLYCEROL PHENYLBUTYRATE,2013,False
CC(C)(NC(=O)C1=C(O)[C@@H]2Oc3c(O)ccc4c3[C@@]23CCN(CC2CC2)[C@H](C4)[C@]3(O)C1)c1nc(-c2ccccc2)no1,CHEMBL2105755,NALDEMEDINE,CHEMBL2105755;CHEMBL3039508,NALDEMEDINE;NALDEMEDINE TOSYLATE,2017,False
CCS(=O)(=O)N1CC(CC#N)(n2cc(-c3ncnc4[nH]ccc34)cn2)C1,CHEMBL2105759,BARICITINIB,CHEMBL2105759,BARICITINIB,2017,False
O=c1ccc2ccc(OCCCCN3CCN(c4cccc5sccc45)CC3)cc2[nH]1,CHEMBL2105760,BREXPIPRAZOLE,CHEMBL2105760,BREXPIPRAZOLE,2015,False
CS(=O)(=O)n1cc2c(n1)CN([C@H]1CO[C@H](c3cc(F)ccc3F)[C@@H](N)C1)C2,CHEMBL2105762,OMARIGLIPTIN,CHEMBL2105762,OMARIGLIPTIN,2015,False
CC(I)C1OCC(CO)O1,CHEMBL2105827,"GLYCEROL, IODINATED",CHEMBL2105827,"GLYCEROL, IODINATED",,True
CC(=O)OCC(=O)[C@@]1(O)[C@H](C)C[C@H]2[C@@H]3C=C(C)C4=Cc5c(cnn5-c5ccccc5)C[C@]4(C)[C@H]3[C@@H](O)C[C@@]21C,CHEMBL2105842,CORTIVAZOL,CHEMBL2105842,CORTIVAZOL,,False
O=S(=O)([O-])[O-].[Ba+2],CHEMBL2105897,BARIUM SULFATE,CHEMBL2105897,BARIUM SULFATE,2016,False
CN(C)CCOC(C)(c1ccccc1)c1ccc(Cl)cc1,CHEMBL2110774,CHLORPHENOXAMINE,CHEMBL2105980;CHEMBL2110774,CHLORPHENOXAMINE HYDROCHLORIDE;CHLORPHENOXAMINE,,False
O=C([O-])[C@H](O)[C@@H](O)[C@H](O)[C@H](O)CO.O=C([O-])[C@H](O)[C@@H](O)[C@H](O)[C@H](O)CO.[Ca+2],CHEMBL2106119,CALCIUM GLUCONATE,CHEMBL2106119,CALCIUM GLUCONATE,2017,False
CC[N+](C)(C)C(C)CC(c1ccccc1)c1ccccc1,CHEMBL2110805,EMEPRONIUM,CHEMBL2106122;CHEMBL2110805,EMEPRONIUM BROMIDE;EMEPRONIUM,,False
CCCCCCCCCCCCCCCC(=O)OCCC1CCN(CCCN2c3ccccc3Sc3ccc(S(=O)(=O)N(C)C)cc32)CC1,CHEMBL2106439,PIPOTIAZINE PALMITATE,CHEMBL2106439,PIPOTIAZINE PALMITATE,,False
CNC(=S)NCO,CHEMBL2106441,NOXYTIOLIN,CHEMBL2106441,NOXYTIOLIN,,False
NC(=O)N/N=C1\C=Cc2ccccc2C1=O,CHEMBL2106794,NAFTAZONE,CHEMBL2106794,NAFTAZONE,,True
CC(=O)[C@@]1(C)CC[C@H]2[C@@H]3C=C(C)C4=CC(=O)CC[C@]4(C)[C@H]3CC[C@@]21C,CHEMBL2106825,MEDROGESTONE,CHEMBL2106825,MEDROGESTONE,,False
O=S(=O)(O)CI,CHEMBL2110978,METHIODAL,CHEMBL2106907;CHEMBL2110978,METHIODAL SODIUM;METHIODAL,,True
COc1cc2c(cc1OC)C(CCc1ccc(Cl)cc1)N(C)CC2,CHEMBL2106915,METHOPHOLINE,CHEMBL2106915,METHOPHOLINE,,True
CCCCCCNC(=N)NC(=N)N,CHEMBL2106939,POLIHEXANIDE,CHEMBL2106939,POLIHEXANIDE,2024,False
O=C([O-])O.[K+],CHEMBL2106975,POTASSIUM BICARBONATE,CHEMBL2106975,POTASSIUM BICARBONATE,,False
COc1cc2[nH]c(C)c(CCN3CCN(c4ccccc4)CC3)c2cc1OC,CHEMBL2107011,OXYPERTINE,CHEMBL2107011,OXYPERTINE,,False
CCCCCCCCCCC(=O)O[C@H]1CC[C@H]2[C@@H]3CCC4=CC(=O)CC[C@]4(C)[C@H]3CC[C@]12C,CHEMBL2107067,TESTOSTERONE UNDECANOATE,CHEMBL2107067,TESTOSTERONE UNDECANOATE,2014,False
CN(C)CCCN1c2ccccc2Sc2cccnc21,CHEMBL2111030,PROTHIPENDYL,CHEMBL2107124;CHEMBL2111030,PROTHIPENDYL HYDROCHLORIDE;PROTHIPENDYL,,False
N#Cc1c(N(CC(=O)O)CC(=O)O)sc(C(=O)O)c1CC(=O)O,CHEMBL2107175,RANELIC ACID,CHEMBL2107175;CHEMBL3707306,RANELIC ACID;STRONTIUM RANELATE,2004,False
CN(C(=O)CO)c1c(I)c(C(=O)NCC(O)CO)c(I)c(C(=O)NCC(O)CO)c1I,CHEMBL2107214,IOMEPROL,CHEMBL2107214,IOMEPROL,2024,False
CC(=O)Nc1c(I)c(C(=O)O)c(I)c(C(=O)NCCO)c1I,CHEMBL2107239,IOXITALAMIC ACID,CHEMBL2107239,IOXITALAMIC ACID,,True
COC(=O)/C=C/C(=O)OC,CHEMBL2107333,DIMETHYL FUMARATE,CHEMBL2107333,DIMETHYL FUMARATE,2013,False
CCCCCCCCCCCCCCCC(=O)OC[C@H](COP(=O)(O)OCCNC(=O)[C@H](C)NC(=O)CC[C@@H](NC(=O)[C@H](C)NC(=O)[C@@H](C)O[C@H]1[C@H](O)[C@@H](CO)OC(O)[C@@H]1NC(C)=O)C(N)=O)OC(=O)CCCCCCCCCCCCCCC,CHEMBL2111100,MIFAMURTIDE ACID,CHEMBL2107354;CHEMBL2111100,MIFAMURTIDE;MIFAMURTIDE ACID,2009,False
CCCCCCCCCCCCCCCC(=O)OC1CCCn2c1nc(C)c(CCN1CCC(c3noc4cc(F)ccc34)CC1)c2=O,CHEMBL2107360,PALIPERIDONE PALMITATE,CHEMBL2107360,PALIPERIDONE PALMITATE,2009,False
CC(=O)OC[C@H]1O[C@@H](n2ccc(=O)[nH]c2=O)[C@H](OC(C)=O)[C@@H]1OC(C)=O,CHEMBL2107381,URIDINE TRIACETATE,CHEMBL2107381,URIDINE TRIACETATE,2015,False
COc1ccc(CCO[C@@H]2CCCC[C@H]2N2CC[C@@H](O)C2)cc1OC,CHEMBL2111112,VERNAKALANT,CHEMBL2107383;CHEMBL2111112,VERNAKALANT HYDROCHLORIDE;VERNAKALANT,2010,False
Fc1ccc(C(c2ccccc2)(c2ccccc2F)n2ccnc2)cc1,CHEMBL2107430,FLUTRIMAZOLE,CHEMBL2107430,FLUTRIMAZOLE,,False
C#C[C@]1(O)CC[C@H]2[C@@H]3CCC4=CCCC[C@@H]4[C@H]3CC[C@@]21C,CHEMBL2107431,LYNESTRENOL,CHEMBL2107431,LYNESTRENOL,,True
ClCCN(CCCl)c1ccc2ccccc2c1,CHEMBL2107519,CHLORNAPHAZINE,CHEMBL2107519,CHLORNAPHAZINE,,True
[O-][n+]1cccc(/C(Cl)=N/OC[C@H](O)CN2CCCCC2)c1,CHEMBL2107726,ARIMOCLOMOL,CHEMBL2107726;CHEMBL4298149,ARIMOCLOMOL;ARIMOCLOMOL CITRATE,2024,False
C#CC1(O)CC[C@H]2[C@@H]3CCC4=CC(=O)CC[C@@H]4[C@H]3CC[C@@]21CC,CHEMBL2107797,NORGESTREL,CHEMBL2107797,NORGESTREL,1968,False
C=Cc1c(C)c2cc3nc(c(CC(=O)N[C@@H](CC(=O)O)C(=O)O)c4[nH]c(cc5nc(cc1[nH]2)C(C)=C5CC)c(C)c4C(=O)O)[C@@H](CCC(=O)O)[C@@H]3C,CHEMBL2111186,TALAPORFIN,CHEMBL2107806;CHEMBL2111186,TALAPORFIN SODIUM;TALAPORFIN,2015,False
[Cl][Ra][Cl],CHEMBL2111187,RADIUM DICHLORIDE,CHEMBL2107816;CHEMBL2111187,RADIUM RA 223 DICHLORIDE;RADIUM DICHLORIDE,2013,False
CC(C)OC(=O)[C@H](C)N[P@](=O)(CO[C@H](C)Cn1cnc2c(N)ncnc21)Oc1ccccc1,CHEMBL2107825,TENOFOVIR ALAFENAMIDE,CHEMBL2107825;CHEMBL2364637,TENOFOVIR ALAFENAMIDE;TENOFOVIR ALAFENAMIDE FUMARATE,2015,False
O=C(Nc1ccc(C[C@@H]2CC[C@H]([C@H](O)c3ccccc3)N2)cc1)[C@@H]1CCc2nccc(=O)n21,CHEMBL2107826,VIBEGRON,CHEMBL2107826,VIBEGRON,,False
OC[C@H]1O[C@@H](c2ccc(Cl)c(Cc3ccc(O[C@H]4CCOC4)cc3)c2)[C@H](O)[C@@H](O)[C@@H]1O,CHEMBL2107830,EMPAGLIFLOZIN,CHEMBL2107830,EMPAGLIFLOZIN,2014,False
CCCCCCO[C@@H](C)c1cccc(-c2csc(NC(=O)c3cc(Cl)c(/C=C(\C)C(=O)O)c(Cl)c3)n2)c1OC,CHEMBL2107831,LUSUTROMBOPAG,CHEMBL2107831,LUSUTROMBOPAG,2018,False
COC(=O)N(C)c1c(N)nc(-c2nn(Cc3ccccc3F)c3ncccc23)nc1N,CHEMBL2107834,RIOCIGUAT,CHEMBL2107834,RIOCIGUAT,2013,False
CCCCCCCC(=O)N[C@H](CN1CCCC1)[C@H](O)c1ccc2c(c1)OCCO2,CHEMBL2110588,ELIGLUSTAT,CHEMBL2110588;CHEMBL5723563,ELIGLUSTAT;ELIGLUSTAT TARTRATE,2014,False
CCCC(=O)Nc1c(I)cc(I)c(/C=C(\CC)C(=O)O)c1I,CHEMBL2110636,BUNAMIODYL,CHEMBL2110636,BUNAMIODYL,,True
CC(CC1c2ccccc2CCc2ccccc21)CN(C)C,CHEMBL2110816,BUTRIPTYLINE,CHEMBL2110816,BUTRIPTYLINE,,False
CC(Cc1ccccc1)NCCCCl,CHEMBL2110962,MEFENOREX,CHEMBL2110962,MEFENOREX,,True
CCOC(=O)C1=C(COCCN)NC(C)=C(C(=O)OC)[C@@H]1c1ccccc1Cl,CHEMBL2111097,LEVAMLODIPINE,CHEMBL2111097;CHEMBL4594288,LEVAMLODIPINE;LEVAMLODIPINE MALEATE,2019,False
CC(C)COc1ccc(CNC(=O)N(Cc2ccc(F)cc2)C2CCN(C)CC2)cc1,CHEMBL2111101,PIMAVANSERIN,CHEMBL2111101;CHEMBL2448613,PIMAVANSERIN;PIMAVANSERIN TARTRATE,2016,False
O=C(c1ccc(F)c(F)c1Nc1ccc(I)cc1F)N1CC(O)([C@@H]2CCCCN2)C1,CHEMBL2146883,COBIMETINIB,CHEMBL2146883;CHEMBL2364607,COBIMETINIB;COBIMETINIB FUMARATE,2015,False
Cc1cc(N2CCN([C@@H]3CN[C@H](C(=O)N4CCSC4)C3)CC2)n(-c2ccccc2)n1,CHEMBL2147777,TENELIGLIPTIN,CHEMBL2147777,TENELIGLIPTIN,,False
COc1ccc(CN(C(=O)[C@@H](N)Cc2c(C)cc(C(N)=O)cc2C)[C@@H](C)c2ncc(-c3ccccc3)[nH]2)cc1C(=O)O,CHEMBL2159122,ELUXADOLINE,CHEMBL2159122,ELUXADOLINE,2015,False
NS(=O)(=O)Nc1ncnc(OCCOc2ncc(Br)cn2)c1-c1ccc(Br)cc1,CHEMBL2165326,APROCITENTAN,CHEMBL2165326,APROCITENTAN,2024,False
N[C@@H]1c2cccnc2[C@H](OC(=O)N2CCC(n3c(=O)[nH]c4ncccc43)CC2)CC[C@H]1c1cccc(F)c1F,CHEMBL2178422,RIMEGEPANT,CHEMBL2178422;CHEMBL2364629,RIMEGEPANT;RIMEGEPANT SULFATE,2020,False
CCOc1ncc(C)c2c1[C@H](c1ccc(C#N)cc1OC)C(C(N)=O)=C(C)N2,CHEMBL2181927,FINERENONE,CHEMBL2181927,FINERENONE,2021,False
Cc1ccc(-c2ccc(C)cn2)nc1,CHEMBL2205807,ABAMETAPIR,CHEMBL2205807,ABAMETAPIR,2020,False
CC[C@H](Nc1ncnc2[nH]cnc12)c1nc2cccc(F)c2c(=O)n1-c1ccccc1,CHEMBL2216870,IDELALISIB,CHEMBL2216870,IDELALISIB,2014,False
CCCN1CC(NS(=O)(=O)N(CC)CC)CC2Cc3c(O)cccc3CC21,CHEMBL2218861,QUINAGOLIDE,CHEMBL2218861,QUINAGOLIDE,2004,False
CCC(=O)O[C@H]1[C@H](O[C@@H]2[C@@H](C)[C@H](O[C@H]3C[C@@](C)(OC)[C@@H](O)[C@H](C)O3)[C@@H](C)C(=O)O[C@H](CC)[C@@](C)(O)[C@H](O)[C@@H](C)C(=O)[C@H](C)C[C@@]2(C)O)O[C@H](C)C[C@@H]1N(C)C,CHEMBL2220427,ERYTHROMYCIN PROPIONATE,CHEMBL2218877;CHEMBL2220427,ERYTHROMYCIN ESTOLATE;ERYTHROMYCIN PROPIONATE,1967,True
CC(C)n1c(/C=C/C(O)CC(O)CC(=O)O)c(-c2ccc(F)cc2)c2ccccc21,CHEMBL2220442,FLUVASTATIN,CHEMBL2218894;CHEMBL2220442,FLUVASTATIN SODIUM;FLUVASTATIN,1993,False
CCCCCCC(C)(C)c1cc(O)c2c(c1)OC(C)(C)C1CCC(=O)CC21,CHEMBL2218896,NABILONE,CHEMBL2218896,NABILONE,1985,False
C=CCN1CC[C@]23c4c5ccc(O)c4O[C@H]2[C@@H](OCCOCCOCCOCCOCCOCCOCCOC)CC[C@@]3(O)[C@H]1C5,CHEMBL2219418,NALOXEGOL,CHEMBL2219416;CHEMBL2219418,NALOXEGOL OXALATE;NALOXEGOL,2014,False
CCCCCCCCCCCC(=O)OCN1C(=O)CCc2ccc(OCCCCN3CCN(c4cccc(Cl)c4Cl)CC3)cc21,CHEMBL2219425,ARIPIPRAZOLE LAUROXIL,CHEMBL2219425,ARIPIPRAZOLE LAUROXIL,2015,False
[Cl-].[Cl-].[Mg+2],CHEMBL2219642,MAGNESIUM CHLORIDE ANHYDROUS,CHEMBL2219642;CHEMBL3185229,MAGNESIUM CHLORIDE ANHYDROUS;MAGNESIUM CHLORIDE,1982,False
CCCC(=O)O[C@]1(C(=O)CCl)[C@H](C)C[C@@H]2[C@@H]3CCC4=CC(=O)C=C[C@]4(C)[C@]3(F)C(=O)C[C@@]21C,CHEMBL2308885,CLOBETASONE BUTYRATE,CHEMBL2308885,CLOBETASONE BUTYRATE,,False
C=CCl,CHEMBL2311071,VINYL CHLORIDE,CHEMBL2311071,VINYL CHLORIDE,,True
NC1(C(=O)N[C@@H](CCO)c2ccc(Cl)cc2)CCN(c2nc[nH]c3nccc2-3)CC1,CHEMBL2325741,CAPIVASERTIB,CHEMBL2325741,CAPIVASERTIB,2023,False
CCc1cc(/C(C)=N/OCc2ccc(C3CCCCC3)c(C(F)(F)F)c2)ccc1CN1CC(C(=O)O)C1,CHEMBL2336071,SIPONIMOD,CHEMBL2336071;CHEMBL4298150,SIPONIMOD;SIPONIMOD FUMARIC ACID,2019,False
Cc1nc(C(=O)NCC(=O)O)c(O)c2ccc(Oc3ccccc3)cc12,CHEMBL2338329,ROXADUSTAT,CHEMBL2338329,ROXADUSTAT,2021,False
Nc1nc(=O)c2c([nH]1)N[C@@H]1O[C@@H]3COP(=O)(O)O[C@@H]3C(O)(O)[C@@H]1N2,CHEMBL2338675,FOSDENOPTERIN,CHEMBL2338675;CHEMBL4594300,FOSDENOPTERIN;FOSDENOPTERIN HYDROBROMIDE,2021,False
C[C@@H]1C[C@H]2[C@@H]3CCC4=CC(=O)C=C[C@]4(C)C3=CC[C@]2(C)[C@@]1(O)C(=O)CO,CHEMBL2348780,VAMOROLONE,CHEMBL2348780,VAMOROLONE,2023,False
CCN(CC)CCOc1ccc(C(=C(Cl)c2ccccc2)c2ccccc2)cc1,CHEMBL2355051,CLOMIPHENE,CHEMBL2355051;CHEMBL3185958,CLOMIPHENE;CLOMIPHENE CITRATE,1967,False
CC(C)[C@@H](C)/C=C/[C@@H](C)[C@H]1CC[C@H]2/C(=C/C=C3\C[C@@H](O)CC[C@@H]3C)CCC[C@]12C,CHEMBL2356023,DIHYDROTACHYSTEROL,CHEMBL2356023,DIHYDROTACHYSTEROL,,False
Cn1c(Cn2ccc(C(F)(F)F)c(Oc3cc(Cl)cc(C#N)c3)c2=O)n[nH]c1=O,CHEMBL2364608,DORAVIRINE,CHEMBL2364608,DORAVIRINE,2018,False
O=C(CCC/C=C\C[C@@H]1[C@@H](CC[C@@H](O)CCc2ccccc2)[C@H](O)C[C@@H]1O)OCCCCO[N+](=O)[O-],CHEMBL2364612,LATANOPROSTENE BUNOD,CHEMBL2364612,LATANOPROSTENE BUNOD,2017,False
CON(C)Cc1ccc(O)c2c1C[C@H]1C[C@H]3[C@H](N(C)C)C(O)=C(C(N)=O)C(=O)[C@@]3(O)C(O)=C1C2=O,CHEMBL2364632,SARECYCLINE,CHEMBL2364632;CHEMBL2364633,SARECYCLINE;SARECYCLINE HYDROCHLORIDE,2018,False
C[C@@H]1[C@H](c2ccccc2)C[C@H](NC(=O)c2cnc3c(c2)C[C@@]2(C3)C(=O)Nc3ncccc32)C(=O)N1CC(F)(F)F,CHEMBL2364638,UBROGEPANT,CHEMBL2364638,UBROGEPANT,2019,False
COc1cc2c(cc1OC)[C@H]1C[C@@H](OC(=O)[C@@H](N)C(C)C)[C@H](CC(C)C)CN1CC2,CHEMBL2364639,VALBENAZINE,CHEMBL2364639;CHEMBL3707248,VALBENAZINE;VALBENAZINE TOSYLATE,2017,False
O=C(O[C@@H]1C[C@@H]2C[C@H]3C[C@H](C1)N2CC3=O)c1c[nH]c2ccccc12,CHEMBL2368925,DOLASETRON,CHEMBL2368924;CHEMBL2368925,DOLASETRON MESYLATE;DOLASETRON,1997,False
COC(=O)N[C@H](C(=O)N1CC2(CC2)C[C@H]1c1nc(-c2ccc3c(c2)C(F)(F)c2cc(-c4ccc5[nH]c([C@@H]6[C@H]7CC[C@H](C7)N6C(=O)[C@@H](NC(=O)OC)C(C)C)nc5c4)ccc2-3)c[nH]1)C(C)C,CHEMBL2374220,LEDIPASVIR,CHEMBL2374220,LEDIPASVIR,2014,False
Cc1nc(NC(=O)N2CCC[C@H]2C(N)=O)sc1-c1ccnc(C(C)(C)C(F)(F)F)c1,CHEMBL2396661,ALPELISIB,CHEMBL2396661,ALPELISIB,2019,False
Cc1cc(C[C@@H](NC(=O)N2CCC(c3cc4ccccc4[nH]c3=O)CC2)C(=O)N2CCN(C3CCN(C)CC3)CC2)cc2cn[nH]c12,CHEMBL2397415,ZAVEGEPANT,CHEMBL2397415;CHEMBL4650220,ZAVEGEPANT;ZAVEGEPANT HYDROCHLORIDE,2023,False
Cc1cc(Nc2ncc(Cl)c(Nc3ccccc3S(=O)(=O)C(C)C)n2)c(OC(C)C)cc1C1CCNCC1,CHEMBL2403108,CERITINIB,CHEMBL2403108,CERITINIB,2014,False
C[C@H]1CO[C@@H]2Cn3cc(C(=O)NCc4ccc(F)cc4F)c(=O)c(O)c3C(=O)N12,CHEMBL2403238,CABOTEGRAVIR,CHEMBL2403238;CHEMBL3137330,CABOTEGRAVIR;CABOTEGRAVIR SODIUM,2021,False
COc1ccsc1CNCC[C@@]1(c2ccccn2)CCOC2(CCCC2)C1,CHEMBL2443262,OLICERIDINE,CHEMBL2443262,OLICERIDINE,2020,False
C[C@H](Nc1ncnc2nc[nH]c12)c1cc2cccc(Cl)c2c(=O)n1-c1ccccc1,CHEMBL3039502,DUVELISIB,CHEMBL3039502;CHEMBL5315125,DUVELISIB;DUVELISIB MONOHYDRATE,2018,False
CCOc1ccc(Cc2cc([C@@H]3O[C@H](SC)[C@@H](O)[C@H](O)[C@H]3O)ccc2Cl)cc1,CHEMBL3039507,SOTAGLIFLOZIN,CHEMBL3039507,SOTAGLIFLOZIN,2019,False
COC(=O)N[C@H](C(=O)N1CCC[C@H]1c1nc(-c2ccc3c(c2)O[C@@H](c2ccccc2)n2c-3cc3cc(-c4c[nH]c([C@@H]5CCCN5C(=O)[C@@H](NC(=O)OC)C(C)C)n4)ccc32)c[nH]1)C(C)C,CHEMBL3039514,ELBASVIR,CHEMBL3039514,ELBASVIR,2016,False
CN1CCC(C(=O)c2cccc(NC(=O)c3c(F)cc(F)cc3F)n2)CC1,CHEMBL3039520,LASMIDITAN,CHEMBL3039520;CHEMBL3039526,LASMIDITAN;LASMIDITAN SUCCINATE,2020,False
CCC(=O)O[C@@H](O[P@](=O)(CCCCc1ccccc1)CC(=O)N1C[C@H](C2CCCCC2)C[C@H]1C(=O)O)C(C)C,CHEMBL3039598,FOSINOPRIL,CHEMBL3039596;CHEMBL3039598,FOSINOPRIL SODIUM;FOSINOPRIL,1991,False
N#Cc1ccc([C@H]2CCc3cncn32)c(F)c1,CHEMBL3099695,OSILODROSTAT,CHEMBL3099695;CHEMBL3707393,OSILODROSTAT;OSILODROSTAT PHOSPHATE,2020,False
O=C(NC1CCNCC1)[C@@H]1CC[C@@H]2CN1C(=O)N2OS(=O)(=O)O,CHEMBL3112741,RELEBACTAM ANHYDROUS,CHEMBL3112741;CHEMBL3301605,RELEBACTAM ANHYDROUS;RELEBACTAM,2019,False
COC(=O)N[C@H](C(=O)N1CCC[C@H]1C(=O)Nc1ccc([C@@H]2CC[C@@H](c3ccc(NC(=O)[C@@H]4CCCN4C(=O)[C@@H](NC(=O)OC)C(C)C)cc3)N2c2ccc(C(C)(C)C)cc2)cc1)C(C)C,CHEMBL3127326,OMBITASVIR,CHEMBL3127326,OMBITASVIR,2014,False
CCOC(=O)[C@H](C)C[C@@H](Cc1ccc(-c2ccccc2)cc1)NC(=O)CCC(=O)O,CHEMBL3137301,SACUBITRIL,CHEMBL3137301,SACUBITRIL,2015,False
NC(=O)c1cnc2[nH]ccc2c1N[C@@H]1[C@@H]2CC3C[C@H]1C[C@@](O)(C3)C2,CHEMBL3137308,PEFICITINIB,CHEMBL3137308;CHEMBL3137329,PEFICITINIB;PEFICITINIB HYDROBROMIDE,2019,False
CC1(C)CCC(CN2CCN(c3ccc(C(=O)NS(=O)(=O)c4ccc(NCC5CCOCC5)c([N+](=O)[O-])c4)c(Oc4cnc5[nH]ccc5c4)c3)CC2)=C(c2ccc(Cl)cc2)C1,CHEMBL3137309,VENETOCLAX,CHEMBL3137309,VENETOCLAX,2016,False
COc1ccc2c3c1O[C@H]1C(OC(=O)c4ccccc4)=CC[C@@H]4[C@@H](C2)N(C)CC[C@@]341,CHEMBL3137321,BENZHYDROCODONE,CHEMBL3137310;CHEMBL3137321,BENZHYDROCODONE HYDROCHLORIDE;BENZHYDROCODONE,2018,False
COc1c(-c2ccc3cc(NS(C)(=O)=O)ccc3c2)cc(-n2ccc(=O)[nH]c2=O)cc1C(C)(C)C,CHEMBL3137312,DASABUVIR,CHEMBL3137312;CHEMBL3544985,DASABUVIR;DASABUVIR SODIUM MONOHYDRATE,2014,False
Cn1ncnc1[C@H]1c2n[nH]c(=O)c3cc(F)cc(c23)N[C@@H]1c1ccc(F)cc1,CHEMBL3137320,TALAZOPARIB,CHEMBL3137318;CHEMBL3137320,TALAZOPARIB TOSYLATE;TALAZOPARIB,2018,False
C[C@@H]1O[C@@H](OC[C@H]2O[C@@H](Oc3c(-c4ccc(OCCO)c(OCCO)c4)oc4cc(OCCO)cc(O)c4c3=O)[C@H](O)[C@@H](O)[C@@H]2O)[C@H](O)[C@H](O)[C@H]1O,CHEMBL3182320,TROXERUTIN,CHEMBL3182320,TROXERUTIN,,True
CC(C)(C)C(=O)OCOC(=O)[C@@H]1N2C(=O)[C@@H](NC(=O)[C@H](N)c3ccccc3)[C@H]2SC1(C)C,CHEMBL3182343,PIVAMPICILLIN,CHEMBL3182343,PIVAMPICILLIN,,False
CNC(=C[N+](=O)[O-])NCCSCc1csc(CN(C)C)n1,CHEMBL3183075,NIZATIDINE,CHEMBL3183075,NIZATIDINE,1988,False
CCCCC(CC)COC(=O)C=Cc1ccc(OC)cc1,CHEMBL3183184,OCTINOXATE,CHEMBL3183184,OCTINOXATE,1992,False
CNC(=O)c1ccc(N2C(=S)N(c3cnc(C#N)c(C(F)(F)F)c3)C(=O)C23CCC3)cc1F,CHEMBL3183409,APALUTAMIDE,CHEMBL3183409,APALUTAMIDE,2018,False
CCC[C@@H]1C[C@@H](C(=O)N[C@@H]([C@H]2O[C@H](SC)[C@H](OP(=O)(O)O)[C@@H](O)[C@H]2O)[C@H](C)Cl)N(C)C1,CHEMBL3184512,CLINDAMYCIN PHOSPHATE,CHEMBL3184512,CLINDAMYCIN PHOSPHATE,1972,False
CN1CC2c3ccccc3Oc3ccc(Cl)cc3C2C1,CHEMBL3187365,ASENAPINE,CHEMBL3187365;CHEMBL3544974,ASENAPINE;ASENAPINE MALEATE,2009,False
Cn1cnc2c(F)c(Nc3ccc(Br)cc3F)c(C(=O)NOCCO)cc21,CHEMBL3187723,BINIMETINIB,CHEMBL3187723,BINIMETINIB,2018,False
CNC(=O)c1ccc(-c2cnc3ncc(Cc4ccc5ncccc5c4)n3n2)cc1F,CHEMBL3188267,CAPMATINIB,CHEMBL3188267;CHEMBL3989937,CAPMATINIB;CAPMATINIB HYDROCHLORIDE,2020,False
COc1c(OCCCN2CCOCC2)ccc2c1N=C(NC(=O)c1cnc(N)nc1)N1CCN=C21,CHEMBL3218576,COPANLISIB,CHEMBL3218576;CHEMBL3545068,COPANLISIB;COPANLISIB HYDROCHLORIDE,2017,False
CN1CCN2c3c(cccc31)[C@@H]1CN(CCCC(=O)c3ccc(F)cc3)CC[C@@H]12,CHEMBL3306803,LUMATEPERONE,CHEMBL3233142;CHEMBL3306803,LUMATEPERONE TOSYLATE;LUMATEPERONE,2019,False
O=C1N[C@H](O)CCN1[C@@H]1O[C@H](CO)[C@@H](O)C1(F)F,CHEMBL3237547,CEDAZURIDINE,CHEMBL3237547,CEDAZURIDINE,2020,False
CC(C)c1cc(Oc2c(Cl)cc(-n3nc(C#N)c(=O)[nH]c3=O)cc2Cl)n[nH]c1=O,CHEMBL3261331,RESMETIROM,CHEMBL3261331,RESMETIROM,2024,False
C[C@H]1Oc2cc(cnc2N)-c2c(nn(C)c2C#N)CN(C)C(=O)c2ccc(F)cc21,CHEMBL3286830,LORLATINIB,CHEMBL3286830,LORLATINIB,2018,False
C=C[C@]1(C)C[C@@H](OC(=O)CS[C@@H]2CC[C@@H](N)C[C@H]2O)[C@]2(C)[C@H](C)CC[C@]3(CCC(=O)[C@H]32)[C@@H](C)[C@@H]1O,CHEMBL3291398,LEFAMULIN,CHEMBL3291398;CHEMBL3545309,LEFAMULIN;LEFAMULIN ACETATE,2019,False
COc1cnc(-n2cnc(C)n2)c2c1c(C(=O)C(=O)N1CCN(C(=O)c3ccccc3)CC1)cn2COP(=O)(O)O,CHEMBL3301594,FOSTEMSAVIR,CHEMBL3301594;CHEMBL3301598,FOSTEMSAVIR;FOSTEMSAVIR TROMETHAMINE,2020,False
CCc1nc(C(N)=O)c(Nc2ccc(N3CCC(N4CCN(C)CC4)CC3)c(OC)c2)nc1NC1CCOCC1,CHEMBL3301622,GILTERITINIB,CHEMBL3301603;CHEMBL3301622,GILTERITINIB FUMARATE;GILTERITINIB,2018,False
O=C(Nc1nc2cccc(-c3ccc(CN4CCS(=O)(=O)CC4)cc3)n2n1)C1CC1,CHEMBL3301607,FILGOTINIB,CHEMBL3301607;CHEMBL4298167,FILGOTINIB;FILGOTINIB MALEATE,2020,False
CCN1CCN(Cc2ccc(Nc3ncc(F)c(-c4cc(F)c5nc(C)n(C(C)C)c5c4)n3)nc2)CC1,CHEMBL3301610,ABEMACICLIB,CHEMBL3301610,ABEMACICLIB,2017,False
COC(=O)N[C@@H](C)CNc1nccc(-c2cn(C(C)C)nc2-c2cc(Cl)cc(NS(C)(=O)=O)c2F)n1,CHEMBL3301612,ENCORAFENIB,CHEMBL3301612,ENCORAFENIB,2018,False
CN1Cc2c(Cl)cc(Cl)cc2[C@H](c2cccc(S(=O)(=O)NCCOCCOCCNC(=O)NCCCCNC(=O)NCCOCCOCCNS(=O)(=O)c3cccc([C@@H]4CN(C)Cc5c(Cl)cc(Cl)cc54)c3)c2)C1,CHEMBL3304485,TENAPANOR,CHEMBL3301627;CHEMBL3304485,TENAPANOR HYDROCHLORIDE;TENAPANOR,2019,False
CN(C)CC(C)(C)OC(=O)C(O)(c1ccccc1)c1ccccc1,CHEMBL3304486,DIFEMERINE,CHEMBL3301670;CHEMBL3304486,DIFEMERINE HYDROCHLORIDE;DIFEMERINE,,True
O[C@@](Cn1cnnn1)(c1ccc(F)cc1F)C(F)(F)c1ccc(-c2ccc(OCC(F)(F)F)cc2)cn1,CHEMBL3311228,OTESECONAZOLE,CHEMBL3311228,OTESECONAZOLE,2022,False
O=C(O)C[C@@H]1CC[C@H](NC(=O)Cc2cccs2)B(O)O1,CHEMBL3317857,VABORBACTAM,CHEMBL3317857,VABORBACTAM,2017,False
C[C@@H](NC(=O)c1ncnc(N)c1Cl)c1ncc(C(=O)Nc2cc(C(F)(F)F)c(Cl)cn2)s1,CHEMBL3348923,TOVORAFENIB,CHEMBL3348923,TOVORAFENIB,2024,False
C=CC(=O)Nc1cc(Nc2nccc(-c3cn(C)c4ccccc34)n2)c(OC)cc1N(C)CCN(C)C,CHEMBL3353410,OSIMERTINIB,CHEMBL3353410;CHEMBL3545063,OSIMERTINIB;OSIMERTINIB MESYLATE,2015,False
O=C(O)C[C@H]1CCc2c1[nH]c1ccc(OCc3ccc(C4CCCC4)c(C(F)(F)F)c3)cc21,CHEMBL3358920,ETRASIMOD,CHEMBL3358920;CHEMBL3989933,ETRASIMOD;ETRASIMOD ARGININE,2023,False
Cc1cnc(C(=O)N[C@H]2CCCCC/C=C\[C@@H]3C[C@@]3(C(=O)NS(=O)(=O)C3CC3)NC(=O)[C@@H]3C[C@@H](Oc4nc5ccccc5c5ccccc45)CN3C2=O)cn1,CHEMBL3391662,PARITAPREVIR,CHEMBL3391662,PARITAPREVIR,2014,False
N[C@@H](Cc1cc(O)c(O)cc1F)C(=O)O,CHEMBL3547132,FLUORODOPA,CHEMBL3400972;CHEMBL3547132,FLUORODOPA F 18;FLUORODOPA,2019,False
CN1CCC(COc2cnc(-c3cccc(Cn4nc(-c5cccc(C#N)c5)ccc4=O)c3)nc2)CC1,CHEMBL3402762,TEPOTINIB,CHEMBL3402762;CHEMBL4594292,TEPOTINIB;TEPOTINIB HYDROCHLORIDE,2021,False
CCN(c1cc(-c2ccc(CN3CCOCC3)cc2)cc(C(=O)NCc2c(C)cc(C)[nH]c2=O)c1C)C1CCOCC1,CHEMBL3414621,TAZEMETOSTAT,CHEMBL3414621;CHEMBL4594260,TAZEMETOSTAT;TAZEMETOSTAT HYDROBROMIDE,2020,False
C[C@@H](Cc1ccccc1)N(C)Cc1ccccc1,CHEMBL3545985,BENZPHETAMINE,CHEMBL3544906;CHEMBL3545985,BENZPHETAMINE HYDROCHLORIDE;BENZPHETAMINE,1960,False
CC(C)(CO)c1cc2cc(NC(=O)C3(c4ccc5c(c4)OC(F)(F)O5)CC3)c(F)cc2n1C[C@@H](O)CO,CHEMBL3544914,TEZACAFTOR,CHEMBL3544914,TEZACAFTOR,2018,False
O=C(O)CNC(=O)C1C(=O)N(C2CCCCC2)C(=O)N(C2CCCCC2)C1=O,CHEMBL3544988,DAPRODUSTAT,CHEMBL3544988,DAPRODUSTAT,2023,False
CC(=O)O[C@H]1C[C@H](O[C@H]2[C@@H](O)C[C@H](O[C@H]3[C@@H](O)C[C@H](O[C@H]4CC[C@@]5(C)[C@H](CC[C@@H]6[C@@H]5CC[C@]5(C)[C@@H](C7=CC(=O)OC7)CC[C@]65O)C4)O[C@@H]3C)O[C@@H]2C)O[C@H](C)[C@H]1O,CHEMBL3545057,ACETYLDIGITOXIN,CHEMBL3545057,ACETYLDIGITOXIN,1982,False
COC[C@H]1C[C@@H](c2nc(-c3ccc4c(c3)COc3cc5c(ccc6nc([C@@H]7CC[C@H](C)N7C(=O)[C@@H](NC(=O)OC)C(C)C)[nH]c65)cc3-4)c[nH]2)N(C(=O)[C@H](NC(=O)OC)c2ccccc2)C1,CHEMBL3545062,VELPATASVIR,CHEMBL3545062,VELPATASVIR,2016,False
CN(C)C(=O)c1cc2cnc(Nc3ccc(N4CCNCC4)cn3)nc2n1C1CCCC1,CHEMBL3545110,RIBOCICLIB,CHEMBL3545110;CHEMBL3707266,RIBOCICLIB;RIBOCICLIB SUCCINATE,2017,False
COC(=O)N[C@H](C(=O)N1CCC[C@H]1c1nc2cc([C@H]3CC[C@H](c4cc5nc([C@@H]6CCCN6C(=O)[C@@H](NC(=O)OC)[C@@H](C)OC)[nH]c5cc4F)N3c3cc(F)c(N4CCC(c5ccc(F)cc5)CC4)c(F)c3)c(F)cc2[nH]1)[C@@H](C)OC,CHEMBL3545123,PIBRENTASVIR,CHEMBL3545123,PIBRENTASVIR,2017,False
O=C(/C=C\n1cnc(-c2cc(C(F)(F)F)cc(C(F)(F)F)c2)n1)NNc1cnccn1,CHEMBL3545185,SELINEXOR,CHEMBL3545185,SELINEXOR,2019,False
Fc1ccc(-c2ccc3c(c2)[nH]c2ccncc23)cn1,CHEMBL3546271,FLORTAUCIPIR,CHEMBL3545253;CHEMBL3546271,FLORTAUCIPIR F 18;FLORTAUCIPIR,2020,False
COc1cc(N2CCC(N3CCN(C)CC3)CC2)ccc1Nc1ncc(Cl)c(Nc2ccccc2P(C)(C)=O)n1,CHEMBL3545311,BRIGATINIB,CHEMBL3545311,BRIGATINIB,2017,False
CC(C)(CCCCCC(O)CCCCCC(C)(C)C(=O)O)C(=O)O,CHEMBL3545313,BEMPEDOIC ACID,CHEMBL3545313,BEMPEDOIC ACID,2020,False
CC(C)(C)[C@@H]1NC(=O)O[C@@H]2CCC[C@H]2OC/C=C/C(F)(F)c2nc3ccccc3nc2O[C@@H]2C[C@@H](C(=O)N[C@]3(C(=O)NS(=O)(=O)C4(C)CC4)C[C@H]3C(F)F)N(C2)C1=O,CHEMBL3545363,GLECAPREVIR,CHEMBL3545363,GLECAPREVIR,2017,False
Cc1ncc(OC[C@@]2(c3cccc(F)c3)C[C@H]2C(=O)Nc2ccc(F)cn2)c(C)n1,CHEMBL3545367,LEMBOREXANT,CHEMBL3545367,LEMBOREXANT,2020,False
COc1cc(OC)cc(N(CCNC(C)C)c2ccc3ncc(-c4cnn(C)c4)nc3c2)c1,CHEMBL3545376,ERDAFITINIB,CHEMBL3545376,ERDAFITINIB,2019,False
CC(C)C[C@H](NC(=O)CNC(=O)c1cc(Cl)ccc1Cl)B1OC(=O)C(CC(=O)O)(CC(=O)O)O1,CHEMBL3545432,IXAZOMIB CITRATE,CHEMBL3545432,IXAZOMIB CITRATE,2015,False
O=C(O)CCc1ccc(O)c(CN(CCN(CC(=O)O)Cc2cc(CCC(=O)NCCCCCC(=O)NCCCC[C@H](NC(=O)N[C@@H](CCC(=O)O)C(=O)O)C(=O)O)ccc2O)CC(=O)O)c1,CHEMBL3578202,GOZETOTIDE,CHEMBL3578202;CHEMBL5095039,GOZETOTIDE;GALLIUM GA 68 GOZETOTIDE,2020,False
CCC(=O)O[C@]1(C(=O)CO)CC[C@H]2[C@@H]3CCC4=CC(=O)CC[C@]4(C)[C@H]3CC[C@@]21C,CHEMBL3590187,CLASCOTERONE,CHEMBL3590187,CLASCOTERONE,2020,False
Cc1nsc(-c2nnc3n2CCN(C(=O)c2ccc(F)cc2)[C@@H]3C)n1,CHEMBL3608680,FEZOLINETANT,CHEMBL3608680,FEZOLINETANT,2023,False
CC[C@@H]1CN(C(=O)NCC(F)(F)F)C[C@@H]1c1cnc2cnc3[nH]ccc3n12,CHEMBL3622821,UPADACITINIB,CHEMBL3622821;CHEMBL5315119,UPADACITINIB;UPADACITINIB HEMIHYDRATE,2019,False
CCC(=O)N1CC[C@H](Nc2ncnc3c2CN(c2cnc(OC)c(C(F)(F)F)c2)CC3)C1,CHEMBL3643413,LENIOLISIB,CHEMBL3643413;CHEMBL3989909,LENIOLISIB;LENIOLISIB PHOSPHATE,2023,False
O=C(O)CNC(=O)c1ncc(-c2cccc(Cl)c2)cc1O,CHEMBL3646221,VADADUSTAT,CHEMBL3646221,VADADUSTAT,2023,False
CCCS(=O)(=O)N[C@H]1C[C@@H](N(C)c2ncnc3[nH]ccc23)C1,CHEMBL3655081,ABROCITINIB,CHEMBL3655081,ABROCITINIB,2021,False
COc1cc(F)c(-n2c(=O)[nH]c3csc(C(=O)O)c3c2=O)cc1OCc1c(OC)ccc(F)c1F,CHEMBL3668014,LINZAGOLIX,CHEMBL3668014;CHEMBL4298171,LINZAGOLIX;LINZAGOLIX CHOLINE,2022,False
C=CC(=O)N1CC[C@H](n2nc(C#Cc3cc(OC)cc(OC)c3)c3c(N)ncnc32)C1,CHEMBL3701238,FUTIBATINIB,CHEMBL3701238,FUTIBATINIB,2022,False
CCOC(=O)C[N+]1(C)CC[C@@H](OC(=O)[C@](O)(c2ccccc2)C2CCCC2)C1,CHEMBL3707224,SOFPIRONIUM,CHEMBL3707223;CHEMBL3707224,SOFPIRONIUM BROMIDE;SOFPIRONIUM,2024,False
CC(C)Oc1ccc(-c2nc(-c3cccc4c3CC[C@@H]4NCCO)no2)cc1C#N,CHEMBL3707247,OZANIMOD,CHEMBL3707246;CHEMBL3707247,OZANIMOD HYDROCHLORIDE;OZANIMOD,2020,False
C=C(CCCCCCCCCCCCCCCc1nnn[nH]1)NS(=O)(=O)CCCC(=O)NCCOCCOCC(=O)N[C@@H](CCC(=O)N[C@@H](CCC(=O)NCCOCCOCC(=O)N[C@@H](CCCCNC(=O)CSC[C@H](N)C(=O)O)C(N)=O)C(=O)O)C(=O)O,CHEMBL3707290,SOMAPACITAN,CHEMBL3707290,SOMAPACITAN,2020,False
Cc1cc(C2=NO[C@@](c3cc(Cl)c(Cl)c(Cl)c3)(C(F)(F)F)C2)sc1C(=O)NCC(=O)NCC(F)(F)F,CHEMBL3707310,LOTILANER,CHEMBL3707310,LOTILANER,2017,False
CC(C)(C)c1cc(-c2cc(-c3ccc(C(=O)O)cc3)ccc2OCCO)ccc1N1CCCC1,CHEMBL3707313,TRIFAROTENE,CHEMBL3707313,TRIFAROTENE,2019,False
C[C@@H](OC[C@@]1(c2ccccc2)CC[C@]2(CCC(=O)N2)CN1)c1cc(C(F)(F)F)cc(C(F)(F)F)c1,CHEMBL3707331,ROLAPITANT,CHEMBL3707330;CHEMBL3707331,ROLAPITANT HYDROCHLORIDE;ROLAPITANT,2015,False
CC#CC(=O)N1CCC[C@H]1c1nc(-c2ccc(C(=O)Nc3ccccn3)cc2)c2c(N)nccn12,CHEMBL3707348,ACALABRUTINIB,CHEMBL3707348;CHEMBL4594293,ACALABRUTINIB;ACALABRUTINIB MALEATE,2017;2020,False
CC[C@@H]1[C@@H]2CN(C(=O)[C@H](C(C)(C)C)NC(=O)O[C@@H]3C[C@H]3CCCCC(F)(F)c3nc4ccc(OC)cc4nc3O2)[C@@H]1C(=O)N[C@]1(C(=O)NS(=O)(=O)C2(C)CC2)C[C@H]1C(C)C,CHEMBL3707372,VOXILAPREVIR,CHEMBL3707372,VOXILAPREVIR,2017,False
C=C1C[C@H]2[C@@H]3CCC4=CC(=O)CC[C@@H]4[C@H]3CC[C@]2(C)[C@@]1(OC(C)=O)C(C)=O,CHEMBL3707377,SEGESTERONE ACETATE,CHEMBL3707377,SEGESTERONE ACETATE,2018,False
CSc1ccc(C(=O)/C=C/c2cc(C)c(OC(C)(C)C(=O)O)c(C)c2)cc1,CHEMBL3707395,ELAFIBRANOR,CHEMBL3707395,ELAFIBRANOR,2024,False
COc1cc(C(C)C)c(Oc2cnc(N)nc2N)cc1S(N)(=O)=O,CHEMBL3716057,GEFAPIXANT,CHEMBL3716057;CHEMBL4594278,GEFAPIXANT;GEFAPIXANT CITRATE,2023,False
C=CC(=O)Nc1cccc(Oc2nc(Nc3ccc(N4CCN(C)CC4)cc3)nc3ccsc23)c1,CHEMBL3786343,OLMUTINIB,CHEMBL3786343,OLMUTINIB,2016,False
FC(F)(F)c1ccc(CNc2ccc(Cc3c[nH]c4ncc(Cl)cc34)cn2)cn1,CHEMBL3813873,PEXIDARTINIB,CHEMBL3813873;CHEMBL3989973,PEXIDARTINIB;PEXIDARTINIB HYDROCHLORIDE,2019,False
CCC1(c2ccccc2)C(=O)NC(=O)NC1=O.CNC(C)CC1CCCCC1,CHEMBL3833301,BARBEXACLONE,CHEMBL3833301,BARBEXACLONE,,False
C[C@@H](CC(C(=O)N1CCCC1)(c1ccccc1)c1ccccc1)N1CCOCC1,CHEMBL3833389,DEXTROMORAMIDE,CHEMBL3833311;CHEMBL3833389,DEXTROMORAMIDE TARTRATE;DEXTROMORAMIDE,,False
[Cl][Al]([Cl])[Cl],CHEMBL3833401,ALUMINUM CHLORIDE ANHYDROUS,CHEMBL3833314;CHEMBL3833401,ALUMINUM CHLORIDE;ALUMINUM CHLORIDE ANHYDROUS,,False
CN(CCN1CCC(OC(=O)Nc2ccccc2-c2ccccc2)CC1)C(=O)c1ccc(CN2CCC(C(N)=O)CC2)cc1,CHEMBL3833319,REVEFENACIN,CHEMBL3833319,REVEFENACIN,2018,False
C[N+](C)(C)CC(=O)[O-].OC(O)C(Cl)(Cl)Cl,CHEMBL3833335,CHLORAL BETAINE,CHEMBL3833335,CHLORAL BETAINE,1988,False
O=S(=O)([O-])[O-].O=S(=O)([O-])[O-].[Al+3].[Al+3].[Al+3].[Al+3].[Al+3].[Mg+2].[Mg+2].[Mg+2].[Mg+2].[Mg+2].[Mg+2].[Mg+2].[Mg+2].[Mg+2].[Mg+2].[OH-].[OH-].[OH-].[OH-].[OH-].[OH-].[OH-].[OH-].[OH-].[OH-].[OH-].[OH-].[OH-].[OH-].[OH-].[OH-].[OH-].[OH-].[OH-].[OH-].[OH-].[OH-].[OH-].[OH-].[OH-].[OH-].[OH-].[OH-].[OH-].[OH-].[OH-],CHEMBL3833408,MAGALDRATE ANHYDROUS,CHEMBL3833350;CHEMBL3833408,MAGALDRATE;MAGALDRATE ANHYDROUS,,False
O=C([O-])[O-].[Al+3].[Al+3].[Mg+2].[Mg+2].[Mg+2].[Mg+2].[Mg+2].[Mg+2].[OH-].[OH-].[OH-].[OH-].[OH-].[OH-].[OH-].[OH-].[OH-].[OH-].[OH-].[OH-].[OH-].[OH-].[OH-].[OH-],CHEMBL3833409,HYDROTALCITE ANHYDROUS,CHEMBL3833351;CHEMBL3833409,HYDROTALCITE;HYDROTALCITE ANHYDROUS,,False
CCC[N+]12[C@H](O)[C@@H](CC)[C@@H]3C[C@H]1[C@@H]1N(C)c4ccccc4[C@]14C[C@H]2[C@@H]3[C@H]4O,CHEMBL3833382,PRAJMALIUM,CHEMBL3833382;CHEMBL3833388,PRAJMALIUM;PRAJMALIUM BITARTRATE,,False
O=C(Nc1cnn2ccc(N3CCC[C@@H]3c3cc(F)ccc3F)nc12)N1CC[C@H](O)C1,CHEMBL3889654,LAROTRECTINIB,CHEMBL3889654;CHEMBL3989939,LAROTRECTINIB;LAROTRECTINIB SULFATE,2018,False
CN1CCN(c2ccc(Nc3ncc4cc5n(c4n3)C3(CCCCC3)CNC5=O)nc2)CC1,CHEMBL3894860,TRILACICLIB,CHEMBL3894860;CHEMBL4650272,TRILACICLIB;TRILACICLIB DIHYDROCHLORIDE,2021,False
C=CC(=O)N1CCC([C@@H]2CCNc3c(C(N)=O)c(-c4ccc(Oc5ccccc5)cc4)nn32)CC1,CHEMBL3936761,ZANUBRUTINIB,CHEMBL3936761,ZANUBRUTINIB,2019,False
Cc1n[nH]c(C)c1CCCOc1cc(C(=O)O)ccc1F,CHEMBL3940890,ACORAMIDIS,CHEMBL3940890;CHEMBL4650226,ACORAMIDIS;ACORAMIDIS HYDROCHLORIDE,2024,False
CC(C)Oc1ccc(-c2nn([C@@H](C)c3oc4ccc(F)cc4c(=O)c3-c3cccc(F)c3)c3ncnc(N)c23)cc1F,CHEMBL3948730,UMBRALISIB,CHEMBL3948730;CHEMBL3989869,UMBRALISIB;UMBRALISIB TOSYLATE,2021,True;False
[O-2].[Zn+2],CHEMBL3988900,ZINC OXIDE,CHEMBL3988900,ZINC OXIDE,2006,False
O=C([O-])CC(O)(CC(=O)[O-])C(=O)[O-].O=C([O-])CC(O)(CC(=O)[O-])C(=O)[O-].[Mg+2].[Mg+2].[Mg+2],CHEMBL3989480,MAGNESIUM CITRATE,CHEMBL3989480,MAGNESIUM CITRATE,,False
CCCCCCCC/C=C\CCCCCCCC(=O)O.NCCO,CHEMBL3989529,ETHANOLAMINE OLEATE,CHEMBL3989529,ETHANOLAMINE OLEATE,1988,False
C1CNCCN1.C1CNCCN1.C1CNCCN1.O=C(O)CC(O)(CC(=O)O)C(=O)O.O=C(O)CC(O)(CC(=O)O)C(=O)O,CHEMBL3990694,PIPERAZINE CITRATE ANHYDROUS,CHEMBL3989678;CHEMBL3990694,PIPERAZINE CITRATE;PIPERAZINE CITRATE ANHYDROUS,1954,False
N[C@@H]1C[C@H]1c1ccccc1.N[C@H]1C[C@@H]1c1ccccc1,CHEMBL3989843,TRANYLCYPROMINE,CHEMBL3989698;CHEMBL3989843,TRANYLCYPROMINE SULFATE;TRANYLCYPROMINE,1961,False
O=[Si]=O.O=[Si]=O.O=[Si]=O.O=[Si]=O.[O]=[Mg].[O]=[Mg].[O]=[Mg],CHEMBL3990276,TALC ANHYDROUS,CHEMBL3989756;CHEMBL3990276,TALC;TALC ANHYDROUS,1997,False
CC1(C)C2CCC1(CS(=O)(=O)O)C(=O)C2=Cc1ccc(C=C2C(=O)C3(CS(=O)(=O)O)CCC2C3(C)C)cc1,CHEMBL3989850,ECAMSULE,CHEMBL3989850,ECAMSULE,2006,False
CC(=O)Oc1c(C)c(C)c2c(c1C)CCC(C)(CCC[C@H](C)CCC[C@H](C)CCCC(C)C)O2,CHEMBL3989859,TOCOPHEROL ACETATE,CHEMBL3989859,TOCOPHEROL ACETATE,2000,False
O=C(NCc1c(F)cc(F)cc1F)c1cn2c(c(O)c1=O)C(=O)N1[C@H]3CC[C@H](C3)O[C@@H]1C2,CHEMBL3989866,BICTEGRAVIR,CHEMBL3989866;CHEMBL3989867,BICTEGRAVIR;BICTEGRAVIR SODIUM,2018,False
Cc1cc(Nc2ncnc3ccc(NC4=NC(C)(C)CO4)cc23)ccc1Oc1ccn2ncnc2c1,CHEMBL3989868,TUCATINIB,CHEMBL3989868,TUCATINIB,2020,False
Cc1ccc(NC(=O)[C@H]2CCCN(C(=O)c3c(C)cccc3F)[C@H]2c2ccc(NC3CCCC3)cc2)cc1C(F)(F)F,CHEMBL3989871,AVACOPAN,CHEMBL3989871,AVACOPAN,2021,False
CC(C)(O)CNc1nc(Nc2ccnc(C(F)(F)F)c2)nc(-c2cccc(C(F)(F)F)n2)n1,CHEMBL3989908,ENASIDENIB,CHEMBL3989908;CHEMBL3989931,ENASIDENIB;ENASIDENIB MESYLATE,2017,False
Cc1ccccc1-c1cc(N2CC[N+](C)(COP(=O)([O-])O)CC2)ncc1N(C)C(=O)C(C)(C)c1cc(C(F)(F)F)cc(C(F)(F)F)c1,CHEMBL3989917,FOSNETUPITANT,CHEMBL3989917;CHEMBL3989919,FOSNETUPITANT;FOSNETUPITANT CHLORIDE HYDROCHLORIDE,2018,False
CCCCCOc1ccc(-c2ccc(-c3ccc(C(=O)N[C@H]4C[C@@H](O)[C@@H](OCC[N+](C)(C)C)NC(=O)[C@@H]5[C@@H](O)[C@@H](C)CN5C(=O)[C@H]([C@@H](C)O)NC(=O)[C@H]([C@H](O)[C@@H](O)c5ccc(O)cc5)NC(=O)[C@@H]5C[C@@H](O)CN5C(=O)[C@H]([C@@H](C)O)NC4=O)cc3)cc2)cc1,CHEMBL3989945,REZAFUNGIN,CHEMBL3989928;CHEMBL3989945,REZAFUNGIN ACETATE;REZAFUNGIN,2023,False
COC(=O)/C=C/C(=O)OCCN1C(=O)CCC1=O,CHEMBL3989944,DIROXIMEL FUMARATE,CHEMBL3989944,DIROXIMEL FUMARATE,2019,False
NC(=O)O[C@@H](Cn1ncnn1)c1ccccc1Cl,CHEMBL3989949,CENOBAMATE,CHEMBL3989949,CENOBAMATE,2020,False
N#Cc1ccnc(N2C(=O)CC[C@H]2C(=O)N(c2cncc(F)c2)[C@H](C(=O)NC2CC(F)(F)C2)c2ccccc2Cl)c1,CHEMBL3989958,IVOSIDENIB,CHEMBL3989958,IVOSIDENIB,2018,False
CC(C)(O/N=C(\C(=O)N[C@@H]1C(=O)N2C(C(=O)[O-])=C(C[N+]3(CCNC(=O)c4ccc(O)c(O)c4Cl)CCCC3)CS[C@H]12)c1csc(N)n1)C(=O)O,CHEMBL3989974,CEFIDEROCOL,CHEMBL3989974;CHEMBL4297211,CEFIDEROCOL;CEFIDEROCOL SULFATE TOSYLATE,2019,False
CNc1ncc(-c2ccc3c(=O)c(C(=O)O)cn(C4CC4)c3c2C)cc1C,CHEMBL3990047,OZENOXACIN,CHEMBL3990047,OZENOXACIN,2017,False
C[C@@H]1[C@H](c2c(F)ccc(F)c2F)C[C@H](NC(=O)c2cnc3c(c2)C[C@@]2(C3)C(=O)Nc3ncccc32)C(=O)N1CC(F)(F)F,CHEMBL3991065,ATOGEPANT,CHEMBL3991065,ATOGEPANT,2021,False
CCC(CC)COC(=O)[C@H](C)N[P@](=O)(OC[C@H]1O[C@@](C#N)(c2ccc3c(N)ncnn23)[C@H](O)[C@@H]1O)Oc1ccccc1,CHEMBL4065616,REMDESIVIR,CHEMBL4065616,REMDESIVIR,2020,False
COC(=O)Nc1c(N)nc(-c2nn(Cc3ccccc3F)c3ncc(F)cc23)nc1N,CHEMBL4066936,VERICIGUAT,CHEMBL4066936,VERICIGUAT,2021,False
CC#CC(=O)N1CC[C@@H](n2c(=O)n(-c3ccc(Oc4ccccc4)cc3)c3c(N)ncnc32)C1,CHEMBL4071161,TIRABRUTINIB,CHEMBL4071161;CHEMBL5314600,TIRABRUTINIB;TIRABRUTINIB HYDROCHLORIDE,2020,False
C=CC(=O)N1C[C@H](Nc2ncnc3[nH]ccc23)CC[C@@H]1C,CHEMBL4085457,RITLECITINIB,CHEMBL4085457;CHEMBL5314649,RITLECITINIB;RITLECITINIB TOSYLATE,2023,False
CC(C)n1nccc1-c1ncccc1COc1cccc(O)c1C=O,CHEMBL4101807,VOXELOTOR,CHEMBL4101807,VOXELOTOR,2019,True
C[C@@]1(O)CC[C@H]2[C@H](CC[C@@H]3[C@@H]2CC[C@]2(C)[C@@H](C(=O)Cn4cc(C#N)cn4)CC[C@@H]32)C1,CHEMBL4105630,ZURANOLONE,CHEMBL4105630,ZURANOLONE,2023,False
C[C@@H]1CN(C(=O)c2ccc(NC(=O)c3cc(O[C@H](C)c4c(Cl)ccc(F)c4Cl)c(N)nn3)cc2)C[C@H](C)N1,CHEMBL4113131,ENSARTINIB,CHEMBL4113131,ENSARTINIB,2024,False
CCOc1ccc(Nc2ccc(/C(=C3C=C/C(=[N+](/CC)Cc4cccc(S(=O)(=O)[O-])c4)C=C/3C)c3ccc(N(CC)Cc4cccc(S(=O)(=O)O)c4)cc3C)cc2)cc1,CHEMBL4301898,BRILLIANT BLUE G FREE ACID,CHEMBL4173394;CHEMBL4301898,BRILLIANT BLUE G;BRILLIANT BLUE G FREE ACID,2019,False
Cn1cc(-c2cc3c(N4CCN(c5ncc([C@@](C)(N)c6ccc(F)cc6)cn5)CC4)ncnn3c2)cn1,CHEMBL4204794,AVAPRITINIB,CHEMBL4204794,AVAPRITINIB,2020,False
O=C(Nc1ccc(OC(F)(F)Cl)cc1)c1cnc(N2CC[C@@H](O)C2)c(-c2cc[nH]n2)c1,CHEMBL4208229,ASCIMINIB,CHEMBL4208229;CHEMBL4297220,ASCIMINIB;ASCIMINIB HYDROCHLORIDE,2021,False
CCn1c(=O)c(-c2cc(NC(=O)Nc3ccccc3)c(F)cc2Br)cc2cnc(NC)cc21,CHEMBL4216467,RIPRETINIB,CHEMBL4216467,RIPRETINIB,2020,False
CC(=O)c1nn(CC(=O)N2C[C@H](F)C[C@H]2C(=O)Nc2cccc(Br)n2)c2ccc(-c3cnc(C)nc3)cc12,CHEMBL4250860,DANICOPAN,CHEMBL4250860,DANICOPAN,2024,False
C[C@@H](Nc1nc(N[C@H](C)C(F)(F)F)nc(-c2cccc(Cl)n2)n1)C(F)(F)F,CHEMBL4279047,VORASIDENIB,CHEMBL4279047,VORASIDENIB,2024,False
CC[C@H]1CCC[C@H](O[C@H]2CC[C@H](N(C)C)[C@@H](C)O2)[C@@H](C)C(=O)C2=C[C@@H]3[C@@H](C=C(C)[C@@H]4C[C@@H](O[C@@H]5O[C@@H](C)[C@H](OC)[C@@H](OC)[C@H]5OC)C[C@@H]34)[C@@H]2CC(=O)O1.CC[C@H]1CCC[C@H](O[C@H]2CC[C@H](N(C)C)[C@@H](C)O2)[C@@H](C)C(=O)C2=C[C@H]3[C@@H]4C[C@H](O[C@@H]5O[C@@H](C)[C@H](OC)[C@@H](OC)[C@H]5OC)C[C@H]4C=C[C@H]3C2CC(=O)O1,CHEMBL4297065,SPINOSAD,CHEMBL4297065,SPINOSAD,2011,False
CC(O)c1cc(C(=O)N[C@@H](C)Cn2ccc(-c3ccc(C#N)c(Cl)c3)n2)n[nH]1,CHEMBL4297185,DAROLUTAMIDE,CHEMBL4297185,DAROLUTAMIDE,2019,False
NC(=O)OC[C@H](N)Cc1ccccc1,CHEMBL4297620,SOLRIAMFETOL,CHEMBL4297212;CHEMBL4297620,SOLRIAMFETOL HYDROCHLORIDE;SOLRIAMFETOL,2019,False
O=C(c1ccc(NS(=O)(=O)c2cccc3cccnc23)cc1)N1CCN(CC2CC2)CC1,CHEMBL4299940,MITAPIVAT,CHEMBL4297223;CHEMBL4299940,MITAPIVAT SULFATE;MITAPIVAT,2022,False
O=C(O)CC[C@H](NC(=O)N[C@@H](CCCCNC(=O)c1ccc(F)nc1)C(=O)O)C(=O)O,CHEMBL4299851,PIFLUFOLASTAT,CHEMBL4297334;CHEMBL4299851,PIFLUFOLASTAT F18;PIFLUFOLASTAT,2021,False
CC1=C[C@@H]2CN(C(=O)N2OS(=O)(=O)O)[C@@H]1C(N)=O,CHEMBL4298137,DURLOBACTAM,CHEMBL4297378;CHEMBL4298137,DURLOBACTAM SODIUM;DURLOBACTAM,2023,False
CCOC(=O)[C@H](Cc1ccc(F)cc1)NC(=O)[C@@H](N)Cc1ccc(N(CCCl)CCCl)cc1,CHEMBL4303060,MELPHALAN FLUFENAMIDE,CHEMBL4297403;CHEMBL4303060,MELPHALAN FLUFENAMIDE HYDROCHLORIDE;MELPHALAN FLUFENAMIDE,2021,False;True
CC1(C)C(/C=C/C2=C(Oc3ccc(C[C@H](NC(=O)c4ccc(NCc5cnc6nc(N)[nH]c(=O)c6n5)cc4)C(=O)[O-])cc3)C(=C/C=C3\N(CCCCS(=O)(=O)[O-])c4ccc(S(=O)(=O)[O-])cc4C3(C)C)/CCC2)=[N+](CCCCS(=O)(=O)[O-])c2ccc(S(=O)(=O)[O-])cc21.[H+].[H+].[H+].[H+],CHEMBL4297412,PAFOLACIANINE,CHEMBL4297412;CHEMBL4594383,PAFOLACIANINE;PAFOLACIANINE SODIUM,2021,False
COC(=O)OCOc1c2n(ccc1=O)N([C@@H]1c3ccccc3SCc3c1ccc(F)c3F)[C@@H]1COCCN1C2=O,CHEMBL4297503,BALOXAVIR MARBOXIL,CHEMBL4297503,BALOXAVIR MARBOXIL,2018,False
CCNCCc1ccc(CN(CC)c2cc(OC)ccc2[C@@H]2CCc3cc(O)ccc3C2)cc1,CHEMBL4297509,ELACESTRANT,CHEMBL4297509;CHEMBL4594273,ELACESTRANT;ELACESTRANT HYDROCHLORIDE,2023,False
CC(C)[C@@H](C)[C@@]1(C)CC[C@]2(C)[C@H]3CC[C@@H]4[C@@]5(COC[C@@]4(C)[C@@H](OC[C@](C)(N)C(C)(C)C)[C@H](n4ncnc4-c4ccncc4)C5)C3=CC[C@@]2(C)[C@@H]1C(=O)O,CHEMBL4297513,IBREXAFUNGERP,CHEMBL4297513;CHEMBL4298168,IBREXAFUNGERP;IBREXAFUNGERP CITRATE,2021,False
COc1ccc2[nH]c3c(c2c1)CCN[C@]31CS[C@@H]2c3c(OC(C)=O)c(C)c4c(c3[C@H](COC1=O)N1[C@@H]2[C@H]2c3c(cc(C)c(OC)c3O)C[C@@H]([C@@H]1O)N2C)OCO4,CHEMBL4297516,LURBINECTEDIN,CHEMBL4297516,LURBINECTEDIN,2020,False
CC(C)n1c(=O)cc(N[C@@H](C)c2ccccc2)[nH]c1=O,CHEMBL4297517,MAVACAMTEN,CHEMBL4297517,MAVACAMTEN,2022,False
CCN1C(=O)N(c2c(F)c(OC)cc(OC)c2F)Cc2cnc3[nH]c(CN4CCOCC4)cc3c21,CHEMBL4297522,PEMIGATINIB,CHEMBL4297522,PEMIGATINIB,2020,False
COC(=O)CC[C@@H]1N=C(c2ccccn2)c2cc(Br)ccc2-n2c(C)cnc21,CHEMBL4297526,REMIMAZOLAM,CHEMBL4297526;CHEMBL4594301,REMIMAZOLAM;REMIMAZOLAM BESYLATE,2020,False
Cc1cn2nc(-c3cc(=O)n4cc(N5CCNC6(CC6)C5)ccc4n3)cc(C)c2n1,CHEMBL4297528,RISDIPLAM,CHEMBL4297528,RISDIPLAM,2020,False
CCCCCCC(=O)OCC(COC(=O)CCCCCC)OC(=O)CCCCCC,CHEMBL4297585,TRIHEPTANOIN,CHEMBL4297585,TRIHEPTANOIN,2020,False
CCCCC1(CCCC)CN(c2ccccc2)c2cc(SC)c(OCC(=O)N[C@@H](C(=O)N[C@@H](CC)C(=O)O)c3ccc(O)cc3)cc2S(=O)(=O)N1,CHEMBL4297588,ODEVIXIBAT,CHEMBL4297588;CHEMBL5315120,ODEVIXIBAT;ODEVIXIBAT SESQUIHYDRATE,2021,False
COc1ccc(-n2nccn2)c(C(=O)N2CCC[C@@]2(C)c2nc3c(C)c(Cl)ccc3[nH]2)c1,CHEMBL4297590,DARIDOREXANT,CHEMBL4297590;CHEMBL4650216,DARIDOREXANT;DARIDOREXANT HYDROCHLORIDE,2022,False
Cc1cccc(C)c1N(CC(=O)Nc1ccc(-c2ncon2)cc1)C(=O)C1CCS(=O)(=O)CC1,CHEMBL4297592,AMENAMEVIR,CHEMBL4297592,AMENAMEVIR,2017,False
C[C@H](Nc1ccc(C#N)n(C)c1=O)c1cc2cc(Cl)ccc2[nH]c1=O,CHEMBL4297610,OLUTASIDENIB,CHEMBL4297610,OLUTASIDENIB,2022,False
CC(C)OC(=O)CNc1cccc(CN(Cc2ccc(-n3cccn3)cc2)S(=O)(=O)c2cccnc2)n1,CHEMBL4297666,OMIDENEPAG ISOPROPYL,CHEMBL4297666,OMIDENEPAG ISOPROPYL,2022,False
Cc1nn(C)cc1S(=O)(=O)NC(=O)c1ccc(-n2ccc(OCC(C)(C)C(F)(F)F)n2)nc1N1C[C@@H](C)CC1(C)C,CHEMBL4298128,ELEXACAFTOR,CHEMBL4298128,ELEXACAFTOR,2019,False
C[C@H]1CNC(=O)c2cnn3ccc(nc23)N[C@H](C)c2cc(F)ccc2O1,CHEMBL4298138,REPOTRECTINIB,CHEMBL4298138,REPOTRECTINIB,2023,False
COC(=O)[C@H](c1ccccc1)[C@H]1CCCCN1C(=O)OC[n+]1cccc(C(=O)N[C@@H](CO)C(=O)O)c1,CHEMBL4301162,SERDEXMETHYLPHENIDATE,CHEMBL4298139;CHEMBL4301162,SERDEXMETHYLPHENIDATE CHLORIDE;SERDEXMETHYLPHENIDATE,2021,False
CNC(=O)c1c(C)oc2cc(Oc3ncnc4cc(OC)c(OC)cc34)ccc12,CHEMBL4303214,FRUQUINTINIB,CHEMBL4303214,FRUQUINTINIB,2023,False
CC1(C)CC[C@]2(NC(=O)C(C)(F)F)CC[C@]3(C)[C@H](C(=O)C=C4[C@@]5(C)C=C(C#N)C(=O)C(C)(C)[C@@H]5CC[C@]43C)[C@@H]2C1,CHEMBL4303525,OMAVELOXOLONE,CHEMBL4303525,OMAVELOXOLONE,2023,False
CNC(=O)c1nnc(NC(=O)C2CC2)cc1Nc1cccc(-c2ncn(C)n2)c1OC,CHEMBL4596392,CRAVACITINIB,CHEMBL4435170;CHEMBL4596392,DEUCRAVACITINIB;CRAVACITINIB,2022,False
Cn1cc[n+](C[C@@]2(C)[C@H](C(=O)[O-])N3C(=O)C[C@H]3S2(=O)=O)n1,CHEMBL4458276,ENMETAZOBACTAM,CHEMBL4458276,ENMETAZOBACTAM,2024,False
C=CC(=O)N1CCN(c2nc(=O)n(-c3c(C)ccnc3C(C)C)c3nc(-c4c(O)cccc4F)c(F)cc23)[C@@H](C)C1,CHEMBL4535757,SOTORASIB,CHEMBL4535757,SOTORASIB,2021,False
C=CC(=O)Nc1cc(Nc2nccc(-n3cc(CN(C)C)c(-c4ccccc4)n3)n2)c(OC)cc1N1CCOCC1,CHEMBL4558324,LAZERTINIB,CHEMBL4558324;CHEMBL6068478,LAZERTINIB;LAZERTINIB MESYLATE,2024,False
COc1ccc(CN2C3CC2CN(c2ccc(-c4cc(OCC(C)(C)O)cn5ncc(C#N)c45)cn2)C3)cn1,CHEMBL4559134,SELPERCATINIB,CHEMBL4559134,SELPERCATINIB,2020,False
CO[C@]1(C(=O)N[C@@H](C)c2ccc(-n3cc(F)cn3)nc2)CC[C@H](c2nc(C)cc(Nc3cc(C)[nH]n3)n2)CC1,CHEMBL4582651,PRALSETINIB,CHEMBL4582651,PRALSETINIB,2020,False
CS(=O)(=O)c1ccc(Oc2cc(F)cc(C#N)c2)c2c1[C@H](O)[C@H](F)[C@@H]2F,CHEMBL4585668,BELZUTIFAN,CHEMBL4585668,BELZUTIFAN,2021,False
CCC(CC)C(=O)OCOC(=O)C1=C(S[C@H]2CC[S+]([O-])C2)S[C@@H]2[C@@H]([C@@H](C)O)C(=O)N12,CHEMBL4594246,SULOPENEM ETZADROXIL,CHEMBL4594246,SULOPENEM ETZADROXIL,2024,False
Cc1ccc(C(=O)OCc2ccc([C@@H](CN)C(=O)Nc3ccc4cnccc4c3)cc2)c(C)c1,CHEMBL4594250,NETARSUDIL,CHEMBL4594250;CHEMBL4594251,NETARSUDIL;NETARSUDIL DIMESYLATE,2017,False
COc1cc2c(cc1OC)-c1c/c(=N\c3c(C)cc(C)cc3C)n(CCNC(N)=O)c(=O)n1CC2,CHEMBL4594287,ENSIFENTRINE,CHEMBL4594287,ENSIFENTRINE,2024,False
C=C(F)C(=O)N1CCN(c2nc(OC[C@@H]3CCCN3C)nc3c2CCN(c2cccc4cccc(Cl)c24)C3)C[C@@H]1CC#N,CHEMBL4594350,ADAGRASIB,CHEMBL4594350,ADAGRASIB,2022,False
N[C@@H](Cc1ccc(OP(=O)(O)O)c(O)c1)C(=O)O,CHEMBL4594379,FOSLEVODOPA,CHEMBL4594379,FOSLEVODOPA,2024,False
CC(C)(C#Cc1ccc(-c2ccc(Cl)c3c(NS(C)(=O)=O)nn(CC(F)(F)F)c23)c([C@H](Cc2cc(F)cc(F)c2)NC(=O)Cn2nc(C(F)(F)F)c3c2C(F)(F)[C@@H]2C[C@H]32)n1)S(C)(=O)=O,CHEMBL4594438,LENACAPAVIR,CHEMBL4594438;CHEMBL4802249,LENACAPAVIR;LENACAPAVIR SODIUM,2022,False
CCO[C@H]1CCN(Cc2c(OC)cc(C)c3[nH]ccc23)[C@H](c2ccc(C(=O)O)cc2)C1,CHEMBL4594448,IPTACOPAN,CHEMBL4594448;CHEMBL5095401,IPTACOPAN;IPTACOPAN HYDROCHLORIDE,2023,False
C[C@H](Nc1ccc2c(c1)OCCn1cc(N3C(=O)OC[C@H]3C(F)F)nc1-2)C(N)=O,CHEMBL4650215,INAVOLISIB,CHEMBL4650215,INAVOLISIB,2024,False
C=CC(=O)Nc1cc(Nc2ncc(C(=O)OC(C)C)c(-c3cn(C)c4ccccc34)n2)c(OC)cc1N(C)CCN(C)C,CHEMBL4650319,MOBOCERTINIB,CHEMBL4650319;CHEMBL4802239,MOBOCERTINIB;MOBOCERTINIB SUCCINATE,2021,False
COc1ccc(F)cc1C(=O)NCc1ccc(-c2nn([C@@H](C)C(F)(F)F)c(N)c2C(N)=O)cc1,CHEMBL4650485,PIRTOBRUTINIB,CHEMBL4650485,PIRTOBRUTINIB,2023,False
CCN(C(=O)c1cc(F)ccc1Oc1cncnc1N1CC2(CCN(C[C@H]3CC[C@H](NS(=O)(=O)CC)CC3)CC2)C1)C(C)C,CHEMBL4650827,REVUMENIB,CHEMBL4650827;CHEMBL6068395,REVUMENIB;REVUMENIB CITRATE,2024,False
CC(C)(C)[C@H](NC(=O)C(F)(F)F)C(=O)N1C[C@H]2[C@@H]([C@H]1C(=O)N[C@H](C#N)C[C@@H]1CCNC1=O)C2(C)C,CHEMBL4802135,NIRMATRELVIR,CHEMBL4802135,NIRMATRELVIR,2023,False
C[C@@](Cc1ccc(OP(=O)(O)O)c(O)c1)(NN)C(=O)O,CHEMBL4802240,FOSCARBIDOPA,CHEMBL4802240,FOSCARBIDOPA,2024,False
CC(N)Cc1ccccc1.C[C@H](N)Cc1ccccc1.C[C@H](N)Cc1ccccc1,CHEMBL5095505,AMPHETAMINE/DEXTROAMPHETAMINE,CHEMBL5095048;CHEMBL5095505,AMPHETAMINE ASPARTATE/DEXTROAMPHETAMINE SULFATE;AMPHETAMINE/DEXTROAMPHETAMINE,2015,False
COc1ccc2c3c1O[C@H]1C[C@@H](OC(=O)c4ccccc4)C=C[C@@]31CCN(C)C2,CHEMBL5095056,BENZGALANTAMINE,CHEMBL5095056;CHEMBL6068431,BENZGALANTAMINE;BENZGALANTAMINE GLUCONATE,2024,False
N#Cc1cccc([C@@H](NCC2CC2)c2ccc(F)c(NC(=O)c3cc(C(F)(F)F)nn3-c3cccc(CN)c3)c2)c1,CHEMBL5189739,BEROTRALSTAT,CHEMBL5189739;CHEMBL6067995,BEROTRALSTAT;BEROTRALSTAT HYDROCHLORIDE,2020,False
CCCCCCCCC(F)(F)C(F)(F)C(F)(F)C(F)(F)C(F)(F)C(F)(F)F,CHEMBL5314588,PERFLUOROHEXYLOCTANE,CHEMBL5314588,PERFLUOROHEXYLOCTANE,2023,False
CC1(C)C[C@@H]2CCCNc3cccc(n3)S(=O)(=O)NC(=O)c3ccc(-n4ccc(OCCC5C6(CC6)C56CC6)n4)nc3N1C2,CHEMBL5314934,VANZACAFTOR,CHEMBL5314934,VANZACAFTOR,2024,False
O=[As][As+](=O)[O-],CHEMBL5483015,ARSENIC TRIOXIDE,CHEMBL5483015,ARSENIC TRIOXIDE,2000,False
